START,STOP,PATIENT,ENCOUNTER,SYSTEM,CODE,DESCRIPTION
2022-04-12,2023-04-18,1e621f4c-db30-c273-49e9-2dcad508a9cb,8c55986f-4340-f9a0-bbb8-f3c353809506,SNOMED-CT,314529007,Medication review due (situation)
2012-11-04,,069b5064-ff05-2225-3995-f32685518bc6,40cbb90a-d384-d05b-7dbc-493574350f7a,SNOMED-CT,160968000,Risk activity involvement (finding)
2020-01-29,2024-05-01,1f84d0f1-976e-1a46-e50e-f5d3d421f41a,76597eee-9ae6-b531-ccbd-45d1c74b9ba5,SNOMED-CT,314529007,Medication review due (situation)
2015-07-22,2025-02-19,39a59f42-5a52-886d-844b-183228219521,5c7df080-2a33-8456-1a02-597cfe637ebb,SNOMED-CT,1086001000119108,Dental caries on smooth surface penetrating into pulp
2015-10-04,,7353e17f-0cd5-5b0a-c736-92b9ca5f8366,05dfc016-e78e-064b-4a43-ff5922a53e8b,SNOMED-CT,160968000,Risk activity involvement (finding)
2020-12-09,2023-01-25,39a59f42-5a52-886d-844b-183228219521,f5685bbe-51d2-9e8d-92db-40d853fbd7fa,SNOMED-CT,160968000,Risk activity involvement (finding)
2022-05-28,2023-06-03,8c85983a-a538-522f-bce0-03678b0fc7ce,1f111fde-0523-e10d-3114-ee1c16a75cd4,SNOMED-CT,314529007,Medication review due (situation)
2013-11-10,,069b5064-ff05-2225-3995-f32685518bc6,b7c50568-8bf3-3d1c-0560-cf0ca30dafa7,SNOMED-CT,224299000,Received higher education (finding)
2014-11-16,,069b5064-ff05-2225-3995-f32685518bc6,c6f7448a-4173-8357-e738-4756c5487d2e,SNOMED-CT,314529007,Medication review due (situation)
2017-11-19,2023-11-26,069b5064-ff05-2225-3995-f32685518bc6,992b107c-12b0-e5cc-0660-caf61fbb2466,SNOMED-CT,10939881000119105,Unhealthy alcohol drinking behavior (finding)
2017-05-02,2024-06-18,3f6021df-8aac-ed27-a705-e71bc0e4b649,c759a67c-0f95-f918-d5b0-36be5eb82aab,SNOMED-CT,80967001,Dental caries
2023-03-23,2023-03-23,3f6021df-8aac-ed27-a705-e71bc0e4b649,bfc1bff7-f05b-7ebe-5cb9-09f1e5062f82,SNOMED-CT,74400008,Appendicitis
2016-06-05,,7353e17f-0cd5-5b0a-c736-92b9ca5f8366,6e341754-a97c-d029-7ac1-c587c1658620,SNOMED-CT,5251000175109,Received certificate of high school equivalency (finding)
2016-06-05,2023-06-18,7353e17f-0cd5-5b0a-c736-92b9ca5f8366,6e341754-a97c-d029-7ac1-c587c1658620,SNOMED-CT,160903007,Full-time employment (finding)
2020-06-14,,7353e17f-0cd5-5b0a-c736-92b9ca5f8366,6789fa19-4d11-cb01-40eb-0cf4a9be7e8b,SNOMED-CT,162864005,Body mass index 30+ - obesity (finding)
2020-11-22,2023-11-26,069b5064-ff05-2225-3995-f32685518bc6,5539ee4d-57bc-de5e-4cd0-d60833a5447a,SNOMED-CT,160904001,Part-time employment (finding)
2022-01-19,,39a59f42-5a52-886d-844b-183228219521,a599a4ca-7e9d-2cc9-51cc-c4992688b9a4,SNOMED-CT,314529007,Medication review due (situation)
2022-11-20,2023-06-18,069b5064-ff05-2225-3995-f32685518bc6,b53f70b5-a88f-de38-8c18-f035aac7e70b,SNOMED-CT,72892002,Normal pregnancy
2022-12-19,2023-01-19,069b5064-ff05-2225-3995-f32685518bc6,7642fe6c-e63e-069b-0da8-b4fabf2422df,SNOMED-CT,384709000,Sprain (morphologic abnormality)
2022-12-19,2023-01-19,069b5064-ff05-2225-3995-f32685518bc6,7642fe6c-e63e-069b-0da8-b4fabf2422df,SNOMED-CT,44465007,Sprain of ankle
2021-02-21,,7353e17f-0cd5-5b0a-c736-92b9ca5f8366,b0ac11a8-fff3-1bbe-a21f-ac8e1c44a7c4,SNOMED-CT,314529007,Medication review due (situation)
2021-02-21,,7353e17f-0cd5-5b0a-c736-92b9ca5f8366,b0ac11a8-fff3-1bbe-a21f-ac8e1c44a7c4,SNOMED-CT,408512008,Body mass index 40+ - severely obese (finding)
2023-06-18,,7353e17f-0cd5-5b0a-c736-92b9ca5f8366,3f94d99a-00a4-7337-3e09-b17a4ce6acc8,SNOMED-CT,160904001,Part-time employment (finding)
2023-06-18,,7353e17f-0cd5-5b0a-c736-92b9ca5f8366,3f94d99a-00a4-7337-3e09-b17a4ce6acc8,SNOMED-CT,73595000,Stress (finding)
2024-02-02,2024-02-09,1e621f4c-db30-c273-49e9-2dcad508a9cb,0eba9af9-69bb-b48b-3705-6608efec1bee,SNOMED-CT,195662009,Acute viral pharyngitis (disorder)
2023-03-23,,3f6021df-8aac-ed27-a705-e71bc0e4b649,0184fb5c-7ddd-025d-e6af-11f7bd3b5a60,SNOMED-CT,428251008,History of appendectomy
2024-06-08,2025-06-14,8c85983a-a538-522f-bce0-03678b0fc7ce,4be9e580-14a8-1745-5b9f-b7b38f7de946,SNOMED-CT,314529007,Medication review due (situation)
2023-04-05,2023-04-30,39a59f42-5a52-886d-844b-183228219521,3ff80468-9f73-86b7-5879-3e82feffb2f4,SNOMED-CT,75498004,Acute bacterial sinusitis (disorder)
2025-06-14,2025-06-21,8c85983a-a538-522f-bce0-03678b0fc7ce,fa01e1d0-9e32-7a22-50fd-f3a017799bf1,SNOMED-CT,66383009,Gingivitis (disorder)
2023-05-30,2023-05-30,3f6021df-8aac-ed27-a705-e71bc0e4b649,62cf5f71-bb84-cfe0-88f1-7a1374c3e961,SNOMED-CT,314529007,Medication review due (situation)
2024-01-29,2024-02-17,1f84d0f1-976e-1a46-e50e-f5d3d421f41a,b417c4b6-1c7b-619d-fece-cf5fa7d93def,SNOMED-CT,10509002,Acute bronchitis (disorder)
2024-04-23,2024-04-23,1e621f4c-db30-c273-49e9-2dcad508a9cb,0cdfd7e3-76ce-d909-f35a-229543b3296d,SNOMED-CT,314529007,Medication review due (situation)
2025-12-10,,8c85983a-a538-522f-bce0-03678b0fc7ce,09dbdb8a-23e1-ab01-9725-e8e64868ca40,SNOMED-CT,312608009,Laceration - injury (disorder)
2025-12-10,,8c85983a-a538-522f-bce0-03678b0fc7ce,09dbdb8a-23e1-ab01-9725-e8e64868ca40,SNOMED-CT,284551006,Laceration of foot
2025-02-05,,39a59f42-5a52-886d-844b-183228219521,00050987-f058-c55f-68c7-037c735971c9,SNOMED-CT,105531004,Housing unsatisfactory (finding)
2025-02-05,,39a59f42-5a52-886d-844b-183228219521,00050987-f058-c55f-68c7-037c735971c9,SNOMED-CT,5251000175109,Received certificate of high school equivalency (finding)
2025-02-05,,39a59f42-5a52-886d-844b-183228219521,00050987-f058-c55f-68c7-037c735971c9,SNOMED-CT,160903007,Full-time employment (finding)
2023-11-26,,069b5064-ff05-2225-3995-f32685518bc6,d088fee2-3cf9-980a-5b15-754bc1ee50ef,SNOMED-CT,741062008,Not in labor force (finding)
2023-11-26,,069b5064-ff05-2225-3995-f32685518bc6,d088fee2-3cf9-980a-5b15-754bc1ee50ef,SNOMED-CT,73595000,Stress (finding)
2023-11-26,2023-12-10,069b5064-ff05-2225-3995-f32685518bc6,d088fee2-3cf9-980a-5b15-754bc1ee50ef,SNOMED-CT,66383009,Gingivitis (disorder)
2025-04-29,,1e621f4c-db30-c273-49e9-2dcad508a9cb,e5c6ffb3-a738-323b-04b0-e0feb29e6719,SNOMED-CT,314529007,Medication review due (situation)
2025-06-17,2025-08-26,1e621f4c-db30-c273-49e9-2dcad508a9cb,df2341a2-6e1a-89ab-e3a1-f59cb0f4e5d8,SNOMED-CT,110030002,Concussion injury of brain (disorder)
2025-06-17,2025-08-26,1e621f4c-db30-c273-49e9-2dcad508a9cb,df2341a2-6e1a-89ab-e3a1-f59cb0f4e5d8,SNOMED-CT,62564004,Concussion with loss of consciousness
2012-09-16,,b300716e-ae67-8d6f-d694-51d801881ce0,20bba45f-bc15-79f9-5976-ab2fd6fb5ef6,SNOMED-CT,224299000,Received higher education (finding)
2012-09-16,2024-11-24,b300716e-ae67-8d6f-d694-51d801881ce0,20bba45f-bc15-79f9-5976-ab2fd6fb5ef6,SNOMED-CT,160903007,Full-time employment (finding)
2012-09-16,,b300716e-ae67-8d6f-d694-51d801881ce0,20bba45f-bc15-79f9-5976-ab2fd6fb5ef6,SNOMED-CT,713458007,Lack of access to transportation (finding)
2014-09-28,,b300716e-ae67-8d6f-d694-51d801881ce0,91c3e3bb-7aa5-85b3-858a-aec27763a13c,SNOMED-CT,266934004,Transport problem (finding)
2016-10-09,,b300716e-ae67-8d6f-d694-51d801881ce0,0c426294-1702-2fe7-60ef-b6fc451e8862,SNOMED-CT,59621000,Essential hypertension (disorder)
2017-10-15,2025-11-30,b300716e-ae67-8d6f-d694-51d801881ce0,2d92ab4f-3e23-49e3-1903-16d9a0441ac7,SNOMED-CT,423315002,Limited social contact (finding)
2018-10-21,,b300716e-ae67-8d6f-d694-51d801881ce0,1bb99c25-bf38-04c6-2167-5334ae78eaae,SNOMED-CT,162864005,Body mass index 30+ - obesity (finding)
2018-10-21,,b300716e-ae67-8d6f-d694-51d801881ce0,1bb99c25-bf38-04c6-2167-5334ae78eaae,SNOMED-CT,422650009,Social isolation (finding)
2018-10-21,,b300716e-ae67-8d6f-d694-51d801881ce0,1bb99c25-bf38-04c6-2167-5334ae78eaae,SNOMED-CT,706893006,Victim of intimate partner abuse (finding)
2019-12-09,,b300716e-ae67-8d6f-d694-51d801881ce0,d40bfa55-adf1-dc4e-1231-d4e78b4e63f3,SNOMED-CT,161744009,Past pregnancy history of miscarriage (situation)
2021-11-07,2023-11-19,b300716e-ae67-8d6f-d694-51d801881ce0,6732ffe6-ff9e-87fe-595b-f51c413a607e,SNOMED-CT,314529007,Medication review due (situation)
2023-11-19,2024-11-24,b300716e-ae67-8d6f-d694-51d801881ce0,78c0915c-721f-7f2a-0618-ebed008203fb,SNOMED-CT,73595000,Stress (finding)
2025-03-28,2025-04-10,1f84d0f1-976e-1a46-e50e-f5d3d421f41a,64c19729-851f-a030-cfe3-230c915fe613,SNOMED-CT,10509002,Acute bronchitis (disorder)
1993-03-15,,b98bf2b2-29a5-5eca-1925-dc32332c340a,7de11957-08ce-bb9a-12e9-baf54e6b3ca0,SNOMED-CT,224299000,Received higher education (finding)
1997-03-24,,b98bf2b2-29a5-5eca-1925-dc32332c340a,b681c886-5bf6-dd2c-b241-7e10604f8142,SNOMED-CT,162864005,Body mass index 30+ - obesity (finding)
2009-04-06,,b98bf2b2-29a5-5eca-1925-dc32332c340a,30b4d29b-2fe9-a71d-3d0d-a3c77811190c,SNOMED-CT,266948004,Has a criminal record (finding)
2024-06-04,2024-06-04,3f6021df-8aac-ed27-a705-e71bc0e4b649,7d977b2e-0542-6ea0-7b79-b919413a5436,SNOMED-CT,314529007,Medication review due (situation)
2024-06-04,2024-06-18,3f6021df-8aac-ed27-a705-e71bc0e4b649,7d977b2e-0542-6ea0-7b79-b919413a5436,SNOMED-CT,66383009,Gingivitis (disorder)
2025-04-09,2025-04-09,1f84d0f1-976e-1a46-e50e-f5d3d421f41a,144ef0f7-8a1d-7a9f-f6fc-edbdb52278d6,SNOMED-CT,314529007,Medication review due (situation)
2017-09-22,,b98bf2b2-29a5-5eca-1925-dc32332c340a,4e11e7c9-d9cf-8279-f41b-db1df6809da9,SNOMED-CT,161744009,Past pregnancy history of miscarriage (situation)
1996-12-09,2024-06-24,196b6069-9bdd-a3fb-20ce-47414b6e8cdd,fbe73fec-786a-cee7-7902-1ebb6911b28b,ICD10,C32.9,Malignant neoplasm of larynx  unspecified
2019-02-04,2023-02-13,b98bf2b2-29a5-5eca-1925-dc32332c340a,22d098b6-8416-0113-c59e-a893ea89ba7f,SNOMED-CT,160904001,Part-time employment (finding)
2021-02-08,2025-01-20,b98bf2b2-29a5-5eca-1925-dc32332c340a,004576ff-17cc-502f-879b-a011b503dbdc,SNOMED-CT,314529007,Medication review due (situation)
2021-02-08,2025-01-20,b98bf2b2-29a5-5eca-1925-dc32332c340a,004576ff-17cc-502f-879b-a011b503dbdc,SNOMED-CT,73595000,Stress (finding)
1998-11-22,,7cd3260f-2795-3080-b267-3bb0a9f40624,18c0ded7-3b9e-fff3-87b0-72c13c68b975,SNOMED-CT,224299000,Received higher education (finding)
2001-03-19,,196b6069-9bdd-a3fb-20ce-47414b6e8cdd,0f900830-9300-9e82-5b4c-7a40e799243f,SNOMED-CT,66383009,Gingivitis (disorder)
2023-02-13,2025-01-20,b98bf2b2-29a5-5eca-1925-dc32332c340a,ac50d2d6-2354-9cbd-5fe5-10d42e06ed0c,SNOMED-CT,160903007,Full-time employment (finding)
2001-10-02,,196b6069-9bdd-a3fb-20ce-47414b6e8cdd,d4bc5838-b0b8-b397-0bf0-6d583e5ce369,SNOMED-CT,40055000,Chronic sinusitis (disorder)
2002-01-28,,196b6069-9bdd-a3fb-20ce-47414b6e8cdd,cce96903-e558-c88c-cbba-8a3c3c76dca1,SNOMED-CT,160968000,Risk activity involvement (finding)
2004-04-05,,196b6069-9bdd-a3fb-20ce-47414b6e8cdd,768caa30-84fd-e514-c9d1-19f00d91ad58,SNOMED-CT,224299000,Received higher education (finding)
2008-04-14,,196b6069-9bdd-a3fb-20ce-47414b6e8cdd,157e90f7-0b2b-f7c6-7b8d-c49913046cf9,SNOMED-CT,15777000,Prediabetes
2008-04-14,,196b6069-9bdd-a3fb-20ce-47414b6e8cdd,157e90f7-0b2b-f7c6-7b8d-c49913046cf9,SNOMED-CT,271737000,Anemia (disorder)
2005-10-09,,7cd3260f-2795-3080-b267-3bb0a9f40624,b8cd7599-1792-1901-a53d-b2b6f6213586,SNOMED-CT,162864005,Body mass index 30+ - obesity (finding)
2008-04-02,,7cd3260f-2795-3080-b267-3bb0a9f40624,f8ee56fb-0eaf-bfc9-a88d-ed592315a233,SNOMED-CT,161744009,Past pregnancy history of miscarriage (situation)
2008-12-07,,7cd3260f-2795-3080-b267-3bb0a9f40624,ee76d79b-4270-1f12-85a7-3bee3cd59778,SNOMED-CT,15777000,Prediabetes
2008-12-07,,7cd3260f-2795-3080-b267-3bb0a9f40624,ee76d79b-4270-1f12-85a7-3bee3cd59778,SNOMED-CT,271737000,Anemia (disorder)
2014-02-04,,7cd3260f-2795-3080-b267-3bb0a9f40624,e3b665d3-6327-d5a9-4837-16d3b6c37d7a,SNOMED-CT,82423001,Chronic pain (finding)
2014-02-04,,7cd3260f-2795-3080-b267-3bb0a9f40624,e3b665d3-6327-d5a9-4837-16d3b6c37d7a,SNOMED-CT,278860009,Chronic low back pain (finding)
2014-02-04,,7cd3260f-2795-3080-b267-3bb0a9f40624,e3b665d3-6327-d5a9-4837-16d3b6c37d7a,SNOMED-CT,1121000119107,Chronic neck pain (finding)
2014-02-16,,7cd3260f-2795-3080-b267-3bb0a9f40624,aa1ab5af-1bdd-44c3-39c9-11cca358ed08,SNOMED-CT,44054006,Diabetes mellitus type 2 (disorder)
2014-02-16,,7cd3260f-2795-3080-b267-3bb0a9f40624,aa1ab5af-1bdd-44c3-39c9-11cca358ed08,SNOMED-CT,422034002,Retinopathy due to type 2 diabetes mellitus (disorder)
2011-04-18,2023-05-01,196b6069-9bdd-a3fb-20ce-47414b6e8cdd,7c4739fe-f1d5-488f-7662-70fcab64474f,SNOMED-CT,160903007,Full-time employment (finding)
2025-05-07,2025-05-07,1f84d0f1-976e-1a46-e50e-f5d3d421f41a,7369e596-942f-dd4d-0b71-0b1ef6a04943,SNOMED-CT,314529007,Medication review due (situation)
2020-04-06,2024-06-24,196b6069-9bdd-a3fb-20ce-47414b6e8cdd,e5d45848-4ada-daec-9c11-ce0e46954317,ICD10,K02.9,Dental caries  unspecified
1962-06-22,,9c6736d8-361a-4a4a-ad13-6fe3f4d5a82a,bb54641f-50f4-a148-ecee-3550f01edd70,SNOMED-CT,224299000,Received higher education (finding)
2015-02-22,,7cd3260f-2795-3080-b267-3bb0a9f40624,fd67a43f-1951-66ec-7fdd-8c489f4b2de1,SNOMED-CT,302870006,Hypertriglyceridemia (disorder)
2015-02-22,,7cd3260f-2795-3080-b267-3bb0a9f40624,fd67a43f-1951-66ec-7fdd-8c489f4b2de1,SNOMED-CT,237602007,Metabolic syndrome X (disorder)
2023-05-01,,196b6069-9bdd-a3fb-20ce-47414b6e8cdd,d3bc5a15-490e-3d55-1ac8-29aa9e26fdc1,SNOMED-CT,59621000,Essential hypertension (disorder)
1969-07-04,,9c6736d8-361a-4a4a-ad13-6fe3f4d5a82a,81d4fe3f-a4be-2146-b4e5-b8d42af4f795,SNOMED-CT,15777000,Prediabetes
2023-05-01,2023-05-01,196b6069-9bdd-a3fb-20ce-47414b6e8cdd,d3bc5a15-490e-3d55-1ac8-29aa9e26fdc1,SNOMED-CT,314529007,Medication review due (situation)
2023-05-01,2023-09-18,196b6069-9bdd-a3fb-20ce-47414b6e8cdd,d3bc5a15-490e-3d55-1ac8-29aa9e26fdc1,SNOMED-CT,160904001,Part-time employment (finding)
2023-05-01,2024-05-06,196b6069-9bdd-a3fb-20ce-47414b6e8cdd,d3bc5a15-490e-3d55-1ac8-29aa9e26fdc1,SNOMED-CT,73595000,Stress (finding)
2023-05-01,2024-01-08,196b6069-9bdd-a3fb-20ce-47414b6e8cdd,d3bc5a15-490e-3d55-1ac8-29aa9e26fdc1,SNOMED-CT,361055000,Misuses drugs (finding)
2025-06-10,,3f6021df-8aac-ed27-a705-e71bc0e4b649,9ed0cfca-ceed-d619-3321-75f615bc9ef8,SNOMED-CT,314529007,Medication review due (situation)
1972-07-07,,9c6736d8-361a-4a4a-ad13-6fe3f4d5a82a,7537f8fa-0286-6409-bb00-6455fb990552,SNOMED-CT,271737000,Anemia (disorder)
1988-05-13,,9c6736d8-361a-4a4a-ad13-6fe3f4d5a82a,fc0c6e28-bdb7-5d16-0be5-a4e7524b66ec,SNOMED-CT,162864005,Body mass index 30+ - obesity (finding)
1994-04-19,,9c6736d8-361a-4a4a-ad13-6fe3f4d5a82a,bd42fbe9-7caa-4b71-4881-a4e2a7b47954,SNOMED-CT,239872002,Osteoarthritis of hip
2016-02-28,,7cd3260f-2795-3080-b267-3bb0a9f40624,457a362e-3937-ba48-9b13-1ad96c71d5f8,SNOMED-CT,80394007,Hyperglycemia (disorder)
2018-03-11,,7cd3260f-2795-3080-b267-3bb0a9f40624,4f05fbc4-9698-19b9-63f0-8b69d4f9fb06,SNOMED-CT,1551000119108,Nonproliferative diabetic retinopathy due to type 2 diabetes mellitus (disorder)
2018-03-11,,7cd3260f-2795-3080-b267-3bb0a9f40624,4f05fbc4-9698-19b9-63f0-8b69d4f9fb06,SNOMED-CT,1501000119109,Proliferative diabetic retinopathy due to type II diabetes mellitus (disorder)
2019-03-18,,7cd3260f-2795-3080-b267-3bb0a9f40624,0e2cc5ac-ac93-1e8b-68bc-a33c01fa3a76,SNOMED-CT,66383009,Gingivitis (disorder)
2005-01-08,,9c6736d8-361a-4a4a-ad13-6fe3f4d5a82a,432e7621-4a6c-6ab2-4269-6df0125af8fa,SNOMED-CT,401303003,Acute ST segment elevation myocardial infarction (disorder)
2021-03-29,,7cd3260f-2795-3080-b267-3bb0a9f40624,ddac70d9-c205-6c28-5712-f679a991e246,SNOMED-CT,10939881000119105,Unhealthy alcohol drinking behavior (finding)
2005-01-08,,9c6736d8-361a-4a4a-ad13-6fe3f4d5a82a,2762b2de-3a8f-49e4-71f6-5a7205ce56cd,SNOMED-CT,399211009,History of myocardial infarction (situation)
2021-08-15,2023-04-24,7cd3260f-2795-3080-b267-3bb0a9f40624,a8767521-d76d-a87f-e8d4-9d9af210d310,ICD10,K08.9,Disorder of teeth and supporting structures  unspecified
2021-09-26,2023-04-09,7cd3260f-2795-3080-b267-3bb0a9f40624,7e5b9ac8-9c2b-60b6-2f70-9e03c1251727,SNOMED-CT,73595000,Stress (finding)
2022-04-03,2024-04-14,7cd3260f-2795-3080-b267-3bb0a9f40624,f91ee24c-8bbb-e103-d33d-7e76dacde6fc,SNOMED-CT,314529007,Medication review due (situation)
2022-04-03,2023-04-09,7cd3260f-2795-3080-b267-3bb0a9f40624,f91ee24c-8bbb-e103-d33d-7e76dacde6fc,SNOMED-CT,160904001,Part-time employment (finding)
2023-09-18,2023-09-18,196b6069-9bdd-a3fb-20ce-47414b6e8cdd,e2bc87e6-0da5-2917-708f-716ec60dd0e0,SNOMED-CT,314529007,Medication review due (situation)
2023-09-18,,196b6069-9bdd-a3fb-20ce-47414b6e8cdd,e2bc87e6-0da5-2917-708f-716ec60dd0e0,SNOMED-CT,431855005,Chronic kidney disease stage 1 (disorder)
2023-09-18,,196b6069-9bdd-a3fb-20ce-47414b6e8cdd,e2bc87e6-0da5-2917-708f-716ec60dd0e0,SNOMED-CT,127013003,Disorder of kidney due to diabetes mellitus (disorder)
2023-09-18,2023-10-02,196b6069-9bdd-a3fb-20ce-47414b6e8cdd,e2bc87e6-0da5-2917-708f-716ec60dd0e0,SNOMED-CT,741062008,Not in labor force (finding)
2023-09-18,2023-10-02,196b6069-9bdd-a3fb-20ce-47414b6e8cdd,e2bc87e6-0da5-2917-708f-716ec60dd0e0,SNOMED-CT,706893006,Victim of intimate partner abuse (finding)
2009-07-24,,9c6736d8-361a-4a4a-ad13-6fe3f4d5a82a,d8a865c6-6e55-f782-a24a-05e50f884714,SNOMED-CT,414545008,Ischemic heart disease (disorder)
2023-09-25,2023-09-25,196b6069-9bdd-a3fb-20ce-47414b6e8cdd,6e5b2194-c995-b721-6dae-c9728827d5cf,SNOMED-CT,314529007,Medication review due (situation)
2023-12-10,2024-07-14,b300716e-ae67-8d6f-d694-51d801881ce0,b61bbfc2-7d4c-b37a-8e6d-c0facd0c920b,SNOMED-CT,72892002,Normal pregnancy
2009-08-06,,9c6736d8-361a-4a4a-ad13-6fe3f4d5a82a,4d5d4514-fd4b-04ca-0631-82bd8aa1600a,SNOMED-CT,274531002,Abnormal findings diagnostic imaging heart+coronary circulat (finding)
2009-08-11,,9c6736d8-361a-4a4a-ad13-6fe3f4d5a82a,53e89a0b-a1e4-d171-29f7-e7d7cdea4e35,SNOMED-CT,399261000,History of coronary artery bypass grafting (situation)
2023-04-09,,7cd3260f-2795-3080-b267-3bb0a9f40624,8a235004-8dfb-1473-d307-b26d907fb071,SNOMED-CT,368581000119106,Neuropathy due to type 2 diabetes mellitus (disorder)
2023-04-09,2024-04-14,7cd3260f-2795-3080-b267-3bb0a9f40624,8a235004-8dfb-1473-d307-b26d907fb071,SNOMED-CT,160903007,Full-time employment (finding)
2025-01-20,,b98bf2b2-29a5-5eca-1925-dc32332c340a,002c0e12-32dc-6a0e-c445-57bd16fa7f18,SNOMED-CT,160904001,Part-time employment (finding)
1978-02-15,,2c7f251b-4cd9-fe29-b244-63c2271e15e2,08bc489f-5c05-adf3-8e29-d73d38eb8ef2,SNOMED-CT,224299000,Received higher education (finding)
2010-06-19,,9c6736d8-361a-4a4a-ad13-6fe3f4d5a82a,c4dcef11-d050-c635-fbe1-d1bbd7a6c1da,SNOMED-CT,82423001,Chronic pain
1994-03-09,,2c7f251b-4cd9-fe29-b244-63c2271e15e2,4839cc72-2d7d-07b2-8e58-db9f9a2836b2,SNOMED-CT,15777000,Prediabetes
1994-03-09,,2c7f251b-4cd9-fe29-b244-63c2271e15e2,4839cc72-2d7d-07b2-8e58-db9f9a2836b2,SNOMED-CT,162864005,Body mass index 30+ - obesity (finding)
2013-08-16,,9c6736d8-361a-4a4a-ad13-6fe3f4d5a82a,73f9422f-3443-b7cb-a599-6f269ad6d387,SNOMED-CT,66383009,Gingivitis (disorder)
2014-08-22,,9c6736d8-361a-4a4a-ad13-6fe3f4d5a82a,c3ee3bc0-20e0-a15d-24d5-45a6483e29a8,SNOMED-CT,64859006,Osteoporosis (disorder)
2018-09-14,2023-10-13,9c6736d8-361a-4a4a-ad13-6fe3f4d5a82a,e695cc6e-8e5a-2f63-652d-db2cdea01119,SNOMED-CT,314529007,Medication review due (situation)
2018-09-28,2025-11-07,9c6736d8-361a-4a4a-ad13-6fe3f4d5a82a,b2667d0a-238e-225d-fb10-5d40a403dc17,ICD10,K00.6,Disturbances in tooth eruption
2020-09-25,,9c6736d8-361a-4a4a-ad13-6fe3f4d5a82a,5f9f40b6-6bbd-8b12-758a-7054d3e046e0,SNOMED-CT,160903007,Full-time employment (finding)
2002-01-02,,2c7f251b-4cd9-fe29-b244-63c2271e15e2,332ff8e8-d1ce-3248-1a53-5e22e9419dd7,SNOMED-CT,55822004,Hyperlipidemia
2006-01-25,2025-04-02,2c7f251b-4cd9-fe29-b244-63c2271e15e2,65124371-60b6-ede7-5c5d-68ef8df237fc,SNOMED-CT,2556008,Periodontal disease
2023-04-23,2023-04-24,7cd3260f-2795-3080-b267-3bb0a9f40624,aa090b98-0a5c-25cf-c684-2a6b8715a70d,ICD10,K02.9,Dental caries  unspecified
2018-02-21,2025-04-02,2c7f251b-4cd9-fe29-b244-63c2271e15e2,2e05eb59-33b5-98ef-9ec4-a5ef29883630,SNOMED-CT,234949000,Tooth eruption disorder
2018-02-21,2025-04-02,2c7f251b-4cd9-fe29-b244-63c2271e15e2,2e05eb59-33b5-98ef-9ec4-a5ef29883630,SNOMED-CT,1086001000119108,Dental caries on smooth surface penetrating into pulp
2020-02-19,,2c7f251b-4cd9-fe29-b244-63c2271e15e2,a0da9f79-db52-7f27-db56-7d259620ea82,SNOMED-CT,237602007,Metabolic syndrome X (disorder)
2020-02-19,,2c7f251b-4cd9-fe29-b244-63c2271e15e2,a0da9f79-db52-7f27-db56-7d259620ea82,SNOMED-CT,44054006,Diabetes mellitus type 2 (disorder)
2024-04-07,2024-04-20,b300716e-ae67-8d6f-d694-51d801881ce0,cf13ac4c-0757-7063-e2a0-41a2290d5980,SNOMED-CT,195662009,Acute viral pharyngitis (disorder)
2021-02-24,,2c7f251b-4cd9-fe29-b244-63c2271e15e2,aca030be-07ab-0db7-cd96-85a3a865e540,SNOMED-CT,59621000,Essential hypertension (disorder)
2021-02-24,,2c7f251b-4cd9-fe29-b244-63c2271e15e2,aca030be-07ab-0db7-cd96-85a3a865e540,SNOMED-CT,80394007,Hyperglycemia (disorder)
2021-02-24,,2c7f251b-4cd9-fe29-b244-63c2271e15e2,aca030be-07ab-0db7-cd96-85a3a865e540,SNOMED-CT,302870006,Hypertriglyceridemia (disorder)
2023-10-02,2024-05-06,196b6069-9bdd-a3fb-20ce-47414b6e8cdd,8b6986f2-12d4-85c8-4867-dd7910b85fd1,SNOMED-CT,314529007,Medication review due (situation)
2023-10-02,2024-01-08,196b6069-9bdd-a3fb-20ce-47414b6e8cdd,8b6986f2-12d4-85c8-4867-dd7910b85fd1,SNOMED-CT,160904001,Part-time employment (finding)
2023-10-02,2024-01-08,196b6069-9bdd-a3fb-20ce-47414b6e8cdd,8b6986f2-12d4-85c8-4867-dd7910b85fd1,SNOMED-CT,423315002,Limited social contact (finding)
2022-03-02,2023-03-08,2c7f251b-4cd9-fe29-b244-63c2271e15e2,3672b708-f4b2-a8d8-9633-51f72b6371de,SNOMED-CT,160903007,Full-time employment (finding)
2023-12-03,2024-06-30,7cd3260f-2795-3080-b267-3bb0a9f40624,9654e52c-080e-7d83-6e9c-fc388b79c99b,SNOMED-CT,72892002,Normal pregnancy
2024-06-23,2024-07-14,b300716e-ae67-8d6f-d694-51d801881ce0,f903bb02-2aee-4542-68d4-5be199f38301,SNOMED-CT,198992004,Antepartum eclampsia
2023-10-13,,9c6736d8-361a-4a4a-ad13-6fe3f4d5a82a,63f5c468-9c28-664b-fa6d-4861bc939fff,SNOMED-CT,73595000,Stress (finding)
2023-10-16,2023-10-28,196b6069-9bdd-a3fb-20ce-47414b6e8cdd,e9e0175e-5d08-9c14-2937-852647914437,SNOMED-CT,10509002,Acute bronchitis (disorder)
2024-01-08,2024-05-06,196b6069-9bdd-a3fb-20ce-47414b6e8cdd,c6de9414-00e0-5908-da64-24a4a2b44762,SNOMED-CT,741062008,Not in labor force (finding)
2023-03-08,2023-03-08,2c7f251b-4cd9-fe29-b244-63c2271e15e2,daab3cbc-bc77-7387-0942-d9b4348181a5,SNOMED-CT,314529007,Medication review due (situation)
2023-03-08,2024-03-13,2c7f251b-4cd9-fe29-b244-63c2271e15e2,daab3cbc-bc77-7387-0942-d9b4348181a5,SNOMED-CT,160904001,Part-time employment (finding)
2023-03-08,2024-03-13,2c7f251b-4cd9-fe29-b244-63c2271e15e2,daab3cbc-bc77-7387-0942-d9b4348181a5,SNOMED-CT,73595000,Stress (finding)
2023-03-09,2023-03-22,2c7f251b-4cd9-fe29-b244-63c2271e15e2,daab3cbc-bc77-7387-0942-d9b4348181a5,SNOMED-CT,66383009,Gingivitis (disorder)
2024-10-18,2025-10-24,9c6736d8-361a-4a4a-ad13-6fe3f4d5a82a,ba0c1c04-b4d1-a852-c219-fac18fe96d88,SNOMED-CT,314529007,Medication review due (situation)
2024-10-18,2025-10-24,9c6736d8-361a-4a4a-ad13-6fe3f4d5a82a,ba0c1c04-b4d1-a852-c219-fac18fe96d88,SNOMED-CT,423315002,Limited social contact (finding)
2024-04-14,2025-04-20,7cd3260f-2795-3080-b267-3bb0a9f40624,0c61c8ab-1a8c-842f-8dec-9beb55000952,SNOMED-CT,160904001,Part-time employment (finding)
2024-03-13,2025-02-12,2c7f251b-4cd9-fe29-b244-63c2271e15e2,ac04c3da-2706-9a41-bc12-28231ba9fb0c,SNOMED-CT,314529007,Medication review due (situation)
2024-03-13,2025-03-19,2c7f251b-4cd9-fe29-b244-63c2271e15e2,ac04c3da-2706-9a41-bc12-28231ba9fb0c,SNOMED-CT,160903007,Full-time employment (finding)
2024-05-06,2024-06-10,196b6069-9bdd-a3fb-20ce-47414b6e8cdd,99051517-140a-6e24-4ac8-7d2c8d521a09,SNOMED-CT,160903007,Full-time employment (finding)
2024-05-06,,196b6069-9bdd-a3fb-20ce-47414b6e8cdd,99051517-140a-6e24-4ac8-7d2c8d521a09,SNOMED-CT,706893006,Victim of intimate partner abuse (finding)
2024-11-24,2024-11-24,b300716e-ae67-8d6f-d694-51d801881ce0,dfb82d0c-24fe-6df8-785c-af06e8b96bff,SNOMED-CT,314529007,Medication review due (situation)
2024-11-24,2025-11-30,b300716e-ae67-8d6f-d694-51d801881ce0,dfb82d0c-24fe-6df8-785c-af06e8b96bff,SNOMED-CT,160904001,Part-time employment (finding)
2025-02-05,2025-02-14,2c7f251b-4cd9-fe29-b244-63c2271e15e2,e079cf28-8067-3005-f4b6-0b81f8fbfdac,SNOMED-CT,10509002,Acute bronchitis (disorder)
2025-02-12,,2c7f251b-4cd9-fe29-b244-63c2271e15e2,4e015337-7b4a-c360-95d3-1552485a40e3,SNOMED-CT,414545008,Ischemic heart disease (disorder)
2025-02-12,2025-03-19,2c7f251b-4cd9-fe29-b244-63c2271e15e2,4e015337-7b4a-c360-95d3-1552485a40e3,SNOMED-CT,73595000,Stress (finding)
2025-07-31,2025-08-27,b300716e-ae67-8d6f-d694-51d801881ce0,be57836a-f432-1089-09de-384c8394f7c7,SNOMED-CT,384709000,Sprain (morphologic abnormality)
2025-07-31,2025-08-27,b300716e-ae67-8d6f-d694-51d801881ce0,be57836a-f432-1089-09de-384c8394f7c7,SNOMED-CT,70704007,Sprain of wrist
2025-02-19,2025-02-19,2c7f251b-4cd9-fe29-b244-63c2271e15e2,eb7f9965-6867-1916-c355-b0fe62418bc5,SNOMED-CT,314529007,Medication review due (situation)
2025-11-30,,b300716e-ae67-8d6f-d694-51d801881ce0,7900e05e-34da-8f8e-81bb-ec4a756bd86c,SNOMED-CT,314529007,Medication review due (situation)
2025-11-30,,b300716e-ae67-8d6f-d694-51d801881ce0,7900e05e-34da-8f8e-81bb-ec4a756bd86c,SNOMED-CT,73438004,Unemployed (finding)
2025-11-30,,b300716e-ae67-8d6f-d694-51d801881ce0,7900e05e-34da-8f8e-81bb-ec4a756bd86c,SNOMED-CT,73595000,Stress (finding)
2024-06-10,,196b6069-9bdd-a3fb-20ce-47414b6e8cdd,da4f2391-c09c-2746-eca9-87ef15445ad9,SNOMED-CT,314529007,Medication review due (situation)
2024-06-10,2025-05-12,196b6069-9bdd-a3fb-20ce-47414b6e8cdd,da4f2391-c09c-2746-eca9-87ef15445ad9,SNOMED-CT,160904001,Part-time employment (finding)
2024-06-10,2025-05-12,196b6069-9bdd-a3fb-20ce-47414b6e8cdd,da4f2391-c09c-2746-eca9-87ef15445ad9,SNOMED-CT,73595000,Stress (finding)
2025-04-20,2025-07-20,7cd3260f-2795-3080-b267-3bb0a9f40624,79f82350-9ff3-2c4c-1871-ec5060b03f04,SNOMED-CT,314529007,Medication review due (situation)
2025-04-20,,7cd3260f-2795-3080-b267-3bb0a9f40624,79f82350-9ff3-2c4c-1871-ec5060b03f04,SNOMED-CT,160903007,Full-time employment (finding)
2025-07-10,2025-07-24,7cd3260f-2795-3080-b267-3bb0a9f40624,b0777d4b-8de2-21c5-9bfe-759e21c7de04,SNOMED-CT,10509002,Acute bronchitis (disorder)
1976-02-01,,79590754-4679-dafd-8aab-103706580fff,845f5beb-f85e-9ee5-c232-1733684fb026,SNOMED-CT,197927001,Recurrent urinary tract infection (disorder)
1976-04-08,,79590754-4679-dafd-8aab-103706580fff,40f2f7a1-b3ad-08d4-ee5f-329f40ecc6cd,SNOMED-CT,5251000175109,Received certificate of high school equivalency (finding)
2002-02-28,,79590754-4679-dafd-8aab-103706580fff,7210a9aa-5cd7-eb7e-2d11-339d6d82782d,SNOMED-CT,706893006,Victim of intimate partner abuse (finding)
2003-11-06,,79590754-4679-dafd-8aab-103706580fff,7e8772be-4304-0ad4-e774-bba743303deb,SNOMED-CT,414545008,Ischemic heart disease (disorder)
2025-07-20,,7cd3260f-2795-3080-b267-3bb0a9f40624,70572838-78d9-4415-9141-468d0834407a,SNOMED-CT,73595000,Stress (finding)
2003-11-17,,79590754-4679-dafd-8aab-103706580fff,b74f9a01-38dd-c57b-8ed6-8e887e42d5cb,SNOMED-CT,274531002,Abnormal findings diagnostic imaging heart+coronary circulat (finding)
2005-10-19,,79590754-4679-dafd-8aab-103706580fff,7d590ada-15ec-e379-6021-8d030d33f19b,SNOMED-CT,161744009,Past pregnancy history of miscarriage (situation)
2006-03-09,,79590754-4679-dafd-8aab-103706580fff,b4af7b04-3ae2-8273-9d5f-9a58e5c5ebb1,SNOMED-CT,15777000,Prediabetes
2006-03-09,,79590754-4679-dafd-8aab-103706580fff,b4af7b04-3ae2-8273-9d5f-9a58e5c5ebb1,SNOMED-CT,271737000,Anemia (disorder)
2025-03-01,,2c7f251b-4cd9-fe29-b244-63c2271e15e2,1401099a-2bba-a017-2bdf-a8c22d25ee1d,SNOMED-CT,274531002,Abnormal findings diagnostic imaging heart+coronary circulat (finding)
2010-02-25,,79590754-4679-dafd-8aab-103706580fff,08919226-1395-2184-036d-49e1ca6df72b,SNOMED-CT,59621000,Essential hypertension (disorder)
2011-07-08,,79590754-4679-dafd-8aab-103706580fff,b8826e91-b34d-1167-7bca-b10285a148e6,SNOMED-CT,239873007,Osteoarthritis of knee
2025-07-27,,7cd3260f-2795-3080-b267-3bb0a9f40624,59af6df2-a4a3-e11a-b05f-eabcd9ef5459,SNOMED-CT,314529007,Medication review due (situation)
2012-03-08,,79590754-4679-dafd-8aab-103706580fff,2b33e268-153c-3289-eba4-197ef0038641,SNOMED-CT,446654005,Refugee (person)
2018-04-12,,79590754-4679-dafd-8aab-103706580fff,b316657a-30c7-5d93-5300-682d35a6f7c7,SNOMED-CT,160903007,Full-time employment (finding)
2020-04-23,,79590754-4679-dafd-8aab-103706580fff,6399463b-a75e-c0d0-3f79-6b604cbaaaa7,SNOMED-CT,266948004,Has a criminal record (finding)
2025-03-05,,2c7f251b-4cd9-fe29-b244-63c2271e15e2,642b1a85-4fa8-5372-ce94-9e6b77641bc2,SNOMED-CT,399261000,History of coronary artery bypass grafting (situation)
2025-12-07,,b300716e-ae67-8d6f-d694-51d801881ce0,d32d3906-a356-473f-e2ff-755719fd34b9,SNOMED-CT,72892002,Normal pregnancy
2025-12-07,,b300716e-ae67-8d6f-d694-51d801881ce0,d32d3906-a356-473f-e2ff-755719fd34b9,SNOMED-CT,271737000,Anemia (disorder)
2021-04-29,,79590754-4679-dafd-8aab-103706580fff,dc446444-a7a3-7c58-3f93-f56ab60ac66d,SNOMED-CT,423315002,Limited social contact (finding)
2021-04-29,2023-05-11,79590754-4679-dafd-8aab-103706580fff,dc446444-a7a3-7c58-3f93-f56ab60ac66d,SNOMED-CT,73595000,Stress (finding)
2022-05-05,2023-05-11,79590754-4679-dafd-8aab-103706580fff,fb5f0f7f-323c-8ef7-b7ad-64b232b55ac2,SNOMED-CT,314529007,Medication review due (situation)
2025-01-31,,196b6069-9bdd-a3fb-20ce-47414b6e8cdd,1389f559-9272-d6eb-8c09-05aae19f4809,SNOMED-CT,32911000,Homeless (finding)
2023-05-11,2025-05-22,79590754-4679-dafd-8aab-103706580fff,54b0526e-30e1-7eee-f907-77c5030f1373,SNOMED-CT,422650009,Social isolation (finding)
2023-05-11,,79590754-4679-dafd-8aab-103706580fff,54b0526e-30e1-7eee-f907-77c5030f1373,SNOMED-CT,66383009,Gingivitis (disorder)
2023-10-11,2023-10-19,79590754-4679-dafd-8aab-103706580fff,2f023e27-1143-f0ca-8489-c4c01f7bc58f,SNOMED-CT,195662009,Acute viral pharyngitis (disorder)
2024-03-28,2025-05-03,79590754-4679-dafd-8aab-103706580fff,5ff39929-55ab-2972-320d-08d6ac35e974,SNOMED-CT,68496003,Polyp of colon
2025-03-19,,2c7f251b-4cd9-fe29-b244-63c2271e15e2,cc8d0050-eb2f-f153-1997-d69aaa6f1f12,SNOMED-CT,314529007,Medication review due (situation)
2025-03-19,,2c7f251b-4cd9-fe29-b244-63c2271e15e2,cc8d0050-eb2f-f153-1997-d69aaa6f1f12,SNOMED-CT,160904001,Part-time employment (finding)
2025-03-19,,2c7f251b-4cd9-fe29-b244-63c2271e15e2,cc8d0050-eb2f-f153-1997-d69aaa6f1f12,SNOMED-CT,423315002,Limited social contact (finding)
2025-03-20,2025-04-02,2c7f251b-4cd9-fe29-b244-63c2271e15e2,cc8d0050-eb2f-f153-1997-d69aaa6f1f12,SNOMED-CT,66383009,Gingivitis (disorder)
2025-05-12,,196b6069-9bdd-a3fb-20ce-47414b6e8cdd,c3b382e2-fda7-d23d-2f9f-871ff056a9a0,SNOMED-CT,431856006,Chronic kidney disease stage 2 (disorder)
2025-05-12,,196b6069-9bdd-a3fb-20ce-47414b6e8cdd,c3b382e2-fda7-d23d-2f9f-871ff056a9a0,SNOMED-CT,90781000119102,Microalbuminuria due to type 2 diabetes mellitus (disorder)
2025-05-12,,196b6069-9bdd-a3fb-20ce-47414b6e8cdd,c3b382e2-fda7-d23d-2f9f-871ff056a9a0,SNOMED-CT,160903007,Full-time employment (finding)
2024-05-16,2025-05-22,79590754-4679-dafd-8aab-103706580fff,ddf20cf4-82ec-2d68-8f01-490e9b8704f3,SNOMED-CT,314529007,Medication review due (situation)
2024-05-16,,79590754-4679-dafd-8aab-103706580fff,ddf20cf4-82ec-2d68-8f01-490e9b8704f3,SNOMED-CT,73595000,Stress (finding)
2023-01-18,2023-01-18,e2b62842-2715-6c67-0e4f-cc5834c975b7,42a8a453-c9dc-f423-5f45-c1571dee1b35,SNOMED-CT,314529007,Medication review due (situation)
2025-08-11,2025-08-11,efbd2604-4253-17c5-3973-d5e96ce19d29,1817029a-ad0b-b90c-d627-ad37a723f928,SNOMED-CT,314529007,Medication review due (situation)
1943-02-10,,347ceebf-0248-5a56-14f3-e1e8e8ffb73c,25279b22-4f2d-28e2-c77a-e3b7622b6f00,SNOMED-CT,5251000175109,Received certificate of high school equivalency (finding)
2025-09-15,2025-11-17,efbd2604-4253-17c5-3973-d5e96ce19d29,13d1edae-2c05-4665-61bd-a2b55818ee24,SNOMED-CT,314529007,Medication review due (situation)
1946-11-06,,347ceebf-0248-5a56-14f3-e1e8e8ffb73c,684a9f8f-b27d-0bdf-03a3-c5262eb59ac1,SNOMED-CT,40055000,Chronic sinusitis (disorder)
1969-01-01,,347ceebf-0248-5a56-14f3-e1e8e8ffb73c,4e26a526-84a4-6ad2-8fae-c65ff760d9f2,SNOMED-CT,162864005,Body mass index 30+ - obesity (finding)
2023-03-14,2023-05-24,e2b62842-2715-6c67-0e4f-cc5834c975b7,15b2a7f9-1f34-b78e-916b-5c9b3171cf91,SNOMED-CT,65363002,Otitis media
1971-01-06,,347ceebf-0248-5a56-14f3-e1e8e8ffb73c,a766de13-a62a-a42f-b44b-ddd12584d6e4,SNOMED-CT,44054006,Diabetes mellitus type 2 (disorder)
1971-07-28,,347ceebf-0248-5a56-14f3-e1e8e8ffb73c,bb131843-7027-3c0d-a76e-13a3eec2b169,SNOMED-CT,80394007,Hyperglycemia (disorder)
1971-07-28,,347ceebf-0248-5a56-14f3-e1e8e8ffb73c,bb131843-7027-3c0d-a76e-13a3eec2b169,SNOMED-CT,302870006,Hypertriglyceridemia (disorder)
1971-07-28,,347ceebf-0248-5a56-14f3-e1e8e8ffb73c,bb131843-7027-3c0d-a76e-13a3eec2b169,SNOMED-CT,237602007,Metabolic syndrome X (disorder)
1971-07-28,,347ceebf-0248-5a56-14f3-e1e8e8ffb73c,bb131843-7027-3c0d-a76e-13a3eec2b169,SNOMED-CT,368581000119106,Neuropathy due to type 2 diabetes mellitus (disorder)
1972-01-12,,347ceebf-0248-5a56-14f3-e1e8e8ffb73c,e28157d0-0107-950a-e6af-2bf5e040c3e8,SNOMED-CT,266948004,Has a criminal record (finding)
1974-09-10,,347ceebf-0248-5a56-14f3-e1e8e8ffb73c,995f4d43-baa3-c4f5-5c2e-2fea6e8af72b,SNOMED-CT,161744009,Past pregnancy history of miscarriage (situation)
2023-03-22,2023-03-22,e2b62842-2715-6c67-0e4f-cc5834c975b7,82b9cc11-a0f2-b57f-be5a-29c4ca326e0b,SNOMED-CT,314529007,Medication review due (situation)
1984-12-19,,347ceebf-0248-5a56-14f3-e1e8e8ffb73c,3db2684c-32a9-86d8-7a71-9feeb5e0c02d,SNOMED-CT,87433001,Pulmonary emphysema (disorder)
2023-05-24,2023-05-24,e2b62842-2715-6c67-0e4f-cc5834c975b7,106467dd-7e90-7c60-7b72-c747599142c0,SNOMED-CT,314529007,Medication review due (situation)
1987-05-05,,347ceebf-0248-5a56-14f3-e1e8e8ffb73c,de90b40c-e6d0-811a-52b9-d6a648dc119c,SNOMED-CT,90560007,Gout
1988-04-13,,347ceebf-0248-5a56-14f3-e1e8e8ffb73c,8a9f724a-3e84-7627-0b5f-743294d1c41f,SNOMED-CT,66383009,Gingivitis (disorder)
1990-02-02,,347ceebf-0248-5a56-14f3-e1e8e8ffb73c,b866b04a-e9da-c6bf-bf6a-3fc466d20f07,SNOMED-CT,196416002,Impacted molars
1990-04-08,,347ceebf-0248-5a56-14f3-e1e8e8ffb73c,8d4dc32d-9c05-6916-b2ab-d60a15357e81,SNOMED-CT,82423001,Chronic pain
1990-06-28,,347ceebf-0248-5a56-14f3-e1e8e8ffb73c,08d8f493-0857-876a-2f1e-7ecf185f4ba4,SNOMED-CT,124171000119105,Chronic intractable migraine without aura
1992-02-12,,347ceebf-0248-5a56-14f3-e1e8e8ffb73c,a24fe9ff-cd28-ba79-dab4-8454a973b8e8,SNOMED-CT,431855005,Chronic kidney disease stage 1 (disorder)
1992-02-12,,347ceebf-0248-5a56-14f3-e1e8e8ffb73c,a24fe9ff-cd28-ba79-dab4-8454a973b8e8,SNOMED-CT,127013003,Disorder of kidney due to diabetes mellitus (disorder)
1995-01-03,,347ceebf-0248-5a56-14f3-e1e8e8ffb73c,20a53636-bc72-c396-d42f-687e944086e0,SNOMED-CT,68496003,Polyp of colon
1995-02-01,1998-05-20,347ceebf-0248-5a56-14f3-e1e8e8ffb73c,10f74154-4421-d8b1-a2bf-6f9b3727a6e1,ICD10,M27.2,Inflammatory conditions of jaws
1995-04-26,1996-03-20,347ceebf-0248-5a56-14f3-e1e8e8ffb73c,cb620153-19ff-c208-f0de-c9cd79fc0740,SNOMED-CT,706893006,Victim of intimate partner abuse (finding)
1995-05-24,1996-02-21,347ceebf-0248-5a56-14f3-e1e8e8ffb73c,a7980998-b861-4f2d-e15a-072b949f9602,SNOMED-CT,160903007,Full-time employment (finding)
1995-08-16,1995-08-16,347ceebf-0248-5a56-14f3-e1e8e8ffb73c,7a6734e0-71e9-9f3d-76b0-9f4db908eae1,SNOMED-CT,314529007,Medication review due (situation)
1995-08-30,1998-05-20,347ceebf-0248-5a56-14f3-e1e8e8ffb73c,86e631b2-1d03-5dc3-b68f-6d5a06d73e24,ICD10,K02.9,Dental caries  unspecified
1995-10-25,1995-11-22,347ceebf-0248-5a56-14f3-e1e8e8ffb73c,d49f2be0-5d26-32a9-a7bd-aa4f5642829c,SNOMED-CT,314529007,Medication review due (situation)
1995-10-25,1995-11-22,347ceebf-0248-5a56-14f3-e1e8e8ffb73c,d49f2be0-5d26-32a9-a7bd-aa4f5642829c,SNOMED-CT,422650009,Social isolation (finding)
1995-10-25,1995-11-22,347ceebf-0248-5a56-14f3-e1e8e8ffb73c,d49f2be0-5d26-32a9-a7bd-aa4f5642829c,SNOMED-CT,73595000,Stress (finding)
2023-08-23,2023-08-23,e2b62842-2715-6c67-0e4f-cc5834c975b7,c23fe586-6418-281a-b933-523a9fe1febc,SNOMED-CT,314529007,Medication review due (situation)
2023-11-22,2023-11-22,e2b62842-2715-6c67-0e4f-cc5834c975b7,093b45ec-799c-61a9-97d7-41a0c5d75aef,SNOMED-CT,314529007,Medication review due (situation)
2024-02-09,2024-02-19,e2b62842-2715-6c67-0e4f-cc5834c975b7,2b2c6e6e-ed1c-8478-dc0d-234b53341684,SNOMED-CT,195662009,Acute viral pharyngitis (disorder)
2024-02-21,2024-02-21,e2b62842-2715-6c67-0e4f-cc5834c975b7,a9fc0d72-b3ed-2e77-f489-fee44513b722,SNOMED-CT,314529007,Medication review due (situation)
1995-11-08,1998-05-20,347ceebf-0248-5a56-14f3-e1e8e8ffb73c,0df1f720-3d44-ca3e-4bcd-3f48ed511bd3,ICD10,C09.9,Malignant neoplasm of tonsil  unspecified
1995-11-22,1995-12-20,347ceebf-0248-5a56-14f3-e1e8e8ffb73c,29c8c874-df17-eb87-4e35-bbcc5894f9ca,SNOMED-CT,424393004,Reports of violence in the environment (finding)
2024-05-22,2024-05-22,e2b62842-2715-6c67-0e4f-cc5834c975b7,fbedab72-3849-6725-9644-fbf499f36df0,SNOMED-CT,314529007,Medication review due (situation)
2018-10-02,2024-11-12,d78cedc4-323c-f890-fa21-e333d925bd36,586c0f3a-b474-b486-8c6f-39a863781d56,SNOMED-CT,5689008,Chronic periodontitis
2022-10-18,2023-10-24,d78cedc4-323c-f890-fa21-e333d925bd36,8d2e75b9-2324-5b9b-87b1-19cefbfe2464,SNOMED-CT,314529007,Medication review due (situation)
2022-10-18,2023-10-24,d78cedc4-323c-f890-fa21-e333d925bd36,8d2e75b9-2324-5b9b-87b1-19cefbfe2464,SNOMED-CT,160968000,Risk activity involvement (finding)
2024-11-20,2024-12-11,e2b62842-2715-6c67-0e4f-cc5834c975b7,d66544a9-d2b5-3f3c-a11a-4913647a6d35,SNOMED-CT,314529007,Medication review due (situation)
2024-09-16,2024-12-03,d78cedc4-323c-f890-fa21-e333d925bd36,1e465574-238d-306b-e1ff-0e049efdf912,SNOMED-CT,125605004,Fracture of bone (disorder)
2024-09-16,2024-12-03,d78cedc4-323c-f890-fa21-e333d925bd36,1e465574-238d-306b-e1ff-0e049efdf912,SNOMED-CT,263102004,Fracture subluxation of wrist
1995-12-20,1995-12-20,347ceebf-0248-5a56-14f3-e1e8e8ffb73c,897a53ab-6af9-3152-48dd-83eda04991a5,SNOMED-CT,314529007,Medication review due (situation)
2024-10-29,2025-11-04,d78cedc4-323c-f890-fa21-e333d925bd36,793eb58c-ca14-a3c0-d4c2-ca2ddeb063f9,SNOMED-CT,314529007,Medication review due (situation)
2024-12-18,2025-01-04,e2b62842-2715-6c67-0e4f-cc5834c975b7,667904a4-88ef-5ef2-ca33-29e152f3a721,SNOMED-CT,10509002,Acute bronchitis (disorder)
2025-05-21,,e2b62842-2715-6c67-0e4f-cc5834c975b7,55552fc4-4d8b-b087-7f30-85fc51b42b72,SNOMED-CT,314529007,Medication review due (situation)
2016-10-06,,821038cb-93d8-070c-3e45-ba5c391a2601,7e8ee0e4-3f83-0319-1c0c-a44e9ac185fd,SNOMED-CT,40055000,Chronic sinusitis (disorder)
2017-08-26,,821038cb-93d8-070c-3e45-ba5c391a2601,52abc09f-fe01-2b3e-fb02-3121552abe80,SNOMED-CT,233678006,Childhood asthma
2018-11-12,,821038cb-93d8-070c-3e45-ba5c391a2601,b09e82a5-40ce-9ce3-98f1-ff6d7f94157e,SNOMED-CT,24079001,Atopic dermatitis
2018-12-10,,821038cb-93d8-070c-3e45-ba5c391a2601,e4232fb9-95a9-1c27-d2e6-826cc63dc88b,SNOMED-CT,232353008,Perennial allergic rhinitis with seasonal variation
2022-08-07,,821038cb-93d8-070c-3e45-ba5c391a2601,e4edfed5-6920-5b7c-3538-530e8a7127b0,SNOMED-CT,314529007,Medication review due (situation)
1996-02-21,1996-02-21,347ceebf-0248-5a56-14f3-e1e8e8ffb73c,2d75a35c-15fb-5855-ec94-2ab5ce7335e9,SNOMED-CT,314529007,Medication review due (situation)
1996-02-21,1996-03-20,347ceebf-0248-5a56-14f3-e1e8e8ffb73c,2d75a35c-15fb-5855-ec94-2ab5ce7335e9,SNOMED-CT,741062008,Not in labor force (finding)
1996-02-21,1996-04-24,347ceebf-0248-5a56-14f3-e1e8e8ffb73c,2d75a35c-15fb-5855-ec94-2ab5ce7335e9,SNOMED-CT,73595000,Stress (finding)
2023-08-13,,821038cb-93d8-070c-3e45-ba5c391a2601,ca0e648d-261b-b219-231c-b66ad696d9a5,SNOMED-CT,66383009,Gingivitis (disorder)
1996-03-20,1996-03-20,347ceebf-0248-5a56-14f3-e1e8e8ffb73c,45e21583-f24e-abdd-11a5-6ddeb3dca3e1,SNOMED-CT,314529007,Medication review due (situation)
1996-03-20,1996-10-16,347ceebf-0248-5a56-14f3-e1e8e8ffb73c,45e21583-f24e-abdd-11a5-6ddeb3dca3e1,SNOMED-CT,160903007,Full-time employment (finding)
1996-04-10,1996-04-10,347ceebf-0248-5a56-14f3-e1e8e8ffb73c,d88132ff-a52c-ba56-c301-de614611e37a,SNOMED-CT,314529007,Medication review due (situation)
1996-04-17,1996-06-05,347ceebf-0248-5a56-14f3-e1e8e8ffb73c,eae86aae-5fcc-85ae-6400-73036c96299a,SNOMED-CT,314529007,Medication review due (situation)
1996-04-27,,347ceebf-0248-5a56-14f3-e1e8e8ffb73c,a1272167-0e19-a218-74f1-ec36b64c3caf,SNOMED-CT,713197008,Recurrent rectal polyp
1996-05-01,,347ceebf-0248-5a56-14f3-e1e8e8ffb73c,2f02a608-5661-ab4e-4288-0f6e73f39870,SNOMED-CT,363406005,Malignant tumor of colon
1996-05-15,1996-07-17,347ceebf-0248-5a56-14f3-e1e8e8ffb73c,0f208a4f-c6d2-5ab7-1f36-59de4ea1844e,SNOMED-CT,424393004,Reports of violence in the environment (finding)
1996-05-15,1996-06-05,347ceebf-0248-5a56-14f3-e1e8e8ffb73c,0f208a4f-c6d2-5ab7-1f36-59de4ea1844e,SNOMED-CT,706893006,Victim of intimate partner abuse (finding)
1996-06-05,1996-07-17,347ceebf-0248-5a56-14f3-e1e8e8ffb73c,bde0e622-8e6d-ce60-a140-fd8741d03712,SNOMED-CT,423315002,Limited social contact (finding)
1996-06-05,1996-12-18,347ceebf-0248-5a56-14f3-e1e8e8ffb73c,bde0e622-8e6d-ce60-a140-fd8741d03712,SNOMED-CT,73595000,Stress (finding)
1996-06-12,1996-07-17,347ceebf-0248-5a56-14f3-e1e8e8ffb73c,acf95b98-e9ed-26d8-13dd-74a719876f28,SNOMED-CT,314529007,Medication review due (situation)
1996-08-21,1996-10-23,347ceebf-0248-5a56-14f3-e1e8e8ffb73c,0375db5d-7dd6-8fac-df02-c032f0f83df2,SNOMED-CT,314529007,Medication review due (situation)
1996-09-11,1996-10-16,347ceebf-0248-5a56-14f3-e1e8e8ffb73c,355dd865-ec4b-73e0-4d74-ae93dcf452d2,SNOMED-CT,424393004,Reports of violence in the environment (finding)
1996-10-16,1996-11-06,347ceebf-0248-5a56-14f3-e1e8e8ffb73c,1942045a-621e-efd9-ee2e-a289f908540d,SNOMED-CT,741062008,Not in labor force (finding)
1996-10-16,1996-11-06,347ceebf-0248-5a56-14f3-e1e8e8ffb73c,1942045a-621e-efd9-ee2e-a289f908540d,SNOMED-CT,423315002,Limited social contact (finding)
1989-09-16,,142c3868-45fa-e837-0a35-9aaa250b99b1,a95381c7-1f66-511a-0b02-9e39c71ac989,SNOMED-CT,428251008,History of appendectomy
1995-07-09,,142c3868-45fa-e837-0a35-9aaa250b99b1,31278d93-dc5c-d5d0-cd28-791a3d57ca96,SNOMED-CT,224299000,Received higher education (finding)
2014-02-04,,142c3868-45fa-e837-0a35-9aaa250b99b1,65c57038-4abf-3065-b5f4-09fb6adcf2df,SNOMED-CT,82423001,Chronic pain (finding)
2014-02-04,,142c3868-45fa-e837-0a35-9aaa250b99b1,65c57038-4abf-3065-b5f4-09fb6adcf2df,SNOMED-CT,278860009,Chronic low back pain (finding)
2017-05-21,,142c3868-45fa-e837-0a35-9aaa250b99b1,51fa386d-242f-f9a4-4155-7fe24b82dab9,SNOMED-CT,422650009,Social isolation (finding)
2019-05-26,2023-06-04,142c3868-45fa-e837-0a35-9aaa250b99b1,17ee27ea-1914-5b8e-b1d7-3cca5484c64b,SNOMED-CT,423315002,Limited social contact (finding)
2019-05-26,2023-06-04,142c3868-45fa-e837-0a35-9aaa250b99b1,17ee27ea-1914-5b8e-b1d7-3cca5484c64b,SNOMED-CT,73595000,Stress (finding)
2021-05-30,,142c3868-45fa-e837-0a35-9aaa250b99b1,c6107ee7-bace-724b-4994-3029a964983a,SNOMED-CT,414545008,Ischemic heart disease (disorder)
2021-05-30,,142c3868-45fa-e837-0a35-9aaa250b99b1,c6107ee7-bace-724b-4994-3029a964983a,SNOMED-CT,162864005,Body mass index 30+ - obesity (finding)
2021-05-30,2023-06-04,142c3868-45fa-e837-0a35-9aaa250b99b1,c6107ee7-bace-724b-4994-3029a964983a,SNOMED-CT,160904001,Part-time employment (finding)
1996-11-06,1996-12-25,347ceebf-0248-5a56-14f3-e1e8e8ffb73c,f52f0f89-a407-05d0-af99-d58a91ea268a,SNOMED-CT,314529007,Medication review due (situation)
1996-11-06,1997-04-16,347ceebf-0248-5a56-14f3-e1e8e8ffb73c,f52f0f89-a407-05d0-af99-d58a91ea268a,SNOMED-CT,160903007,Full-time employment (finding)
2021-06-08,,142c3868-45fa-e837-0a35-9aaa250b99b1,1cf2e855-207d-bc1e-2924-f20d07751485,SNOMED-CT,274531002,Abnormal findings diagnostic imaging heart+coronary circulat (finding)
2021-08-08,,142c3868-45fa-e837-0a35-9aaa250b99b1,40a7dcdb-440f-29b2-8f3d-35568c0b3436,SNOMED-CT,399261000,History of coronary artery bypass grafting (situation)
2021-12-31,,142c3868-45fa-e837-0a35-9aaa250b99b1,eb0a37c7-e0f9-64ba-87f6-a9215adc2151,SNOMED-CT,239873007,Osteoarthritis of knee
1996-12-18,1997-01-15,347ceebf-0248-5a56-14f3-e1e8e8ffb73c,76e28945-cb9b-80f4-f58e-827495270865,SNOMED-CT,423315002,Limited social contact (finding)
2016-05-20,2023-06-30,e2f347aa-d08f-4284-ccc1-0dc3a8e23355,0f50f9c8-959b-7398-1335-cbed0af3e504,SNOMED-CT,314529007,Medication review due (situation)
2022-06-24,,e2f347aa-d08f-4284-ccc1-0dc3a8e23355,5d73c3b3-7d88-025c-25bb-523212047c47,SNOMED-CT,160968000,Risk activity involvement (finding)
2023-06-04,2023-06-04,142c3868-45fa-e837-0a35-9aaa250b99b1,5cb2be5b-1034-0f25-6ad2-dbff7f382f6a,SNOMED-CT,314529007,Medication review due (situation)
2023-06-04,,142c3868-45fa-e837-0a35-9aaa250b99b1,5cb2be5b-1034-0f25-6ad2-dbff7f382f6a,SNOMED-CT,160903007,Full-time employment (finding)
2023-06-30,,e2f347aa-d08f-4284-ccc1-0dc3a8e23355,876c997b-1638-4b6f-a87a-38dd1223d0af,SNOMED-CT,224295006,Only received primary school education (finding)
2023-06-30,2024-07-05,e2f347aa-d08f-4284-ccc1-0dc3a8e23355,876c997b-1638-4b6f-a87a-38dd1223d0af,SNOMED-CT,160904001,Part-time employment (finding)
2023-06-30,,e2f347aa-d08f-4284-ccc1-0dc3a8e23355,876c997b-1638-4b6f-a87a-38dd1223d0af,SNOMED-CT,266934004,Transport problem (finding)
2023-06-30,2024-07-05,e2f347aa-d08f-4284-ccc1-0dc3a8e23355,876c997b-1638-4b6f-a87a-38dd1223d0af,SNOMED-CT,422650009,Social isolation (finding)
2023-06-30,2023-07-14,e2f347aa-d08f-4284-ccc1-0dc3a8e23355,876c997b-1638-4b6f-a87a-38dd1223d0af,SNOMED-CT,66383009,Gingivitis (disorder)
2025-06-08,,142c3868-45fa-e837-0a35-9aaa250b99b1,cf56d7f3-cea6-6a19-4637-76b9780f2828,SNOMED-CT,314529007,Medication review due (situation)
2025-06-08,,142c3868-45fa-e837-0a35-9aaa250b99b1,cf56d7f3-cea6-6a19-4637-76b9780f2828,SNOMED-CT,423315002,Limited social contact (finding)
2025-06-08,,142c3868-45fa-e837-0a35-9aaa250b99b1,cf56d7f3-cea6-6a19-4637-76b9780f2828,SNOMED-CT,73595000,Stress (finding)
2024-07-05,,e2f347aa-d08f-4284-ccc1-0dc3a8e23355,cf552586-1ce4-7d7d-035f-1fb6e5ab4fb5,SNOMED-CT,314529007,Medication review due (situation)
2024-07-05,,e2f347aa-d08f-4284-ccc1-0dc3a8e23355,cf552586-1ce4-7d7d-035f-1fb6e5ab4fb5,SNOMED-CT,160903007,Full-time employment (finding)
1997-01-15,1997-03-19,347ceebf-0248-5a56-14f3-e1e8e8ffb73c,374e62ca-0bae-22e7-d25d-821e38007066,SNOMED-CT,314529007,Medication review due (situation)
1997-01-15,1997-02-05,347ceebf-0248-5a56-14f3-e1e8e8ffb73c,374e62ca-0bae-22e7-d25d-821e38007066,SNOMED-CT,73595000,Stress (finding)
2003-12-28,,ec6a8f56-8923-954c-0da6-efc18758232b,d5c1b198-ab3e-83cb-1bb5-95bd511a7e91,SNOMED-CT,40055000,Chronic sinusitis (disorder)
1997-02-19,1998-05-20,347ceebf-0248-5a56-14f3-e1e8e8ffb73c,c840839e-0853-ea77-0222-dcc80334c458,ICD10,C04.9,Malignant neoplasm of floor of mouth  unspecified
2012-01-17,,ec6a8f56-8923-954c-0da6-efc18758232b,03c0967f-40b3-9761-f39b-27f359f3171b,SNOMED-CT,82423001,Chronic pain
2012-04-07,,ec6a8f56-8923-954c-0da6-efc18758232b,aeadede9-b255-6dcf-0eb4-4c55cf600015,SNOMED-CT,196416002,Impacted molars
2015-07-24,,ec6a8f56-8923-954c-0da6-efc18758232b,fc57d59e-9852-caa5-d1c1-6da1b591cf67,SNOMED-CT,6525002,Dependent drug abuse (disorder)
2015-11-09,,ec6a8f56-8923-954c-0da6-efc18758232b,503522c9-0d2f-200d-68a5-26e18c9f1ec3,SNOMED-CT,224299000,Received higher education (finding)
2020-03-30,,ec6a8f56-8923-954c-0da6-efc18758232b,88fbde1a-6728-163e-1173-6c693324623a,SNOMED-CT,160903007,Full-time employment (finding)
2021-09-17,,ec6a8f56-8923-954c-0da6-efc18758232b,81121111-4e9b-3edd-2e78-4bd087cad75e,SNOMED-CT,275272006,Brain damage - traumatic
2022-11-21,,ec6a8f56-8923-954c-0da6-efc18758232b,19b1693b-640b-678b-8cd7-c58a1ca3d0db,SNOMED-CT,314529007,Medication review due (situation)
2022-11-21,2025-11-24,ec6a8f56-8923-954c-0da6-efc18758232b,19b1693b-640b-678b-8cd7-c58a1ca3d0db,SNOMED-CT,423315002,Limited social contact (finding)
2022-11-21,,ec6a8f56-8923-954c-0da6-efc18758232b,19b1693b-640b-678b-8cd7-c58a1ca3d0db,SNOMED-CT,73595000,Stress (finding)
2022-11-21,2025-11-24,ec6a8f56-8923-954c-0da6-efc18758232b,19b1693b-640b-678b-8cd7-c58a1ca3d0db,SNOMED-CT,424393004,Reports of violence in the environment (finding)
2023-10-21,2023-10-21,ec6a8f56-8923-954c-0da6-efc18758232b,1c9c34f5-dde0-88dc-eb0a-fe61bd313f5e,SNOMED-CT,55680006,Drug overdose
2012-11-12,2025-01-27,008b89ea-4ed1-fc48-1724-c52cc51e37d5,89d268d6-79cb-7aed-825c-70364338f544,SNOMED-CT,80967001,Dental caries
2023-01-02,2023-01-09,008b89ea-4ed1-fc48-1724-c52cc51e37d5,6733e69b-9abb-3cea-c3eb-826f5f66adf1,SNOMED-CT,66383009,Gingivitis (disorder)
2023-02-21,2023-05-20,008b89ea-4ed1-fc48-1724-c52cc51e37d5,17485cde-aaa4-0eb0-cec9-f6a09a716042,SNOMED-CT,125605004,Fracture of bone (disorder)
2023-02-21,2023-05-20,008b89ea-4ed1-fc48-1724-c52cc51e37d5,17485cde-aaa4-0eb0-cec9-f6a09a716042,SNOMED-CT,65966004,Fracture of forearm
2023-04-02,2023-04-19,008b89ea-4ed1-fc48-1724-c52cc51e37d5,e4f1d24b-c523-6875-da52-9772e97a2225,SNOMED-CT,444814009,Viral sinusitis (disorder)
2024-01-08,,008b89ea-4ed1-fc48-1724-c52cc51e37d5,b5170628-94b4-1150-b50a-dcd909b0549b,SNOMED-CT,314529007,Medication review due (situation)
2024-01-08,,008b89ea-4ed1-fc48-1724-c52cc51e37d5,b5170628-94b4-1150-b50a-dcd909b0549b,SNOMED-CT,224299000,Received higher education (finding)
2024-01-08,,008b89ea-4ed1-fc48-1724-c52cc51e37d5,b5170628-94b4-1150-b50a-dcd909b0549b,SNOMED-CT,160903007,Full-time employment (finding)
2024-01-08,2025-01-13,008b89ea-4ed1-fc48-1724-c52cc51e37d5,b5170628-94b4-1150-b50a-dcd909b0549b,SNOMED-CT,422650009,Social isolation (finding)
2024-01-08,2025-01-13,008b89ea-4ed1-fc48-1724-c52cc51e37d5,b5170628-94b4-1150-b50a-dcd909b0549b,SNOMED-CT,73595000,Stress (finding)
2025-01-13,2025-01-27,008b89ea-4ed1-fc48-1724-c52cc51e37d5,efd6c92b-9040-b782-3024-ca459c21ac6b,SNOMED-CT,66383009,Gingivitis (disorder)
1991-06-06,,5c277d8b-8d35-348c-6f7d-2a5e4b865f38,706d2b62-221b-a63e-db5f-169a4ef7c458,SNOMED-CT,5251000175109,Received certificate of high school equivalency (finding)
1991-06-06,,5c277d8b-8d35-348c-6f7d-2a5e4b865f38,706d2b62-221b-a63e-db5f-169a4ef7c458,SNOMED-CT,266934004,Transport problem (finding)
1992-06-11,,5c277d8b-8d35-348c-6f7d-2a5e4b865f38,61453f83-2fd3-d669-7f3b-4c11d543ad7c,SNOMED-CT,713458007,Lack of access to transportation (finding)
2001-06-21,,5c277d8b-8d35-348c-6f7d-2a5e4b865f38,a8a0a88e-6ac9-71af-9dc7-7fffed0ff6f2,SNOMED-CT,15777000,Prediabetes
2001-06-21,,5c277d8b-8d35-348c-6f7d-2a5e4b865f38,a8a0a88e-6ac9-71af-9dc7-7fffed0ff6f2,SNOMED-CT,271737000,Anemia (disorder)
2001-06-21,,5c277d8b-8d35-348c-6f7d-2a5e4b865f38,a8a0a88e-6ac9-71af-9dc7-7fffed0ff6f2,SNOMED-CT,162864005,Body mass index 30+ - obesity (finding)
2010-07-01,,5c277d8b-8d35-348c-6f7d-2a5e4b865f38,545225e4-ea70-2330-49a8-a51f651627b9,SNOMED-CT,185086009,Chronic obstructive bronchitis (disorder)
2011-07-14,,5c277d8b-8d35-348c-6f7d-2a5e4b865f38,642e9654-6a5b-8c0d-69b3-54a60920bba3,SNOMED-CT,66383009,Gingivitis (disorder)
2012-07-12,2013-07-18,5c277d8b-8d35-348c-6f7d-2a5e4b865f38,d5fa21db-7a84-cde7-b4e4-83bdd1672040,SNOMED-CT,160904001,Part-time employment (finding)
1997-04-16,1997-06-04,347ceebf-0248-5a56-14f3-e1e8e8ffb73c,028e0777-69a1-003c-8397-70b83b96c7df,SNOMED-CT,314529007,Medication review due (situation)
1997-04-16,1997-05-07,347ceebf-0248-5a56-14f3-e1e8e8ffb73c,028e0777-69a1-003c-8397-70b83b96c7df,SNOMED-CT,160904001,Part-time employment (finding)
1997-04-16,1998-02-11,347ceebf-0248-5a56-14f3-e1e8e8ffb73c,028e0777-69a1-003c-8397-70b83b96c7df,SNOMED-CT,73595000,Stress (finding)
2013-07-18,2013-07-18,5c277d8b-8d35-348c-6f7d-2a5e4b865f38,3be54704-b015-422c-4ee6-b755e2a940a3,SNOMED-CT,314529007,Medication review due (situation)
2013-07-18,2015-07-30,5c277d8b-8d35-348c-6f7d-2a5e4b865f38,3be54704-b015-422c-4ee6-b755e2a940a3,SNOMED-CT,160903007,Full-time employment (finding)
2013-07-18,,5c277d8b-8d35-348c-6f7d-2a5e4b865f38,3be54704-b015-422c-4ee6-b755e2a940a3,SNOMED-CT,73595000,Stress (finding)
1987-03-12,,7e65bfa0-5e3b-3515-52aa-bfdef74ffd71,cdf69cf6-dfde-819e-bd96-274cbc082dfc,SNOMED-CT,128613002,Seizure disorder
1987-03-12,,7e65bfa0-5e3b-3515-52aa-bfdef74ffd71,cdf69cf6-dfde-819e-bd96-274cbc082dfc,SNOMED-CT,703151001,History of single seizure (situation)
1995-03-21,,7e65bfa0-5e3b-3515-52aa-bfdef74ffd71,72f57131-6fd0-b214-23cc-e68eee608e40,SNOMED-CT,66383009,Gingivitis (disorder)
2004-05-12,,7e65bfa0-5e3b-3515-52aa-bfdef74ffd71,8592cff3-90ac-23a0-f722-d21cf5c254a1,SNOMED-CT,224299000,Received higher education (finding)
1998-10-03,2024-03-16,df5aea6d-306c-36a4-4183-c9869c1bfb66,05e9c20b-005a-d92c-445e-661618f44796,SNOMED-CT,80967001,Dental caries
2005-03-29,2023-06-21,7e65bfa0-5e3b-3515-52aa-bfdef74ffd71,a761455a-6965-5741-350f-283bbedcad22,ICD10,C76.0,Malignant neoplasm of head  face and neck
2004-07-17,,df5aea6d-306c-36a4-4183-c9869c1bfb66,1b6e675b-165f-2d06-9164-860226811131,SNOMED-CT,224295006,Only received primary school education (finding)
2008-05-20,,7e65bfa0-5e3b-3515-52aa-bfdef74ffd71,82b315cb-47b1-cbbf-511f-09203f8aca71,SNOMED-CT,408512008,Body mass index 40+ - severely obese (finding)
2008-08-09,2024-03-16,df5aea6d-306c-36a4-4183-c9869c1bfb66,43ee0365-d6cb-d41a-8713-53995740faa1,SNOMED-CT,234949000,Tooth eruption disorder
2011-07-30,,df5aea6d-306c-36a4-4183-c9869c1bfb66,bbf3cbb7-edd4-de3e-83c1-fe60c813211d,SNOMED-CT,15777000,Prediabetes
1997-05-07,1997-07-09,347ceebf-0248-5a56-14f3-e1e8e8ffb73c,33e8a1ce-080e-6103-fb9f-d42dd2048070,SNOMED-CT,160903007,Full-time employment (finding)
2014-04-09,2014-05-04,5c277d8b-8d35-348c-6f7d-2a5e4b865f38,2739eef6-d697-2215-18c0-d0908eac1045,SNOMED-CT,444814009,Viral sinusitis (disorder)
2014-08-02,,df5aea6d-306c-36a4-4183-c9869c1bfb66,d0bc19c6-0feb-3b43-4905-6b2522ed2df9,SNOMED-CT,271737000,Anemia (disorder)
2014-07-16,2023-06-07,7e65bfa0-5e3b-3515-52aa-bfdef74ffd71,551305d1-a37c-7399-2b04-9e708e09dbd8,SNOMED-CT,160903007,Full-time employment (finding)
2014-07-16,2023-06-07,7e65bfa0-5e3b-3515-52aa-bfdef74ffd71,551305d1-a37c-7399-2b04-9e708e09dbd8,SNOMED-CT,73595000,Stress (finding)
2020-05-22,,7e65bfa0-5e3b-3515-52aa-bfdef74ffd71,de818ab0-9614-65d0-6ebf-9965e5220108,SNOMED-CT,161744009,Past pregnancy history of miscarriage (situation)
2022-02-21,,7e65bfa0-5e3b-3515-52aa-bfdef74ffd71,764e9a53-6e9f-7564-4da3-d78f7273237d,SNOMED-CT,267020005,History of tubal ligation (situation)
2023-06-06,,7e65bfa0-5e3b-3515-52aa-bfdef74ffd71,6b549608-936c-e3ce-f38b-7ecb4fea719c,SNOMED-CT,314529007,Medication review due (situation)
2023-06-07,,7e65bfa0-5e3b-3515-52aa-bfdef74ffd71,6b549608-936c-e3ce-f38b-7ecb4fea719c,SNOMED-CT,160904001,Part-time employment (finding)
2023-06-07,,7e65bfa0-5e3b-3515-52aa-bfdef74ffd71,6b549608-936c-e3ce-f38b-7ecb4fea719c,SNOMED-CT,10939881000119105,Unhealthy alcohol drinking behavior (finding)
2015-09-19,2024-03-16,df5aea6d-306c-36a4-4183-c9869c1bfb66,26c3b90c-8baa-88a4-8198-6fb5493e568c,SNOMED-CT,4356008,Gingival recession
2015-09-19,2024-03-16,df5aea6d-306c-36a4-4183-c9869c1bfb66,26c3b90c-8baa-88a4-8198-6fb5493e568c,SNOMED-CT,2556008,Periodontal disease
2017-08-05,,df5aea6d-306c-36a4-4183-c9869c1bfb66,89444e3c-56a5-0a4a-6657-6fce8a03d2b7,SNOMED-CT,162864005,Body mass index 30+ - obesity (finding)
2020-08-08,2023-08-12,df5aea6d-306c-36a4-4183-c9869c1bfb66,c37f534b-34c3-9835-ce7e-319b8097affa,SNOMED-CT,160903007,Full-time employment (finding)
2014-07-24,,5c277d8b-8d35-348c-6f7d-2a5e4b865f38,edad1330-2ce7-21b8-9230-a994ac95e7ba,SNOMED-CT,314529007,Medication review due (situation)
2023-08-12,2024-03-02,df5aea6d-306c-36a4-4183-c9869c1bfb66,a46b6504-9735-34b7-3e33-f539a4bca731,SNOMED-CT,314529007,Medication review due (situation)
2023-08-12,,df5aea6d-306c-36a4-4183-c9869c1bfb66,a46b6504-9735-34b7-3e33-f539a4bca731,SNOMED-CT,160904001,Part-time employment (finding)
2023-08-12,,df5aea6d-306c-36a4-4183-c9869c1bfb66,a46b6504-9735-34b7-3e33-f539a4bca731,SNOMED-CT,73595000,Stress (finding)
2023-08-12,2024-03-02,df5aea6d-306c-36a4-4183-c9869c1bfb66,a46b6504-9735-34b7-3e33-f539a4bca731,SNOMED-CT,706893006,Victim of intimate partner abuse (finding)
2023-06-20,2023-06-21,7e65bfa0-5e3b-3515-52aa-bfdef74ffd71,fed1b6a6-d611-2fb0-be77-de2c051d9472,ICD10,K02.9,Dental caries  unspecified
2018-06-25,2023-07-24,f391ceec-7ec0-370f-b6f4-cc5c78332add,b0164a83-d375-27fd-489f-b5faef551909,SNOMED-CT,314529007,Medication review due (situation)
2023-07-24,2025-08-04,f391ceec-7ec0-370f-b6f4-cc5c78332add,1fa55bf0-0cb0-76f7-9753-54301b27ce90,SNOMED-CT,160968000,Risk activity involvement (finding)
1964-07-25,,2e23caa4-d831-1f47-c522-0518bab7bd3d,98634257-8313-2cff-21cb-2146d599a0cb,SNOMED-CT,5251000175109,Received certificate of high school equivalency (finding)
1965-04-06,,2e23caa4-d831-1f47-c522-0518bab7bd3d,c5d899de-5222-ad8f-3513-62cd9d6e0d21,SNOMED-CT,40055000,Chronic sinusitis (disorder)
1969-05-26,,2e23caa4-d831-1f47-c522-0518bab7bd3d,0dc47dc5-e53a-3f7c-2c40-d4b07da00883,SNOMED-CT,60234000,Aortic valve regurgitation (disorder)
1971-08-07,,2e23caa4-d831-1f47-c522-0518bab7bd3d,9b1fa5f8-2628-f0e2-416a-993bc03b0096,SNOMED-CT,446654005,Refugee (person)
1983-08-20,,2e23caa4-d831-1f47-c522-0518bab7bd3d,70e48845-2756-60c6-a9c4-d24ad9a639b6,SNOMED-CT,162864005,Body mass index 30+ - obesity (finding)
1984-05-22,,2e23caa4-d831-1f47-c522-0518bab7bd3d,962ec489-6b2d-c70e-6a7b-aba5df92d1af,SNOMED-CT,39898005,Sleep disorder (disorder)
1984-06-23,,2e23caa4-d831-1f47-c522-0518bab7bd3d,16eefb40-dd75-8339-a55a-f8e30f7ae4b0,SNOMED-CT,78275009,Obstructive sleep apnea syndrome (disorder)
2023-12-05,2024-01-14,df5aea6d-306c-36a4-4183-c9869c1bfb66,d0bd8229-d40b-4a49-9127-3368f158eb64,SNOMED-CT,384709000,Sprain (morphologic abnormality)
2023-12-05,2024-01-14,df5aea6d-306c-36a4-4183-c9869c1bfb66,d0bd8229-d40b-4a49-9127-3368f158eb64,SNOMED-CT,44465007,Sprain of ankle
2014-09-30,2014-10-13,5c277d8b-8d35-348c-6f7d-2a5e4b865f38,29efd30c-0872-5282-61fd-4aa8b2d98250,SNOMED-CT,195662009,Acute viral pharyngitis (disorder)
1986-06-07,,2e23caa4-d831-1f47-c522-0518bab7bd3d,814ce1fd-fb18-76ac-3683-52d90acf49b5,SNOMED-CT,59621000,Essential hypertension (disorder)
2015-12-12,2023-01-07,0be6dff2-7cc7-d519-e658-40467b7eeebc,bea65a6b-0a67-3d50-a743-cb883bf21221,SNOMED-CT,314529007,Medication review due (situation)
2024-03-02,,df5aea6d-306c-36a4-4183-c9869c1bfb66,1cf03e3a-8adf-0a7b-d52d-66807453c7ba,SNOMED-CT,424393004,Reports of violence in the environment (finding)
2024-03-02,2024-03-16,df5aea6d-306c-36a4-4183-c9869c1bfb66,1cf03e3a-8adf-0a7b-d52d-66807453c7ba,SNOMED-CT,66383009,Gingivitis (disorder)
1987-06-13,,2e23caa4-d831-1f47-c522-0518bab7bd3d,e281859b-62e7-0838-2680-874fc7d89b6e,SNOMED-CT,66383009,Gingivitis (disorder)
2007-02-12,,e7264aad-8a07-d44d-940c-2b014fc31762,cae75daf-31a4-5c00-9f1a-33a571bb6fe2,SNOMED-CT,124171000119105,Chronic intractable migraine without aura
2007-05-18,,e7264aad-8a07-d44d-940c-2b014fc31762,5f5f4426-f466-4f2f-8a14-2a34e62f02da,SNOMED-CT,196416002,Impacted molars
2007-09-04,,e7264aad-8a07-d44d-940c-2b014fc31762,de47e67d-517e-8fb5-1650-9eabb16c446f,SNOMED-CT,82423001,Chronic pain
2016-05-01,,0be6dff2-7cc7-d519-e658-40467b7eeebc,a62e16e2-79d3-83fc-b2a9-948601a57fac,SNOMED-CT,161744009,Past pregnancy history of miscarriage (situation)
2010-09-06,,e7264aad-8a07-d44d-940c-2b014fc31762,e235329b-f1da-6ef3-61ca-071881e54694,SNOMED-CT,224295006,Only received primary school education (finding)
2018-12-29,,0be6dff2-7cc7-d519-e658-40467b7eeebc,758513f7-dfe3-ab80-954c-39526b57b3e1,SNOMED-CT,224299000,Received higher education (finding)
2018-12-29,,0be6dff2-7cc7-d519-e658-40467b7eeebc,758513f7-dfe3-ab80-954c-39526b57b3e1,SNOMED-CT,73438004,Unemployed (finding)
2018-12-29,2023-01-07,0be6dff2-7cc7-d519-e658-40467b7eeebc,758513f7-dfe3-ab80-954c-39526b57b3e1,SNOMED-CT,73595000,Stress (finding)
2019-01-05,2023-01-21,0be6dff2-7cc7-d519-e658-40467b7eeebc,7696e0b0-6dab-c9e8-299b-16640b847515,SNOMED-CT,80967001,Dental caries
2011-09-12,,e7264aad-8a07-d44d-940c-2b014fc31762,6bfeb472-1cf3-ac04-91b1-e796d246f5cb,SNOMED-CT,160903007,Full-time employment (finding)
2024-03-02,2024-03-21,df5aea6d-306c-36a4-4183-c9869c1bfb66,67627994-cb2b-dd59-d3a9-af18d49c12cd,SNOMED-CT,444814009,Viral sinusitis (disorder)
2016-09-09,,e7264aad-8a07-d44d-940c-2b014fc31762,8e6cec7c-4c25-03ea-471c-99d3ef5c4b6d,SNOMED-CT,6525002,Dependent drug abuse (disorder)
2015-07-30,,5c277d8b-8d35-348c-6f7d-2a5e4b865f38,d7f5cddf-1fc0-332d-1285-7a1f84937ce0,SNOMED-CT,160904001,Part-time employment (finding)
2015-07-30,,5c277d8b-8d35-348c-6f7d-2a5e4b865f38,d7f5cddf-1fc0-332d-1285-7a1f84937ce0,SNOMED-CT,706893006,Victim of intimate partner abuse (finding)
2023-01-07,,0be6dff2-7cc7-d519-e658-40467b7eeebc,f2a57f77-60e3-56d9-ad53-4ec029bb59fb,SNOMED-CT,423315002,Limited social contact (finding)
2023-01-07,2023-01-21,0be6dff2-7cc7-d519-e658-40467b7eeebc,f2a57f77-60e3-56d9-ad53-4ec029bb59fb,SNOMED-CT,66383009,Gingivitis (disorder)
1996-08-17,2025-04-19,2e23caa4-d831-1f47-c522-0518bab7bd3d,565ed97a-4cdd-b315-aed0-e3212c933f85,ICD10,K03.81,Cracked tooth
2024-07-29,2024-07-29,f391ceec-7ec0-370f-b6f4-cc5c78332add,4d65ae83-4dbb-bfd7-dbb3-b75878c11465,SNOMED-CT,314529007,Medication review due (situation)
1996-09-06,,2e23caa4-d831-1f47-c522-0518bab7bd3d,d2ef0378-3d14-bfc0-e2eb-90ce31f137b1,SNOMED-CT,401314000,Acute non-ST segment elevation myocardial infarction (disorder)
2020-09-21,2023-09-25,e7264aad-8a07-d44d-940c-2b014fc31762,6b3699da-4f2c-c2b3-fc2c-04e6d6f1f3ad,SNOMED-CT,314529007,Medication review due (situation)
2020-09-21,,e7264aad-8a07-d44d-940c-2b014fc31762,6b3699da-4f2c-c2b3-fc2c-04e6d6f1f3ad,SNOMED-CT,15777000,Prediabetes
2020-09-21,,e7264aad-8a07-d44d-940c-2b014fc31762,6b3699da-4f2c-c2b3-fc2c-04e6d6f1f3ad,SNOMED-CT,271737000,Anemia (disorder)
2021-10-25,,e7264aad-8a07-d44d-940c-2b014fc31762,0cc7b0fa-968d-32e7-820a-23a0d971ea0d,SNOMED-CT,423315002,Limited social contact (finding)
2021-12-06,,e7264aad-8a07-d44d-940c-2b014fc31762,34fd43a5-86b3-8e33-6e2a-998b0cf4b08d,SNOMED-CT,422650009,Social isolation (finding)
1996-09-07,,2e23caa4-d831-1f47-c522-0518bab7bd3d,08b26670-a58f-956f-c913-45c696d8eb63,SNOMED-CT,399211009,History of myocardial infarction (situation)
2025-10-08,2025-10-18,df5aea6d-306c-36a4-4183-c9869c1bfb66,a70f7c00-5025-bcfd-d883-e237ee7e0e36,SNOMED-CT,43878008,Streptococcal sore throat (disorder)
2025-01-05,2025-02-10,f391ceec-7ec0-370f-b6f4-cc5c78332add,2cdf0adb-c2ea-8053-103f-65b87c2d1bbd,SNOMED-CT,48333001,Burn injury (morphologic abnormality)
2025-01-05,2025-02-10,f391ceec-7ec0-370f-b6f4-cc5c78332add,2cdf0adb-c2ea-8053-103f-65b87c2d1bbd,SNOMED-CT,403191005,Second degree burn
2023-09-25,,e7264aad-8a07-d44d-940c-2b014fc31762,9a8d193a-dc9e-061b-b576-8a40ee435184,SNOMED-CT,73595000,Stress (finding)
2023-09-25,2023-10-09,e7264aad-8a07-d44d-940c-2b014fc31762,9a8d193a-dc9e-061b-b576-8a40ee435184,SNOMED-CT,66383009,Gingivitis (disorder)
1997-06-11,1997-11-12,347ceebf-0248-5a56-14f3-e1e8e8ffb73c,ab902d10-6d1a-4de8-603c-168aa584508d,SNOMED-CT,314529007,Medication review due (situation)
2001-09-01,,2e23caa4-d831-1f47-c522-0518bab7bd3d,535bdcb1-8c9e-9162-d602-4098333ba6ca,SNOMED-CT,431855005,Chronic kidney disease stage 1 (disorder)
2001-09-01,,2e23caa4-d831-1f47-c522-0518bab7bd3d,535bdcb1-8c9e-9162-d602-4098333ba6ca,SNOMED-CT,127013003,Disorder of kidney due to diabetes mellitus (disorder)
2002-09-07,,2e23caa4-d831-1f47-c522-0518bab7bd3d,69b52d5f-b5f0-af6a-bf92-aecd4dab5059,SNOMED-CT,431856006,Chronic kidney disease stage 2 (disorder)
2002-09-07,,2e23caa4-d831-1f47-c522-0518bab7bd3d,69b52d5f-b5f0-af6a-bf92-aecd4dab5059,SNOMED-CT,90781000119102,Microalbuminuria due to type 2 diabetes mellitus (disorder)
2002-11-09,,2e23caa4-d831-1f47-c522-0518bab7bd3d,77f6216b-d08a-bbe3-730d-54642e973845,SNOMED-CT,433144002,Chronic kidney disease stage 3 (disorder)
2002-11-09,,2e23caa4-d831-1f47-c522-0518bab7bd3d,77f6216b-d08a-bbe3-730d-54642e973845,SNOMED-CT,157141000119108,Proteinuria due to type 2 diabetes mellitus (disorder)
2002-12-21,2025-04-19,2e23caa4-d831-1f47-c522-0518bab7bd3d,b42ef524-650f-eff3-7d2e-636dc3fe74f8,ICD10,K00.6,Disturbances in tooth eruption
2024-05-24,2024-11-01,6edc389e-1660-7ac7-cb60-b9cfb1a63a5d,03f67005-1df4-2d07-bf97-fac3f14018cf,SNOMED-CT,314529007,Medication review due (situation)
2025-02-01,2025-09-20,0be6dff2-7cc7-d519-e658-40467b7eeebc,2a30e7b8-80de-862b-350b-e0ae97915fdd,SNOMED-CT,72892002,Normal pregnancy
2025-02-01,2025-09-20,0be6dff2-7cc7-d519-e658-40467b7eeebc,2a30e7b8-80de-862b-350b-e0ae97915fdd,SNOMED-CT,271737000,Anemia (disorder)
2023-10-09,2023-10-09,e7264aad-8a07-d44d-940c-2b014fc31762,b5e9bd5b-d627-50e5-7a6f-e118ad9d854b,SNOMED-CT,31642005,Acute gingivitis
2023-10-09,2023-10-09,e7264aad-8a07-d44d-940c-2b014fc31762,b5e9bd5b-d627-50e5-7a6f-e118ad9d854b,SNOMED-CT,80967001,Dental caries
2004-01-31,,2e23caa4-d831-1f47-c522-0518bab7bd3d,e4f869e7-9976-5692-bf3f-e43bdd40b77f,SNOMED-CT,266948004,Has a criminal record (finding)
2006-03-04,2025-04-19,2e23caa4-d831-1f47-c522-0518bab7bd3d,f93ce55d-1d3a-ca7f-f8c1-3645cbfdd9d3,ICD10,K09.0,Developmental odontogenic cysts
2006-09-02,2023-07-29,2e23caa4-d831-1f47-c522-0518bab7bd3d,4511ba16-8424-e457-bed7-3f6ae1c74e2d,ICD10,M27.2,Inflammatory conditions of jaws
2008-02-18,,2e23caa4-d831-1f47-c522-0518bab7bd3d,f42dd597-986a-bd4a-bed8-3449396f62cb,SNOMED-CT,1231000119100,History of aortic valve replacement (situation)
1973-02-18,2025-05-11,ecef6aac-d3b9-ef3f-8bb0-9a7c6364813e,6abc7437-13b8-05f4-399c-bb1edfce76dd,SNOMED-CT,234949000,Tooth eruption disorder
2011-10-01,2025-04-19,2e23caa4-d831-1f47-c522-0518bab7bd3d,c24b2af9-551d-82a5-8874-299a95c871b4,ICD10,C10.9,Malignant neoplasm of oropharynx  unspecified
2013-01-26,2024-09-21,2e23caa4-d831-1f47-c522-0518bab7bd3d,2911ef24-ffaa-5aff-fb1d-c73b266ef541,ICD10,K08.3,Retained dental root
2013-12-28,2025-04-19,2e23caa4-d831-1f47-c522-0518bab7bd3d,cc2e4d66-72cc-6399-6d50-88b19bc19eb3,ICD10,K02.9,Dental caries  unspecified
2015-05-09,2025-04-19,2e23caa4-d831-1f47-c522-0518bab7bd3d,bb3a7841-43d8-b114-69f1-d8d406b06b01,ICD10,R69,Illness  unspecified
2018-05-26,2025-04-19,2e23caa4-d831-1f47-c522-0518bab7bd3d,61e9376b-2f44-cac7-002c-796fd393658c,ICD10,C06.2,Malignant neoplasm of retromolar area
2020-07-18,2025-04-19,2e23caa4-d831-1f47-c522-0518bab7bd3d,06d38b35-864e-6fd8-cffe-7f6575cc1b40,ICD10,K05.10,Chronic gingivitis  plaque induced
2021-10-02,2025-04-19,2e23caa4-d831-1f47-c522-0518bab7bd3d,b0fac46e-d778-a12c-0343-2f3f72de75e5,ICD10,Z51.0,Encounter for antineoplastic radiation therapy
1983-04-10,,ecef6aac-d3b9-ef3f-8bb0-9a7c6364813e,23a318e2-8a6e-ad35-ea2f-d0a6ca0908ef,SNOMED-CT,160968000,Risk activity involvement (finding)
1984-04-15,,ecef6aac-d3b9-ef3f-8bb0-9a7c6364813e,9be2b88d-de68-1e23-cd27-04ff6d58b556,SNOMED-CT,224299000,Received higher education (finding)
1991-04-28,,ecef6aac-d3b9-ef3f-8bb0-9a7c6364813e,4ceda9b2-3a80-211e-584e-ebe608935ded,SNOMED-CT,15777000,Prediabetes
1997-05-04,,ecef6aac-d3b9-ef3f-8bb0-9a7c6364813e,aad90731-ab22-30b2-038f-a5288e7d37f9,SNOMED-CT,271737000,Anemia (disorder)
2014-02-04,,ecef6aac-d3b9-ef3f-8bb0-9a7c6364813e,33f3c4f5-aa7b-7bda-c15d-ca7365d9d54a,SNOMED-CT,82423001,Chronic pain (finding)
2014-02-04,,ecef6aac-d3b9-ef3f-8bb0-9a7c6364813e,33f3c4f5-aa7b-7bda-c15d-ca7365d9d54a,SNOMED-CT,278860009,Chronic low back pain (finding)
2014-02-04,,ecef6aac-d3b9-ef3f-8bb0-9a7c6364813e,33f3c4f5-aa7b-7bda-c15d-ca7365d9d54a,SNOMED-CT,1121000119107,Chronic neck pain (finding)
2018-03-18,,ecef6aac-d3b9-ef3f-8bb0-9a7c6364813e,86f869ef-f0a9-cbed-6371-3cbf14481770,SNOMED-CT,59621000,Essential hypertension (disorder)
1997-07-09,1997-08-13,347ceebf-0248-5a56-14f3-e1e8e8ffb73c,ec9ac36b-104e-83cd-4834-2ec702c892e1,SNOMED-CT,741062008,Not in labor force (finding)
2024-04-12,2024-04-13,e7264aad-8a07-d44d-940c-2b014fc31762,0586e530-e47a-7b8a-f8a0-e6736b3623f5,SNOMED-CT,55680006,Drug overdose
2025-06-30,2025-07-13,f391ceec-7ec0-370f-b6f4-cc5c78332add,a618661a-217b-f583-14ff-cde81c1f8294,SNOMED-CT,10509002,Acute bronchitis (disorder)
2023-07-25,2023-07-25,0181add8-7552-9d46-3b97-e5be012f489b,dfb3ba0e-ab38-8a3b-494a-eff242e859a2,SNOMED-CT,314529007,Medication review due (situation)
2023-07-25,2023-08-08,0181add8-7552-9d46-3b97-e5be012f489b,dfb3ba0e-ab38-8a3b-494a-eff242e859a2,SNOMED-CT,66383009,Gingivitis (disorder)
2021-09-28,2024-10-15,8867dec1-2600-88bb-8b7a-a541f167c8bd,77579000-f880-bb93-7186-58e584b91da0,SNOMED-CT,314529007,Medication review due (situation)
2023-08-16,2023-10-17,8867dec1-2600-88bb-8b7a-a541f167c8bd,d7043568-e6c1-1cae-4f61-02542181b05a,SNOMED-CT,110030002,Concussion injury of brain (disorder)
2023-08-16,2023-10-17,8867dec1-2600-88bb-8b7a-a541f167c8bd,d7043568-e6c1-1cae-4f61-02542181b05a,SNOMED-CT,62106007,Concussion with no loss of consciousness
2022-06-25,2023-11-18,2e23caa4-d831-1f47-c522-0518bab7bd3d,cc559f1b-74d8-aa74-2fd1-5d6e77940d68,SNOMED-CT,73595000,Stress (finding)
2025-01-31,2025-05-02,6edc389e-1660-7ac7-cb60-b9cfb1a63a5d,e490eede-5b97-fd9a-b317-f847e088dbe7,SNOMED-CT,314529007,Medication review due (situation)
2022-11-19,2023-07-15,2e23caa4-d831-1f47-c522-0518bab7bd3d,776e8575-78ef-4e79-7fdf-a5841e12a3ed,SNOMED-CT,314529007,Medication review due (situation)
2022-11-19,2024-01-13,2e23caa4-d831-1f47-c522-0518bab7bd3d,776e8575-78ef-4e79-7fdf-a5841e12a3ed,SNOMED-CT,160903007,Full-time employment (finding)
2025-07-07,2025-08-04,f391ceec-7ec0-370f-b6f4-cc5c78332add,2a24a183-04c1-7c85-fde4-86f79498451a,SNOMED-CT,314529007,Medication review due (situation)
2021-04-18,2025-05-11,ecef6aac-d3b9-ef3f-8bb0-9a7c6364813e,afc7e54e-5edf-819d-0ab3-1d3768042b8d,SNOMED-CT,80967001,Dental caries
2022-04-10,2023-04-16,ecef6aac-d3b9-ef3f-8bb0-9a7c6364813e,779f78ba-d651-eb91-1be8-26ddf1323845,SNOMED-CT,741062008,Not in labor force (finding)
2022-04-10,2024-04-21,ecef6aac-d3b9-ef3f-8bb0-9a7c6364813e,779f78ba-d651-eb91-1be8-26ddf1323845,SNOMED-CT,73595000,Stress (finding)
2023-04-16,,ecef6aac-d3b9-ef3f-8bb0-9a7c6364813e,ad850a65-ed16-a5b4-4ecc-64adf03f5302,SNOMED-CT,314529007,Medication review due (situation)
2023-04-16,2025-04-27,ecef6aac-d3b9-ef3f-8bb0-9a7c6364813e,ad850a65-ed16-a5b4-4ecc-64adf03f5302,SNOMED-CT,160903007,Full-time employment (finding)
2023-04-16,2025-04-27,ecef6aac-d3b9-ef3f-8bb0-9a7c6364813e,ad850a65-ed16-a5b4-4ecc-64adf03f5302,SNOMED-CT,422650009,Social isolation (finding)
2025-05-23,2025-06-13,6edc389e-1660-7ac7-cb60-b9cfb1a63a5d,ca3f4536-340e-6c65-a323-59c80a62838d,SNOMED-CT,312608009,Laceration - injury (disorder)
2025-05-23,2025-06-13,6edc389e-1660-7ac7-cb60-b9cfb1a63a5d,ca3f4536-340e-6c65-a323-59c80a62838d,SNOMED-CT,370247008,Facial laceration
2024-07-30,2024-07-30,0181add8-7552-9d46-3b97-e5be012f489b,1ce7e4c9-f844-4622-d15e-d848c36d34fc,SNOMED-CT,314529007,Medication review due (situation)
2024-07-30,2024-08-13,0181add8-7552-9d46-3b97-e5be012f489b,1ce7e4c9-f844-4622-d15e-d848c36d34fc,SNOMED-CT,66383009,Gingivitis (disorder)
2004-02-05,,78dffa97-f7ab-361c-e8b2-9193afdbf2ab,e60e9f33-9fbd-f410-955f-eefe9a754dae,SNOMED-CT,5251000175109,Received certificate of high school equivalency (finding)
2005-02-10,,78dffa97-f7ab-361c-e8b2-9193afdbf2ab,871b7f1b-00f1-0b85-6393-6f460fd7ea8f,SNOMED-CT,15777000,Prediabetes
2005-02-10,,78dffa97-f7ab-361c-e8b2-9193afdbf2ab,871b7f1b-00f1-0b85-6393-6f460fd7ea8f,SNOMED-CT,271737000,Anemia (disorder)
2005-03-10,,78dffa97-f7ab-361c-e8b2-9193afdbf2ab,eeb86a99-2656-0fed-2fe4-66c63dc604a2,SNOMED-CT,196416002,Impacted molars
2025-08-01,,6edc389e-1660-7ac7-cb60-b9cfb1a63a5d,d94aaa1a-eeca-2846-173f-8cfadef210b8,SNOMED-CT,314529007,Medication review due (situation)
2025-10-21,2025-10-28,6edc389e-1660-7ac7-cb60-b9cfb1a63a5d,9f95625b-18af-a20f-884a-ba96ab141aa7,SNOMED-CT,444814009,Viral sinusitis (disorder)
2025-04-16,2025-04-30,0181add8-7552-9d46-3b97-e5be012f489b,7a9a7f1f-7b6c-4ab7-f947-5c60d5912371,SNOMED-CT,444814009,Viral sinusitis (disorder)
2016-07-17,,78dffa97-f7ab-361c-e8b2-9193afdbf2ab,a703e8b5-cf30-a321-4f8c-31576f19985b,SNOMED-CT,161744009,Past pregnancy history of miscarriage (situation)
2017-02-23,,78dffa97-f7ab-361c-e8b2-9193afdbf2ab,2912672d-d547-413c-a778-50b4f0e2e145,SNOMED-CT,59621000,Essential hypertension (disorder)
2020-03-12,2025-04-10,78dffa97-f7ab-361c-e8b2-9193afdbf2ab,60eebb20-7d21-2a92-7fa6-cd97752d0924,SNOMED-CT,73595000,Stress (finding)
2025-10-21,2025-10-21,8867dec1-2600-88bb-8b7a-a541f167c8bd,c0465a86-2bdf-c15f-3dcf-ea91d694bafb,SNOMED-CT,314529007,Medication review due (situation)
2025-10-21,2025-11-04,8867dec1-2600-88bb-8b7a-a541f167c8bd,c0465a86-2bdf-c15f-3dcf-ea91d694bafb,SNOMED-CT,66383009,Gingivitis (disorder)
2021-03-18,,78dffa97-f7ab-361c-e8b2-9193afdbf2ab,5ea434dd-bb62-66bc-7764-fffc25e07268,SNOMED-CT,706893006,Victim of intimate partner abuse (finding)
2023-07-03,2023-07-03,c5a17333-816d-683f-2549-f0f6c934c3e0,b04e23ae-3596-bd8e-4e13-ee78153375ff,SNOMED-CT,314529007,Medication review due (situation)
2025-04-27,,ecef6aac-d3b9-ef3f-8bb0-9a7c6364813e,8582da0a-a97b-5863-18e0-08cef5c6f164,SNOMED-CT,160904001,Part-time employment (finding)
2025-04-27,,ecef6aac-d3b9-ef3f-8bb0-9a7c6364813e,8582da0a-a97b-5863-18e0-08cef5c6f164,SNOMED-CT,73595000,Stress (finding)
2025-04-27,,ecef6aac-d3b9-ef3f-8bb0-9a7c6364813e,8582da0a-a97b-5863-18e0-08cef5c6f164,SNOMED-CT,424393004,Reports of violence in the environment (finding)
2025-08-05,,0181add8-7552-9d46-3b97-e5be012f489b,31854cb8-4d59-4e00-a835-774e98ded928,SNOMED-CT,314529007,Medication review due (situation)
2022-03-24,2024-04-04,78dffa97-f7ab-361c-e8b2-9193afdbf2ab,481bb142-4663-5b70-e9e8-dcb679b1a3e5,SNOMED-CT,160904001,Part-time employment (finding)
2024-01-06,2024-01-24,c5a17333-816d-683f-2549-f0f6c934c3e0,648f3d26-0b5f-6bd5-0b4a-da81cd3453cb,SNOMED-CT,10509002,Acute bronchitis (disorder)
1997-08-13,1997-11-12,347ceebf-0248-5a56-14f3-e1e8e8ffb73c,8b8db403-2dfb-3ec8-f7d9-7c4ba71279b3,SNOMED-CT,160903007,Full-time employment (finding)
2025-09-11,2025-09-11,e7264aad-8a07-d44d-940c-2b014fc31762,16edaf89-23fe-7a24-b474-449471d54d3e,SNOMED-CT,55680006,Drug overdose
2025-11-04,2025-11-04,8867dec1-2600-88bb-8b7a-a541f167c8bd,678f7e53-6f53-d211-5534-1850bb092db3,SNOMED-CT,1172608001,Accretion on tooth
2025-11-04,2025-11-04,8867dec1-2600-88bb-8b7a-a541f167c8bd,678f7e53-6f53-d211-5534-1850bb092db3,SNOMED-CT,54711002,Gingival enlargement
2025-11-04,2025-11-04,8867dec1-2600-88bb-8b7a-a541f167c8bd,678f7e53-6f53-d211-5534-1850bb092db3,SNOMED-CT,5689008,Chronic periodontitis
2025-11-04,2025-11-04,8867dec1-2600-88bb-8b7a-a541f167c8bd,678f7e53-6f53-d211-5534-1850bb092db3,SNOMED-CT,80967001,Dental caries
1976-04-16,2019-05-10,53ab38ed-ddd8-1be9-19b6-ccf6fcf6e5d3,bce45910-9b44-dc39-0709-23814e5101cc,SNOMED-CT,80967001,Dental caries
2024-01-15,2024-01-15,c5a17333-816d-683f-2549-f0f6c934c3e0,fd8308da-dbeb-9b87-0600-e6aba177541a,SNOMED-CT,314529007,Medication review due (situation)
2024-01-15,2024-01-22,c5a17333-816d-683f-2549-f0f6c934c3e0,fd8308da-dbeb-9b87-0600-e6aba177541a,SNOMED-CT,66383009,Gingivitis (disorder)
2025-11-15,2025-12-03,0be6dff2-7cc7-d519-e658-40467b7eeebc,35618174-0e87-0941-33c8-9180869c137e,SNOMED-CT,183996000,Sterilization requested (situation)
2025-12-03,,0be6dff2-7cc7-d519-e658-40467b7eeebc,12ab3d5e-cbab-a8e9-1d90-6a5bfefc2975,SNOMED-CT,267020005,History of tubal ligation (situation)
2023-11-18,2023-11-18,2e23caa4-d831-1f47-c522-0518bab7bd3d,33c261c4-00c3-54c2-7076-69d125f19f63,SNOMED-CT,314529007,Medication review due (situation)
2024-07-08,2025-07-14,c5a17333-816d-683f-2549-f0f6c934c3e0,14f84b22-36c1-f35c-2b82-36634ccf3bd3,SNOMED-CT,314529007,Medication review due (situation)
1983-09-28,,53ab38ed-ddd8-1be9-19b6-ccf6fcf6e5d3,d58ef892-87ad-a6b4-deee-3521983e78ed,SNOMED-CT,428251008,History of appendectomy
1989-12-22,,53ab38ed-ddd8-1be9-19b6-ccf6fcf6e5d3,ee3400f6-602f-731d-5fe4-9499417b791d,SNOMED-CT,160968000,Risk activity involvement (finding)
1990-02-04,,53ab38ed-ddd8-1be9-19b6-ccf6fcf6e5d3,4d6482f4-6e60-69dd-7b1d-aca5692ffa24,SNOMED-CT,82423001,Chronic pain
1990-03-27,,53ab38ed-ddd8-1be9-19b6-ccf6fcf6e5d3,f784c72d-f90c-4389-6cdd-1454097ccb86,SNOMED-CT,196416002,Impacted molars
1990-06-30,,53ab38ed-ddd8-1be9-19b6-ccf6fcf6e5d3,ae6c1699-9280-4b9d-5b60-df1987f05dc5,SNOMED-CT,124171000119105,Chronic intractable migraine without aura
1990-12-28,,53ab38ed-ddd8-1be9-19b6-ccf6fcf6e5d3,3df74f1d-3372-90b9-765e-f8076d869a31,SNOMED-CT,5251000175109,Received certificate of high school equivalency (finding)
1990-12-28,,53ab38ed-ddd8-1be9-19b6-ccf6fcf6e5d3,3df74f1d-3372-90b9-765e-f8076d869a31,SNOMED-CT,266934004,Transport problem (finding)
1995-01-06,,53ab38ed-ddd8-1be9-19b6-ccf6fcf6e5d3,2d7e79ea-0982-e0d6-1ad0-5e01ec0bd185,SNOMED-CT,713458007,Lack of access to transportation (finding)
1999-03-06,,53ab38ed-ddd8-1be9-19b6-ccf6fcf6e5d3,98db8eec-c182-eccc-b9dc-4efaa8df3a75,SNOMED-CT,6525002,Dependent drug abuse (disorder)
2001-01-12,,53ab38ed-ddd8-1be9-19b6-ccf6fcf6e5d3,606a331c-003c-e9cc-7969-b7862358b5a4,SNOMED-CT,59621000,Essential hypertension (disorder)
2001-03-30,,53ab38ed-ddd8-1be9-19b6-ccf6fcf6e5d3,08295485-d7af-ac38-b663-7f21d8e3ccaa,SNOMED-CT,40055000,Chronic sinusitis (disorder)
2002-01-18,,53ab38ed-ddd8-1be9-19b6-ccf6fcf6e5d3,e1d782ed-cf8f-5894-58db-c1dfb5d91a7a,SNOMED-CT,266948004,Has a criminal record (finding)
2002-12-04,,53ab38ed-ddd8-1be9-19b6-ccf6fcf6e5d3,97eaf49e-966b-cea3-3d1e-ca2865009c98,SNOMED-CT,161744009,Past pregnancy history of miscarriage (situation)
2005-02-18,2019-05-10,53ab38ed-ddd8-1be9-19b6-ccf6fcf6e5d3,17d33d0d-444c-4492-0584-18983aed37fc,SNOMED-CT,234949000,Tooth eruption disorder
2010-03-05,,53ab38ed-ddd8-1be9-19b6-ccf6fcf6e5d3,fd2e51fe-6345-fd2c-7de4-48120c984941,SNOMED-CT,162864005,Body mass index 30+ - obesity (finding)
2014-02-02,,53ab38ed-ddd8-1be9-19b6-ccf6fcf6e5d3,c9a2faba-64a1-6b43-8c9c-fc833b2e284f,SNOMED-CT,278860009,Chronic low back pain (finding)
2016-04-08,2020-05-01,53ab38ed-ddd8-1be9-19b6-ccf6fcf6e5d3,18e5655e-922a-1671-91bb-2315a3208784,SNOMED-CT,73595000,Stress (finding)
2017-04-14,2019-04-26,53ab38ed-ddd8-1be9-19b6-ccf6fcf6e5d3,48463308-2792-d8c2-18a6-2c10bb4f7f71,SNOMED-CT,160903007,Full-time employment (finding)
2025-12-07,2025-12-22,8867dec1-2600-88bb-8b7a-a541f167c8bd,20b316c6-95ad-9d35-346f-475b8a8d2b10,SNOMED-CT,10509002,Acute bronchitis (disorder)
2025-12-16,,8867dec1-2600-88bb-8b7a-a541f167c8bd,71d1da43-c511-dd70-32cb-0ea72f0e3485,SNOMED-CT,314529007,Medication review due (situation)
1997-11-12,1997-12-03,347ceebf-0248-5a56-14f3-e1e8e8ffb73c,28a8825f-9fbf-a92e-7971-871835b42850,SNOMED-CT,741062008,Not in labor force (finding)
2018-04-20,2018-04-20,53ab38ed-ddd8-1be9-19b6-ccf6fcf6e5d3,d9a89001-fa56-a878-a4bb-c7fe16a6b703,SNOMED-CT,314529007,Medication review due (situation)
2018-04-20,2019-04-26,53ab38ed-ddd8-1be9-19b6-ccf6fcf6e5d3,d9a89001-fa56-a878-a4bb-c7fe16a6b703,SNOMED-CT,422650009,Social isolation (finding)
2018-04-20,2018-05-04,53ab38ed-ddd8-1be9-19b6-ccf6fcf6e5d3,d9a89001-fa56-a878-a4bb-c7fe16a6b703,SNOMED-CT,66383009,Gingivitis (disorder)
2024-01-13,2024-02-24,2e23caa4-d831-1f47-c522-0518bab7bd3d,76a5ceee-434b-d780-46f7-5ea4376263ba,SNOMED-CT,314529007,Medication review due (situation)
2024-01-13,2024-01-27,2e23caa4-d831-1f47-c522-0518bab7bd3d,76a5ceee-434b-d780-46f7-5ea4376263ba,SNOMED-CT,741062008,Not in labor force (finding)
2024-01-13,2024-01-27,2e23caa4-d831-1f47-c522-0518bab7bd3d,76a5ceee-434b-d780-46f7-5ea4376263ba,SNOMED-CT,706893006,Victim of intimate partner abuse (finding)
1961-02-09,,d67aaf0a-104d-0854-69b7-24e7894c7e9e,92d2ca66-59cc-b28c-a0c1-3496f5fb996b,SNOMED-CT,105531004,Housing unsatisfactory (finding)
1961-02-09,,d67aaf0a-104d-0854-69b7-24e7894c7e9e,92d2ca66-59cc-b28c-a0c1-3496f5fb996b,SNOMED-CT,224299000,Received higher education (finding)
1997-11-19,1997-11-19,347ceebf-0248-5a56-14f3-e1e8e8ffb73c,e7d524d7-aa6a-e406-1be9-445e196b5fc3,SNOMED-CT,314529007,Medication review due (situation)
1997-12-03,1997-12-03,347ceebf-0248-5a56-14f3-e1e8e8ffb73c,a54da405-749f-c66f-6b02-d4cc54dfddcc,SNOMED-CT,314529007,Medication review due (situation)
1997-12-03,1998-05-06,347ceebf-0248-5a56-14f3-e1e8e8ffb73c,a54da405-749f-c66f-6b02-d4cc54dfddcc,SNOMED-CT,160903007,Full-time employment (finding)
1982-12-17,,d67aaf0a-104d-0854-69b7-24e7894c7e9e,0de201fa-014d-bac6-d991-7b9cb8569268,SNOMED-CT,59621000,Essential hypertension (disorder)
1983-12-29,,d67aaf0a-104d-0854-69b7-24e7894c7e9e,3c3750bb-37a5-a331-8616-fc8bc9e178f7,SNOMED-CT,162864005,Body mass index 30+ - obesity (finding)
1983-12-29,,d67aaf0a-104d-0854-69b7-24e7894c7e9e,3c3750bb-37a5-a331-8616-fc8bc9e178f7,SNOMED-CT,266948004,Has a criminal record (finding)
1998-03-19,,d67aaf0a-104d-0854-69b7-24e7894c7e9e,6abfd13a-6ed3-8c60-f6d0-f731b9659e72,SNOMED-CT,414545008,Ischemic heart disease (disorder)
2023-03-30,2023-03-30,78dffa97-f7ab-361c-e8b2-9193afdbf2ab,95c958a2-426c-d94b-db22-d251869f4797,SNOMED-CT,314529007,Medication review due (situation)
2019-04-26,2019-04-26,53ab38ed-ddd8-1be9-19b6-ccf6fcf6e5d3,3b23a8c1-571f-32f5-8be8-b8c9c9dac6b5,SNOMED-CT,314529007,Medication review due (situation)
2019-04-26,2020-05-01,53ab38ed-ddd8-1be9-19b6-ccf6fcf6e5d3,3b23a8c1-571f-32f5-8be8-b8c9c9dac6b5,SNOMED-CT,741062008,Not in labor force (finding)
2019-04-26,2019-05-10,53ab38ed-ddd8-1be9-19b6-ccf6fcf6e5d3,3b23a8c1-571f-32f5-8be8-b8c9c9dac6b5,SNOMED-CT,66383009,Gingivitis (disorder)
2024-01-27,2024-10-12,2e23caa4-d831-1f47-c522-0518bab7bd3d,b7addc0e-9d69-34e4-f3dc-c802e11fb8ca,SNOMED-CT,160903007,Full-time employment (finding)
2024-01-27,2024-02-24,2e23caa4-d831-1f47-c522-0518bab7bd3d,b7addc0e-9d69-34e4-f3dc-c802e11fb8ca,SNOMED-CT,422650009,Social isolation (finding)
1998-03-31,,d67aaf0a-104d-0854-69b7-24e7894c7e9e,fa01f6ec-c0db-fb7e-2919-b340cbb6f2bf,SNOMED-CT,274531002,Abnormal findings diagnostic imaging heart+coronary circulat (finding)
2002-12-02,,d67aaf0a-104d-0854-69b7-24e7894c7e9e,a5ba5ad5-a792-9224-dae2-4ec27a40b152,SNOMED-CT,60573004,Aortic valve stenosis (disorder)
2024-04-04,2025-04-10,78dffa97-f7ab-361c-e8b2-9193afdbf2ab,dbc62991-d585-da4a-b6b4-c2ab6aee2ee4,SNOMED-CT,314529007,Medication review due (situation)
2024-04-04,,78dffa97-f7ab-361c-e8b2-9193afdbf2ab,dbc62991-d585-da4a-b6b4-c2ab6aee2ee4,SNOMED-CT,160903007,Full-time employment (finding)
2024-02-10,2025-04-19,2e23caa4-d831-1f47-c522-0518bab7bd3d,c6b76ae8-8208-ac6c-9488-165d6e001cf7,ICD10,M27.2,Inflammatory conditions of jaws
2024-02-12,2024-02-29,2e23caa4-d831-1f47-c522-0518bab7bd3d,d9212c6e-edaf-6b67-b493-321a37863260,SNOMED-CT,444814009,Viral sinusitis (disorder)
2025-02-16,2025-03-09,78dffa97-f7ab-361c-e8b2-9193afdbf2ab,e6208c7a-8912-8233-fc1b-f2bc8ac2f866,SNOMED-CT,384709000,Sprain (morphologic abnormality)
2025-02-16,2025-03-09,78dffa97-f7ab-361c-e8b2-9193afdbf2ab,e6208c7a-8912-8233-fc1b-f2bc8ac2f866,SNOMED-CT,44465007,Sprain of ankle
2025-04-10,,78dffa97-f7ab-361c-e8b2-9193afdbf2ab,77e06108-3692-8619-5741-e98b4998f68a,SNOMED-CT,422650009,Social isolation (finding)
2025-04-10,,78dffa97-f7ab-361c-e8b2-9193afdbf2ab,77e06108-3692-8619-5741-e98b4998f68a,SNOMED-CT,10939881000119105,Unhealthy alcohol drinking behavior (finding)
1976-08-06,2025-09-19,cd38af39-23f7-92a3-1983-ea0af5e7e011,d7af1e22-4a27-b74b-53a7-61ec7863bfc3,ICD10,S02.5XXB,Fracture of tooth (traumatic)  initial encounter for open fracture
2023-05-17,2025-05-28,e7f86a5b-05af-8fc8-cbc3-e2a298bda8b8,31b9cf13-4738-8b6b-e900-927933f7cc57,SNOMED-CT,314529007,Medication review due (situation)
2024-03-02,2024-03-23,2e23caa4-d831-1f47-c522-0518bab7bd3d,c3dbf232-f672-cf05-0742-bdc02952258d,SNOMED-CT,314529007,Medication review due (situation)
2009-07-15,,3c5a560a-9450-cc9d-9d9e-1e56de16c95c,121a64a1-1eca-0458-c85e-54772c7fdfe2,SNOMED-CT,128613002,Seizure disorder
2009-07-15,,3c5a560a-9450-cc9d-9d9e-1e56de16c95c,121a64a1-1eca-0458-c85e-54772c7fdfe2,SNOMED-CT,703151001,History of single seizure (situation)
2009-07-15,,3c5a560a-9450-cc9d-9d9e-1e56de16c95c,121a64a1-1eca-0458-c85e-54772c7fdfe2,SNOMED-CT,84757009,Epilepsy
2017-06-30,,3c5a560a-9450-cc9d-9d9e-1e56de16c95c,2aa30d54-0036-e418-ccc9-36475c34a7f0,SNOMED-CT,66383009,Gingivitis (disorder)
2020-05-01,,53ab38ed-ddd8-1be9-19b6-ccf6fcf6e5d3,3a2234f7-50fb-5170-9bef-27d1cf13cb6c,SNOMED-CT,314529007,Medication review due (situation)
2020-05-01,,53ab38ed-ddd8-1be9-19b6-ccf6fcf6e5d3,3a2234f7-50fb-5170-9bef-27d1cf13cb6c,SNOMED-CT,160903007,Full-time employment (finding)
2020-05-01,,53ab38ed-ddd8-1be9-19b6-ccf6fcf6e5d3,3a2234f7-50fb-5170-9bef-27d1cf13cb6c,SNOMED-CT,422650009,Social isolation (finding)
1979-08-03,,cd38af39-23f7-92a3-1983-ea0af5e7e011,8c0ca491-90d2-a100-74dd-470f389fc1dc,SNOMED-CT,105531004,Housing unsatisfactory (finding)
1979-08-03,,cd38af39-23f7-92a3-1983-ea0af5e7e011,8c0ca491-90d2-a100-74dd-470f389fc1dc,SNOMED-CT,224299000,Received higher education (finding)
2003-01-02,,d67aaf0a-104d-0854-69b7-24e7894c7e9e,f535ff35-57fd-3c10-be78-d201248a1107,SNOMED-CT,1231000119100,History of aortic valve replacement (situation)
1979-01-16,2024-07-02,b0fc3374-c40b-8591-0cc4-d6ffc383e5a4,5ee542a6-7a74-9970-8e94-f5a7f3b0a844,SNOMED-CT,80967001,Dental caries
1983-08-12,,cd38af39-23f7-92a3-1983-ea0af5e7e011,73cf7620-161c-3063-37c2-1582f94d506f,SNOMED-CT,162864005,Body mass index 30+ - obesity (finding)
1995-01-26,,cd38af39-23f7-92a3-1983-ea0af5e7e011,e18905eb-5f2f-5e9f-078d-14899d83d664,SNOMED-CT,239872002,Osteoarthritis of hip
2009-07-03,,cd38af39-23f7-92a3-1983-ea0af5e7e011,d2638b02-7b01-8c35-523f-e008c5259fa6,SNOMED-CT,15777000,Prediabetes
2009-07-03,,cd38af39-23f7-92a3-1983-ea0af5e7e011,d2638b02-7b01-8c35-523f-e008c5259fa6,SNOMED-CT,271737000,Anemia (disorder)
1997-12-10,1997-12-10,347ceebf-0248-5a56-14f3-e1e8e8ffb73c,a4294cd4-4474-98f9-0121-7406f51ebdff,SNOMED-CT,314529007,Medication review due (situation)
1997-12-10,1998-05-20,347ceebf-0248-5a56-14f3-e1e8e8ffb73c,9f3c4715-ea6d-f57e-61c0-d9d0185d9e0c,ICD10,C02.9,Malignant neoplasm of tongue  unspecified
2020-05-08,,53ab38ed-ddd8-1be9-19b6-ccf6fcf6e5d3,b36f59fd-f475-caa8-36ad-e02293b8a46d,SNOMED-CT,55680006,Drug overdose
2014-02-02,,cd38af39-23f7-92a3-1983-ea0af5e7e011,57a1ba41-d335-3d80-7e35-a06b9b548184,SNOMED-CT,82423001,Chronic pain (finding)
2014-02-02,,cd38af39-23f7-92a3-1983-ea0af5e7e011,57a1ba41-d335-3d80-7e35-a06b9b548184,SNOMED-CT,278860009,Chronic low back pain (finding)
2023-07-24,2023-08-01,e7f86a5b-05af-8fc8-cbc3-e2a298bda8b8,89cbbd6c-b9f4-c62d-b510-93484793da0d,SNOMED-CT,444814009,Viral sinusitis (disorder)
1982-11-30,,b0fc3374-c40b-8591-0cc4-d6ffc383e5a4,db3c3f9e-71bb-9ee9-9aea-4c3267e920b3,SNOMED-CT,224355006,Served in armed forces (finding)
1982-11-30,,b0fc3374-c40b-8591-0cc4-d6ffc383e5a4,db3c3f9e-71bb-9ee9-9aea-4c3267e920b3,SNOMED-CT,224299000,Received higher education (finding)
2007-12-17,,d67aaf0a-104d-0854-69b7-24e7894c7e9e,b4f1bb01-1131-4021-b965-fc3685fe242d,SNOMED-CT,68496003,Polyp of colon
2009-03-07,,d67aaf0a-104d-0854-69b7-24e7894c7e9e,8bfee77b-3298-da08-68c0-220fb79e5367,SNOMED-CT,713197008,Recurrent rectal polyp
2009-03-12,,d67aaf0a-104d-0854-69b7-24e7894c7e9e,8bfee77b-3298-da08-68c0-220fb79e5367,SNOMED-CT,271737000,Anemia (disorder)
1982-12-14,2025-07-29,b0fc3374-c40b-8591-0cc4-d6ffc383e5a4,524aab13-9a89-feba-ec7d-d7ba61ccf2e7,SNOMED-CT,235104008,Impacted tooth
2023-08-04,2025-08-15,3c5a560a-9450-cc9d-9d9e-1e56de16c95c,108a11eb-3b3b-d556-31a0-8f43292390b1,SNOMED-CT,314529007,Medication review due (situation)
1989-12-12,,b0fc3374-c40b-8591-0cc4-d6ffc383e5a4,7ef51ed3-a286-e15b-29c1-e9c9f8ded66d,SNOMED-CT,59621000,Essential hypertension (disorder)
1989-12-12,,b0fc3374-c40b-8591-0cc4-d6ffc383e5a4,7ef51ed3-a286-e15b-29c1-e9c9f8ded66d,SNOMED-CT,127013003,Disorder of kidney due to diabetes mellitus (disorder)
1994-01-04,,b0fc3374-c40b-8591-0cc4-d6ffc383e5a4,44a38030-c3ec-6a2f-c997-7b19678f9bb0,SNOMED-CT,90781000119102,Microalbuminuria due to type 2 diabetes mellitus (disorder)
1998-01-27,,b0fc3374-c40b-8591-0cc4-d6ffc383e5a4,1f89560e-108b-f206-a2ee-ecec109bf3f1,SNOMED-CT,15777000,Prediabetes
1998-01-27,,b0fc3374-c40b-8591-0cc4-d6ffc383e5a4,1f89560e-108b-f206-a2ee-ecec109bf3f1,SNOMED-CT,271737000,Anemia (disorder)
1999-08-31,,b0fc3374-c40b-8591-0cc4-d6ffc383e5a4,4e14e46b-6f1b-578d-4956-3c67e8245b17,SNOMED-CT,157141000119108,Proteinuria due to type 2 diabetes mellitus (disorder)
1999-09-14,2024-07-02,b0fc3374-c40b-8591-0cc4-d6ffc383e5a4,7dcf963d-f98a-b8fc-e694-45979e427b20,SNOMED-CT,5689008,Chronic periodontitis
2020-07-31,2025-08-29,cd38af39-23f7-92a3-1983-ea0af5e7e011,664da366-3fae-496d-2963-737cd7cd0a25,SNOMED-CT,314529007,Medication review due (situation)
2020-07-31,2023-08-18,cd38af39-23f7-92a3-1983-ea0af5e7e011,664da366-3fae-496d-2963-737cd7cd0a25,SNOMED-CT,73595000,Stress (finding)
2020-08-14,2025-09-12,cd38af39-23f7-92a3-1983-ea0af5e7e011,bca089fc-d269-112a-9250-f1ad24158cae,SNOMED-CT,80967001,Dental caries
1998-02-11,1998-05-06,347ceebf-0248-5a56-14f3-e1e8e8ffb73c,8a8e1005-3b8b-df83-a063-c71d5a2af6ba,SNOMED-CT,314529007,Medication review due (situation)
2014-02-06,,b0fc3374-c40b-8591-0cc4-d6ffc383e5a4,46abe695-4f34-b7c8-d253-30873d968787,SNOMED-CT,82423001,Chronic pain (finding)
2014-02-06,,b0fc3374-c40b-8591-0cc4-d6ffc383e5a4,46abe695-4f34-b7c8-d253-30873d968787,SNOMED-CT,278860009,Chronic low back pain (finding)
2024-03-23,2024-07-13,2e23caa4-d831-1f47-c522-0518bab7bd3d,06c6960e-5782-069a-a9f8-2fb2b936fc28,SNOMED-CT,73595000,Stress (finding)
2024-03-23,2024-04-20,2e23caa4-d831-1f47-c522-0518bab7bd3d,06c6960e-5782-069a-a9f8-2fb2b936fc28,SNOMED-CT,424393004,Reports of violence in the environment (finding)
2021-08-06,2023-08-18,cd38af39-23f7-92a3-1983-ea0af5e7e011,73f8062d-584b-ed4b-bc5f-436537aeed52,SNOMED-CT,73438004,Unemployed (finding)
2023-08-18,2025-08-29,cd38af39-23f7-92a3-1983-ea0af5e7e011,fc780178-860e-c7b3-c550-5add1b2cd806,SNOMED-CT,160903007,Full-time employment (finding)
2009-05-28,,d67aaf0a-104d-0854-69b7-24e7894c7e9e,f9c56e9b-769e-c81e-655b-5127f86b38e9,SNOMED-CT,66383009,Gingivitis (disorder)
2015-03-03,,b0fc3374-c40b-8591-0cc4-d6ffc383e5a4,a1c56496-8387-49f5-07f2-e2d94f89c56e,SNOMED-CT,161665007,History of renal transplant (situation)
2016-05-10,,b0fc3374-c40b-8591-0cc4-d6ffc383e5a4,5b9b8180-dada-ba75-4c82-bf47982cdaba,SNOMED-CT,414545008,Ischemic heart disease (disorder)
2016-05-10,,b0fc3374-c40b-8591-0cc4-d6ffc383e5a4,5b9b8180-dada-ba75-4c82-bf47982cdaba,SNOMED-CT,55822004,Hyperlipidemia
2024-07-23,2024-08-18,e7f86a5b-05af-8fc8-cbc3-e2a298bda8b8,1d1e0319-f8d7-fae3-e5d6-09943130d2a3,SNOMED-CT,312608009,Laceration - injury (disorder)
2024-07-23,2024-08-18,e7f86a5b-05af-8fc8-cbc3-e2a298bda8b8,1d1e0319-f8d7-fae3-e5d6-09943130d2a3,SNOMED-CT,284549007,Laceration of hand
2024-04-21,2024-05-24,cd38af39-23f7-92a3-1983-ea0af5e7e011,ddfd9262-d6d4-aaf3-f803-aa1819b2f376,SNOMED-CT,384709000,Sprain (morphologic abnormality)
2024-04-21,2024-05-24,cd38af39-23f7-92a3-1983-ea0af5e7e011,ddfd9262-d6d4-aaf3-f803-aa1819b2f376,SNOMED-CT,44465007,Sprain of ankle
2019-07-25,,d67aaf0a-104d-0854-69b7-24e7894c7e9e,d7015f63-c4a4-732e-1b02-2d05daa04309,SNOMED-CT,706893006,Victim of intimate partner abuse (finding)
2021-08-05,2023-02-16,d67aaf0a-104d-0854-69b7-24e7894c7e9e,86886947-4845-f1ee-e0f5-6df28dbc0aa9,SNOMED-CT,314529007,Medication review due (situation)
2021-08-05,,d67aaf0a-104d-0854-69b7-24e7894c7e9e,86886947-4845-f1ee-e0f5-6df28dbc0aa9,SNOMED-CT,160903007,Full-time employment (finding)
2021-08-05,2023-02-16,d67aaf0a-104d-0854-69b7-24e7894c7e9e,86886947-4845-f1ee-e0f5-6df28dbc0aa9,SNOMED-CT,422650009,Social isolation (finding)
2024-04-20,2024-10-12,2e23caa4-d831-1f47-c522-0518bab7bd3d,8d3a49ec-416e-e8d6-a9c9-afa96754870d,SNOMED-CT,314529007,Medication review due (situation)
2016-05-18,,b0fc3374-c40b-8591-0cc4-d6ffc383e5a4,e3a337d2-4de0-a3fe-89a2-e2d50851e912,SNOMED-CT,274531002,Abnormal findings diagnostic imaging heart+coronary circulat (finding)
2025-05-28,2025-06-11,e7f86a5b-05af-8fc8-cbc3-e2a298bda8b8,4291d923-6467-f6ea-4132-b15dc0608280,SNOMED-CT,66383009,Gingivitis (disorder)
2025-10-08,2025-10-16,3c5a560a-9450-cc9d-9d9e-1e56de16c95c,8783a152-e989-272b-fc45-3cdd833af8f7,SNOMED-CT,10509002,Acute bronchitis (disorder)
2024-08-23,,cd38af39-23f7-92a3-1983-ea0af5e7e011,d77b084d-d718-d85d-d5e0-6981021d3e25,SNOMED-CT,361055000,Misuses drugs (finding)
2020-09-01,,b0fc3374-c40b-8591-0cc4-d6ffc383e5a4,b1f20de9-c537-6d54-4f7d-13fe0eff62ff,SNOMED-CT,431855005,Chronic kidney disease stage 1 (disorder)
2020-12-29,,b0fc3374-c40b-8591-0cc4-d6ffc383e5a4,46e0f599-1d5e-d04a-bc76-074cfda500cb,SNOMED-CT,431856006,Chronic kidney disease stage 2 (disorder)
2025-10-17,2025-10-17,3c5a560a-9450-cc9d-9d9e-1e56de16c95c,9a578e31-60ec-568f-6610-4e993fae270e,SNOMED-CT,314529007,Medication review due (situation)
2025-10-31,2025-10-31,3c5a560a-9450-cc9d-9d9e-1e56de16c95c,0615eec4-2f48-09da-60c3-0c9fb9494b17,ICD10,K08.8,Other specified disorders of teeth and supporting structures
2022-07-07,,dd1d9722-c7b2-4159-36a0-7dc09a27273d,8248db56-ebc0-17e7-ffdf-476938c240ee,SNOMED-CT,80583007,Severe anxiety (panic) (finding)
2022-07-07,2023-07-20,dd1d9722-c7b2-4159-36a0-7dc09a27273d,8248db56-ebc0-17e7-ffdf-476938c240ee,SNOMED-CT,160968000,Risk activity involvement (finding)
1998-04-08,1998-06-03,347ceebf-0248-5a56-14f3-e1e8e8ffb73c,fefc7713-7d47-634f-2c21-7f803d691adb,SNOMED-CT,73595000,Stress (finding)
2023-02-06,2023-02-14,d67aaf0a-104d-0854-69b7-24e7894c7e9e,4a655e55-f3ef-53ec-5df6-b1a9ac69e3bd,SNOMED-CT,10509002,Acute bronchitis (disorder)
2021-06-15,,b0fc3374-c40b-8591-0cc4-d6ffc383e5a4,57d9d83a-f9e5-f1ff-59a9-e23f629acc27,SNOMED-CT,91302008,Sepsis (disorder)
2021-07-20,2025-07-29,b0fc3374-c40b-8591-0cc4-d6ffc383e5a4,460602e5-8958-da0a-f9ac-60c80769fd09,SNOMED-CT,1172608001,Accretion on tooth
2021-11-02,2023-06-20,b0fc3374-c40b-8591-0cc4-d6ffc383e5a4,b3885b0f-5587-2238-ce15-d42ab998e7e3,SNOMED-CT,160903007,Full-time employment (finding)
2023-06-12,2023-06-29,dd1d9722-c7b2-4159-36a0-7dc09a27273d,82d05c3c-6ed3-fffd-eb2c-6767dd790ff1,SNOMED-CT,10509002,Acute bronchitis (disorder)
2023-06-22,,dd1d9722-c7b2-4159-36a0-7dc09a27273d,f8166b1b-1f69-7aaa-ffab-82464761719a,SNOMED-CT,314529007,Medication review due (situation)
2025-08-29,,cd38af39-23f7-92a3-1983-ea0af5e7e011,f6c5fc5f-a5c2-8188-f03b-4b4c4ba9f357,SNOMED-CT,73438004,Unemployed (finding)
2025-08-29,,cd38af39-23f7-92a3-1983-ea0af5e7e011,f6c5fc5f-a5c2-8188-f03b-4b4c4ba9f357,SNOMED-CT,73595000,Stress (finding)
2023-08-17,2023-08-17,d67aaf0a-104d-0854-69b7-24e7894c7e9e,3e52c120-d508-906f-d619-4897263d03ed,SNOMED-CT,314529007,Medication review due (situation)
2024-09-07,2024-10-12,2e23caa4-d831-1f47-c522-0518bab7bd3d,212fc76e-c818-cc3a-bba8-76c2c383e976,SNOMED-CT,424393004,Reports of violence in the environment (finding)
2023-07-20,2023-08-03,dd1d9722-c7b2-4159-36a0-7dc09a27273d,a0d68986-5fe4-a794-1c24-261ee84711c8,SNOMED-CT,66383009,Gingivitis (disorder)
1976-11-06,,0e7809bd-be4e-ed66-9589-9253b729e37b,0b69a980-83f9-6b70-f511-7efcdde288fc,SNOMED-CT,160968000,Risk activity involvement (finding)
2022-12-27,2023-07-25,b0fc3374-c40b-8591-0cc4-d6ffc383e5a4,9872d6ea-7da3-8daa-61c1-ea0f93ad21f2,SNOMED-CT,73595000,Stress (finding)
2022-12-27,2023-06-20,b0fc3374-c40b-8591-0cc4-d6ffc383e5a4,9872d6ea-7da3-8daa-61c1-ea0f93ad21f2,SNOMED-CT,424393004,Reports of violence in the environment (finding)
2022-12-27,,b0fc3374-c40b-8591-0cc4-d6ffc383e5a4,9872d6ea-7da3-8daa-61c1-ea0f93ad21f2,SNOMED-CT,706893006,Victim of intimate partner abuse (finding)
2022-12-27,2023-01-10,b0fc3374-c40b-8591-0cc4-d6ffc383e5a4,9872d6ea-7da3-8daa-61c1-ea0f93ad21f2,SNOMED-CT,66383009,Gingivitis (disorder)
1982-12-11,,0e7809bd-be4e-ed66-9589-9253b729e37b,87f857e7-01d5-41ca-4753-80f9bc15ea09,SNOMED-CT,224299000,Received higher education (finding)
1986-12-20,,0e7809bd-be4e-ed66-9589-9253b729e37b,82e23981-1f5c-06a3-1b4c-6fa24e51d0c1,SNOMED-CT,15777000,Prediabetes
1988-12-24,,0e7809bd-be4e-ed66-9589-9253b729e37b,7d35e87c-3d79-9026-f26a-df6c84185768,SNOMED-CT,161744009,Past pregnancy history of miscarriage (situation)
1989-12-23,,0e7809bd-be4e-ed66-9589-9253b729e37b,11710a2b-b44c-f492-0328-a8989895539b,SNOMED-CT,271737000,Anemia (disorder)
1999-12-24,,a2207c71-4aba-4c37-25c3-105cf692d053,d46ede7a-5715-6248-ddb5-dc4e6fc527ae,SNOMED-CT,224299000,Received higher education (finding)
2019-03-07,2024-03-21,4c6b9977-35e1-4ace-a7a4-e211b3e16068,8b0b0662-c2a2-047c-72a5-9f78bc2c5414,SNOMED-CT,314529007,Medication review due (situation)
2020-03-12,,4c6b9977-35e1-4ace-a7a4-e211b3e16068,fdfdb135-eff5-4f22-7ac2-c3dbe74de71f,SNOMED-CT,224355006,Served in armed forces (finding)
2020-03-12,,4c6b9977-35e1-4ace-a7a4-e211b3e16068,fdfdb135-eff5-4f22-7ac2-c3dbe74de71f,SNOMED-CT,105531004,Housing unsatisfactory (finding)
2020-03-12,,4c6b9977-35e1-4ace-a7a4-e211b3e16068,fdfdb135-eff5-4f22-7ac2-c3dbe74de71f,SNOMED-CT,224299000,Received higher education (finding)
2020-03-12,2024-03-21,4c6b9977-35e1-4ace-a7a4-e211b3e16068,fdfdb135-eff5-4f22-7ac2-c3dbe74de71f,SNOMED-CT,73595000,Stress (finding)
2000-02-08,,0e7809bd-be4e-ed66-9589-9253b729e37b,29d3d364-3948-8eb1-23fd-ce97e6e6dc6d,SNOMED-CT,267020005,History of tubal ligation (situation)
2004-10-23,,0e7809bd-be4e-ed66-9589-9253b729e37b,b37b5175-8ec3-3250-da66-124ba238ca8e,SNOMED-CT,59621000,Essential hypertension (disorder)
2014-02-02,,a2207c71-4aba-4c37-25c3-105cf692d053,88247c0f-e887-8986-dc63-0f3499559283,SNOMED-CT,82423001,Chronic pain (finding)
2006-11-04,,0e7809bd-be4e-ed66-9589-9253b729e37b,e5c55076-a9be-de9d-824f-2f8f085c482b,SNOMED-CT,162864005,Body mass index 30+ - obesity (finding)
2014-02-02,,a2207c71-4aba-4c37-25c3-105cf692d053,88247c0f-e887-8986-dc63-0f3499559283,SNOMED-CT,278860009,Chronic low back pain (finding)
2014-02-02,,a2207c71-4aba-4c37-25c3-105cf692d053,88247c0f-e887-8986-dc63-0f3499559283,SNOMED-CT,203082005,Fibromyalgia (disorder)
2008-11-15,,0e7809bd-be4e-ed66-9589-9253b729e37b,5ca444f3-a281-7179-9f63-139cd7562c03,SNOMED-CT,237602007,Metabolic syndrome X (disorder)
2015-02-20,,a2207c71-4aba-4c37-25c3-105cf692d053,ad11fe8f-b07e-1468-8228-acd4dccf2b1d,SNOMED-CT,66383009,Gingivitis (disorder)
2021-03-26,,a2207c71-4aba-4c37-25c3-105cf692d053,fe51bc3b-166d-fc50-c7c5-c272df44f137,SNOMED-CT,160903007,Full-time employment (finding)
2024-10-12,2025-02-01,2e23caa4-d831-1f47-c522-0518bab7bd3d,65472bc4-1736-b2cb-6015-573a19e0f418,SNOMED-CT,160904001,Part-time employment (finding)
2024-10-12,2025-04-05,2e23caa4-d831-1f47-c522-0518bab7bd3d,65472bc4-1736-b2cb-6015-573a19e0f418,SNOMED-CT,73595000,Stress (finding)
2014-08-30,,0e7809bd-be4e-ed66-9589-9253b729e37b,4daa6f5d-b198-9128-5943-1f88ddebe7ba,SNOMED-CT,128613002,Seizure disorder
2014-08-30,,0e7809bd-be4e-ed66-9589-9253b729e37b,4daa6f5d-b198-9128-5943-1f88ddebe7ba,SNOMED-CT,703151001,History of single seizure (situation)
2015-12-26,,0e7809bd-be4e-ed66-9589-9253b729e37b,6260b497-4a1b-ca2c-1e9c-bc124f9c5343,SNOMED-CT,706893006,Victim of intimate partner abuse (finding)
2017-12-09,2023-02-04,0e7809bd-be4e-ed66-9589-9253b729e37b,46d87023-d335-433b-516b-341b81831885,SNOMED-CT,314529007,Medication review due (situation)
2018-01-06,,0e7809bd-be4e-ed66-9589-9253b729e37b,9a1a0c48-d089-ecd1-60f7-196a92012eff,SNOMED-CT,73595000,Stress (finding)
2021-01-23,2023-02-04,0e7809bd-be4e-ed66-9589-9253b729e37b,99ee3459-a8f6-9a05-a645-2707f349b6ab,SNOMED-CT,741062008,Not in labor force (finding)
2021-01-23,,0e7809bd-be4e-ed66-9589-9253b729e37b,99ee3459-a8f6-9a05-a645-2707f349b6ab,SNOMED-CT,66383009,Gingivitis (disorder)
2024-05-25,2024-07-10,d67aaf0a-104d-0854-69b7-24e7894c7e9e,48269b13-6cb9-f290-4c53-755ea7d94eac,SNOMED-CT,125605004,Fracture of bone (disorder)
2024-05-25,2024-07-10,d67aaf0a-104d-0854-69b7-24e7894c7e9e,48269b13-6cb9-f290-4c53-755ea7d94eac,SNOMED-CT,65966004,Fracture of forearm
2022-02-12,2025-03-22,0e7809bd-be4e-ed66-9589-9253b729e37b,c8f58e1b-c2f0-00ab-b78e-2e9fbf78cf2a,ICD10,K04.1,Necrosis of pulp
2023-02-04,,0e7809bd-be4e-ed66-9589-9253b729e37b,879ac75f-5646-26f4-1165-502937721574,SNOMED-CT,160903007,Full-time employment (finding)
2023-02-04,2024-02-10,0e7809bd-be4e-ed66-9589-9253b729e37b,879ac75f-5646-26f4-1165-502937721574,SNOMED-CT,423315002,Limited social contact (finding)
2022-02-10,2024-03-21,4c6b9977-35e1-4ace-a7a4-e211b3e16068,ea050580-fcb0-2e58-8a25-14de3acb91a8,SNOMED-CT,741062008,Not in labor force (finding)
2023-04-15,2023-06-20,a45283db-c3ad-8377-de1c-571b3c15a163,d6107852-5d37-759a-04e4-119f01d52073,SNOMED-CT,36971009,Sinusitis (disorder)
2024-03-21,,4c6b9977-35e1-4ace-a7a4-e211b3e16068,122f2493-991f-7eb9-ac40-84d33fa37c0b,SNOMED-CT,160903007,Full-time employment (finding)
2024-02-10,2025-03-08,0e7809bd-be4e-ed66-9589-9253b729e37b,6fde63ae-1182-b0b8-de8d-e64036bb0f9e,SNOMED-CT,314529007,Medication review due (situation)
2022-04-01,2023-04-07,a2207c71-4aba-4c37-25c3-105cf692d053,3f6d4591-a4b3-8dfa-7980-47f4003a23fb,SNOMED-CT,314529007,Medication review due (situation)
2022-04-01,,a2207c71-4aba-4c37-25c3-105cf692d053,3f6d4591-a4b3-8dfa-7980-47f4003a23fb,SNOMED-CT,423315002,Limited social contact (finding)
2022-04-01,,a2207c71-4aba-4c37-25c3-105cf692d053,3f6d4591-a4b3-8dfa-7980-47f4003a23fb,SNOMED-CT,73595000,Stress (finding)
1998-05-06,1998-06-03,347ceebf-0248-5a56-14f3-e1e8e8ffb73c,94d1b891-042e-8cf6-4a1d-82f9759c205f,SNOMED-CT,741062008,Not in labor force (finding)
1981-04-09,,5e30f14c-15ab-b668-fb6f-03fb3c3f4e66,e8a41aa3-54a9-2573-010f-1dfb5c4b484e,SNOMED-CT,66383009,Gingivitis (disorder)
1991-06-06,,5e30f14c-15ab-b668-fb6f-03fb3c3f4e66,2fbd201d-5d23-0473-5ebc-b439204bdd45,SNOMED-CT,5251000175109,Received certificate of high school equivalency (finding)
1991-06-06,,5e30f14c-15ab-b668-fb6f-03fb3c3f4e66,2fbd201d-5d23-0473-5ebc-b439204bdd45,SNOMED-CT,713458007,Lack of access to transportation (finding)
1998-06-18,,5e30f14c-15ab-b668-fb6f-03fb3c3f4e66,52bb131e-fc60-ef4f-042c-5d460c787a64,SNOMED-CT,15777000,Prediabetes
1998-06-18,,5e30f14c-15ab-b668-fb6f-03fb3c3f4e66,52bb131e-fc60-ef4f-042c-5d460c787a64,SNOMED-CT,271737000,Anemia (disorder)
1998-06-18,,5e30f14c-15ab-b668-fb6f-03fb3c3f4e66,52bb131e-fc60-ef4f-042c-5d460c787a64,SNOMED-CT,266934004,Transport problem (finding)
2001-06-21,,5e30f14c-15ab-b668-fb6f-03fb3c3f4e66,e4ebb410-45a6-9ef2-b76a-ce34c0faa030,SNOMED-CT,162864005,Body mass index 30+ - obesity (finding)
2025-09-19,2025-09-19,cd38af39-23f7-92a3-1983-ea0af5e7e011,ea51744f-c297-9bc1-3557-d6a7b303506b,ICD10,K13.70,Unspecified lesions of oral mucosa
2014-02-01,,5e30f14c-15ab-b668-fb6f-03fb3c3f4e66,f25c76ad-f4ef-49b3-659f-b1bae27f248a,SNOMED-CT,82423001,Chronic pain (finding)
2014-02-01,,5e30f14c-15ab-b668-fb6f-03fb3c3f4e66,f25c76ad-f4ef-49b3-659f-b1bae27f248a,SNOMED-CT,278860009,Chronic low back pain (finding)
2014-02-01,,5e30f14c-15ab-b668-fb6f-03fb3c3f4e66,f25c76ad-f4ef-49b3-659f-b1bae27f248a,SNOMED-CT,1121000119107,Chronic neck pain (finding)
2015-04-30,2023-06-15,5e30f14c-15ab-b668-fb6f-03fb3c3f4e66,f5a072ae-c295-09e2-2028-d8170d04b2f0,SNOMED-CT,160903007,Full-time employment (finding)
2023-06-20,2023-07-25,b0fc3374-c40b-8591-0cc4-d6ffc383e5a4,ae855fd2-1001-c7ea-7bf2-bdfc1f49ab10,SNOMED-CT,314529007,Medication review due (situation)
2023-06-20,2023-07-25,b0fc3374-c40b-8591-0cc4-d6ffc383e5a4,ae855fd2-1001-c7ea-7bf2-bdfc1f49ab10,SNOMED-CT,741062008,Not in labor force (finding)
2025-07-31,2025-08-14,dd1d9722-c7b2-4159-36a0-7dc09a27273d,85f813b5-1014-42f2-fbf1-327b7bda6bb3,SNOMED-CT,66383009,Gingivitis (disorder)
2024-08-22,2025-08-28,d67aaf0a-104d-0854-69b7-24e7894c7e9e,358a562d-c13f-1311-c57d-db80c9407b7d,SNOMED-CT,314529007,Medication review due (situation)
2024-08-22,,d67aaf0a-104d-0854-69b7-24e7894c7e9e,358a562d-c13f-1311-c57d-db80c9407b7d,SNOMED-CT,73595000,Stress (finding)
2016-05-05,,5e30f14c-15ab-b668-fb6f-03fb3c3f4e66,8ea4869c-676c-2ec4-2bc8-03ef7ccdf1a3,SNOMED-CT,44054006,Diabetes mellitus type 2 (disorder)
1997-05-17,,e75db126-8dde-60d4-e111-cc2b4a619726,1401a8d6-7e8b-f1d6-2480-75b667b46363,SNOMED-CT,66383009,Gingivitis (disorder)
2001-06-09,,e75db126-8dde-60d4-e111-cc2b4a619726,f53d55b1-1738-f027-7ac5-59a6cac637d9,SNOMED-CT,160968000,Risk activity involvement (finding)
2002-06-29,2025-09-13,e75db126-8dde-60d4-e111-cc2b4a619726,27b14973-0cb4-33ac-3a23-2527889ecfe5,ICD10,K05.10,Chronic gingivitis  plaque induced
2004-06-26,,e75db126-8dde-60d4-e111-cc2b4a619726,612e528f-b73c-c192-5ee2-fda262a48271,SNOMED-CT,105531004,Housing unsatisfactory (finding)
2004-06-26,,e75db126-8dde-60d4-e111-cc2b4a619726,612e528f-b73c-c192-5ee2-fda262a48271,SNOMED-CT,224299000,Received higher education (finding)
2023-05-03,,a45283db-c3ad-8377-de1c-571b3c15a163,39f71833-8d64-c65a-23c3-28750bfc4b44,SNOMED-CT,314529007,Medication review due (situation)
2023-05-03,2023-05-17,a45283db-c3ad-8377-de1c-571b3c15a163,39f71833-8d64-c65a-23c3-28750bfc4b44,SNOMED-CT,66383009,Gingivitis (disorder)
2005-07-02,,e75db126-8dde-60d4-e111-cc2b4a619726,c418584b-19be-b641-10b0-4ad0ff6ffea8,SNOMED-CT,706893006,Victim of intimate partner abuse (finding)
2018-09-09,2023-04-02,655a5138-756a-96c7-5817-488df07b7be7,e19f96c8-a69c-080c-3b2b-22fa300785d2,SNOMED-CT,314529007,Medication review due (situation)
2020-03-07,,655a5138-756a-96c7-5817-488df07b7be7,b808458b-7801-3e27-83b3-94762dc04740,SNOMED-CT,233678006,Childhood asthma
2017-07-15,,e75db126-8dde-60d4-e111-cc2b4a619726,94bac328-7362-df10-4a45-391a76deb50a,SNOMED-CT,59621000,Essential hypertension (disorder)
2021-08-07,2025-08-30,e75db126-8dde-60d4-e111-cc2b4a619726,f0c37add-a7a2-c13f-2669-d6143493ce0d,SNOMED-CT,314529007,Medication review due (situation)
2022-08-13,2023-08-19,e75db126-8dde-60d4-e111-cc2b4a619726,ab66d5b3-1104-f105-9595-1a89e107fc5b,SNOMED-CT,160904001,Part-time employment (finding)
2023-08-19,2024-08-24,e75db126-8dde-60d4-e111-cc2b4a619726,7009635a-7bd4-57e9-c5b3-86ab465208b9,SNOMED-CT,160903007,Full-time employment (finding)
2023-04-07,2025-04-18,a2207c71-4aba-4c37-25c3-105cf692d053,2878bc4d-ed4d-8300-8cea-f3b7bb00584a,SNOMED-CT,422650009,Social isolation (finding)
2025-02-15,,0e7809bd-be4e-ed66-9589-9253b729e37b,04a1519d-9fee-7f13-ad12-2c44d3253d2e,SNOMED-CT,423315002,Limited social contact (finding)
2024-08-24,2025-08-30,e75db126-8dde-60d4-e111-cc2b4a619726,6ecb0e2a-617c-b21c-4802-b3d2f572af34,SNOMED-CT,73438004,Unemployed (finding)
2025-02-28,2025-03-15,0e7809bd-be4e-ed66-9589-9253b729e37b,95c79d5b-95f3-5e12-8c51-502180c61d37,SNOMED-CT,10509002,Acute bronchitis (disorder)
2025-09-25,2025-09-27,dd1d9722-c7b2-4159-36a0-7dc09a27273d,5a41bc01-9790-286c-b1eb-5281fb231d5a,SNOMED-CT,307426000,Acute infective cystitis (disorder)
2017-05-11,,5e30f14c-15ab-b668-fb6f-03fb3c3f4e66,9ede32ed-5a89-05ab-b4c2-e0222a05a190,SNOMED-CT,80394007,Hyperglycemia (disorder)
2017-05-11,,5e30f14c-15ab-b668-fb6f-03fb3c3f4e66,9ede32ed-5a89-05ab-b4c2-e0222a05a190,SNOMED-CT,302870006,Hypertriglyceridemia (disorder)
2017-05-11,,5e30f14c-15ab-b668-fb6f-03fb3c3f4e66,9ede32ed-5a89-05ab-b4c2-e0222a05a190,SNOMED-CT,237602007,Metabolic syndrome X (disorder)
2023-07-25,2024-03-26,b0fc3374-c40b-8591-0cc4-d6ffc383e5a4,43bfc687-e6e8-991a-4c5b-3b38704659d4,SNOMED-CT,160903007,Full-time employment (finding)
1998-06-03,1998-06-03,347ceebf-0248-5a56-14f3-e1e8e8ffb73c,392a6467-29ac-2a44-eb12-be637802e75d,SNOMED-CT,314529007,Medication review due (situation)
1998-06-03,,347ceebf-0248-5a56-14f3-e1e8e8ffb73c,392a6467-29ac-2a44-eb12-be637802e75d,SNOMED-CT,160903007,Full-time employment (finding)
2025-02-01,2025-02-01,2e23caa4-d831-1f47-c522-0518bab7bd3d,fcf15d33-db10-86a4-d84b-4311c29c7a11,SNOMED-CT,314529007,Medication review due (situation)
2025-02-01,2025-04-05,2e23caa4-d831-1f47-c522-0518bab7bd3d,fcf15d33-db10-86a4-d84b-4311c29c7a11,SNOMED-CT,741062008,Not in labor force (finding)
2025-02-01,2025-04-05,2e23caa4-d831-1f47-c522-0518bab7bd3d,fcf15d33-db10-86a4-d84b-4311c29c7a11,SNOMED-CT,423315002,Limited social contact (finding)
2025-02-01,2025-04-05,2e23caa4-d831-1f47-c522-0518bab7bd3d,fcf15d33-db10-86a4-d84b-4311c29c7a11,SNOMED-CT,706893006,Victim of intimate partner abuse (finding)
2025-07-23,2025-08-05,d67aaf0a-104d-0854-69b7-24e7894c7e9e,abd9e560-21dd-1cf5-7b11-a97e6b285214,SNOMED-CT,195662009,Acute viral pharyngitis (disorder)
2023-04-02,2023-04-09,655a5138-756a-96c7-5817-488df07b7be7,a501c0b2-04f0-37fc-efb4-41d00e013746,SNOMED-CT,66383009,Gingivitis (disorder)
2023-06-13,2023-06-20,a45283db-c3ad-8377-de1c-571b3c15a163,67e5c4a8-4bde-71b6-4c6e-7fd3337ab0dd,SNOMED-CT,40055000,Chronic sinusitis (disorder)
2025-02-15,2025-04-19,2e23caa4-d831-1f47-c522-0518bab7bd3d,e2cf4d87-8df1-de6f-9d06-10b9a4dd6ebe,ICD10,K08.8,Other specified disorders of teeth and supporting structures
2019-06-06,2025-07-10,5e30f14c-15ab-b668-fb6f-03fb3c3f4e66,d33c2b6b-f2a9-2f9f-8312-db1777317dfa,ICD10,K05.30,Chronic periodontitis  unspecified
2020-05-28,,5e30f14c-15ab-b668-fb6f-03fb3c3f4e66,aa06a1f4-6026-702e-1631-9b086ce91d43,SNOMED-CT,414545008,Ischemic heart disease (disorder)
2020-06-07,,5e30f14c-15ab-b668-fb6f-03fb3c3f4e66,2cd00fff-efee-c11c-5108-df8f4cb58979,SNOMED-CT,274531002,Abnormal findings diagnostic imaging heart+coronary circulat (finding)
2021-11-11,2024-06-20,5e30f14c-15ab-b668-fb6f-03fb3c3f4e66,6db1f02f-a01c-8f76-0418-d10bbdb486c3,SNOMED-CT,73595000,Stress (finding)
2022-06-09,2024-06-20,5e30f14c-15ab-b668-fb6f-03fb3c3f4e66,22f26aad-6396-b53b-61fb-b3aba6ae2013,SNOMED-CT,314529007,Medication review due (situation)
2025-04-05,2025-12-06,2e23caa4-d831-1f47-c522-0518bab7bd3d,5e3f2c22-1bd5-5164-9882-160389a8130a,SNOMED-CT,314529007,Medication review due (situation)
2025-04-05,2025-11-29,2e23caa4-d831-1f47-c522-0518bab7bd3d,5e3f2c22-1bd5-5164-9882-160389a8130a,SNOMED-CT,160904001,Part-time employment (finding)
2024-05-08,,a45283db-c3ad-8377-de1c-571b3c15a163,1666c6f4-d1dd-50f3-faec-ba815c6114dd,SNOMED-CT,160968000,Risk activity involvement (finding)
2024-05-08,2024-05-22,a45283db-c3ad-8377-de1c-571b3c15a163,1666c6f4-d1dd-50f3-faec-ba815c6114dd,SNOMED-CT,66383009,Gingivitis (disorder)
1998-06-17,,347ceebf-0248-5a56-14f3-e1e8e8ffb73c,21f02a3e-88db-2e04-6837-3e237fd5fb92,SNOMED-CT,314529007,Medication review due (situation)
1998-06-17,,347ceebf-0248-5a56-14f3-e1e8e8ffb73c,21f02a3e-88db-2e04-6837-3e237fd5fb92,SNOMED-CT,423315002,Limited social contact (finding)
1998-06-17,,347ceebf-0248-5a56-14f3-e1e8e8ffb73c,21f02a3e-88db-2e04-6837-3e237fd5fb92,SNOMED-CT,73595000,Stress (finding)
1998-06-17,,347ceebf-0248-5a56-14f3-e1e8e8ffb73c,21f02a3e-88db-2e04-6837-3e237fd5fb92,SNOMED-CT,706893006,Victim of intimate partner abuse (finding)
1976-05-09,,6c336b6f-4647-45ef-a6a6-3441b20657e2,1ec2b0c5-e627-f08c-9fd1-f3ebf6368169,SNOMED-CT,40055000,Chronic sinusitis (disorder)
2024-04-12,2024-04-12,a2207c71-4aba-4c37-25c3-105cf692d053,06924db9-b5ef-ab2f-edb3-4a1a1efa54ce,SNOMED-CT,314529007,Medication review due (situation)
2025-03-08,,0e7809bd-be4e-ed66-9589-9253b729e37b,cd204a9e-ea1c-a051-9724-0eafdaef65b4,SNOMED-CT,422650009,Social isolation (finding)
1982-07-21,,38cc48b8-cb44-1e20-32e8-5b7e5d4bae20,eda42c9e-ae27-2c01-df4d-8658c775ad99,SNOMED-CT,224299000,Received higher education (finding)
2024-03-17,2024-03-30,b0fc3374-c40b-8591-0cc4-d6ffc383e5a4,7bae168c-de31-8843-16b8-4ea93a21a898,SNOMED-CT,195662009,Acute viral pharyngitis (disorder)
1983-07-26,,38cc48b8-cb44-1e20-32e8-5b7e5d4bae20,a2fbe4b5-d6c0-9582-42f0-14a3246024ab,SNOMED-CT,15777000,Prediabetes
1983-07-26,,38cc48b8-cb44-1e20-32e8-5b7e5d4bae20,a2fbe4b5-d6c0-9582-42f0-14a3246024ab,SNOMED-CT,271737000,Anemia (disorder)
2024-08-31,2024-09-08,a2207c71-4aba-4c37-25c3-105cf692d053,256341ea-54a3-2849-150a-0a3804286697,SNOMED-CT,444814009,Viral sinusitis (disorder)
1987-09-13,,6c336b6f-4647-45ef-a6a6-3441b20657e2,a3bb3f9f-15f2-fad9-1653-01f78726b4eb,SNOMED-CT,224299000,Received higher education (finding)
1988-10-23,,6c336b6f-4647-45ef-a6a6-3441b20657e2,3714455e-26a3-12f6-e885-61fd869ca012,SNOMED-CT,428251008,History of appendectomy
1992-01-31,,6c336b6f-4647-45ef-a6a6-3441b20657e2,bf04239b-a9c4-3fc6-ca17-a84c7e89af64,SNOMED-CT,275272006,Brain damage - traumatic
2012-02-24,2023-03-31,8192ac22-0995-7d3a-1b59-ad21fa05d67a,18aa7550-b00a-3fd3-d7c5-65bcbec8c39f,SNOMED-CT,1172608001,Accretion on tooth
1992-05-04,,6c336b6f-4647-45ef-a6a6-3441b20657e2,d5c1a70c-addd-417b-4ea6-852d435d1f92,SNOMED-CT,161744009,Past pregnancy history of miscarriage (situation)
2015-03-13,2023-03-31,8192ac22-0995-7d3a-1b59-ad21fa05d67a,1eddd455-0d1d-0990-e7a6-b3d174fb9cec,SNOMED-CT,80967001,Dental caries
1994-09-25,,6c336b6f-4647-45ef-a6a6-3441b20657e2,3866068b-c60b-c548-e8f3-56497b803061,SNOMED-CT,66383009,Gingivitis (disorder)
1997-09-28,,6c336b6f-4647-45ef-a6a6-3441b20657e2,81445f0e-ec13-fe4b-276f-560760ee5ac7,SNOMED-CT,59621000,Essential hypertension (disorder)
1997-09-28,,6c336b6f-4647-45ef-a6a6-3441b20657e2,81445f0e-ec13-fe4b-276f-560760ee5ac7,SNOMED-CT,446654005,Refugee (person)
1998-10-04,,6c336b6f-4647-45ef-a6a6-3441b20657e2,1cb0c181-33bb-279a-6bd6-109c1fefe581,SNOMED-CT,162864005,Body mass index 30+ - obesity (finding)
1998-10-18,2024-03-10,6c336b6f-4647-45ef-a6a6-3441b20657e2,e9f5f7ee-7967-1061-8349-6578b49536b2,ICD10,S02.5XXA,Fracture of tooth (traumatic)  initial encounter for closed fracture
2005-04-04,,6c336b6f-4647-45ef-a6a6-3441b20657e2,39446373-e6d4-31be-3ec4-a69e39c7c3f6,SNOMED-CT,267020005,History of tubal ligation (situation)
2022-08-21,2023-02-19,6c336b6f-4647-45ef-a6a6-3441b20657e2,6f14a1a8-a15a-443c-06b1-b81d299261a0,SNOMED-CT,160903007,Full-time employment (finding)
2023-02-19,2023-02-19,6c336b6f-4647-45ef-a6a6-3441b20657e2,78dda9bb-c53b-1998-70d8-c6f1ac901c9f,SNOMED-CT,314529007,Medication review due (situation)
2023-02-19,2023-09-24,6c336b6f-4647-45ef-a6a6-3441b20657e2,78dda9bb-c53b-1998-70d8-c6f1ac901c9f,SNOMED-CT,160904001,Part-time employment (finding)
2023-02-19,2023-09-24,6c336b6f-4647-45ef-a6a6-3441b20657e2,78dda9bb-c53b-1998-70d8-c6f1ac901c9f,SNOMED-CT,73595000,Stress (finding)
2025-01-20,2025-01-30,a45283db-c3ad-8377-de1c-571b3c15a163,3d6aece2-c20f-0858-ad1e-a6bb3f76db12,SNOMED-CT,43878008,Streptococcal sore throat (disorder)
2025-04-18,,a2207c71-4aba-4c37-25c3-105cf692d053,375c86c7-bb65-39cb-f965-1fe1ec2132f3,SNOMED-CT,314529007,Medication review due (situation)
1986-07-30,2024-04-17,38cc48b8-cb44-1e20-32e8-5b7e5d4bae20,a20faea0-423d-d0fa-f93e-ae2a211a5999,SNOMED-CT,422650009,Social isolation (finding)
1996-02-21,,38cc48b8-cb44-1e20-32e8-5b7e5d4bae20,b5ba0a0d-0357-f2be-3f0b-9ac54843f1f3,SNOMED-CT,40055000,Chronic sinusitis (disorder)
1997-07-24,,38cc48b8-cb44-1e20-32e8-5b7e5d4bae20,490562bb-121c-3977-9381-c07fcac3495b,SNOMED-CT,161744009,Past pregnancy history of miscarriage (situation)
2001-08-14,,38cc48b8-cb44-1e20-32e8-5b7e5d4bae20,aad5149c-6ade-d3d4-d86d-f962f8be010c,SNOMED-CT,162864005,Body mass index 30+ - obesity (finding)
2012-07-31,,38cc48b8-cb44-1e20-32e8-5b7e5d4bae20,ebc9a4f3-2480-454e-af4f-dd5ed4e91711,SNOMED-CT,91302008,Sepsis (disorder)
2014-02-06,,38cc48b8-cb44-1e20-32e8-5b7e5d4bae20,14761f43-0f72-cfb8-e631-e8cefa235e47,SNOMED-CT,82423001,Chronic pain (finding)
2014-02-06,,38cc48b8-cb44-1e20-32e8-5b7e5d4bae20,14761f43-0f72-cfb8-e631-e8cefa235e47,SNOMED-CT,278860009,Chronic low back pain (finding)
2019-04-02,2024-05-01,38cc48b8-cb44-1e20-32e8-5b7e5d4bae20,f8eeb420-7bc9-59ac-c92d-0347b5a61981,SNOMED-CT,235104008,Impacted tooth
2025-03-15,2025-03-15,0e7809bd-be4e-ed66-9589-9253b729e37b,bec105f9-58b8-8ac9-e715-9415c646a62f,SNOMED-CT,314529007,Medication review due (situation)
2016-03-04,,8192ac22-0995-7d3a-1b59-ad21fa05d67a,9c9e10e6-e8cf-5946-d89e-773e94902ac6,SNOMED-CT,105531004,Housing unsatisfactory (finding)
2016-03-04,,8192ac22-0995-7d3a-1b59-ad21fa05d67a,9c9e10e6-e8cf-5946-d89e-773e94902ac6,SNOMED-CT,224299000,Received higher education (finding)
2016-03-04,,8192ac22-0995-7d3a-1b59-ad21fa05d67a,9c9e10e6-e8cf-5946-d89e-773e94902ac6,SNOMED-CT,266934004,Transport problem (finding)
2020-03-13,2023-03-17,8192ac22-0995-7d3a-1b59-ad21fa05d67a,3315a8fd-4e41-bcc5-f672-b52fba726183,SNOMED-CT,314529007,Medication review due (situation)
2020-03-13,2023-03-17,8192ac22-0995-7d3a-1b59-ad21fa05d67a,3315a8fd-4e41-bcc5-f672-b52fba726183,SNOMED-CT,741062008,Not in labor force (finding)
2020-03-13,2023-03-17,8192ac22-0995-7d3a-1b59-ad21fa05d67a,3315a8fd-4e41-bcc5-f672-b52fba726183,SNOMED-CT,73595000,Stress (finding)
2023-03-05,2024-03-10,6c336b6f-4647-45ef-a6a6-3441b20657e2,ea741514-328a-babb-705d-e910e479249a,ICD10,K02.9,Dental caries  unspecified
2024-03-26,2024-04-02,b0fc3374-c40b-8591-0cc4-d6ffc383e5a4,b8e78d7b-663f-8ac8-bb2d-35fcf91bb013,SNOMED-CT,314529007,Medication review due (situation)
2024-03-26,2024-06-18,b0fc3374-c40b-8591-0cc4-d6ffc383e5a4,b8e78d7b-663f-8ac8-bb2d-35fcf91bb013,SNOMED-CT,160904001,Part-time employment (finding)
2020-03-24,,38cc48b8-cb44-1e20-32e8-5b7e5d4bae20,6986509f-4b96-6905-540b-8e4169b464e1,SNOMED-CT,55822004,Hyperlipidemia
2020-03-25,2023-02-01,38cc48b8-cb44-1e20-32e8-5b7e5d4bae20,6986509f-4b96-6905-540b-8e4169b464e1,SNOMED-CT,423315002,Limited social contact (finding)
2020-03-25,,38cc48b8-cb44-1e20-32e8-5b7e5d4bae20,6986509f-4b96-6905-540b-8e4169b464e1,SNOMED-CT,706893006,Victim of intimate partner abuse (finding)
2025-02-01,2025-09-20,e75db126-8dde-60d4-e111-cc2b4a619726,80da9489-7f80-1710-2d8d-a4bb9618b03b,SNOMED-CT,72892002,Normal pregnancy
2023-07-30,2023-07-30,655a5138-756a-96c7-5817-488df07b7be7,63cbe543-3956-5d70-94a3-937e1023066b,SNOMED-CT,314529007,Medication review due (situation)
2023-07-30,2023-08-06,655a5138-756a-96c7-5817-488df07b7be7,63cbe543-3956-5d70-94a3-937e1023066b,SNOMED-CT,66383009,Gingivitis (disorder)
2022-04-06,2023-02-01,38cc48b8-cb44-1e20-32e8-5b7e5d4bae20,9ebf662f-9947-af23-e92f-858041eac075,SNOMED-CT,741062008,Not in labor force (finding)
2022-04-06,2023-04-12,38cc48b8-cb44-1e20-32e8-5b7e5d4bae20,9ebf662f-9947-af23-e92f-858041eac075,SNOMED-CT,73595000,Stress (finding)
2025-09-11,2025-09-11,d67aaf0a-104d-0854-69b7-24e7894c7e9e,40af8254-c182-747c-0e23-11583577d277,ICD10,K02.9,Dental caries  unspecified
2025-11-21,2025-12-04,a2207c71-4aba-4c37-25c3-105cf692d053,418dee57-bea1-c8b3-51bb-c2f13a084299,SNOMED-CT,195662009,Acute viral pharyngitis (disorder)
2023-03-17,,8192ac22-0995-7d3a-1b59-ad21fa05d67a,d4ebcc56-29b7-e8f0-00c7-334492ca46cb,SNOMED-CT,59621000,Essential hypertension (disorder)
2023-03-17,,8192ac22-0995-7d3a-1b59-ad21fa05d67a,d4ebcc56-29b7-e8f0-00c7-334492ca46cb,SNOMED-CT,160903007,Full-time employment (finding)
2023-03-17,,8192ac22-0995-7d3a-1b59-ad21fa05d67a,d4ebcc56-29b7-e8f0-00c7-334492ca46cb,SNOMED-CT,713458007,Lack of access to transportation (finding)
2023-03-17,2023-03-31,8192ac22-0995-7d3a-1b59-ad21fa05d67a,d4ebcc56-29b7-e8f0-00c7-334492ca46cb,SNOMED-CT,66383009,Gingivitis (disorder)
2023-01-31,2023-01-31,38cc48b8-cb44-1e20-32e8-5b7e5d4bae20,30713ef5-a882-41ee-cfa0-ea2b97fca26c,SNOMED-CT,314529007,Medication review due (situation)
2023-02-01,2024-04-17,38cc48b8-cb44-1e20-32e8-5b7e5d4bae20,30713ef5-a882-41ee-cfa0-ea2b97fca26c,SNOMED-CT,160903007,Full-time employment (finding)
2023-04-13,2024-09-08,5e30f14c-15ab-b668-fb6f-03fb3c3f4e66,c1e47c88-e03f-a42d-9fc1-e24176fe3587,SNOMED-CT,68496003,Polyp of colon
2023-06-15,2024-06-20,5e30f14c-15ab-b668-fb6f-03fb3c3f4e66,20af02f0-bfb1-c1ef-5ce1-32a69ccfe6b1,SNOMED-CT,160904001,Part-time employment (finding)
2023-08-06,2024-09-22,655a5138-756a-96c7-5817-488df07b7be7,823232cc-deb1-c708-27d4-d652f97c2740,SNOMED-CT,235104008,Impacted tooth
2023-08-13,2023-08-21,655a5138-756a-96c7-5817-488df07b7be7,916a7f3f-27c7-dbf8-40e2-f055966cb8ce,SNOMED-CT,444814009,Viral sinusitis (disorder)
2024-04-07,2024-09-15,655a5138-756a-96c7-5817-488df07b7be7,06095487-e999-fef5-c8e5-c585d1f33d9c,SNOMED-CT,314529007,Medication review due (situation)
2024-08-30,2024-09-09,655a5138-756a-96c7-5817-488df07b7be7,a070742f-141b-6380-c66a-bd50d9cb665d,SNOMED-CT,43878008,Streptococcal sore throat (disorder)
2024-09-08,2024-09-22,655a5138-756a-96c7-5817-488df07b7be7,fe5f1a6b-1059-303d-e5bb-d742a6c14a45,SNOMED-CT,66383009,Gingivitis (disorder)
2023-09-24,2023-09-24,6c336b6f-4647-45ef-a6a6-3441b20657e2,6871e9aa-395d-fc53-7b9d-2b74590488eb,SNOMED-CT,314529007,Medication review due (situation)
2023-09-24,,6c336b6f-4647-45ef-a6a6-3441b20657e2,6871e9aa-395d-fc53-7b9d-2b74590488eb,SNOMED-CT,160903007,Full-time employment (finding)
2025-11-29,,2e23caa4-d831-1f47-c522-0518bab7bd3d,ef374790-6139-d5ba-2c3b-45b0667c1fed,SNOMED-CT,160903007,Full-time employment (finding)
2025-11-29,,2e23caa4-d831-1f47-c522-0518bab7bd3d,ef374790-6139-d5ba-2c3b-45b0667c1fed,SNOMED-CT,73595000,Stress (finding)
2025-08-16,2025-09-20,e75db126-8dde-60d4-e111-cc2b4a619726,51a0a092-0b58-2538-38a8-349bfe940ef9,SNOMED-CT,198992004,Antepartum eclampsia
2025-08-30,,e75db126-8dde-60d4-e111-cc2b4a619726,08ba9450-6e83-f285-b538-c453ca62817a,SNOMED-CT,160903007,Full-time employment (finding)
2025-08-30,,e75db126-8dde-60d4-e111-cc2b4a619726,08ba9450-6e83-f285-b538-c453ca62817a,SNOMED-CT,73595000,Stress (finding)
2023-10-01,2023-10-21,6c336b6f-4647-45ef-a6a6-3441b20657e2,45e93a9e-df49-a369-0e46-a3b94b50d0be,SNOMED-CT,10509002,Acute bronchitis (disorder)
2023-02-07,2023-02-20,38cc48b8-cb44-1e20-32e8-5b7e5d4bae20,3af9418d-680b-9424-30dd-9541c66589a2,SNOMED-CT,444814009,Viral sinusitis (disorder)
2023-02-14,2024-05-01,38cc48b8-cb44-1e20-32e8-5b7e5d4bae20,9c6e1b9a-29f0-4e36-8a8e-f1e17a2d3e18,SNOMED-CT,718052004,Asymptomatic periapical periodontitis
2023-02-14,2023-04-26,38cc48b8-cb44-1e20-32e8-5b7e5d4bae20,9c6e1b9a-29f0-4e36-8a8e-f1e17a2d3e18,SNOMED-CT,80967001,Dental caries
2024-06-20,,5e30f14c-15ab-b668-fb6f-03fb3c3f4e66,5ed0b762-6646-1f77-2b0f-3f5b56a22bd2,SNOMED-CT,741062008,Not in labor force (finding)
2024-06-20,2025-06-26,5e30f14c-15ab-b668-fb6f-03fb3c3f4e66,5ed0b762-6646-1f77-2b0f-3f5b56a22bd2,SNOMED-CT,423315002,Limited social contact (finding)
2001-06-12,2023-07-25,aa377b5c-a450-4f4b-92ce-e7f26cee10da,532573be-d6d2-801b-d44e-11aa57259f03,SNOMED-CT,1086001000119108,Dental caries on smooth surface penetrating into pulp
2004-06-15,,aa377b5c-a450-4f4b-92ce-e7f26cee10da,80c42c24-5fda-71d0-1339-f24878fdbecb,SNOMED-CT,224299000,Received higher education (finding)
2020-07-07,2023-07-11,aa377b5c-a450-4f4b-92ce-e7f26cee10da,0661fbb6-1d6d-def6-21bd-530fb3755a82,SNOMED-CT,160904001,Part-time employment (finding)
2023-02-09,2023-02-23,aa377b5c-a450-4f4b-92ce-e7f26cee10da,57515d60-6441-d029-8e2c-1f8e2ecc8e3e,SNOMED-CT,43878008,Streptococcal sore throat (disorder)
2025-04-13,2025-08-17,655a5138-756a-96c7-5817-488df07b7be7,31e9a3b0-753d-4240-54ea-d4f8a53a2ab7,SNOMED-CT,314529007,Medication review due (situation)
2023-07-11,,aa377b5c-a450-4f4b-92ce-e7f26cee10da,a16b2355-bee6-68a7-8ece-da2ca144b371,SNOMED-CT,314529007,Medication review due (situation)
2023-07-11,,aa377b5c-a450-4f4b-92ce-e7f26cee10da,a16b2355-bee6-68a7-8ece-da2ca144b371,SNOMED-CT,160903007,Full-time employment (finding)
2023-07-11,2023-07-25,aa377b5c-a450-4f4b-92ce-e7f26cee10da,a16b2355-bee6-68a7-8ece-da2ca144b371,SNOMED-CT,66383009,Gingivitis (disorder)
2023-04-11,2023-04-11,38cc48b8-cb44-1e20-32e8-5b7e5d4bae20,c59a404f-85ae-b00f-a0f6-1d0e44c53a9f,SNOMED-CT,314529007,Medication review due (situation)
2023-04-12,,38cc48b8-cb44-1e20-32e8-5b7e5d4bae20,c59a404f-85ae-b00f-a0f6-1d0e44c53a9f,SNOMED-CT,80583007,Severe anxiety (panic) (finding)
2023-04-12,2023-04-26,38cc48b8-cb44-1e20-32e8-5b7e5d4bae20,c59a404f-85ae-b00f-a0f6-1d0e44c53a9f,SNOMED-CT,66383009,Gingivitis (disorder)
2024-02-25,,6c336b6f-4647-45ef-a6a6-3441b20657e2,e07e15eb-78a5-57e6-58cb-2197ca79226f,SNOMED-CT,314529007,Medication review due (situation)
2024-02-25,2025-03-02,6c336b6f-4647-45ef-a6a6-3441b20657e2,e07e15eb-78a5-57e6-58cb-2197ca79226f,SNOMED-CT,422650009,Social isolation (finding)
2024-02-25,2025-03-02,6c336b6f-4647-45ef-a6a6-3441b20657e2,e07e15eb-78a5-57e6-58cb-2197ca79226f,SNOMED-CT,73595000,Stress (finding)
2015-08-06,2023-09-28,269dae0e-5e12-f290-fc7b-72f06ac733a2,18bf796f-0b55-7491-246c-cbdd3fe0ff00,SNOMED-CT,234949000,Tooth eruption disorder
2025-12-13,2025-12-13,2e23caa4-d831-1f47-c522-0518bab7bd3d,5b884f7c-246e-6625-ad99-ded849f4117d,SNOMED-CT,314529007,Medication review due (situation)
2024-03-22,2025-03-28,8192ac22-0995-7d3a-1b59-ad21fa05d67a,c6e07fd2-5fd8-051f-ab9a-cb0636611af3,SNOMED-CT,314529007,Medication review due (situation)
2024-03-22,,8192ac22-0995-7d3a-1b59-ad21fa05d67a,c6e07fd2-5fd8-051f-ab9a-cb0636611af3,SNOMED-CT,431855005,Chronic kidney disease stage 1 (disorder)
2024-03-22,,8192ac22-0995-7d3a-1b59-ad21fa05d67a,c6e07fd2-5fd8-051f-ab9a-cb0636611af3,SNOMED-CT,127013003,Disorder of kidney due to diabetes mellitus (disorder)
2024-03-22,2025-03-28,8192ac22-0995-7d3a-1b59-ad21fa05d67a,c6e07fd2-5fd8-051f-ab9a-cb0636611af3,SNOMED-CT,73595000,Stress (finding)
2024-03-22,2025-03-28,8192ac22-0995-7d3a-1b59-ad21fa05d67a,c6e07fd2-5fd8-051f-ab9a-cb0636611af3,SNOMED-CT,706893006,Victim of intimate partner abuse (finding)
2025-06-26,2025-06-26,5e30f14c-15ab-b668-fb6f-03fb3c3f4e66,bc78ff90-bff2-2744-cdc8-283910790a96,SNOMED-CT,314529007,Medication review due (situation)
2025-06-26,,5e30f14c-15ab-b668-fb6f-03fb3c3f4e66,bc78ff90-bff2-2744-cdc8-283910790a96,SNOMED-CT,73595000,Stress (finding)
2022-09-08,,269dae0e-5e12-f290-fc7b-72f06ac733a2,24315ec7-7b82-9859-2380-2abd2df48ca8,SNOMED-CT,314529007,Medication review due (situation)
2024-04-16,2024-06-18,38cc48b8-cb44-1e20-32e8-5b7e5d4bae20,8311dc4e-e7dd-c2ac-8412-6b5748f7b56d,SNOMED-CT,314529007,Medication review due (situation)
2024-04-17,2025-04-23,38cc48b8-cb44-1e20-32e8-5b7e5d4bae20,8311dc4e-e7dd-c2ac-8412-6b5748f7b56d,SNOMED-CT,160904001,Part-time employment (finding)
2024-06-18,2024-06-18,b0fc3374-c40b-8591-0cc4-d6ffc383e5a4,3ee5f524-d216-9c70-e6d6-c82ebcff8592,SNOMED-CT,314529007,Medication review due (situation)
2024-06-18,,b0fc3374-c40b-8591-0cc4-d6ffc383e5a4,3ee5f524-d216-9c70-e6d6-c82ebcff8592,SNOMED-CT,433144002,Chronic kidney disease stage 3 (disorder)
2024-06-18,2024-08-13,b0fc3374-c40b-8591-0cc4-d6ffc383e5a4,3ee5f524-d216-9c70-e6d6-c82ebcff8592,SNOMED-CT,160903007,Full-time employment (finding)
2024-06-18,2024-07-30,b0fc3374-c40b-8591-0cc4-d6ffc383e5a4,3ee5f524-d216-9c70-e6d6-c82ebcff8592,SNOMED-CT,73595000,Stress (finding)
2024-06-18,2024-07-02,b0fc3374-c40b-8591-0cc4-d6ffc383e5a4,3ee5f524-d216-9c70-e6d6-c82ebcff8592,SNOMED-CT,66383009,Gingivitis (disorder)
2017-01-29,2024-03-17,11a322cd-c96f-9aec-e8ca-559c636f977f,6370db1f-45e7-c5b1-056a-8472e716e8da,SNOMED-CT,31642005,Acute gingivitis
2021-02-14,2023-02-26,11a322cd-c96f-9aec-e8ca-559c636f977f,771c5a91-8c7c-8982-59f9-048f2a0234b4,SNOMED-CT,314529007,Medication review due (situation)
2022-02-27,2025-03-23,11a322cd-c96f-9aec-e8ca-559c636f977f,6a79d2ac-9f39-83c5-1bc8-7708e6c76cc2,SNOMED-CT,5689008,Chronic periodontitis
2025-12-20,2025-12-20,2e23caa4-d831-1f47-c522-0518bab7bd3d,a564387f-6b3a-2288-7f94-8172ead901e5,SNOMED-CT,314529007,Medication review due (situation)
2023-03-04,2023-03-19,269dae0e-5e12-f290-fc7b-72f06ac733a2,56c4483d-706f-acd7-b53b-56b3fad62b55,SNOMED-CT,312608009,Laceration - injury (disorder)
2023-03-04,2023-03-19,269dae0e-5e12-f290-fc7b-72f06ac733a2,56c4483d-706f-acd7-b53b-56b3fad62b55,SNOMED-CT,370247008,Facial laceration
2024-04-30,2024-05-01,38cc48b8-cb44-1e20-32e8-5b7e5d4bae20,881d5393-5b6b-df75-a874-6b7bb5ced3fd,SNOMED-CT,31642005,Acute gingivitis
2024-04-30,2024-05-01,38cc48b8-cb44-1e20-32e8-5b7e5d4bae20,881d5393-5b6b-df75-a874-6b7bb5ced3fd,SNOMED-CT,80967001,Dental caries
2023-03-26,2023-04-05,269dae0e-5e12-f290-fc7b-72f06ac733a2,7d61aee6-01db-a974-3311-39f214f11ccf,SNOMED-CT,195662009,Acute viral pharyngitis (disorder)
2006-05-20,,f3aa70e2-d777-e5ba-288f-aa5469241c9d,d681eb43-6673-dae5-ffe4-39497f1bf23d,SNOMED-CT,224295006,Only received primary school education (finding)
2023-12-16,2023-12-17,269dae0e-5e12-f290-fc7b-72f06ac733a2,9c56169e-1397-4b4e-91ba-a9b6280350dd,SNOMED-CT,307426000,Acute infective cystitis (disorder)
2024-06-25,2024-06-25,b0fc3374-c40b-8591-0cc4-d6ffc383e5a4,642e279a-8632-2afe-76fa-c19f14c9045c,SNOMED-CT,314529007,Medication review due (situation)
2024-06-08,2024-06-19,38cc48b8-cb44-1e20-32e8-5b7e5d4bae20,1c75c51e-1318-a1d1-9285-ee6e85f47a8e,SNOMED-CT,10509002,Acute bronchitis (disorder)
2023-10-29,2023-11-05,11a322cd-c96f-9aec-e8ca-559c636f977f,b383e80a-8578-3222-e77e-4cc0557b6a75,SNOMED-CT,43878008,Streptococcal sore throat (disorder)
2024-01-13,2024-01-30,11a322cd-c96f-9aec-e8ca-559c636f977f,36d1fe5c-a557-2587-5996-aea1126fd659,SNOMED-CT,10509002,Acute bronchitis (disorder)
2016-06-04,2025-06-14,f3aa70e2-d777-e5ba-288f-aa5469241c9d,15f74214-d8e3-fad1-8cf3-4e8aaa0c0f77,SNOMED-CT,314529007,Medication review due (situation)
2024-06-19,2025-04-23,38cc48b8-cb44-1e20-32e8-5b7e5d4bae20,ee0de892-3ad8-a2a2-2432-73813e3707f0,SNOMED-CT,73595000,Stress (finding)
1990-02-04,,fa8ebd26-039c-07a4-2810-447bb8e48f3e,facff451-3cb8-41c5-9155-3017e0513f4c,SNOMED-CT,196416002,Impacted molars
2024-06-25,2025-04-29,38cc48b8-cb44-1e20-32e8-5b7e5d4bae20,7c6d7153-b2e9-5bc3-4e3a-db635be36aa6,SNOMED-CT,314529007,Medication review due (situation)
2025-04-23,,38cc48b8-cb44-1e20-32e8-5b7e5d4bae20,6cff72ad-9193-23a3-c484-433708b8f86f,SNOMED-CT,160903007,Full-time employment (finding)
2022-09-10,,086267ff-6e39-78b5-c0a2-1b60509bcd0b,9f65ee19-7b0e-e407-b0b3-8859adfc6383,SNOMED-CT,314529007,Medication review due (situation)
2017-10-30,,f3aa70e2-d777-e5ba-288f-aa5469241c9d,dff09f37-56d4-8bf7-daea-5079b8e5a1d2,SNOMED-CT,161744009,Past pregnancy history of miscarriage (situation)
1990-05-10,,fa8ebd26-039c-07a4-2810-447bb8e48f3e,d8c14142-ce74-a0dd-7b57-304a6ddcc94c,SNOMED-CT,82423001,Chronic pain
2019-06-08,2025-06-14,f3aa70e2-d777-e5ba-288f-aa5469241c9d,8075931f-fd7f-e650-f20f-2e1320c7b71c,SNOMED-CT,160903007,Full-time employment (finding)
1990-12-28,,fa8ebd26-039c-07a4-2810-447bb8e48f3e,e3c22419-4fe6-33c3-1d76-7c32291c399c,SNOMED-CT,5251000175109,Received certificate of high school equivalency (finding)
1991-10-06,,fa8ebd26-039c-07a4-2810-447bb8e48f3e,ccf44402-b753-385f-d410-be1508009b99,SNOMED-CT,124171000119105,Chronic intractable migraine without aura
1995-01-06,,fa8ebd26-039c-07a4-2810-447bb8e48f3e,01189827-ee89-b63f-6d3d-b20258512fc3,SNOMED-CT,162864005,Body mass index 30+ - obesity (finding)
2020-11-07,,f3aa70e2-d777-e5ba-288f-aa5469241c9d,0dd26f4b-cf78-0be8-b24f-5ff9fd4b739d,SNOMED-CT,422650009,Social isolation (finding)
2024-03-03,2024-03-03,11a322cd-c96f-9aec-e8ca-559c636f977f,92b22e42-929a-66e5-c994-fb655ec03177,SNOMED-CT,314529007,Medication review due (situation)
2024-03-03,,11a322cd-c96f-9aec-e8ca-559c636f977f,92b22e42-929a-66e5-c994-fb655ec03177,SNOMED-CT,160968000,Risk activity involvement (finding)
2024-03-03,2024-03-17,11a322cd-c96f-9aec-e8ca-559c636f977f,92b22e42-929a-66e5-c994-fb655ec03177,SNOMED-CT,66383009,Gingivitis (disorder)
1995-01-20,2024-04-05,fa8ebd26-039c-07a4-2810-447bb8e48f3e,6ad9aae5-4737-f252-4598-2c9cd1f6044a,SNOMED-CT,31642005,Acute gingivitis
2022-06-11,,f3aa70e2-d777-e5ba-288f-aa5469241c9d,69929ca8-0910-be4a-87b3-48c27874c56e,SNOMED-CT,423315002,Limited social contact (finding)
2025-08-24,2025-09-10,655a5138-756a-96c7-5817-488df07b7be7,ff848b10-c8ce-5172-4c09-acdbdd4b57ef,SNOMED-CT,10509002,Acute bronchitis (disorder)
2023-09-16,2023-09-23,086267ff-6e39-78b5-c0a2-1b60509bcd0b,3dfc9da2-40a8-d458-3ee3-22b1976c6a82,SNOMED-CT,66383009,Gingivitis (disorder)
1997-12-03,,fa8ebd26-039c-07a4-2810-447bb8e48f3e,2c068eaa-bf8c-afa2-3d59-04de9024dfe4,SNOMED-CT,6525002,Dependent drug abuse (disorder)
2007-01-19,,fa8ebd26-039c-07a4-2810-447bb8e48f3e,186c9626-f645-5e9b-4194-75261cdf42e3,SNOMED-CT,59621000,Essential hypertension (disorder)
2008-07-18,,fa8ebd26-039c-07a4-2810-447bb8e48f3e,c5f7b409-6424-5fc7-2ba3-435194617b84,SNOMED-CT,431855005,Chronic kidney disease stage 1 (disorder)
2008-07-18,,fa8ebd26-039c-07a4-2810-447bb8e48f3e,c5f7b409-6424-5fc7-2ba3-435194617b84,SNOMED-CT,127013003,Disorder of kidney due to diabetes mellitus (disorder)
2023-09-23,2025-10-11,086267ff-6e39-78b5-c0a2-1b60509bcd0b,333d3751-0272-fa5d-c3cd-4698afe601fc,SNOMED-CT,80967001,Dental caries
2023-12-04,2023-12-14,086267ff-6e39-78b5-c0a2-1b60509bcd0b,e8e87606-b390-8207-2c56-ca3247889e86,SNOMED-CT,43878008,Streptococcal sore throat (disorder)
2025-12-27,2025-12-27,2e23caa4-d831-1f47-c522-0518bab7bd3d,0092ffad-8100-b8e3-2562-1dc53fdadfcc,SNOMED-CT,314529007,Medication review due (situation)
2024-08-10,2025-11-08,086267ff-6e39-78b5-c0a2-1b60509bcd0b,b13c61aa-c8ab-95ce-4194-76e1bad6c9c2,SNOMED-CT,192127007,Child attention deficit disorder
2025-06-20,2025-07-08,8192ac22-0995-7d3a-1b59-ad21fa05d67a,fd839661-0d6b-6908-5493-0e687a72a65b,SNOMED-CT,72892002,Normal pregnancy
2025-05-06,2025-05-23,38cc48b8-cb44-1e20-32e8-5b7e5d4bae20,43aadd74-ae17-b83f-759a-b7799e2cffa5,SNOMED-CT,10509002,Acute bronchitis (disorder)
2025-06-20,2025-07-08,8192ac22-0995-7d3a-1b59-ad21fa05d67a,fd839661-0d6b-6908-5493-0e687a72a65b,SNOMED-CT,19169002,Miscarriage in first trimester
2025-06-20,2025-07-08,8192ac22-0995-7d3a-1b59-ad21fa05d67a,fd839661-0d6b-6908-5493-0e687a72a65b,SNOMED-CT,156073000,Complete miscarriage (disorder)
2008-08-22,,fa8ebd26-039c-07a4-2810-447bb8e48f3e,3729b2b5-4c8d-9e44-1cf0-738e48b56fcb,SNOMED-CT,267020005,History of tubal ligation (situation)
2025-07-08,,8192ac22-0995-7d3a-1b59-ad21fa05d67a,d7c1195c-f283-7ebb-54eb-09991f058a2b,SNOMED-CT,161744009,Past pregnancy history of miscarriage (situation)
2024-09-21,2024-10-05,086267ff-6e39-78b5-c0a2-1b60509bcd0b,89e5bc1f-931d-7619-82b1-5b8cbad62c97,SNOMED-CT,66383009,Gingivitis (disorder)
2009-01-30,,fa8ebd26-039c-07a4-2810-447bb8e48f3e,ef66a23c-556a-6c39-e285-97f21327a0cc,SNOMED-CT,431856006,Chronic kidney disease stage 2 (disorder)
2009-01-30,,fa8ebd26-039c-07a4-2810-447bb8e48f3e,ef66a23c-556a-6c39-e285-97f21327a0cc,SNOMED-CT,90781000119102,Microalbuminuria due to type 2 diabetes mellitus (disorder)
2010-06-11,,fa8ebd26-039c-07a4-2810-447bb8e48f3e,bdc8e38f-5f4a-9041-b898-b9d5b18783d6,SNOMED-CT,433144002,Chronic kidney disease stage 3 (disorder)
2010-06-11,,fa8ebd26-039c-07a4-2810-447bb8e48f3e,bdc8e38f-5f4a-9041-b898-b9d5b18783d6,SNOMED-CT,157141000119108,Proteinuria due to type 2 diabetes mellitus (disorder)
2020-06-19,,fa8ebd26-039c-07a4-2810-447bb8e48f3e,44ac4fac-9983-64dd-2b66-ec100c1c09bd,SNOMED-CT,239873007,Osteoarthritis of knee
2022-01-14,2025-11-21,fa8ebd26-039c-07a4-2810-447bb8e48f3e,5380489a-7c12-0c19-112d-d19da5e68752,SNOMED-CT,5689008,Chronic periodontitis
2025-08-24,2025-08-24,655a5138-756a-96c7-5817-488df07b7be7,c5a412b2-69bf-d134-28cc-5ac9f84657c7,SNOMED-CT,234949000,Tooth eruption disorder
2022-09-16,2023-10-06,fa8ebd26-039c-07a4-2810-447bb8e48f3e,22b4295f-de69-d4b0-342c-95cf06164353,SNOMED-CT,80967001,Dental caries
2022-11-11,2023-11-10,fa8ebd26-039c-07a4-2810-447bb8e48f3e,c3d7ebb3-f1fd-d0da-bf86-f3809053378e,SNOMED-CT,234949000,Tooth eruption disorder
2022-12-02,2023-06-30,fa8ebd26-039c-07a4-2810-447bb8e48f3e,dfb4252f-c19a-f58c-5cef-a96a3be2d51b,SNOMED-CT,73595000,Stress (finding)
2022-12-30,2023-06-30,fa8ebd26-039c-07a4-2810-447bb8e48f3e,3a5d7764-190e-e645-c399-d6503d316ac5,SNOMED-CT,160903007,Full-time employment (finding)
2022-12-30,2023-02-24,fa8ebd26-039c-07a4-2810-447bb8e48f3e,3a5d7764-190e-e645-c399-d6503d316ac5,SNOMED-CT,706893006,Victim of intimate partner abuse (finding)
2025-10-17,2025-11-11,8192ac22-0995-7d3a-1b59-ad21fa05d67a,fa51c3b4-edd9-6ab0-4ef2-874f16cdf12c,SNOMED-CT,72892002,Normal pregnancy
2023-01-06,2023-01-06,fa8ebd26-039c-07a4-2810-447bb8e48f3e,c7164e1b-a5a8-5f0c-b9b1-32d603e6aabb,SNOMED-CT,314529007,Medication review due (situation)
2025-03-09,2025-03-09,11a322cd-c96f-9aec-e8ca-559c636f977f,355e4e12-8c73-f2e3-f55b-513c5080355e,SNOMED-CT,314529007,Medication review due (situation)
2024-07-30,2024-07-30,b0fc3374-c40b-8591-0cc4-d6ffc383e5a4,de4989c9-4e58-f8cb-7ce6-5502ad49302d,SNOMED-CT,314529007,Medication review due (situation)
2023-02-24,2023-02-24,fa8ebd26-039c-07a4-2810-447bb8e48f3e,416223aa-2927-06fa-e249-14610161e1e3,SNOMED-CT,314529007,Medication review due (situation)
2023-02-24,2023-03-31,fa8ebd26-039c-07a4-2810-447bb8e48f3e,416223aa-2927-06fa-e249-14610161e1e3,SNOMED-CT,80583007,Severe anxiety (panic) (finding)
2025-03-23,2025-03-23,11a322cd-c96f-9aec-e8ca-559c636f977f,6a2bf965-cff3-6851-2c3c-07cd385fcf77,SNOMED-CT,1172608001,Accretion on tooth
2025-03-23,2025-03-23,11a322cd-c96f-9aec-e8ca-559c636f977f,6a2bf965-cff3-6851-2c3c-07cd385fcf77,SNOMED-CT,31642005,Acute gingivitis
2024-08-06,2024-08-06,b0fc3374-c40b-8591-0cc4-d6ffc383e5a4,90b6d19a-cad8-d118-b609-64dcfcab9c66,SNOMED-CT,314529007,Medication review due (situation)
2023-03-31,2023-03-31,fa8ebd26-039c-07a4-2810-447bb8e48f3e,4e3e2c84-e786-a882-7652-4840964154cd,SNOMED-CT,314529007,Medication review due (situation)
2024-08-31,,269dae0e-5e12-f290-fc7b-72f06ac733a2,62b80ed6-895d-45b2-2c89-7cb39856bd59,SNOMED-CT,82423001,Chronic pain (finding)
2024-08-31,,269dae0e-5e12-f290-fc7b-72f06ac733a2,62b80ed6-895d-45b2-2c89-7cb39856bd59,SNOMED-CT,278860009,Chronic low back pain (finding)
2024-08-31,,269dae0e-5e12-f290-fc7b-72f06ac733a2,62b80ed6-895d-45b2-2c89-7cb39856bd59,SNOMED-CT,1121000119107,Chronic neck pain (finding)
2023-07-08,2024-02-10,f3aa70e2-d777-e5ba-288f-aa5469241c9d,67f8c279-8721-353a-c921-42ea97df6466,SNOMED-CT,72892002,Normal pregnancy
2025-09-27,2025-10-11,086267ff-6e39-78b5-c0a2-1b60509bcd0b,3582331b-ee5f-53a2-d0b5-c8c15b935be7,SNOMED-CT,66383009,Gingivitis (disorder)
2024-09-19,,269dae0e-5e12-f290-fc7b-72f06ac733a2,932feb8a-9e28-1f69-f5ae-91b86d445903,SNOMED-CT,224299000,Received higher education (finding)
2024-09-19,2025-09-25,269dae0e-5e12-f290-fc7b-72f06ac733a2,932feb8a-9e28-1f69-f5ae-91b86d445903,SNOMED-CT,160903007,Full-time employment (finding)
2024-09-19,,269dae0e-5e12-f290-fc7b-72f06ac733a2,932feb8a-9e28-1f69-f5ae-91b86d445903,SNOMED-CT,266934004,Transport problem (finding)
2024-09-19,2025-09-25,269dae0e-5e12-f290-fc7b-72f06ac733a2,932feb8a-9e28-1f69-f5ae-91b86d445903,SNOMED-CT,73595000,Stress (finding)
2002-01-28,,2c9c8ffd-efa5-7893-7c99-cb682d6b28fc,f3b39b55-d807-e6ba-7fa1-bbfc2b8df8ce,SNOMED-CT,224299000,Received higher education (finding)
2014-02-05,,2c9c8ffd-efa5-7893-7c99-cb682d6b28fc,721155ec-9989-03e5-0655-260eda84dbcb,SNOMED-CT,82423001,Chronic pain (finding)
2014-02-05,,2c9c8ffd-efa5-7893-7c99-cb682d6b28fc,721155ec-9989-03e5-0655-260eda84dbcb,SNOMED-CT,278860009,Chronic low back pain (finding)
2014-02-05,,2c9c8ffd-efa5-7893-7c99-cb682d6b28fc,721155ec-9989-03e5-0655-260eda84dbcb,SNOMED-CT,1121000119107,Chronic neck pain (finding)
2023-04-28,2023-04-28,fa8ebd26-039c-07a4-2810-447bb8e48f3e,670a6a26-39e5-d638-aefc-73c9d5040f05,SNOMED-CT,314529007,Medication review due (situation)
2023-04-28,2023-05-19,fa8ebd26-039c-07a4-2810-447bb8e48f3e,670a6a26-39e5-d638-aefc-73c9d5040f05,SNOMED-CT,424393004,Reports of violence in the environment (finding)
2014-11-27,,2c9c8ffd-efa5-7893-7c99-cb682d6b28fc,77d8c543-cda9-ea5f-b6d1-9e032821842a,SNOMED-CT,39898005,Sleep disorder (disorder)
2024-08-13,2024-08-27,b0fc3374-c40b-8591-0cc4-d6ffc383e5a4,4777d49d-9f23-e751-f1e8-b29507b0b4f5,SNOMED-CT,314529007,Medication review due (situation)
2024-08-13,2025-07-01,b0fc3374-c40b-8591-0cc4-d6ffc383e5a4,4777d49d-9f23-e751-f1e8-b29507b0b4f5,SNOMED-CT,73438004,Unemployed (finding)
2024-08-13,2024-08-27,b0fc3374-c40b-8591-0cc4-d6ffc383e5a4,4777d49d-9f23-e751-f1e8-b29507b0b4f5,SNOMED-CT,422650009,Social isolation (finding)
2024-08-13,2024-09-03,b0fc3374-c40b-8591-0cc4-d6ffc383e5a4,4777d49d-9f23-e751-f1e8-b29507b0b4f5,SNOMED-CT,66383009,Gingivitis (disorder)
2014-12-25,,2c9c8ffd-efa5-7893-7c99-cb682d6b28fc,a49edf49-8130-5907-9a0e-c14436f767c5,SNOMED-CT,73430006,Sleep apnea (disorder)
2025-09-25,,269dae0e-5e12-f290-fc7b-72f06ac733a2,d443ae35-92b3-2d90-1c8f-f97f7648ee31,SNOMED-CT,160904001,Part-time employment (finding)
2023-05-19,2023-06-02,fa8ebd26-039c-07a4-2810-447bb8e48f3e,a176f29c-2669-57d8-9e59-d8bf43fabcc5,SNOMED-CT,314529007,Medication review due (situation)
2025-09-25,,269dae0e-5e12-f290-fc7b-72f06ac733a2,d443ae35-92b3-2d90-1c8f-f97f7648ee31,SNOMED-CT,713458007,Lack of access to transportation (finding)
2025-09-25,,269dae0e-5e12-f290-fc7b-72f06ac733a2,d443ae35-92b3-2d90-1c8f-f97f7648ee31,SNOMED-CT,10939881000119105,Unhealthy alcohol drinking behavior (finding)
2015-02-16,,2c9c8ffd-efa5-7893-7c99-cb682d6b28fc,1dd76253-f106-157f-4fb2-068a2ec6ff8c,SNOMED-CT,59621000,Essential hypertension (disorder)
2015-02-16,,2c9c8ffd-efa5-7893-7c99-cb682d6b28fc,1dd76253-f106-157f-4fb2-068a2ec6ff8c,SNOMED-CT,66383009,Gingivitis (disorder)
2020-03-16,2024-04-08,2c9c8ffd-efa5-7893-7c99-cb682d6b28fc,9fd6ce56-da1d-db3e-7c64-4d939d57793a,SNOMED-CT,10939881000119105,Unhealthy alcohol drinking behavior (finding)
2022-03-28,2023-04-03,2c9c8ffd-efa5-7893-7c99-cb682d6b28fc,9a0843ec-d56f-4d82-9fba-1b77842bafc4,SNOMED-CT,314529007,Medication review due (situation)
2022-03-28,,2c9c8ffd-efa5-7893-7c99-cb682d6b28fc,9a0843ec-d56f-4d82-9fba-1b77842bafc4,SNOMED-CT,162864005,Body mass index 30+ - obesity (finding)
2022-03-28,2023-04-03,2c9c8ffd-efa5-7893-7c99-cb682d6b28fc,9a0843ec-d56f-4d82-9fba-1b77842bafc4,SNOMED-CT,741062008,Not in labor force (finding)
2023-04-03,,2c9c8ffd-efa5-7893-7c99-cb682d6b28fc,26b84172-c861-28e6-8a3c-cf97ee92ef09,SNOMED-CT,160903007,Full-time employment (finding)
2023-04-03,2024-04-08,2c9c8ffd-efa5-7893-7c99-cb682d6b28fc,26b84172-c861-28e6-8a3c-cf97ee92ef09,SNOMED-CT,73595000,Stress (finding)
2023-04-03,2024-04-08,2c9c8ffd-efa5-7893-7c99-cb682d6b28fc,26b84172-c861-28e6-8a3c-cf97ee92ef09,SNOMED-CT,424393004,Reports of violence in the environment (finding)
2023-06-30,2023-08-25,fa8ebd26-039c-07a4-2810-447bb8e48f3e,da1bc491-86be-ef4c-6ca6-7d636712db3a,SNOMED-CT,314529007,Medication review due (situation)
2023-06-30,2023-07-28,fa8ebd26-039c-07a4-2810-447bb8e48f3e,da1bc491-86be-ef4c-6ca6-7d636712db3a,SNOMED-CT,160904001,Part-time employment (finding)
2024-08-27,2024-09-17,b0fc3374-c40b-8591-0cc4-d6ffc383e5a4,74131b64-a507-6331-51e6-b8ba54bf10b9,SNOMED-CT,73595000,Stress (finding)
2024-06-22,2025-01-18,f3aa70e2-d777-e5ba-288f-aa5469241c9d,3e7206f3-ad0a-2999-7584-59c294c4875c,SNOMED-CT,72892002,Normal pregnancy
2023-04-22,2023-05-14,2c9c8ffd-efa5-7893-7c99-cb682d6b28fc,5f04e30d-50bc-7396-7d68-c63db2666492,SNOMED-CT,444814009,Viral sinusitis (disorder)
2024-04-08,,2c9c8ffd-efa5-7893-7c99-cb682d6b28fc,5be8846c-d59d-8661-8029-6f4145c5a8ed,SNOMED-CT,314529007,Medication review due (situation)
2023-07-28,2023-10-27,fa8ebd26-039c-07a4-2810-447bb8e48f3e,0c89de05-cba1-c3d2-9147-bcabf1b041cd,SNOMED-CT,160903007,Full-time employment (finding)
2023-08-25,2023-09-22,fa8ebd26-039c-07a4-2810-447bb8e48f3e,20a593c4-5f98-580d-8b46-39b0646554b7,SNOMED-CT,73595000,Stress (finding)
2025-04-14,,2c9c8ffd-efa5-7893-7c99-cb682d6b28fc,1945f001-213a-4894-6124-92907e504411,SNOMED-CT,422650009,Social isolation (finding)
2025-04-14,,2c9c8ffd-efa5-7893-7c99-cb682d6b28fc,1945f001-213a-4894-6124-92907e504411,SNOMED-CT,73595000,Stress (finding)
2024-09-03,2025-07-29,b0fc3374-c40b-8591-0cc4-d6ffc383e5a4,505a673b-0168-6f67-7fda-13d9a8b66576,SNOMED-CT,5689008,Chronic periodontitis
2024-09-03,2024-10-08,b0fc3374-c40b-8591-0cc4-d6ffc383e5a4,505a673b-0168-6f67-7fda-13d9a8b66576,SNOMED-CT,80967001,Dental caries
2024-09-10,2024-10-03,b0fc3374-c40b-8591-0cc4-d6ffc383e5a4,1472ef57-1f9f-488b-a7c9-0626ce10a6f3,SNOMED-CT,444814009,Viral sinusitis (disorder)
2023-09-22,2023-12-01,fa8ebd26-039c-07a4-2810-447bb8e48f3e,35d65e92-b8c3-e427-6b34-b5c4a3d8c79f,SNOMED-CT,314529007,Medication review due (situation)
2023-09-22,2023-10-27,fa8ebd26-039c-07a4-2810-447bb8e48f3e,35d65e92-b8c3-e427-6b34-b5c4a3d8c79f,SNOMED-CT,423315002,Limited social contact (finding)
2023-09-22,2023-10-06,fa8ebd26-039c-07a4-2810-447bb8e48f3e,35d65e92-b8c3-e427-6b34-b5c4a3d8c79f,SNOMED-CT,66383009,Gingivitis (disorder)
2025-06-14,,f3aa70e2-d777-e5ba-288f-aa5469241c9d,a95d9c74-b9b7-8541-002b-b79476f05497,SNOMED-CT,160904001,Part-time employment (finding)
2024-09-17,2024-09-17,b0fc3374-c40b-8591-0cc4-d6ffc383e5a4,f2cfb24b-0cf4-9bbf-f748-caa7ec5f98cd,SNOMED-CT,314529007,Medication review due (situation)
2025-06-14,,f3aa70e2-d777-e5ba-288f-aa5469241c9d,a95d9c74-b9b7-8541-002b-b79476f05497,SNOMED-CT,706893006,Victim of intimate partner abuse (finding)
2024-09-17,2024-10-22,b0fc3374-c40b-8591-0cc4-d6ffc383e5a4,f2cfb24b-0cf4-9bbf-f748-caa7ec5f98cd,SNOMED-CT,422650009,Social isolation (finding)
2023-10-27,2023-11-24,fa8ebd26-039c-07a4-2810-447bb8e48f3e,cfe225d9-8227-ead5-64c7-90f674af3eca,SNOMED-CT,160904001,Part-time employment (finding)
2023-10-27,2023-11-24,fa8ebd26-039c-07a4-2810-447bb8e48f3e,cfe225d9-8227-ead5-64c7-90f674af3eca,SNOMED-CT,73595000,Stress (finding)
2023-10-27,2023-11-10,fa8ebd26-039c-07a4-2810-447bb8e48f3e,cfe225d9-8227-ead5-64c7-90f674af3eca,SNOMED-CT,66383009,Gingivitis (disorder)
2023-11-10,2024-04-05,fa8ebd26-039c-07a4-2810-447bb8e48f3e,cf984a78-285a-fd56-3d4d-5c3439cf67e6,SNOMED-CT,80967001,Dental caries
2025-06-28,2025-06-28,f3aa70e2-d777-e5ba-288f-aa5469241c9d,450bf1e8-ddc8-9332-7eca-49357d125649,SNOMED-CT,8004003,Teething syndrome
2023-11-24,2024-01-26,fa8ebd26-039c-07a4-2810-447bb8e48f3e,6511633c-0bd6-cb31-8068-07b0422ea69e,SNOMED-CT,160903007,Full-time employment (finding)
2023-11-24,2024-01-12,fa8ebd26-039c-07a4-2810-447bb8e48f3e,6511633c-0bd6-cb31-8068-07b0422ea69e,SNOMED-CT,66383009,Gingivitis (disorder)
2024-09-24,2024-09-24,b0fc3374-c40b-8591-0cc4-d6ffc383e5a4,289d8d58-fa84-843b-443c-41534715e840,SNOMED-CT,314529007,Medication review due (situation)
2002-08-18,,4648829d-5074-bf90-1827-3b269e428b07,a177944c-5045-5b63-cefe-2313d72c631e,SNOMED-CT,5251000175109,Received certificate of high school equivalency (finding)
2009-08-30,,4648829d-5074-bf90-1827-3b269e428b07,b30fb9df-ed84-afa1-c922-9de55e9cea64,SNOMED-CT,15777000,Prediabetes
2009-08-30,,4648829d-5074-bf90-1827-3b269e428b07,b30fb9df-ed84-afa1-c922-9de55e9cea64,SNOMED-CT,271737000,Anemia (disorder)
2023-12-08,2023-12-15,fa8ebd26-039c-07a4-2810-447bb8e48f3e,4a97b9a9-228c-108f-6908-19e92ca181cb,SNOMED-CT,314529007,Medication review due (situation)
2023-12-08,2024-04-19,fa8ebd26-039c-07a4-2810-447bb8e48f3e,4a97b9a9-228c-108f-6908-19e92ca181cb,SNOMED-CT,422650009,Social isolation (finding)
2023-12-08,2023-12-22,fa8ebd26-039c-07a4-2810-447bb8e48f3e,4a97b9a9-228c-108f-6908-19e92ca181cb,SNOMED-CT,706893006,Victim of intimate partner abuse (finding)
2012-09-02,2024-06-30,4648829d-5074-bf90-1827-3b269e428b07,759de5ef-c458-d247-d4d3-feee6d69503d,SNOMED-CT,160903007,Full-time employment (finding)
2021-09-12,,4648829d-5074-bf90-1827-3b269e428b07,d4bf7161-f93e-8f29-4b5e-3294e42faad0,SNOMED-CT,266948004,Has a criminal record (finding)
2022-01-16,2024-06-30,4648829d-5074-bf90-1827-3b269e428b07,4cbcdc9e-37af-fc7b-cb48-c1ed391ab4d8,SNOMED-CT,314529007,Medication review due (situation)
2022-01-16,,4648829d-5074-bf90-1827-3b269e428b07,4cbcdc9e-37af-fc7b-cb48-c1ed391ab4d8,SNOMED-CT,10939881000119105,Unhealthy alcohol drinking behavior (finding)
2024-06-30,,4648829d-5074-bf90-1827-3b269e428b07,3e672228-98ff-d76a-2ceb-d7cee891179c,SNOMED-CT,741062008,Not in labor force (finding)
2024-06-30,,4648829d-5074-bf90-1827-3b269e428b07,3e672228-98ff-d76a-2ceb-d7cee891179c,SNOMED-CT,73595000,Stress (finding)
2024-06-30,,4648829d-5074-bf90-1827-3b269e428b07,3e672228-98ff-d76a-2ceb-d7cee891179c,SNOMED-CT,706893006,Victim of intimate partner abuse (finding)
2023-12-22,2024-01-05,fa8ebd26-039c-07a4-2810-447bb8e48f3e,20d39127-a1aa-b50d-c60a-508da3faef65,SNOMED-CT,314529007,Medication review due (situation)
2023-12-22,2024-02-23,fa8ebd26-039c-07a4-2810-447bb8e48f3e,20d39127-a1aa-b50d-c60a-508da3faef65,SNOMED-CT,423315002,Limited social contact (finding)
2024-10-01,2024-10-22,b0fc3374-c40b-8591-0cc4-d6ffc383e5a4,d0573979-d70c-7dbd-38be-5275d825816d,SNOMED-CT,314529007,Medication review due (situation)
2024-10-01,2025-07-01,b0fc3374-c40b-8591-0cc4-d6ffc383e5a4,d0573979-d70c-7dbd-38be-5275d825816d,SNOMED-CT,73595000,Stress (finding)
2024-10-01,2024-10-08,b0fc3374-c40b-8591-0cc4-d6ffc383e5a4,d0573979-d70c-7dbd-38be-5275d825816d,SNOMED-CT,66383009,Gingivitis (disorder)
2024-01-05,2024-01-26,fa8ebd26-039c-07a4-2810-447bb8e48f3e,198b8a8a-e42f-c0da-e89f-2b2b9d214796,SNOMED-CT,73595000,Stress (finding)
2024-01-12,2024-04-05,fa8ebd26-039c-07a4-2810-447bb8e48f3e,554cb1d9-cd57-d0cc-44ea-5a3bb13433f1,SNOMED-CT,235104008,Impacted tooth
2024-01-19,2024-02-05,fa8ebd26-039c-07a4-2810-447bb8e48f3e,a02aa7e8-df50-8c4f-4f65-66f63b5d3e42,SNOMED-CT,444814009,Viral sinusitis (disorder)
2024-01-26,2024-01-26,fa8ebd26-039c-07a4-2810-447bb8e48f3e,98561a02-f726-acc1-64dd-6e1e8103763d,SNOMED-CT,314529007,Medication review due (situation)
2024-01-26,2024-02-23,fa8ebd26-039c-07a4-2810-447bb8e48f3e,98561a02-f726-acc1-64dd-6e1e8103763d,SNOMED-CT,160904001,Part-time employment (finding)
2024-02-02,2024-04-19,fa8ebd26-039c-07a4-2810-447bb8e48f3e,8c988ddc-b59e-e2e6-6d24-0a05c36f4c08,SNOMED-CT,314529007,Medication review due (situation)
2024-02-23,2024-05-24,fa8ebd26-039c-07a4-2810-447bb8e48f3e,d67e09e7-7b1b-fd45-0830-1a5ff2d32efe,SNOMED-CT,160903007,Full-time employment (finding)
2024-10-22,2024-10-22,b0fc3374-c40b-8591-0cc4-d6ffc383e5a4,000e0c9d-ffde-36c1-4577-bc3b9cad13d1,SNOMED-CT,315268008,Suspected prostate cancer (situation)
2024-11-05,2025-07-29,b0fc3374-c40b-8591-0cc4-d6ffc383e5a4,f71b7f49-fcfc-e6c7-6dd5-076e8c835fa9,SNOMED-CT,80967001,Dental caries
2024-05-24,2024-07-19,fa8ebd26-039c-07a4-2810-447bb8e48f3e,c8ffac96-4493-9b17-cbbc-e103c8dc7dcb,SNOMED-CT,314529007,Medication review due (situation)
2024-05-24,2024-11-15,fa8ebd26-039c-07a4-2810-447bb8e48f3e,c8ffac96-4493-9b17-cbbc-e103c8dc7dcb,SNOMED-CT,160904001,Part-time employment (finding)
2024-05-24,2024-10-18,fa8ebd26-039c-07a4-2810-447bb8e48f3e,c8ffac96-4493-9b17-cbbc-e103c8dc7dcb,SNOMED-CT,73595000,Stress (finding)
2024-07-19,2024-10-18,fa8ebd26-039c-07a4-2810-447bb8e48f3e,d334a409-9934-13e0-5e95-5753ccacb306,SNOMED-CT,422650009,Social isolation (finding)
2024-07-19,2024-08-30,fa8ebd26-039c-07a4-2810-447bb8e48f3e,d334a409-9934-13e0-5e95-5753ccacb306,SNOMED-CT,66383009,Gingivitis (disorder)
2024-08-30,2025-11-21,fa8ebd26-039c-07a4-2810-447bb8e48f3e,899e3b6f-0cdc-3fc1-9640-79009884ccb7,SNOMED-CT,31642005,Acute gingivitis
2024-08-30,2025-01-31,fa8ebd26-039c-07a4-2810-447bb8e48f3e,899e3b6f-0cdc-3fc1-9640-79009884ccb7,SNOMED-CT,66569006,Retained dental root
2024-08-30,2025-11-21,fa8ebd26-039c-07a4-2810-447bb8e48f3e,899e3b6f-0cdc-3fc1-9640-79009884ccb7,SNOMED-CT,80967001,Dental caries
2024-10-18,2024-10-18,fa8ebd26-039c-07a4-2810-447bb8e48f3e,a20c1abf-06ee-2a27-ccbd-94cd1f3949f0,SNOMED-CT,314529007,Medication review due (situation)
2024-10-25,2024-12-20,fa8ebd26-039c-07a4-2810-447bb8e48f3e,2a577574-1227-9ecf-3ece-6e822a122ca5,SNOMED-CT,314529007,Medication review due (situation)
2024-11-15,2025-05-16,fa8ebd26-039c-07a4-2810-447bb8e48f3e,ff0a7d70-f77f-007d-c93e-04e7d4b6b2bf,SNOMED-CT,160903007,Full-time employment (finding)
2024-11-15,2024-12-20,fa8ebd26-039c-07a4-2810-447bb8e48f3e,ff0a7d70-f77f-007d-c93e-04e7d4b6b2bf,SNOMED-CT,73595000,Stress (finding)
2024-12-20,2025-01-17,fa8ebd26-039c-07a4-2810-447bb8e48f3e,97ec9914-c882-1b3a-c168-0b5ad491d4e2,SNOMED-CT,423315002,Limited social contact (finding)
2025-01-17,2025-02-14,fa8ebd26-039c-07a4-2810-447bb8e48f3e,c438ae80-3dcb-99e5-b0ec-575f052d728c,SNOMED-CT,314529007,Medication review due (situation)
2025-01-17,2025-06-13,fa8ebd26-039c-07a4-2810-447bb8e48f3e,c438ae80-3dcb-99e5-b0ec-575f052d728c,SNOMED-CT,73595000,Stress (finding)
2025-01-17,2025-01-31,fa8ebd26-039c-07a4-2810-447bb8e48f3e,c438ae80-3dcb-99e5-b0ec-575f052d728c,SNOMED-CT,66383009,Gingivitis (disorder)
2025-02-28,2025-11-21,fa8ebd26-039c-07a4-2810-447bb8e48f3e,c2300f1c-aacd-44d1-2940-43d9ab65d3d6,SNOMED-CT,234949000,Tooth eruption disorder
2025-04-18,2025-09-12,fa8ebd26-039c-07a4-2810-447bb8e48f3e,dc4dc48e-ecc5-649b-6a3f-b87445882924,SNOMED-CT,314529007,Medication review due (situation)
1980-08-21,,40bef2fb-ee47-4089-b99b-1c6bc43fe217,d0c30138-ee61-7d79-1c40-dc51284732cc,SNOMED-CT,40055000,Chronic sinusitis (disorder)
1993-07-01,,40bef2fb-ee47-4089-b99b-1c6bc43fe217,03ae43dd-7637-f2e2-e070-8b79dde78ad9,SNOMED-CT,15777000,Prediabetes
1993-07-01,,40bef2fb-ee47-4089-b99b-1c6bc43fe217,03ae43dd-7637-f2e2-e070-8b79dde78ad9,SNOMED-CT,271737000,Anemia (disorder)
1993-07-02,,40bef2fb-ee47-4089-b99b-1c6bc43fe217,03ae43dd-7637-f2e2-e070-8b79dde78ad9,SNOMED-CT,5251000175109,Received certificate of high school equivalency (finding)
1997-07-10,,40bef2fb-ee47-4089-b99b-1c6bc43fe217,c82c4a89-4f69-5578-a0c2-17dbf23cc40b,SNOMED-CT,162864005,Body mass index 30+ - obesity (finding)
2000-07-13,,40bef2fb-ee47-4089-b99b-1c6bc43fe217,492bd462-747e-bc6c-d75e-d88e2bd052d3,SNOMED-CT,59621000,Essential hypertension (disorder)
2005-08-11,,40bef2fb-ee47-4089-b99b-1c6bc43fe217,e36677df-6fbd-9df4-be1e-06a97331d0be,SNOMED-CT,237602007,Metabolic syndrome X (disorder)
2008-08-28,,40bef2fb-ee47-4089-b99b-1c6bc43fe217,136d31b4-35f8-40a1-8cd6-7195679fbcec,SNOMED-CT,431855005,Chronic kidney disease stage 1 (disorder)
2008-08-28,,40bef2fb-ee47-4089-b99b-1c6bc43fe217,136d31b4-35f8-40a1-8cd6-7195679fbcec,SNOMED-CT,127013003,Disorder of kidney due to diabetes mellitus (disorder)
2011-08-18,,40bef2fb-ee47-4089-b99b-1c6bc43fe217,162f8111-ba33-2e99-81d8-476a6baf38e1,SNOMED-CT,431856006,Chronic kidney disease stage 2 (disorder)
2011-08-18,,40bef2fb-ee47-4089-b99b-1c6bc43fe217,162f8111-ba33-2e99-81d8-476a6baf38e1,SNOMED-CT,90781000119102,Microalbuminuria due to type 2 diabetes mellitus (disorder)
2014-02-01,,40bef2fb-ee47-4089-b99b-1c6bc43fe217,b0a433c4-39ab-3938-e8df-19c7ca7c7637,SNOMED-CT,82423001,Chronic pain (finding)
2014-02-01,,40bef2fb-ee47-4089-b99b-1c6bc43fe217,b0a433c4-39ab-3938-e8df-19c7ca7c7637,SNOMED-CT,278860009,Chronic low back pain (finding)
2014-02-01,,40bef2fb-ee47-4089-b99b-1c6bc43fe217,b0a433c4-39ab-3938-e8df-19c7ca7c7637,SNOMED-CT,203082005,Fibromyalgia (disorder)
2025-05-16,2025-05-30,fa8ebd26-039c-07a4-2810-447bb8e48f3e,528b0d26-f82d-4384-5956-05a1871af887,SNOMED-CT,160904001,Part-time employment (finding)
2018-10-19,,40bef2fb-ee47-4089-b99b-1c6bc43fe217,e305dc3a-c9d5-1bf4-9088-2d0ed205d878,SNOMED-CT,66383009,Gingivitis (disorder)
2025-05-30,2025-10-31,fa8ebd26-039c-07a4-2810-447bb8e48f3e,264476bf-ccc7-21b4-cf41-f5e3be791512,SNOMED-CT,160903007,Full-time employment (finding)
2021-03-04,,40bef2fb-ee47-4089-b99b-1c6bc43fe217,b1bd06ad-7c54-12ad-0a0a-069385448cdd,SNOMED-CT,433144002,Chronic kidney disease stage 3 (disorder)
2021-03-04,,40bef2fb-ee47-4089-b99b-1c6bc43fe217,b1bd06ad-7c54-12ad-0a0a-069385448cdd,SNOMED-CT,157141000119108,Proteinuria due to type 2 diabetes mellitus (disorder)
2022-12-22,2023-03-09,40bef2fb-ee47-4089-b99b-1c6bc43fe217,98e1bfd3-4405-3989-414e-81428cca861b,SNOMED-CT,314529007,Medication review due (situation)
2022-12-23,2023-05-05,40bef2fb-ee47-4089-b99b-1c6bc43fe217,98e1bfd3-4405-3989-414e-81428cca861b,SNOMED-CT,160903007,Full-time employment (finding)
2023-03-10,2023-05-19,40bef2fb-ee47-4089-b99b-1c6bc43fe217,deac7502-ce2d-e4fd-c4ec-2f8fca0c9b76,SNOMED-CT,73595000,Stress (finding)
2025-07-18,,fa8ebd26-039c-07a4-2810-447bb8e48f3e,21063784-b7a7-9e5b-b84d-eabaa0d1a07a,SNOMED-CT,15777000,Prediabetes
2023-03-16,2023-03-16,40bef2fb-ee47-4089-b99b-1c6bc43fe217,b237ad3a-9f27-9a43-9e50-74e4cc8e6d7d,SNOMED-CT,314529007,Medication review due (situation)
2025-08-15,2025-08-29,fa8ebd26-039c-07a4-2810-447bb8e48f3e,716ec4f4-72e8-34b3-7922-15586290007f,SNOMED-CT,66383009,Gingivitis (disorder)
2025-09-12,2025-10-31,fa8ebd26-039c-07a4-2810-447bb8e48f3e,50b5e229-fb90-7aba-8d0a-b9374f39893d,SNOMED-CT,73595000,Stress (finding)
2023-03-23,2023-03-30,40bef2fb-ee47-4089-b99b-1c6bc43fe217,542706ae-4035-1e05-184b-7090354431d1,SNOMED-CT,314529007,Medication review due (situation)
2023-03-24,2023-04-07,40bef2fb-ee47-4089-b99b-1c6bc43fe217,542706ae-4035-1e05-184b-7090354431d1,SNOMED-CT,424393004,Reports of violence in the environment (finding)
2025-10-31,,fa8ebd26-039c-07a4-2810-447bb8e48f3e,0c27af07-53a7-bf66-e873-2f80427de3e4,SNOMED-CT,314529007,Medication review due (situation)
2025-10-31,2025-12-12,fa8ebd26-039c-07a4-2810-447bb8e48f3e,0c27af07-53a7-bf66-e873-2f80427de3e4,SNOMED-CT,160904001,Part-time employment (finding)
2025-10-31,2025-11-21,fa8ebd26-039c-07a4-2810-447bb8e48f3e,0c27af07-53a7-bf66-e873-2f80427de3e4,SNOMED-CT,66383009,Gingivitis (disorder)
2025-07-01,,b0fc3374-c40b-8591-0cc4-d6ffc383e5a4,4874c0e7-5488-cfaa-0931-8d905d4b9f6b,SNOMED-CT,314529007,Medication review due (situation)
2025-07-01,,b0fc3374-c40b-8591-0cc4-d6ffc383e5a4,4874c0e7-5488-cfaa-0931-8d905d4b9f6b,SNOMED-CT,431857002,Chronic kidney disease stage 4 (disorder)
2025-07-01,,b0fc3374-c40b-8591-0cc4-d6ffc383e5a4,4874c0e7-5488-cfaa-0931-8d905d4b9f6b,SNOMED-CT,160904001,Part-time employment (finding)
2025-07-01,2025-07-29,b0fc3374-c40b-8591-0cc4-d6ffc383e5a4,4874c0e7-5488-cfaa-0931-8d905d4b9f6b,SNOMED-CT,66383009,Gingivitis (disorder)
2025-11-14,2025-12-12,fa8ebd26-039c-07a4-2810-447bb8e48f3e,5628f6f0-c95d-57ae-ff8c-455c698622c5,SNOMED-CT,73595000,Stress (finding)
2025-12-12,,fa8ebd26-039c-07a4-2810-447bb8e48f3e,69a99495-034b-d27e-ab06-cf654272ddb4,SNOMED-CT,160903007,Full-time employment (finding)
2025-12-12,,fa8ebd26-039c-07a4-2810-447bb8e48f3e,69a99495-034b-d27e-ab06-cf654272ddb4,SNOMED-CT,422650009,Social isolation (finding)
2025-12-12,,fa8ebd26-039c-07a4-2810-447bb8e48f3e,69a99495-034b-d27e-ab06-cf654272ddb4,SNOMED-CT,424393004,Reports of violence in the environment (finding)
2023-04-06,2023-04-20,40bef2fb-ee47-4089-b99b-1c6bc43fe217,78dba14d-fa5d-022e-61a0-039a6d28087a,SNOMED-CT,314529007,Medication review due (situation)
2025-07-15,,b0fc3374-c40b-8591-0cc4-d6ffc383e5a4,9d66635e-041c-22e2-a064-0c9b31436c54,SNOMED-CT,698306007,Awaiting transplantation of kidney (situation)
2023-04-21,2023-05-05,40bef2fb-ee47-4089-b99b-1c6bc43fe217,5e834e82-148b-dae6-f182-d10fbbb2cfc9,SNOMED-CT,423315002,Limited social contact (finding)
2023-04-27,2023-04-27,40bef2fb-ee47-4089-b99b-1c6bc43fe217,edfe5822-3c25-c2d8-cf77-bfca2196dd18,SNOMED-CT,314529007,Medication review due (situation)
2023-05-04,2023-05-11,40bef2fb-ee47-4089-b99b-1c6bc43fe217,453db45b-01bc-c8a1-d26f-af4f6a7e28db,SNOMED-CT,314529007,Medication review due (situation)
2023-05-05,2023-06-02,40bef2fb-ee47-4089-b99b-1c6bc43fe217,453db45b-01bc-c8a1-d26f-af4f6a7e28db,SNOMED-CT,160904001,Part-time employment (finding)
2023-05-18,2023-06-01,40bef2fb-ee47-4089-b99b-1c6bc43fe217,acb955ae-cbd1-e37b-0dbe-9bc4136ea726,SNOMED-CT,314529007,Medication review due (situation)
2023-05-19,2023-06-02,40bef2fb-ee47-4089-b99b-1c6bc43fe217,acb955ae-cbd1-e37b-0dbe-9bc4136ea726,SNOMED-CT,423315002,Limited social contact (finding)
1929-10-19,,beaac03f-cf1c-3505-9eae-d1dba7abfcf0,c19f14f1-954d-8e22-b8c9-3e52616d93bf,SNOMED-CT,40055000,Chronic sinusitis (disorder)
1943-02-10,,beaac03f-cf1c-3505-9eae-d1dba7abfcf0,eb52d106-c943-a3d0-82cb-cc504f16359f,SNOMED-CT,15777000,Prediabetes
1943-02-10,,beaac03f-cf1c-3505-9eae-d1dba7abfcf0,eb52d106-c943-a3d0-82cb-cc504f16359f,SNOMED-CT,271737000,Anemia (disorder)
1943-02-10,,beaac03f-cf1c-3505-9eae-d1dba7abfcf0,eb52d106-c943-a3d0-82cb-cc504f16359f,SNOMED-CT,5251000175109,Received certificate of high school equivalency (finding)
1951-01-07,,beaac03f-cf1c-3505-9eae-d1dba7abfcf0,9167336b-2df0-9c67-e9a5-50525833c1d1,SNOMED-CT,161744009,Past pregnancy history of miscarriage (situation)
1962-12-26,,beaac03f-cf1c-3505-9eae-d1dba7abfcf0,2b17704d-9c33-3ef8-9b7c-9dbf9474ba73,SNOMED-CT,87433001,Pulmonary emphysema (disorder)
1965-12-29,,beaac03f-cf1c-3505-9eae-d1dba7abfcf0,cdc52a91-3082-eb0b-75cf-532ab0117e32,SNOMED-CT,66383009,Gingivitis (disorder)
1967-01-04,,beaac03f-cf1c-3505-9eae-d1dba7abfcf0,3295b7d1-a780-b25f-0afe-c48ac664d26f,SNOMED-CT,162864005,Body mass index 30+ - obesity (finding)
2023-06-02,2023-10-20,40bef2fb-ee47-4089-b99b-1c6bc43fe217,ef53431d-de19-3274-77cf-8f48a6f3b107,SNOMED-CT,160903007,Full-time employment (finding)
2023-06-02,2023-11-17,40bef2fb-ee47-4089-b99b-1c6bc43fe217,ef53431d-de19-3274-77cf-8f48a6f3b107,SNOMED-CT,73595000,Stress (finding)
2023-06-02,2023-10-20,40bef2fb-ee47-4089-b99b-1c6bc43fe217,ef53431d-de19-3274-77cf-8f48a6f3b107,SNOMED-CT,706893006,Victim of intimate partner abuse (finding)
1972-02-16,1988-08-10,beaac03f-cf1c-3505-9eae-d1dba7abfcf0,87a4be9b-ce3f-ca4d-931e-d612f06b0b44,ICD10,C76.0,Malignant neoplasm of head  face and neck
1974-11-13,1988-08-10,beaac03f-cf1c-3505-9eae-d1dba7abfcf0,14655855-4e31-1787-bd23-e96c0a6b07ec,ICD10,C01,Malignant neoplasm of base of tongue
1981-03-25,,beaac03f-cf1c-3505-9eae-d1dba7abfcf0,34eb644b-3a74-37a0-a32d-92552c59b7f6,SNOMED-CT,237602007,Metabolic syndrome X (disorder)
1981-03-25,,beaac03f-cf1c-3505-9eae-d1dba7abfcf0,34eb644b-3a74-37a0-a32d-92552c59b7f6,SNOMED-CT,44054006,Diabetes mellitus type 2 (disorder)
1982-03-31,,beaac03f-cf1c-3505-9eae-d1dba7abfcf0,b9981e3d-cc67-1d0c-3c8b-c2a481bfe464,SNOMED-CT,80394007,Hyperglycemia (disorder)
1982-03-31,,beaac03f-cf1c-3505-9eae-d1dba7abfcf0,b9981e3d-cc67-1d0c-3c8b-c2a481bfe464,SNOMED-CT,302870006,Hypertriglyceridemia (disorder)
1983-04-06,1986-04-23,beaac03f-cf1c-3505-9eae-d1dba7abfcf0,a0908814-0a88-6fed-95e4-43e20e7cf95b,SNOMED-CT,160903007,Full-time employment (finding)
1983-04-06,,beaac03f-cf1c-3505-9eae-d1dba7abfcf0,a0908814-0a88-6fed-95e4-43e20e7cf95b,SNOMED-CT,706893006,Victim of intimate partner abuse (finding)
1983-04-20,1988-08-10,beaac03f-cf1c-3505-9eae-d1dba7abfcf0,294f6135-d393-4754-0bae-c170a1b22032,ICD10,K02.9,Dental caries  unspecified
1984-04-11,,beaac03f-cf1c-3505-9eae-d1dba7abfcf0,f156a4cc-7c58-3b82-0cc5-321ed86b18f3,SNOMED-CT,368581000119106,Neuropathy due to type 2 diabetes mellitus (disorder)
2023-06-08,2023-11-23,40bef2fb-ee47-4089-b99b-1c6bc43fe217,1d8f8fac-8447-6dc8-cf75-b8b8256ef172,SNOMED-CT,314529007,Medication review due (situation)
2023-06-15,2023-07-02,40bef2fb-ee47-4089-b99b-1c6bc43fe217,df2c9793-ec11-20e4-36e1-2483a2b0dfeb,SNOMED-CT,10509002,Acute bronchitis (disorder)
1986-04-23,1987-04-29,beaac03f-cf1c-3505-9eae-d1dba7abfcf0,624df23a-1f3c-ff39-34bc-bb559a54bb06,SNOMED-CT,314529007,Medication review due (situation)
1986-04-23,1987-04-29,beaac03f-cf1c-3505-9eae-d1dba7abfcf0,624df23a-1f3c-ff39-34bc-bb559a54bb06,SNOMED-CT,160904001,Part-time employment (finding)
1986-04-23,1987-04-29,beaac03f-cf1c-3505-9eae-d1dba7abfcf0,624df23a-1f3c-ff39-34bc-bb559a54bb06,SNOMED-CT,73595000,Stress (finding)
2023-06-29,,40bef2fb-ee47-4089-b99b-1c6bc43fe217,c8827edb-43eb-0502-834e-123ec8cf3cd0,SNOMED-CT,39898005,Sleep disorder (disorder)
1987-04-29,,beaac03f-cf1c-3505-9eae-d1dba7abfcf0,8d36353d-3dc8-89c6-3e56-be78288b6d33,SNOMED-CT,59621000,Essential hypertension (disorder)
1987-04-29,1987-05-27,beaac03f-cf1c-3505-9eae-d1dba7abfcf0,8d36353d-3dc8-89c6-3e56-be78288b6d33,SNOMED-CT,160903007,Full-time employment (finding)
2023-08-03,,40bef2fb-ee47-4089-b99b-1c6bc43fe217,c8e9d37b-7dab-f674-520b-8595dbb9f0e0,SNOMED-CT,78275009,Obstructive sleep apnea syndrome (disorder)
2023-10-20,2023-11-17,40bef2fb-ee47-4089-b99b-1c6bc43fe217,c289be07-1db8-3aa4-1cb2-0ec39e2f245e,SNOMED-CT,160904001,Part-time employment (finding)
1987-05-20,1987-06-05,beaac03f-cf1c-3505-9eae-d1dba7abfcf0,1361fae4-8c30-e944-f8dc-7467ec9ac786,SNOMED-CT,444814009,Viral sinusitis (disorder)
1987-05-27,1987-05-27,beaac03f-cf1c-3505-9eae-d1dba7abfcf0,e860b7d2-59cb-d2cb-c874-2de82d25ff8d,SNOMED-CT,314529007,Medication review due (situation)
1987-05-27,1988-01-13,beaac03f-cf1c-3505-9eae-d1dba7abfcf0,e860b7d2-59cb-d2cb-c874-2de82d25ff8d,SNOMED-CT,160904001,Part-time employment (finding)
2023-11-17,2024-04-12,40bef2fb-ee47-4089-b99b-1c6bc43fe217,d980c88d-237d-ee1b-c41d-457180662c8d,SNOMED-CT,741062008,Not in labor force (finding)
1987-12-02,1988-01-01,beaac03f-cf1c-3505-9eae-d1dba7abfcf0,c272291c-61e1-d706-49d0-a680de4a4e83,SNOMED-CT,32911000,Homeless (finding)
1987-12-30,1987-12-30,beaac03f-cf1c-3505-9eae-d1dba7abfcf0,260e2966-54eb-ef04-80e0-6da69e4fec23,SNOMED-CT,314529007,Medication review due (situation)
1987-12-30,,beaac03f-cf1c-3505-9eae-d1dba7abfcf0,260e2966-54eb-ef04-80e0-6da69e4fec23,SNOMED-CT,431855005,Chronic kidney disease stage 1 (disorder)
1987-12-30,,beaac03f-cf1c-3505-9eae-d1dba7abfcf0,260e2966-54eb-ef04-80e0-6da69e4fec23,SNOMED-CT,127013003,Disorder of kidney due to diabetes mellitus (disorder)
1988-01-13,1988-03-23,beaac03f-cf1c-3505-9eae-d1dba7abfcf0,0e05a5f0-5379-09b1-d5ce-57c7ebf06cf6,SNOMED-CT,314529007,Medication review due (situation)
1988-01-13,1988-02-24,beaac03f-cf1c-3505-9eae-d1dba7abfcf0,0e05a5f0-5379-09b1-d5ce-57c7ebf06cf6,SNOMED-CT,160903007,Full-time employment (finding)
1988-01-13,1988-03-23,beaac03f-cf1c-3505-9eae-d1dba7abfcf0,0e05a5f0-5379-09b1-d5ce-57c7ebf06cf6,SNOMED-CT,73595000,Stress (finding)
2023-11-30,2025-12-19,40bef2fb-ee47-4089-b99b-1c6bc43fe217,43b26466-a410-a2a0-fa3c-3836d67f22ab,ICD10,K08.9,Disorder of teeth and supporting structures  unspecified
2024-04-11,2024-04-11,40bef2fb-ee47-4089-b99b-1c6bc43fe217,13871c2e-91e5-ed1a-2b17-cc65a7ec12cd,SNOMED-CT,314529007,Medication review due (situation)
2024-04-12,2024-10-11,40bef2fb-ee47-4089-b99b-1c6bc43fe217,13871c2e-91e5-ed1a-2b17-cc65a7ec12cd,SNOMED-CT,160903007,Full-time employment (finding)
2024-04-12,2024-06-14,40bef2fb-ee47-4089-b99b-1c6bc43fe217,13871c2e-91e5-ed1a-2b17-cc65a7ec12cd,SNOMED-CT,423315002,Limited social contact (finding)
2024-04-12,2024-10-11,40bef2fb-ee47-4089-b99b-1c6bc43fe217,13871c2e-91e5-ed1a-2b17-cc65a7ec12cd,SNOMED-CT,73595000,Stress (finding)
1988-02-24,1988-03-23,beaac03f-cf1c-3505-9eae-d1dba7abfcf0,c685fe4a-aa73-f666-2ec5-8dcb34e9eef0,SNOMED-CT,741062008,Not in labor force (finding)
1988-02-24,1988-03-23,beaac03f-cf1c-3505-9eae-d1dba7abfcf0,c685fe4a-aa73-f666-2ec5-8dcb34e9eef0,SNOMED-CT,423315002,Limited social contact (finding)
1988-03-09,1988-08-10,beaac03f-cf1c-3505-9eae-d1dba7abfcf0,82de023c-0186-55a5-94ea-ec9441b19fc8,ICD10,K04.7,Periapical abscess without sinus
1988-03-23,1988-06-15,beaac03f-cf1c-3505-9eae-d1dba7abfcf0,f16f51cd-85f1-a1ad-5a09-3c5627912b5e,SNOMED-CT,160903007,Full-time employment (finding)
2024-06-13,2024-10-10,40bef2fb-ee47-4089-b99b-1c6bc43fe217,1f642a6d-a224-bf4c-e9b4-b1555437977d,SNOMED-CT,314529007,Medication review due (situation)
1988-03-30,1988-05-04,beaac03f-cf1c-3505-9eae-d1dba7abfcf0,dba2a7a1-704f-8e27-f414-8e36fbc3b92b,SNOMED-CT,314529007,Medication review due (situation)
1988-05-04,,beaac03f-cf1c-3505-9eae-d1dba7abfcf0,555a37f9-e4af-dcf7-4bf5-328eba553f26,SNOMED-CT,73595000,Stress (finding)
2024-10-11,2024-11-08,40bef2fb-ee47-4089-b99b-1c6bc43fe217,cef93f14-71c2-232d-3b98-d1bd4da71e2c,SNOMED-CT,160904001,Part-time employment (finding)
2024-10-11,2024-11-08,40bef2fb-ee47-4089-b99b-1c6bc43fe217,cef93f14-71c2-232d-3b98-d1bd4da71e2c,SNOMED-CT,422650009,Social isolation (finding)
1988-06-15,1988-07-27,beaac03f-cf1c-3505-9eae-d1dba7abfcf0,58f961d3-8ec6-776c-08b6-2679a80621c5,SNOMED-CT,314529007,Medication review due (situation)
1988-06-15,1988-07-27,beaac03f-cf1c-3505-9eae-d1dba7abfcf0,58f961d3-8ec6-776c-08b6-2679a80621c5,SNOMED-CT,160904001,Part-time employment (finding)
1988-07-27,,beaac03f-cf1c-3505-9eae-d1dba7abfcf0,5b4ba62a-a60b-b53e-88c0-d6dac2bbc1f6,SNOMED-CT,431856006,Chronic kidney disease stage 2 (disorder)
1988-07-27,,beaac03f-cf1c-3505-9eae-d1dba7abfcf0,5b4ba62a-a60b-b53e-88c0-d6dac2bbc1f6,SNOMED-CT,90781000119102,Microalbuminuria due to type 2 diabetes mellitus (disorder)
2024-11-07,2024-11-07,40bef2fb-ee47-4089-b99b-1c6bc43fe217,d094f434-1235-d404-937d-28704818e5e7,SNOMED-CT,314529007,Medication review due (situation)
2024-11-08,2024-12-06,40bef2fb-ee47-4089-b99b-1c6bc43fe217,d094f434-1235-d404-937d-28704818e5e7,SNOMED-CT,160903007,Full-time employment (finding)
1988-07-27,,beaac03f-cf1c-3505-9eae-d1dba7abfcf0,5b4ba62a-a60b-b53e-88c0-d6dac2bbc1f6,SNOMED-CT,160903007,Full-time employment (finding)
2024-11-08,2025-06-06,40bef2fb-ee47-4089-b99b-1c6bc43fe217,d094f434-1235-d404-937d-28704818e5e7,SNOMED-CT,73595000,Stress (finding)
1988-08-24,,beaac03f-cf1c-3505-9eae-d1dba7abfcf0,593ab330-65bb-b8fb-e0d9-511337a77bb6,SNOMED-CT,314529007,Medication review due (situation)
2024-11-21,2025-11-21,40bef2fb-ee47-4089-b99b-1c6bc43fe217,f04d564d-312e-0fbe-52f4-ad0470f12429,ICD10,K02.9,Dental caries  unspecified
2024-11-21,2025-12-19,40bef2fb-ee47-4089-b99b-1c6bc43fe217,f04d564d-312e-0fbe-52f4-ad0470f12429,ICD10,K01.1,Impacted teeth
2024-12-05,2024-12-26,40bef2fb-ee47-4089-b99b-1c6bc43fe217,1964bea4-5ed5-f8e6-e019-17f3213473a0,SNOMED-CT,314529007,Medication review due (situation)
2024-12-06,2024-12-20,40bef2fb-ee47-4089-b99b-1c6bc43fe217,1964bea4-5ed5-f8e6-e019-17f3213473a0,SNOMED-CT,160904001,Part-time employment (finding)
2024-12-20,2025-01-17,40bef2fb-ee47-4089-b99b-1c6bc43fe217,1d3d132a-205b-9229-6090-64ed37091f6d,SNOMED-CT,160903007,Full-time employment (finding)
2025-01-09,2025-01-22,40bef2fb-ee47-4089-b99b-1c6bc43fe217,8de27d68-dea5-84ec-ac9a-05edcdbbfcb3,SNOMED-CT,195662009,Acute viral pharyngitis (disorder)
2025-01-16,2025-01-16,40bef2fb-ee47-4089-b99b-1c6bc43fe217,81a7822c-8348-af0f-592e-5ad185f3530d,SNOMED-CT,314529007,Medication review due (situation)
2025-01-17,2025-06-06,40bef2fb-ee47-4089-b99b-1c6bc43fe217,81a7822c-8348-af0f-592e-5ad185f3530d,SNOMED-CT,160904001,Part-time employment (finding)
2025-01-23,2025-01-23,40bef2fb-ee47-4089-b99b-1c6bc43fe217,9964125b-1724-05fa-591c-cb315d139e6d,SNOMED-CT,314529007,Medication review due (situation)
2025-06-05,2025-06-05,40bef2fb-ee47-4089-b99b-1c6bc43fe217,391b39f9-e17b-cb4d-1d5f-8bbbfeaf0d04,SNOMED-CT,314529007,Medication review due (situation)
2025-06-06,2025-12-05,40bef2fb-ee47-4089-b99b-1c6bc43fe217,391b39f9-e17b-cb4d-1d5f-8bbbfeaf0d04,SNOMED-CT,160903007,Full-time employment (finding)
2025-10-09,2025-10-09,40bef2fb-ee47-4089-b99b-1c6bc43fe217,ebbc2d71-e3cd-bd85-4e2f-53e3a1a4ff09,SNOMED-CT,314529007,Medication review due (situation)
2025-11-06,2025-12-11,40bef2fb-ee47-4089-b99b-1c6bc43fe217,defe4420-4d97-758f-6864-4c5da01c1cf2,SNOMED-CT,314529007,Medication review due (situation)
2025-11-07,2025-12-05,40bef2fb-ee47-4089-b99b-1c6bc43fe217,defe4420-4d97-758f-6864-4c5da01c1cf2,SNOMED-CT,424393004,Reports of violence in the environment (finding)
2025-11-07,2025-12-05,40bef2fb-ee47-4089-b99b-1c6bc43fe217,defe4420-4d97-758f-6864-4c5da01c1cf2,SNOMED-CT,706893006,Victim of intimate partner abuse (finding)
2025-12-05,,40bef2fb-ee47-4089-b99b-1c6bc43fe217,cb6c44e1-08fd-45d9-b8ea-3099e2fb479a,SNOMED-CT,741062008,Not in labor force (finding)
2025-12-05,,40bef2fb-ee47-4089-b99b-1c6bc43fe217,cb6c44e1-08fd-45d9-b8ea-3099e2fb479a,SNOMED-CT,73595000,Stress (finding)
2025-12-18,2025-12-19,40bef2fb-ee47-4089-b99b-1c6bc43fe217,2d5274e2-864e-045f-ac5c-d32edc2b9574,ICD10,K02.9,Dental caries  unspecified
1943-02-10,,ecd26e97-b8db-9816-9345-5a1f5db14984,fd7ba685-20a4-ef81-2176-2f174a668364,SNOMED-CT,5251000175109,Received certificate of high school equivalency (finding)
1950-04-02,,ecd26e97-b8db-9816-9345-5a1f5db14984,cf2e801d-7a53-998f-510a-564e587d16fb,SNOMED-CT,267020005,History of tubal ligation (situation)
1953-02-25,,ecd26e97-b8db-9816-9345-5a1f5db14984,58910a15-e8e3-a026-49f9-3ad5799238d8,SNOMED-CT,266948004,Has a criminal record (finding)
1954-12-08,,ecd26e97-b8db-9816-9345-5a1f5db14984,5cef1ce0-3cd7-1b2c-a6af-4e5df70510e5,SNOMED-CT,162864005,Body mass index 30+ - obesity (finding)
1975-06-07,,ecd26e97-b8db-9816-9345-5a1f5db14984,f1c34b48-4edf-2579-1508-ee5420329756,SNOMED-CT,40055000,Chronic sinusitis (disorder)
1984-02-08,1988-03-02,ecd26e97-b8db-9816-9345-5a1f5db14984,84703821-c343-2e34-45cc-c2684f0a3376,SNOMED-CT,314529007,Medication review due (situation)
1986-02-19,,ecd26e97-b8db-9816-9345-5a1f5db14984,033af3e8-da76-efee-0db7-c6f5ac2721dd,SNOMED-CT,160903007,Full-time employment (finding)
1987-02-25,1989-03-08,ecd26e97-b8db-9816-9345-5a1f5db14984,1951681f-a8cc-a1e2-359d-ba64c97f7957,SNOMED-CT,73595000,Stress (finding)
1987-12-07,,ecd26e97-b8db-9816-9345-5a1f5db14984,506b376f-e397-96a5-992f-e737c36b0c27,SNOMED-CT,254837009,Malignant neoplasm of breast (disorder)
1988-05-07,,ecd26e97-b8db-9816-9345-5a1f5db14984,f54bb7d0-2e6e-83bd-5172-064040555323,SNOMED-CT,95417003,Primary fibromyalgia syndrome
1989-03-08,1989-03-08,ecd26e97-b8db-9816-9345-5a1f5db14984,7790cec2-59ef-66f8-194a-6ac46fa2767d,SNOMED-CT,314529007,Medication review due (situation)
1989-03-08,,ecd26e97-b8db-9816-9345-5a1f5db14984,7790cec2-59ef-66f8-194a-6ac46fa2767d,SNOMED-CT,423315002,Limited social contact (finding)
1989-03-08,,ecd26e97-b8db-9816-9345-5a1f5db14984,7790cec2-59ef-66f8-194a-6ac46fa2767d,SNOMED-CT,66383009,Gingivitis (disorder)
1990-03-14,,ecd26e97-b8db-9816-9345-5a1f5db14984,e62e861e-a1de-126f-258e-d3cb4082313c,SNOMED-CT,314529007,Medication review due (situation)
1990-03-14,,ecd26e97-b8db-9816-9345-5a1f5db14984,e62e861e-a1de-126f-258e-d3cb4082313c,SNOMED-CT,424393004,Reports of violence in the environment (finding)
1990-04-10,,ecd26e97-b8db-9816-9345-5a1f5db14984,a1b7e96f-887c-29d8-de59-ace4d5407692,SNOMED-CT,124171000119105,Chronic intractable migraine without aura
1990-09-24,,ecd26e97-b8db-9816-9345-5a1f5db14984,0f1b7867-abc8-133d-78ba-3164060378b6,SNOMED-CT,196416002,Impacted molars
1943-02-10,,63464afa-15f9-0c7e-f70f-50b0437f2c5a,6f0e979b-c314-e68f-dde7-91cbda3a4669,SNOMED-CT,5251000175109,Received certificate of high school equivalency (finding)
1946-10-10,,63464afa-15f9-0c7e-f70f-50b0437f2c5a,f721779e-78a5-61e5-42be-fe1bd26fe4d7,SNOMED-CT,161744009,Past pregnancy history of miscarriage (situation)
1956-02-29,,63464afa-15f9-0c7e-f70f-50b0437f2c5a,6b1ec4e6-15c7-a671-f50d-6d48ad8240a2,SNOMED-CT,162864005,Body mass index 30+ - obesity (finding)
1977-04-04,,63464afa-15f9-0c7e-f70f-50b0437f2c5a,dd5c2f79-acc6-da5b-ad0b-b3078a9210cf,SNOMED-CT,239872002,Osteoarthritis of hip
1990-03-21,,63464afa-15f9-0c7e-f70f-50b0437f2c5a,b3516040-fbbd-3397-bce3-0a6172af6cea,SNOMED-CT,59621000,Essential hypertension (disorder)
1990-03-21,,63464afa-15f9-0c7e-f70f-50b0437f2c5a,b3516040-fbbd-3397-bce3-0a6172af6cea,SNOMED-CT,66383009,Gingivitis (disorder)
1990-03-25,,63464afa-15f9-0c7e-f70f-50b0437f2c5a,3c852c57-28c0-d20d-103d-d08e54012b9e,SNOMED-CT,124171000119105,Chronic intractable migraine without aura
1990-12-04,,63464afa-15f9-0c7e-f70f-50b0437f2c5a,5f70b553-801d-f5b8-5126-36f0683c5eed,SNOMED-CT,82423001,Chronic pain
1991-04-03,,63464afa-15f9-0c7e-f70f-50b0437f2c5a,11cb6208-255b-4659-e228-37196de9e3ac,SNOMED-CT,196416002,Impacted molars
1994-09-22,,63464afa-15f9-0c7e-f70f-50b0437f2c5a,4529b126-9bf8-5945-d8ce-b54f687313de,SNOMED-CT,6525002,Dependent drug abuse (disorder)
1999-05-12,,63464afa-15f9-0c7e-f70f-50b0437f2c5a,98e81886-3c35-967d-3683-a5255494a327,SNOMED-CT,26929004,Alzheimer's disease (disorder)
2001-12-19,2003-02-05,63464afa-15f9-0c7e-f70f-50b0437f2c5a,e46ccd96-a207-d09e-6e44-a72ab39aca82,SNOMED-CT,160903007,Full-time employment (finding)
2001-12-26,2004-06-30,63464afa-15f9-0c7e-f70f-50b0437f2c5a,74df1309-1dbc-ca76-1550-1bdf1d1c3edf,ICD10,C18.9,Malignant neoplasm of colon  unspecified
2002-04-23,,63464afa-15f9-0c7e-f70f-50b0437f2c5a,033e1753-0d87-19f9-898f-bab1998127e2,SNOMED-CT,111287006,Tricuspid valve regurgitation (disorder)
2002-05-29,2005-06-15,63464afa-15f9-0c7e-f70f-50b0437f2c5a,8fbe6b23-4af0-6829-38ca-d6e2b59ad871,SNOMED-CT,314529007,Medication review due (situation)
2002-11-28,,63464afa-15f9-0c7e-f70f-50b0437f2c5a,8507e4ca-8cc0-263d-3fd0-b30e3805e50c,SNOMED-CT,60573004,Aortic valve stenosis (disorder)
2003-01-26,2003-02-09,63464afa-15f9-0c7e-f70f-50b0437f2c5a,f9487e42-478a-5a3c-403b-568c66104e9d,SNOMED-CT,10509002,Acute bronchitis (disorder)
2003-02-05,2003-06-04,63464afa-15f9-0c7e-f70f-50b0437f2c5a,9c2c05d9-10a9-b87f-ec6a-ff3a37b75af7,SNOMED-CT,741062008,Not in labor force (finding)
2003-02-05,2003-07-16,63464afa-15f9-0c7e-f70f-50b0437f2c5a,9c2c05d9-10a9-b87f-ec6a-ff3a37b75af7,SNOMED-CT,73595000,Stress (finding)
2003-02-05,2003-06-04,63464afa-15f9-0c7e-f70f-50b0437f2c5a,9c2c05d9-10a9-b87f-ec6a-ff3a37b75af7,SNOMED-CT,424393004,Reports of violence in the environment (finding)
2003-06-04,2003-07-16,63464afa-15f9-0c7e-f70f-50b0437f2c5a,9339c960-d9cf-a09e-e862-24fde65edb32,SNOMED-CT,160903007,Full-time employment (finding)
2003-07-16,2005-06-15,63464afa-15f9-0c7e-f70f-50b0437f2c5a,7b3bb8c2-fb07-3936-0899-a6752c0c74ef,SNOMED-CT,160904001,Part-time employment (finding)
2003-07-16,2004-06-09,63464afa-15f9-0c7e-f70f-50b0437f2c5a,7b3bb8c2-fb07-3936-0899-a6752c0c74ef,SNOMED-CT,424393004,Reports of violence in the environment (finding)
2003-07-30,2003-08-09,63464afa-15f9-0c7e-f70f-50b0437f2c5a,a9afe63b-8138-4af5-da55-d3f50cd98b12,SNOMED-CT,444814009,Viral sinusitis (disorder)
2004-02-16,2004-02-16,63464afa-15f9-0c7e-f70f-50b0437f2c5a,c8a52dda-3355-9051-2748-2879e9a4b81d,SNOMED-CT,55680006,Drug overdose
2004-06-09,,63464afa-15f9-0c7e-f70f-50b0437f2c5a,9493fd36-646d-fc5f-9e8a-c1997b227f85,SNOMED-CT,414545008,Ischemic heart disease (disorder)
2004-06-09,,63464afa-15f9-0c7e-f70f-50b0437f2c5a,9493fd36-646d-fc5f-9e8a-c1997b227f85,SNOMED-CT,73595000,Stress (finding)
2004-06-19,,63464afa-15f9-0c7e-f70f-50b0437f2c5a,e0306cf8-c2eb-2f0c-90ed-bb6def19753b,SNOMED-CT,274531002,Abnormal findings diagnostic imaging heart+coronary circulat (finding)
2004-06-30,2004-06-30,63464afa-15f9-0c7e-f70f-50b0437f2c5a,40c0d518-93b5-1ccb-37b3-64b7f1f2409a,ICD10,K04.7,Periapical abscess without sinus
2005-06-15,,63464afa-15f9-0c7e-f70f-50b0437f2c5a,518600fb-7f83-7137-6325-63a96b0f57d1,SNOMED-CT,160903007,Full-time employment (finding)
1930-10-14,,3a95299b-cc07-06dd-6ec3-a4762608a16c,ee32e5ca-34e7-96ae-a242-35352059316b,SNOMED-CT,40055000,Chronic sinusitis (disorder)
1943-02-10,,3a95299b-cc07-06dd-6ec3-a4762608a16c,3697545c-abd1-ae06-3d8a-1646cd55f4ce,SNOMED-CT,5251000175109,Received certificate of high school equivalency (finding)
1944-02-16,,3a95299b-cc07-06dd-6ec3-a4762608a16c,cb6172b3-9f2c-e05c-094b-b5b05ca5ccf2,SNOMED-CT,59621000,Essential hypertension (disorder)
1947-03-05,,3a95299b-cc07-06dd-6ec3-a4762608a16c,d05619b1-3402-ec02-40df-5db39ac7d4ee,SNOMED-CT,266948004,Has a criminal record (finding)
1957-05-01,,3a95299b-cc07-06dd-6ec3-a4762608a16c,ed4c149d-0e8e-afb2-f2f7-f87b9034a543,SNOMED-CT,44054006,Diabetes mellitus type 2 (disorder)
1957-05-01,,3a95299b-cc07-06dd-6ec3-a4762608a16c,ed4c149d-0e8e-afb2-f2f7-f87b9034a543,SNOMED-CT,271737000,Anemia (disorder)
1958-05-07,,3a95299b-cc07-06dd-6ec3-a4762608a16c,9fc7329a-1d44-f7d5-7c9b-565f9e0c5cac,SNOMED-CT,302870006,Hypertriglyceridemia (disorder)
1960-05-18,,3a95299b-cc07-06dd-6ec3-a4762608a16c,efd1e66f-3a77-178d-c7a7-8b0705501703,SNOMED-CT,422034002,Retinopathy due to type 2 diabetes mellitus (disorder)
1961-05-24,,3a95299b-cc07-06dd-6ec3-a4762608a16c,9ae147f7-86ee-0b98-ae24-734fdf5f8072,SNOMED-CT,237602007,Metabolic syndrome X (disorder)
1961-05-24,,3a95299b-cc07-06dd-6ec3-a4762608a16c,9ae147f7-86ee-0b98-ae24-734fdf5f8072,SNOMED-CT,162864005,Body mass index 30+ - obesity (finding)
1962-05-30,,3a95299b-cc07-06dd-6ec3-a4762608a16c,96bbe465-ad85-fc66-e368-213828c7181c,SNOMED-CT,80394007,Hyperglycemia (disorder)
1964-04-07,,3a95299b-cc07-06dd-6ec3-a4762608a16c,d72b73f1-90ea-170c-e642-f7e063731e48,SNOMED-CT,161744009,Past pregnancy history of miscarriage (situation)
1967-06-28,,3a95299b-cc07-06dd-6ec3-a4762608a16c,28d59d8a-2827-b745-9491-33c0d3c7c0b2,SNOMED-CT,414545008,Ischemic heart disease (disorder)
1967-07-11,,3a95299b-cc07-06dd-6ec3-a4762608a16c,907571eb-0a6d-237f-88db-dd7ac1b6e896,SNOMED-CT,274531002,Abnormal findings diagnostic imaging heart+coronary circulat (finding)
1967-08-01,,3a95299b-cc07-06dd-6ec3-a4762608a16c,86fcf05e-9673-2380-32fa-a6029228115d,SNOMED-CT,399261000,History of coronary artery bypass grafting (situation)
1978-08-30,,3a95299b-cc07-06dd-6ec3-a4762608a16c,61d96c8d-66ae-1d7d-e7cc-25f85df644be,SNOMED-CT,1551000119108,Nonproliferative diabetic retinopathy due to type 2 diabetes mellitus (disorder)
1990-04-03,,3a95299b-cc07-06dd-6ec3-a4762608a16c,f3e05f71-4bdf-6edd-6e84-3482a9bf0091,SNOMED-CT,82423001,Chronic pain
1990-06-21,,3a95299b-cc07-06dd-6ec3-a4762608a16c,9560f357-af74-3e3f-01e5-243aaf92ce04,SNOMED-CT,196416002,Impacted molars
1990-08-04,,3a95299b-cc07-06dd-6ec3-a4762608a16c,07ac5cf4-f2e9-42a6-02f7-fa60022deb03,SNOMED-CT,124171000119105,Chronic intractable migraine without aura
1991-07-08,,3a95299b-cc07-06dd-6ec3-a4762608a16c,d973aacc-1903-fcc4-fb78-fac06708c209,SNOMED-CT,6525002,Dependent drug abuse (disorder)
1994-11-30,,3a95299b-cc07-06dd-6ec3-a4762608a16c,74d15c27-1a27-363a-290c-677def86072a,SNOMED-CT,66383009,Gingivitis (disorder)
2001-09-19,2010-04-14,3a95299b-cc07-06dd-6ec3-a4762608a16c,9815c662-ac17-e279-7789-a64561f4656b,ICD10,C01,Malignant neoplasm of base of tongue
2004-03-03,2010-04-14,3a95299b-cc07-06dd-6ec3-a4762608a16c,ceded763-decf-a1db-f669-930458b44ef3,ICD10,K05.312,Chronic periodontitis  localized  moderate
2004-12-29,,3a95299b-cc07-06dd-6ec3-a4762608a16c,950222c4-530f-a1c7-e4e9-6cc307abf2ea,SNOMED-CT,64859006,Osteoporosis (disorder)
2004-12-29,,3a95299b-cc07-06dd-6ec3-a4762608a16c,950222c4-530f-a1c7-e4e9-6cc307abf2ea,SNOMED-CT,706893006,Victim of intimate partner abuse (finding)
2005-01-12,2010-04-14,3a95299b-cc07-06dd-6ec3-a4762608a16c,a86455bc-4612-3721-18e9-9f6c45b05ba4,ICD10,K12.2,Cellulitis and abscess of mouth
2005-03-09,2010-04-14,3a95299b-cc07-06dd-6ec3-a4762608a16c,62d8135a-9e5f-6fea-0ca5-1b1080704a95,ICD10,K02.63,Dental caries on smooth surface penetrating into pulp
2006-03-01,,3a95299b-cc07-06dd-6ec3-a4762608a16c,250428a0-c7cf-df2c-d5e9-15139a356436,SNOMED-CT,26929004,Alzheimer's disease (disorder)
2007-10-31,2008-07-30,3a95299b-cc07-06dd-6ec3-a4762608a16c,87e6cc34-7a48-d384-a51a-0ef12dd2de42,SNOMED-CT,314529007,Medication review due (situation)
2007-10-31,2008-03-12,3a95299b-cc07-06dd-6ec3-a4762608a16c,87e6cc34-7a48-d384-a51a-0ef12dd2de42,SNOMED-CT,741062008,Not in labor force (finding)
2007-10-31,2008-03-12,3a95299b-cc07-06dd-6ec3-a4762608a16c,87e6cc34-7a48-d384-a51a-0ef12dd2de42,SNOMED-CT,422650009,Social isolation (finding)
2007-10-31,2008-03-12,3a95299b-cc07-06dd-6ec3-a4762608a16c,87e6cc34-7a48-d384-a51a-0ef12dd2de42,SNOMED-CT,73595000,Stress (finding)
2007-11-04,,3a95299b-cc07-06dd-6ec3-a4762608a16c,0197c00d-9fdd-35c9-2662-dcd55f875037,SNOMED-CT,88805009,Chronic congestive heart failure (disorder)
2008-03-12,2008-07-30,3a95299b-cc07-06dd-6ec3-a4762608a16c,47c1ad42-efd5-fb8a-c825-0bf9c6b4af71,SNOMED-CT,160904001,Part-time employment (finding)
2008-07-30,2009-01-28,3a95299b-cc07-06dd-6ec3-a4762608a16c,50ec6c78-caca-deea-9460-6524c8d8ac80,SNOMED-CT,160903007,Full-time employment (finding)
2008-08-27,2008-08-27,3a95299b-cc07-06dd-6ec3-a4762608a16c,a7d36991-fcc8-cf88-a48a-46ba04f5f148,SNOMED-CT,314529007,Medication review due (situation)
2008-08-27,2008-10-29,3a95299b-cc07-06dd-6ec3-a4762608a16c,a7d36991-fcc8-cf88-a48a-46ba04f5f148,SNOMED-CT,73595000,Stress (finding)
2008-10-29,2009-01-28,3a95299b-cc07-06dd-6ec3-a4762608a16c,75eed59e-4f49-af83-4f38-deb7d43193ee,SNOMED-CT,314529007,Medication review due (situation)
2008-12-24,2009-10-21,3a95299b-cc07-06dd-6ec3-a4762608a16c,421d5dd9-e182-b39c-e9b4-3d70d2cec904,SNOMED-CT,73595000,Stress (finding)
2009-01-28,2009-03-18,3a95299b-cc07-06dd-6ec3-a4762608a16c,56113b0d-a79a-eb0f-c001-148b73560555,SNOMED-CT,160904001,Part-time employment (finding)
2009-03-18,2010-03-24,3a95299b-cc07-06dd-6ec3-a4762608a16c,2b01734a-fdc6-d3c5-2fbc-0f5f95701139,SNOMED-CT,314529007,Medication review due (situation)
2009-03-18,,3a95299b-cc07-06dd-6ec3-a4762608a16c,2b01734a-fdc6-d3c5-2fbc-0f5f95701139,SNOMED-CT,160903007,Full-time employment (finding)
2009-12-30,2010-03-24,3a95299b-cc07-06dd-6ec3-a4762608a16c,0efcc8cf-0e6d-a4e9-5b00-85e328e3dc9f,SNOMED-CT,73595000,Stress (finding)
2010-03-24,,3a95299b-cc07-06dd-6ec3-a4762608a16c,632c7e06-a972-054b-8f2e-3f3d85dfbaa9,SNOMED-CT,422650009,Social isolation (finding)
2010-03-31,2010-03-31,3a95299b-cc07-06dd-6ec3-a4762608a16c,84faa8e7-74dd-84cb-6349-efa651710f4c,SNOMED-CT,314529007,Medication review due (situation)
2010-05-05,2010-05-05,3a95299b-cc07-06dd-6ec3-a4762608a16c,a83440df-469c-3a5e-481c-51f2c43de9ad,SNOMED-CT,314529007,Medication review due (situation)
2010-05-05,,3a95299b-cc07-06dd-6ec3-a4762608a16c,a83440df-469c-3a5e-481c-51f2c43de9ad,SNOMED-CT,423315002,Limited social contact (finding)
1943-02-10,,446beed7-5197-c2e7-1dee-140e3a1f9193,6023d7b1-cae2-3b84-a817-c1695bc59593,SNOMED-CT,105531004,Housing unsatisfactory (finding)
1943-02-10,,446beed7-5197-c2e7-1dee-140e3a1f9193,6023d7b1-cae2-3b84-a817-c1695bc59593,SNOMED-CT,5251000175109,Received certificate of high school equivalency (finding)
1950-02-22,,446beed7-5197-c2e7-1dee-140e3a1f9193,142de7c8-94e8-d2a2-d87c-56ff8a51f42a,SNOMED-CT,15777000,Prediabetes
1950-02-22,,446beed7-5197-c2e7-1dee-140e3a1f9193,142de7c8-94e8-d2a2-d87c-56ff8a51f42a,SNOMED-CT,271737000,Anemia (disorder)
1950-04-14,,446beed7-5197-c2e7-1dee-140e3a1f9193,5b931253-433b-bf98-7f2c-8caa70911221,SNOMED-CT,267020005,History of tubal ligation (situation)
1959-03-04,,446beed7-5197-c2e7-1dee-140e3a1f9193,d40cff50-d56e-1690-5fe8-0746aee37976,SNOMED-CT,162864005,Body mass index 30+ - obesity (finding)
1971-01-06,,446beed7-5197-c2e7-1dee-140e3a1f9193,945819e4-e76f-48a1-015f-a5c22a0ed8e0,SNOMED-CT,59621000,Essential hypertension (disorder)
1971-01-06,,446beed7-5197-c2e7-1dee-140e3a1f9193,945819e4-e76f-48a1-015f-a5c22a0ed8e0,SNOMED-CT,237602007,Metabolic syndrome X (disorder)
1990-05-15,,446beed7-5197-c2e7-1dee-140e3a1f9193,d24f10ac-8ab7-c4f3-f62e-55ff8c05cfa3,SNOMED-CT,124171000119105,Chronic intractable migraine without aura
1990-11-23,,446beed7-5197-c2e7-1dee-140e3a1f9193,95d19386-edfd-1cfb-f8ed-63f2ca525ee2,SNOMED-CT,196416002,Impacted molars
1991-09-02,,446beed7-5197-c2e7-1dee-140e3a1f9193,f3e26b88-7272-0b84-c148-0e2eff8d5c51,SNOMED-CT,82423001,Chronic pain
1993-05-12,,446beed7-5197-c2e7-1dee-140e3a1f9193,5acd2818-d64a-94aa-80a0-c579d457f6e9,SNOMED-CT,66383009,Gingivitis (disorder)
1997-06-04,,446beed7-5197-c2e7-1dee-140e3a1f9193,848f57ef-d048-d8bf-ac33-61b5d684a2cd,SNOMED-CT,414545008,Ischemic heart disease (disorder)
1997-06-04,,446beed7-5197-c2e7-1dee-140e3a1f9193,848f57ef-d048-d8bf-ac33-61b5d684a2cd,SNOMED-CT,361055000,Misuses drugs (finding)
1997-06-14,,446beed7-5197-c2e7-1dee-140e3a1f9193,fc9d301a-74e2-c76d-de38-62f336196833,SNOMED-CT,274531002,Abnormal findings diagnostic imaging heart+coronary circulat (finding)
1997-07-10,,446beed7-5197-c2e7-1dee-140e3a1f9193,b1446884-f6cc-219a-ec6e-79fecc42ee7f,SNOMED-CT,6525002,Dependent drug abuse (disorder)
2004-02-13,,446beed7-5197-c2e7-1dee-140e3a1f9193,50781227-0a04-3ff1-1517-81a6f51f7442,SNOMED-CT,40055000,Chronic sinusitis (disorder)
2005-07-20,,446beed7-5197-c2e7-1dee-140e3a1f9193,b2994b41-085c-c24b-1d91-dca88f3a46cd,SNOMED-CT,64859006,Osteoporosis (disorder)
2015-09-16,,446beed7-5197-c2e7-1dee-140e3a1f9193,7cdfb6fe-c231-b261-e21c-89bce02c0ee9,SNOMED-CT,266948004,Has a criminal record (finding)
2019-10-23,2025-11-26,446beed7-5197-c2e7-1dee-140e3a1f9193,6966ce4b-18e6-1839-7ebc-cb8fb6f57e4e,ICD10,K02.9,Dental caries  unspecified
2021-10-20,2024-12-25,446beed7-5197-c2e7-1dee-140e3a1f9193,eda3cd4d-4ba7-4bc0-275f-99d7b5ec9f3e,SNOMED-CT,160903007,Full-time employment (finding)
2021-10-20,2023-11-01,446beed7-5197-c2e7-1dee-140e3a1f9193,eda3cd4d-4ba7-4bc0-275f-99d7b5ec9f3e,SNOMED-CT,80583007,Severe anxiety (panic) (finding)
2023-11-01,2023-11-01,446beed7-5197-c2e7-1dee-140e3a1f9193,c94a5fd7-237a-5ec2-b60b-cbe5c88bb801,SNOMED-CT,314529007,Medication review due (situation)
2023-11-01,2024-11-06,446beed7-5197-c2e7-1dee-140e3a1f9193,c94a5fd7-237a-5ec2-b60b-cbe5c88bb801,SNOMED-CT,423315002,Limited social contact (finding)
2023-11-01,2024-11-06,446beed7-5197-c2e7-1dee-140e3a1f9193,c94a5fd7-237a-5ec2-b60b-cbe5c88bb801,SNOMED-CT,73595000,Stress (finding)
2024-11-06,2024-11-06,446beed7-5197-c2e7-1dee-140e3a1f9193,4e9b9020-0677-f98f-dbd7-7163d7a1f37b,SNOMED-CT,314529007,Medication review due (situation)
2024-11-06,2024-12-25,446beed7-5197-c2e7-1dee-140e3a1f9193,4e9b9020-0677-f98f-dbd7-7163d7a1f37b,SNOMED-CT,80583007,Severe anxiety (panic) (finding)
2024-11-21,2024-11-21,446beed7-5197-c2e7-1dee-140e3a1f9193,9c20f286-ad1e-c2e2-4838-c2808b84e090,SNOMED-CT,55680006,Drug overdose
2024-12-25,2025-11-12,446beed7-5197-c2e7-1dee-140e3a1f9193,3b9f4ca9-e876-7ba0-3c2c-ba781433e334,SNOMED-CT,314529007,Medication review due (situation)
2024-12-25,,446beed7-5197-c2e7-1dee-140e3a1f9193,3b9f4ca9-e876-7ba0-3c2c-ba781433e334,SNOMED-CT,160904001,Part-time employment (finding)
2024-12-25,2025-11-12,446beed7-5197-c2e7-1dee-140e3a1f9193,3b9f4ca9-e876-7ba0-3c2c-ba781433e334,SNOMED-CT,73595000,Stress (finding)
2025-01-01,2025-01-09,446beed7-5197-c2e7-1dee-140e3a1f9193,68177e82-4fef-9a69-c5c2-e25fcd5ee07b,SNOMED-CT,444814009,Viral sinusitis (disorder)
2025-04-09,2025-04-27,446beed7-5197-c2e7-1dee-140e3a1f9193,484584a8-626c-39e4-1451-e964a0913132,SNOMED-CT,384709000,Sprain (morphologic abnormality)
2025-04-09,2025-04-27,446beed7-5197-c2e7-1dee-140e3a1f9193,484584a8-626c-39e4-1451-e964a0913132,SNOMED-CT,44465007,Sprain of ankle
