Id,START,STOP,PATIENT,ORGANIZATION,PROVIDER,PAYER,ENCOUNTERCLASS,CODE,DESCRIPTION,BASE_ENCOUNTER_COST,TOTAL_CLAIM_COST,PAYER_COVERAGE,REASONCODE,REASONDESCRIPTION
40cbb90a-d384-d05b-7dbc-493574350f7a,2012-11-04T09:23:28Z,2012-11-04T09:47:42Z,069b5064-ff05-2225-3995-f32685518bc6,84d5768f-3a21-3da9-aad2-bbf7a3ae2700,176195e7-8d68-3982-9ddc-0bed20dd394c,26aab0cd-6aba-3e1b-ac5b-05c8867e762c,wellness,410620009,Well child visit (procedure),136.80,704.20,0.00,,
1f111fde-0523-e10d-3114-ee1c16a75cd4,2022-05-28T05:05:43Z,2022-05-28T05:20:43Z,8c85983a-a538-522f-bce0-03678b0fc7ce,9cfdd210-a2ed-34d6-9381-2f5d999011ca,735f39bc-734b-3a73-a4ac-a2c705faaba9,b046940f-1664-3047-bca7-dfa76be352a4,wellness,410620009,Well child visit (procedure),136.80,816.80,0.00,,
c759a67c-0f95-f918-d5b0-36be5eb82aab,2017-05-02T06:29:18Z,2017-05-02T06:55:09Z,3f6021df-8aac-ed27-a705-e71bc0e4b649,0fedae9f-701f-3317-9b2f-69aea2202cdc,7fc3c736-8e02-364d-a0cf-d2824bb9949a,df166300-5a78-3502-a46a-832842197811,ambulatory,185349003,Encounter for check up (procedure),85.55,145.65,0.00,103697008,Patient referral for dental care (procedure)
5c7df080-2a33-8456-1a02-597cfe637ebb,2015-07-22T07:29:22Z,2015-07-23T07:29:22Z,39a59f42-5a52-886d-844b-183228219521,1cec4304-9757-3a10-ad4f-7e2090c56131,763a9acb-f3ea-34d4-9ea9-89516aa226e4,b046940f-1664-3047-bca7-dfa76be352a4,inpatient,32485007,Hospital admission (procedure),146.18,541.45,0.00,,
76597eee-9ae6-b531-ccbd-45d1c74b9ba5,2020-01-29T11:39:13Z,2020-01-29T11:54:13Z,1f84d0f1-976e-1a46-e50e-f5d3d421f41a,4b7e26e6-e5b1-38c9-b4ac-fde9a0f93177,735a796f-86e0-3804-9839-b4433e97220f,26aab0cd-6aba-3e1b-ac5b-05c8867e762c,wellness,410620009,Well child visit (procedure),136.80,816.80,0.00,,
05dfc016-e78e-064b-4a43-ff5922a53e8b,2015-10-04T15:28:03Z,2015-10-04T15:43:03Z,7353e17f-0cd5-5b0a-c736-92b9ca5f8366,d0894f6b-78d7-338d-82ad-b63de4d40014,06c075c2-c733-3de3-a271-a0e2d5889ba4,26aab0cd-6aba-3e1b-ac5b-05c8867e762c,outpatient,185349003,Encounter for check up (procedure),85.55,516.95,0.00,,
8c55986f-4340-f9a0-bbb8-f3c353809506,2022-04-12T09:31:55Z,2022-04-12T10:01:50Z,1e621f4c-db30-c273-49e9-2dcad508a9cb,91808f17-7583-32a3-aa55-23b131b327c7,bec9d43c-f462-3292-9a4b-0ad0c0a7a9fb,b046940f-1664-3047-bca7-dfa76be352a4,wellness,410620009,Well child visit (procedure),136.80,568.20,0.00,,
f5685bbe-51d2-9e8d-92db-40d853fbd7fa,2020-12-09T06:51:25Z,2020-12-09T07:06:25Z,39a59f42-5a52-886d-844b-183228219521,1cec4304-9757-3a10-ad4f-7e2090c56131,763a9acb-f3ea-34d4-9ea9-89516aa226e4,b046940f-1664-3047-bca7-dfa76be352a4,outpatient,185349003,Encounter for check up (procedure),85.55,652.95,82.87,,
4833930c-e1aa-57fb-2c5d-dd1959143fa9,2023-04-26T11:39:13Z,2023-04-26T11:54:13Z,1f84d0f1-976e-1a46-e50e-f5d3d421f41a,4b7e26e6-e5b1-38c9-b4ac-fde9a0f93177,735a796f-86e0-3804-9839-b4433e97220f,26aab0cd-6aba-3e1b-ac5b-05c8867e762c,wellness,410620009,Well child visit (procedure),136.80,704.20,0.00,,
6e341754-a97c-d029-7ac1-c587c1658620,2016-06-05T15:28:03Z,2016-06-05T16:06:19Z,7353e17f-0cd5-5b0a-c736-92b9ca5f8366,67d2f85b-ddc7-3ed0-b90b-6fa5b7b8358a,2a858bff-126f-3157-9aa9-0c2484a0059f,26aab0cd-6aba-3e1b-ac5b-05c8867e762c,wellness,162673000,General examination of patient (procedure),136.80,1505.39,0.00,,
b7c50568-8bf3-3d1c-0560-cf0ca30dafa7,2013-11-10T09:23:28Z,2013-11-10T10:07:26Z,069b5064-ff05-2225-3995-f32685518bc6,84d5768f-3a21-3da9-aad2-bbf7a3ae2700,176195e7-8d68-3982-9ddc-0bed20dd394c,26aab0cd-6aba-3e1b-ac5b-05c8867e762c,wellness,162673000,General examination of patient (procedure),136.80,919.90,0.00,,
1bf8000f-6225-bf6e-f1aa-a644a6ae2dc8,2023-04-18T09:31:55Z,2023-04-18T09:46:55Z,1e621f4c-db30-c273-49e9-2dcad508a9cb,91808f17-7583-32a3-aa55-23b131b327c7,bec9d43c-f462-3292-9a4b-0ad0c0a7a9fb,b046940f-1664-3047-bca7-dfa76be352a4,wellness,410620009,Well child visit (procedure),136.80,1567.00,0.00,,
a599a4ca-7e9d-2cc9-51cc-c4992688b9a4,2022-01-19T06:51:25Z,2022-01-19T07:06:25Z,39a59f42-5a52-886d-844b-183228219521,a6fb79e7-4abb-3a68-b62d-e501427fdca4,9b9bdee6-f9ee-34dc-99a0-66437e976778,b046940f-1664-3047-bca7-dfa76be352a4,wellness,410620009,Well child visit (procedure),136.80,704.20,0.00,,
c6f7448a-4173-8357-e738-4756c5487d2e,2014-11-16T09:23:28Z,2014-11-16T10:07:08Z,069b5064-ff05-2225-3995-f32685518bc6,84d5768f-3a21-3da9-aad2-bbf7a3ae2700,176195e7-8d68-3982-9ddc-0bed20dd394c,26aab0cd-6aba-3e1b-ac5b-05c8867e762c,wellness,162673000,General examination of patient (procedure),136.80,704.20,704.20,,
9e598fa6-8063-b771-d228-9a8efc8f9d37,2023-06-03T05:05:43Z,2023-06-03T05:20:43Z,8c85983a-a538-522f-bce0-03678b0fc7ce,9cfdd210-a2ed-34d6-9381-2f5d999011ca,735f39bc-734b-3a73-a4ac-a2c705faaba9,b046940f-1664-3047-bca7-dfa76be352a4,wellness,410620009,Well child visit (procedure),136.80,563.08,0.00,,
992b107c-12b0-e5cc-0660-caf61fbb2466,2017-11-19T09:23:28Z,2017-11-19T10:23:14Z,069b5064-ff05-2225-3995-f32685518bc6,84d5768f-3a21-3da9-aad2-bbf7a3ae2700,176195e7-8d68-3982-9ddc-0bed20dd394c,26aab0cd-6aba-3e1b-ac5b-05c8867e762c,wellness,162673000,General examination of patient (procedure),136.80,1186.78,0.00,,
5539ee4d-57bc-de5e-4cd0-d60833a5447a,2020-11-22T09:23:28Z,2020-11-22T09:59:44Z,069b5064-ff05-2225-3995-f32685518bc6,84d5768f-3a21-3da9-aad2-bbf7a3ae2700,176195e7-8d68-3982-9ddc-0bed20dd394c,26aab0cd-6aba-3e1b-ac5b-05c8867e762c,wellness,162673000,General examination of patient (procedure),136.80,704.20,0.00,,
bfc1bff7-f05b-7ebe-5cb9-09f1e5062f82,2023-03-23T13:29:18Z,2023-03-23T14:29:18Z,3f6021df-8aac-ed27-a705-e71bc0e4b649,fe30f2b4-9bc8-346e-afba-4455d1766545,349eeb51-6d5e-3651-8224-7f6a22564261,df166300-5a78-3502-a46a-832842197811,emergency,50849002,Emergency room admission (procedure),146.18,146.18,96.18,74400008,Appendicitis
0184fb5c-7ddd-025d-e6af-11f7bd3b5a60,2023-03-23T13:29:18Z,2023-03-24T23:38:48Z,3f6021df-8aac-ed27-a705-e71bc0e4b649,0fedae9f-701f-3317-9b2f-69aea2202cdc,7fc3c736-8e02-364d-a0cf-d2824bb9949a,df166300-5a78-3502-a46a-832842197811,inpatient,185347001,Encounter for problem (procedure),87.71,16684.71,16634.71,74400008,Appendicitis
6789fa19-4d11-cb01-40eb-0cf4a9be7e8b,2020-06-14T15:28:03Z,2020-06-14T16:02:25Z,7353e17f-0cd5-5b0a-c736-92b9ca5f8366,67d2f85b-ddc7-3ed0-b90b-6fa5b7b8358a,2a858bff-126f-3157-9aa9-0c2484a0059f,26aab0cd-6aba-3e1b-ac5b-05c8867e762c,wellness,162673000,General examination of patient (procedure),136.80,1808.99,0.00,,
b0ac11a8-fff3-1bbe-a21f-ac8e1c44a7c4,2021-02-21T15:28:03Z,2021-02-21T16:03:42Z,7353e17f-0cd5-5b0a-c736-92b9ca5f8366,121b0ad1-1beb-3caa-9271-3d3f726bb727,8aef6b1f-14b0-3d54-8fc0-8a29e1ce6df6,26aab0cd-6aba-3e1b-ac5b-05c8867e762c,urgentcare,702927004,Urgent care clinic (environment),142.58,845.98,845.98,,
b53f70b5-a88f-de38-8c18-f035aac7e70b,2022-11-20T09:23:28Z,2022-11-20T09:38:28Z,069b5064-ff05-2225-3995-f32685518bc6,06cc2462-430f-3322-9c87-7e971125f510,848c3a7f-415c-3814-8bbc-de3d2a9b8e42,26aab0cd-6aba-3e1b-ac5b-05c8867e762c,ambulatory,424441002,Prenatal initial visit,142.58,49315.63,25932.96,72892002,Normal pregnancy
164eeb2f-ddaa-1a87-5c49-b535764d9e4f,2022-12-02T06:51:25Z,2022-12-02T07:06:25Z,39a59f42-5a52-886d-844b-183228219521,1cec4304-9757-3a10-ad4f-7e2090c56131,763a9acb-f3ea-34d4-9ea9-89516aa226e4,b046940f-1664-3047-bca7-dfa76be352a4,outpatient,698314001,Consultation for treatment,142.58,142.58,0.00,389095005,Contraception care (regime/therapy)
7642fe6c-e63e-069b-0da8-b4fabf2422df,2022-12-19T16:19:59Z,2022-12-19T17:19:59Z,069b5064-ff05-2225-3995-f32685518bc6,f438b8e0-d856-328a-b193-2b014fc4cb97,189d2fe6-46aa-33c9-bb41-470a12f8fa6f,26aab0cd-6aba-3e1b-ac5b-05c8867e762c,emergency,50849002,Emergency room admission (procedure),146.18,146.18,146.18,384709000,Sprain (morphologic abnormality)
fa570f02-d23f-61d1-4d93-89a4ba62882c,2023-01-15T09:23:28Z,2023-01-15T09:38:28Z,069b5064-ff05-2225-3995-f32685518bc6,06cc2462-430f-3322-9c87-7e971125f510,848c3a7f-415c-3814-8bbc-de3d2a9b8e42,26aab0cd-6aba-3e1b-ac5b-05c8867e762c,ambulatory,424619006,Prenatal visit,142.58,19521.58,19521.58,72892002,Normal pregnancy
d02ada79-e1ca-ba69-9545-22ad8dd34722,2023-01-25T06:51:25Z,2023-01-25T07:06:25Z,39a59f42-5a52-886d-844b-183228219521,a6fb79e7-4abb-3a68-b62d-e501427fdca4,9b9bdee6-f9ee-34dc-99a0-66437e976778,b046940f-1664-3047-bca7-dfa76be352a4,wellness,410620009,Well child visit (procedure),136.80,914.78,0.00,,
bb6dcf25-88f4-7689-884f-a9a876db4976,2022-05-20T23:38:38Z,2022-05-20T23:53:38Z,7353e17f-0cd5-5b0a-c736-92b9ca5f8366,a2cc09de-c1e2-3126-8c09-d49f95225281,577f859f-79ff-353d-8054-823676f97661,26aab0cd-6aba-3e1b-ac5b-05c8867e762c,ambulatory,185345009,Encounter for symptom,85.55,285.80,0.00,10509002,Acute bronchitis (disorder)
3f94d99a-00a4-7337-3e09-b17a4ce6acc8,2023-06-18T15:28:03Z,2023-06-18T16:03:16Z,7353e17f-0cd5-5b0a-c736-92b9ca5f8366,67d2f85b-ddc7-3ed0-b90b-6fa5b7b8358a,2a858bff-126f-3157-9aa9-0c2484a0059f,26aab0cd-6aba-3e1b-ac5b-05c8867e762c,wellness,162673000,General examination of patient (procedure),136.80,704.20,0.00,,
0eba9af9-69bb-b48b-3705-6608efec1bee,2024-02-02T00:31:55Z,2024-02-02T00:46:55Z,1e621f4c-db30-c273-49e9-2dcad508a9cb,6aae7a31-90df-3455-ad8d-81f8cf2d21e8,22430762-e43d-3e3f-811a-e31cc647f34e,b046940f-1664-3047-bca7-dfa76be352a4,ambulatory,185345009,Encounter for symptom,85.55,85.55,0.00,195662009,Acute viral pharyngitis (disorder)
9137644c-7990-ceed-0230-03277203ca88,2023-05-03T11:39:13Z,2023-05-03T12:35:09Z,1f84d0f1-976e-1a46-e50e-f5d3d421f41a,82c72223-f521-3a34-9b9b-4ff366365399,360c29b4-42f3-35a2-a307-6424732ab249,26aab0cd-6aba-3e1b-ac5b-05c8867e762c,ambulatory,185349003,Encounter for check up (procedure),85.55,128.59,0.00,103697008,Patient referral for dental care (procedure)
0cdfd7e3-76ce-d909-f35a-229543b3296d,2024-04-23T09:31:55Z,2024-04-23T09:51:40Z,1e621f4c-db30-c273-49e9-2dcad508a9cb,91808f17-7583-32a3-aa55-23b131b327c7,bec9d43c-f462-3292-9a4b-0ad0c0a7a9fb,b046940f-1664-3047-bca7-dfa76be352a4,wellness,410620009,Well child visit (procedure),136.80,919.90,0.00,,
62cf5f71-bb84-cfe0-88f1-7a1374c3e961,2023-05-30T06:29:18Z,2023-05-30T06:44:18Z,3f6021df-8aac-ed27-a705-e71bc0e4b649,9f2f60a6-87a4-3f45-b753-b63b5b7e9993,502b4fab-6395-365c-a7b7-9c235c5ecd4a,df166300-5a78-3502-a46a-832842197811,wellness,410620009,Well child visit (procedure),136.80,919.90,819.90,,
4be9e580-14a8-1745-5b9f-b7b38f7de946,2024-06-08T05:05:43Z,2024-06-08T05:20:43Z,8c85983a-a538-522f-bce0-03678b0fc7ce,9cfdd210-a2ed-34d6-9381-2f5d999011ca,735f39bc-734b-3a73-a4ac-a2c705faaba9,b046940f-1664-3047-bca7-dfa76be352a4,wellness,410620009,Well child visit (procedure),136.80,704.20,0.00,,
8d59a8a9-5cb0-4c7b-74bd-104f035f50d5,2023-02-12T09:23:28Z,2023-02-12T09:38:28Z,069b5064-ff05-2225-3995-f32685518bc6,06cc2462-430f-3322-9c87-7e971125f510,848c3a7f-415c-3814-8bbc-de3d2a9b8e42,26aab0cd-6aba-3e1b-ac5b-05c8867e762c,ambulatory,424619006,Prenatal visit,142.58,7420.99,7420.99,72892002,Normal pregnancy
3ff80468-9f73-86b7-5879-3e82feffb2f4,2023-04-05T11:51:25Z,2023-04-05T12:06:25Z,39a59f42-5a52-886d-844b-183228219521,ad2dab07-4f85-3950-baaa-7c7cd2aa770c,be005347-bac0-354c-a0e4-1fbc1a01cfaf,b046940f-1664-3047-bca7-dfa76be352a4,ambulatory,185345009,Encounter for symptom,85.55,85.55,0.00,75498004,Acute bacterial sinusitis (disorder)
3046f645-9a53-0357-b474-62b81dc1e916,2024-06-15T05:05:43Z,2024-06-15T05:38:40Z,8c85983a-a538-522f-bce0-03678b0fc7ce,18a96051-91f4-3cba-af96-056ea14dfee0,e366319b-0e59-3199-91d0-e635ccfa6ef2,b046940f-1664-3047-bca7-dfa76be352a4,ambulatory,185349003,Encounter for check up (procedure),85.55,186.11,0.00,103697008,Patient referral for dental care (procedure)
fa01e1d0-9e32-7a22-50fd-f3a017799bf1,2025-06-14T05:05:43Z,2025-06-14T05:20:43Z,8c85983a-a538-522f-bce0-03678b0fc7ce,9cfdd210-a2ed-34d6-9381-2f5d999011ca,735f39bc-734b-3a73-a4ac-a2c705faaba9,b046940f-1664-3047-bca7-dfa76be352a4,wellness,410620009,Well child visit (procedure),136.80,1432.53,0.00,,
31b51557-6110-aa08-6b0a-5d740f6c95d2,2023-03-12T09:23:28Z,2023-03-12T09:38:28Z,069b5064-ff05-2225-3995-f32685518bc6,06cc2462-430f-3322-9c87-7e971125f510,848c3a7f-415c-3814-8bbc-de3d2a9b8e42,26aab0cd-6aba-3e1b-ac5b-05c8867e762c,ambulatory,424619006,Prenatal visit,142.58,18236.08,18236.08,72892002,Normal pregnancy
17e0f40a-f08b-a4dc-bde7-e2542926b774,2024-01-31T06:51:25Z,2024-01-31T07:09:37Z,39a59f42-5a52-886d-844b-183228219521,a6fb79e7-4abb-3a68-b62d-e501427fdca4,9b9bdee6-f9ee-34dc-99a0-66437e976778,b046940f-1664-3047-bca7-dfa76be352a4,wellness,410620009,Well child visit (procedure),136.80,704.20,0.00,,
2092ac35-a810-2e8f-c1a1-22ecc60806de,2025-06-21T05:05:43Z,2025-06-21T06:17:35Z,8c85983a-a538-522f-bce0-03678b0fc7ce,18a96051-91f4-3cba-af96-056ea14dfee0,e366319b-0e59-3199-91d0-e635ccfa6ef2,b046940f-1664-3047-bca7-dfa76be352a4,ambulatory,185349003,Encounter for check up (procedure),85.55,209.81,0.00,66383009,Gingivitis (disorder)
b417c4b6-1c7b-619d-fece-cf5fa7d93def,2024-01-29T07:39:13Z,2024-01-29T07:54:13Z,1f84d0f1-976e-1a46-e50e-f5d3d421f41a,82c72223-f521-3a34-9b9b-4ff366365399,360c29b4-42f3-35a2-a307-6424732ab249,26aab0cd-6aba-3e1b-ac5b-05c8867e762c,ambulatory,185345009,Encounter for symptom,85.55,85.55,0.00,10509002,Acute bronchitis (disorder)
e5f514e5-16a2-fd01-5335-b2d7413dedf7,2023-06-22T19:29:18Z,2023-06-22T21:20:08Z,3f6021df-8aac-ed27-a705-e71bc0e4b649,0fedae9f-701f-3317-9b2f-69aea2202cdc,7fc3c736-8e02-364d-a0cf-d2824bb9949a,df166300-5a78-3502-a46a-832842197811,ambulatory,185347001,Encounter for problem,85.55,948.35,898.35,,
d39a5723-2e99-6c35-9001-78a40e23e074,2023-07-22T21:20:08Z,2023-07-22T23:00:50Z,3f6021df-8aac-ed27-a705-e71bc0e4b649,0fedae9f-701f-3317-9b2f-69aea2202cdc,7fc3c736-8e02-364d-a0cf-d2824bb9949a,df166300-5a78-3502-a46a-832842197811,ambulatory,185347001,Encounter for problem,85.55,948.35,898.35,,
09dbdb8a-23e1-ab01-9725-e8e64868ca40,2025-12-10T05:05:43Z,2025-12-10T06:05:43Z,8c85983a-a538-522f-bce0-03678b0fc7ce,a7b047dd-186a-32de-8187-b0853c05aed6,9d0126c9-220f-3d4f-a620-fd927a0b3c99,b046940f-1664-3047-bca7-dfa76be352a4,emergency,50849002,Emergency room admission (procedure),146.18,8299.49,3007.24,312608009,Laceration - injury (disorder)
c0e7ac62-5559-43ab-d40b-7217105da5b6,2023-07-26T23:00:50Z,2023-07-27T00:52:56Z,3f6021df-8aac-ed27-a705-e71bc0e4b649,0fedae9f-701f-3317-9b2f-69aea2202cdc,7fc3c736-8e02-364d-a0cf-d2824bb9949a,df166300-5a78-3502-a46a-832842197811,ambulatory,185347001,Encounter for problem,85.55,948.35,898.35,,
5d1c1fb0-c877-8fe6-9c0b-15edc7bc4105,2024-05-01T11:39:13Z,2024-05-01T11:54:13Z,1f84d0f1-976e-1a46-e50e-f5d3d421f41a,4b7e26e6-e5b1-38c9-b4ac-fde9a0f93177,735a796f-86e0-3804-9839-b4433e97220f,26aab0cd-6aba-3e1b-ac5b-05c8867e762c,wellness,410620009,Well child visit (procedure),136.80,1105.78,0.00,,
9956250b-0db5-f19c-78dc-f4261121775b,2023-04-09T09:23:28Z,2023-04-09T09:38:28Z,069b5064-ff05-2225-3995-f32685518bc6,06cc2462-430f-3322-9c87-7e971125f510,848c3a7f-415c-3814-8bbc-de3d2a9b8e42,26aab0cd-6aba-3e1b-ac5b-05c8867e762c,ambulatory,424619006,Prenatal visit,142.58,10893.25,10893.25,72892002,Normal pregnancy
e5c6ffb3-a738-323b-04b0-e0feb29e6719,2025-04-29T09:31:55Z,2025-04-29T09:53:27Z,1e621f4c-db30-c273-49e9-2dcad508a9cb,91808f17-7583-32a3-aa55-23b131b327c7,bec9d43c-f462-3292-9a4b-0ad0c0a7a9fb,b046940f-1664-3047-bca7-dfa76be352a4,wellness,410620009,Well child visit (procedure),136.80,704.20,0.00,,
cefa6988-230b-3ef2-77f5-8ec2eb59e8be,2023-05-07T09:23:28Z,2023-05-07T09:38:28Z,069b5064-ff05-2225-3995-f32685518bc6,06cc2462-430f-3322-9c87-7e971125f510,848c3a7f-415c-3814-8bbc-de3d2a9b8e42,26aab0cd-6aba-3e1b-ac5b-05c8867e762c,ambulatory,424619006,Prenatal visit,142.58,4665.96,4665.96,72892002,Normal pregnancy
a10eccb9-ebe7-c7f5-1690-791df4b9732a,2023-06-04T09:23:28Z,2023-06-04T09:38:28Z,069b5064-ff05-2225-3995-f32685518bc6,06cc2462-430f-3322-9c87-7e971125f510,848c3a7f-415c-3814-8bbc-de3d2a9b8e42,26aab0cd-6aba-3e1b-ac5b-05c8867e762c,ambulatory,424619006,Prenatal visit,142.58,7959.87,7959.87,72892002,Normal pregnancy
b1e0a2c6-ea82-559d-dddc-5aee36498cb9,2023-08-02T00:52:56Z,2023-08-02T02:47:32Z,3f6021df-8aac-ed27-a705-e71bc0e4b649,0fedae9f-701f-3317-9b2f-69aea2202cdc,7fc3c736-8e02-364d-a0cf-d2824bb9949a,df166300-5a78-3502-a46a-832842197811,ambulatory,185347001,Encounter for problem,85.55,948.35,898.35,,
69b7a360-eae3-ad10-6d1a-45b60176f71f,2023-08-09T02:47:32Z,2023-08-09T04:33:09Z,3f6021df-8aac-ed27-a705-e71bc0e4b649,0fedae9f-701f-3317-9b2f-69aea2202cdc,7fc3c736-8e02-364d-a0cf-d2824bb9949a,df166300-5a78-3502-a46a-832842197811,virtual,185347001,Encounter for problem,75.00,937.80,887.80,,
dcfe7146-1059-372b-1b2b-2b5755ca6f8d,2023-08-22T04:33:09Z,2023-08-22T06:21:53Z,3f6021df-8aac-ed27-a705-e71bc0e4b649,0fedae9f-701f-3317-9b2f-69aea2202cdc,7fc3c736-8e02-364d-a0cf-d2824bb9949a,df166300-5a78-3502-a46a-832842197811,ambulatory,185347001,Encounter for problem,85.55,948.35,898.35,,
2fed8753-d8dc-c458-4abe-6d073cb24a97,2023-06-18T09:23:28Z,2023-06-18T10:23:28Z,069b5064-ff05-2225-3995-f32685518bc6,f438b8e0-d856-328a-b193-2b014fc4cb97,189d2fe6-46aa-33c9-bb41-470a12f8fa6f,26aab0cd-6aba-3e1b-ac5b-05c8867e762c,emergency,183460006,Obstetric emergency hospital admission,146.18,2726.58,2726.58,72892002,Normal pregnancy
a4d28dc5-4dda-d137-1301-1a5a19b0f2be,2024-02-14T06:51:25Z,2024-02-14T07:14:33Z,39a59f42-5a52-886d-844b-183228219521,ad2dab07-4f85-3950-baaa-7c7cd2aa770c,be005347-bac0-354c-a0e4-1fbc1a01cfaf,b046940f-1664-3047-bca7-dfa76be352a4,ambulatory,185349003,Encounter for check up (procedure),85.55,522.74,0.00,103697008,Patient referral for dental care (procedure)
211f468d-8957-7801-e341-7da823fa3cfe,2024-11-21T06:51:25Z,2024-11-21T07:06:25Z,39a59f42-5a52-886d-844b-183228219521,1cec4304-9757-3a10-ad4f-7e2090c56131,763a9acb-f3ea-34d4-9ea9-89516aa226e4,b046940f-1664-3047-bca7-dfa76be352a4,outpatient,698314001,Consultation for treatment,142.58,142.58,0.00,389095005,Contraception care (regime/therapy)
5d50fad4-476e-3210-c49e-05040fb649f6,2024-11-25T00:51:25Z,2024-11-25T01:36:47Z,39a59f42-5a52-886d-844b-183228219521,1cec4304-9757-3a10-ad4f-7e2090c56131,763a9acb-f3ea-34d4-9ea9-89516aa226e4,b046940f-1664-3047-bca7-dfa76be352a4,outpatient,308335008,Patient encounter procedure,142.58,15783.94,8865.26,389095005,Contraception care (regime/therapy)
9608a00d-2bfd-3cb7-4e55-f200c0d8c93a,1995-12-08T21:30:06Z,1995-12-08T21:45:06Z,b300716e-ae67-8d6f-d694-51d801881ce0,6170552c-4d27-3e64-8068-64a380f1837d,af68b24e-d92e-3ce5-88d6-43aeb328a675,e03e23c9-4df1-3eb6-a62d-f70f02301496,ambulatory,185347001,Encounter for problem,85.55,85.55,0.00,3718001,Cow's milk (substance)
00050987-f058-c55f-68c7-037c735971c9,2025-02-05T06:51:25Z,2025-02-05T07:25:48Z,39a59f42-5a52-886d-844b-183228219521,a6fb79e7-4abb-3a68-b62d-e501427fdca4,9b9bdee6-f9ee-34dc-99a0-66437e976778,b046940f-1664-3047-bca7-dfa76be352a4,wellness,162673000,General examination of patient (procedure),136.80,704.20,0.00,,
c2359130-7d88-cb26-82c3-b819c75443af,2025-02-19T06:51:25Z,2025-02-19T07:22:35Z,39a59f42-5a52-886d-844b-183228219521,ad2dab07-4f85-3950-baaa-7c7cd2aa770c,be005347-bac0-354c-a0e4-1fbc1a01cfaf,b046940f-1664-3047-bca7-dfa76be352a4,ambulatory,185349003,Encounter for check up (procedure),85.55,367.30,0.00,103697008,Patient referral for dental care (procedure)
16f6c0d3-bc81-1aa3-00eb-0f9db25d006d,1995-12-20T16:30:06Z,1995-12-20T17:01:40Z,b300716e-ae67-8d6f-d694-51d801881ce0,6170552c-4d27-3e64-8068-64a380f1837d,af68b24e-d92e-3ce5-88d6-43aeb328a675,e03e23c9-4df1-3eb6-a62d-f70f02301496,ambulatory,185347001,Encounter for problem,85.55,516.95,0.00,419199007,Allergy to substance (finding)
ca4451d1-9b9c-4451-094c-263083117182,2023-08-29T06:21:53Z,2023-08-29T07:59:32Z,3f6021df-8aac-ed27-a705-e71bc0e4b649,0fedae9f-701f-3317-9b2f-69aea2202cdc,7fc3c736-8e02-364d-a0cf-d2824bb9949a,df166300-5a78-3502-a46a-832842197811,virtual,185347001,Encounter for problem,75.00,937.80,887.80,,
cfffc4b5-ab1a-9ead-c2e4-16ac35c05687,2023-07-30T09:23:28Z,2023-07-30T09:38:28Z,069b5064-ff05-2225-3995-f32685518bc6,06cc2462-430f-3322-9c87-7e971125f510,848c3a7f-415c-3814-8bbc-de3d2a9b8e42,26aab0cd-6aba-3e1b-ac5b-05c8867e762c,ambulatory,169762003,Postnatal visit,142.58,1005.38,1005.38,,
d088fee2-3cf9-980a-5b15-754bc1ee50ef,2023-11-26T09:23:28Z,2023-11-26T10:01:29Z,069b5064-ff05-2225-3995-f32685518bc6,84d5768f-3a21-3da9-aad2-bbf7a3ae2700,176195e7-8d68-3982-9ddc-0bed20dd394c,26aab0cd-6aba-3e1b-ac5b-05c8867e762c,wellness,162673000,General examination of patient (procedure),136.80,778.78,0.00,,
ee3bf01a-bc70-37e6-c280-017939d8eec8,2023-09-05T07:59:32Z,2023-09-05T09:37:22Z,3f6021df-8aac-ed27-a705-e71bc0e4b649,0fedae9f-701f-3317-9b2f-69aea2202cdc,7fc3c736-8e02-364d-a0cf-d2824bb9949a,df166300-5a78-3502-a46a-832842197811,ambulatory,185347001,Encounter for problem,85.55,948.35,898.35,,
df2341a2-6e1a-89ab-e3a1-f59cb0f4e5d8,2025-06-17T09:31:55Z,2025-06-17T10:31:55Z,1e621f4c-db30-c273-49e9-2dcad508a9cb,83769f98-fff3-3535-8781-6ace5957136f,3bd271ae-88ce-35ff-b4ed-9a44a54d432d,b046940f-1664-3047-bca7-dfa76be352a4,emergency,50849002,Emergency room admission (procedure),146.18,146.18,0.00,110030002,Concussion injury of brain (disorder)
90e5c1e2-4c77-3afd-80bc-91f0ab0a6fb9,2025-08-26T09:31:55Z,2025-08-26T09:46:55Z,1e621f4c-db30-c273-49e9-2dcad508a9cb,6aae7a31-90df-3455-ad8d-81f8cf2d21e8,22430762-e43d-3e3f-811a-e31cc647f34e,b046940f-1664-3047-bca7-dfa76be352a4,ambulatory,185349003,Encounter for check up,85.55,85.55,0.00,62564004,Concussion with loss of consciousness
25607209-8a2e-aff2-18cb-ed22524a4204,1996-10-23T09:30:06Z,1996-10-23T09:45:06Z,b300716e-ae67-8d6f-d694-51d801881ce0,6170552c-4d27-3e64-8068-64a380f1837d,af68b24e-d92e-3ce5-88d6-43aeb328a675,e03e23c9-4df1-3eb6-a62d-f70f02301496,ambulatory,185345009,Encounter for symptom,85.55,516.95,0.00,233678006,Childhood asthma
20bba45f-bc15-79f9-5976-ab2fd6fb5ef6,2012-09-16T09:30:06Z,2012-09-16T10:14:37Z,b300716e-ae67-8d6f-d694-51d801881ce0,c2e93fb4-abf2-3210-b6ec-4d1ecb2b76f0,132c5953-a5ea-30e0-9f6c-a11477a7a482,0133f751-9229-3cfd-815f-b6d4979bdd6a,wellness,162673000,General examination of patient (procedure),136.80,704.20,0.00,,
91c3e3bb-7aa5-85b3-858a-aec27763a13c,2014-09-28T09:30:06Z,2014-09-28T10:04:23Z,b300716e-ae67-8d6f-d694-51d801881ce0,c2e93fb4-abf2-3210-b6ec-4d1ecb2b76f0,132c5953-a5ea-30e0-9f6c-a11477a7a482,734afbd6-4794-363b-9bc0-6a3981533ed5,wellness,162673000,General examination of patient (procedure),136.80,704.20,0.00,,
0c426294-1702-2fe7-60ef-b6fc451e8862,2016-10-09T09:30:06Z,2016-10-09T10:06:01Z,b300716e-ae67-8d6f-d694-51d801881ce0,c2e93fb4-abf2-3210-b6ec-4d1ecb2b76f0,132c5953-a5ea-30e0-9f6c-a11477a7a482,734afbd6-4794-363b-9bc0-6a3981533ed5,wellness,162673000,General examination of patient (procedure),136.80,946.73,0.00,,
2d92ab4f-3e23-49e3-1903-16d9a0441ac7,2017-10-15T09:30:06Z,2017-10-15T10:06:44Z,b300716e-ae67-8d6f-d694-51d801881ce0,c2e93fb4-abf2-3210-b6ec-4d1ecb2b76f0,132c5953-a5ea-30e0-9f6c-a11477a7a482,734afbd6-4794-363b-9bc0-6a3981533ed5,wellness,162673000,General examination of patient (procedure),136.80,919.90,9.89,,
1bb99c25-bf38-04c6-2167-5334ae78eaae,2018-10-21T09:30:06Z,2018-10-21T10:26:06Z,b300716e-ae67-8d6f-d694-51d801881ce0,c2e93fb4-abf2-3210-b6ec-4d1ecb2b76f0,132c5953-a5ea-30e0-9f6c-a11477a7a482,8fa6c185-e44e-3e34-8bd8-39be8694f4ce,wellness,162673000,General examination of patient (procedure),136.80,704.20,0.00,,
d40bfa55-adf1-dc4e-1231-d4e78b4e63f3,2019-12-09T09:30:06Z,2019-12-09T09:45:06Z,b300716e-ae67-8d6f-d694-51d801881ce0,6170552c-4d27-3e64-8068-64a380f1837d,af68b24e-d92e-3ce5-88d6-43aeb328a675,8fa6c185-e44e-3e34-8bd8-39be8694f4ce,ambulatory,424619006,Prenatal visit,142.58,1005.38,703.77,156073000,Complete miscarriage (disorder)
6732ffe6-ff9e-87fe-595b-f51c413a607e,2021-11-07T09:30:06Z,2021-11-07T10:13:48Z,b300716e-ae67-8d6f-d694-51d801881ce0,c2e93fb4-abf2-3210-b6ec-4d1ecb2b76f0,132c5953-a5ea-30e0-9f6c-a11477a7a482,8fa6c185-e44e-3e34-8bd8-39be8694f4ce,wellness,162673000,General examination of patient (procedure),136.80,840.20,0.00,,
a6dc2887-eefe-359b-3589-afa17e539f8e,2022-11-13T09:30:06Z,2022-11-13T10:00:54Z,b300716e-ae67-8d6f-d694-51d801881ce0,c2e93fb4-abf2-3210-b6ec-4d1ecb2b76f0,132c5953-a5ea-30e0-9f6c-a11477a7a482,8fa6c185-e44e-3e34-8bd8-39be8694f4ce,wellness,162673000,General examination of patient (procedure),136.80,704.20,0.00,,
108769ac-0bea-c499-eea6-533a130dd67b,2023-02-05T12:30:06Z,2023-02-05T12:45:06Z,b300716e-ae67-8d6f-d694-51d801881ce0,6170552c-4d27-3e64-8068-64a380f1837d,af68b24e-d92e-3ce5-88d6-43aeb328a675,8fa6c185-e44e-3e34-8bd8-39be8694f4ce,ambulatory,394701000,Asthma follow-up,142.58,142.58,99.81,195967001,Asthma
78c0915c-721f-7f2a-0618-ebed008203fb,2023-11-19T09:30:06Z,2023-11-19T10:08:42Z,b300716e-ae67-8d6f-d694-51d801881ce0,c2e93fb4-abf2-3210-b6ec-4d1ecb2b76f0,132c5953-a5ea-30e0-9f6c-a11477a7a482,0133f751-9229-3cfd-815f-b6d4979bdd6a,wellness,162673000,General examination of patient (procedure),136.80,1237.08,0.00,,
39782a3e-d0e9-10db-85c4-eb4b1169da41,2023-12-10T09:23:28Z,2023-12-10T09:43:09Z,069b5064-ff05-2225-3995-f32685518bc6,06cc2462-430f-3322-9c87-7e971125f510,848c3a7f-415c-3814-8bbc-de3d2a9b8e42,26aab0cd-6aba-3e1b-ac5b-05c8867e762c,ambulatory,185349003,Encounter for check up (procedure),85.55,135.11,0.00,66383009,Gingivitis (disorder)
0e50121b-3063-004e-ca86-29cf75fc00bd,2023-09-08T09:37:22Z,2023-09-08T11:21:06Z,3f6021df-8aac-ed27-a705-e71bc0e4b649,0fedae9f-701f-3317-9b2f-69aea2202cdc,7fc3c736-8e02-364d-a0cf-d2824bb9949a,df166300-5a78-3502-a46a-832842197811,ambulatory,185347001,Encounter for problem,85.55,948.35,898.35,,
7de11957-08ce-bb9a-12e9-baf54e6b3ca0,1993-03-15T19:55:04Z,1993-03-15T20:37:19Z,b98bf2b2-29a5-5eca-1925-dc32332c340a,e6d63525-40f0-3391-a58a-e6a03598911f,532ce51c-251e-3fd1-b9da-f33ea8bec6a1,e03e23c9-4df1-3eb6-a62d-f70f02301496,wellness,162673000,General examination of patient (procedure),136.80,919.90,0.00,,
64c19729-851f-a030-cfe3-230c915fe613,2025-03-28T11:39:13Z,2025-03-28T11:55:48Z,1f84d0f1-976e-1a46-e50e-f5d3d421f41a,82c72223-f521-3a34-9b9b-4ff366365399,360c29b4-42f3-35a2-a307-6424732ab249,26aab0cd-6aba-3e1b-ac5b-05c8867e762c,ambulatory,185345009,Encounter for symptom,85.55,377.77,0.00,10509002,Acute bronchitis (disorder)
5116f343-2328-7f67-0837-a7ce1e657b81,2023-09-28T11:21:06Z,2023-09-28T12:58:15Z,3f6021df-8aac-ed27-a705-e71bc0e4b649,0fedae9f-701f-3317-9b2f-69aea2202cdc,7fc3c736-8e02-364d-a0cf-d2824bb9949a,df166300-5a78-3502-a46a-832842197811,ambulatory,185347001,Encounter for problem,85.55,948.35,898.35,,
b61bbfc2-7d4c-b37a-8e6d-c0facd0c920b,2023-12-10T09:30:06Z,2023-12-10T09:45:06Z,b300716e-ae67-8d6f-d694-51d801881ce0,6170552c-4d27-3e64-8068-64a380f1837d,af68b24e-d92e-3ce5-88d6-43aeb328a675,0133f751-9229-3cfd-815f-b6d4979bdd6a,ambulatory,424441002,Prenatal initial visit,142.58,53924.74,29597.88,72892002,Normal pregnancy
18c0ded7-3b9e-fff3-87b0-72c13c68b975,1998-11-22T22:48:46Z,1998-11-22T23:30:43Z,7cd3260f-2795-3080-b267-3bb0a9f40624,00ffb204-07b4-3c72-a678-fa252e6cf86c,42be35d2-8688-3dea-b007-eeeab3a8706d,df166300-5a78-3502-a46a-832842197811,wellness,162673000,General examination of patient (procedure),136.80,1567.00,1417.00,,
7d977b2e-0542-6ea0-7b79-b919413a5436,2024-06-04T06:29:18Z,2024-06-04T06:44:18Z,3f6021df-8aac-ed27-a705-e71bc0e4b649,9f2f60a6-87a4-3f45-b753-b63b5b7e9993,502b4fab-6395-365c-a7b7-9c235c5ecd4a,df166300-5a78-3502-a46a-832842197811,wellness,410620009,Well child visit (procedure),136.80,919.90,819.90,,
b681c886-5bf6-dd2c-b241-7e10604f8142,1997-03-24T19:55:04Z,1997-03-24T20:49:33Z,b98bf2b2-29a5-5eca-1925-dc32332c340a,e6d63525-40f0-3391-a58a-e6a03598911f,532ce51c-251e-3fd1-b9da-f33ea8bec6a1,e03e23c9-4df1-3eb6-a62d-f70f02301496,wellness,162673000,General examination of patient (procedure),136.80,1050.78,0.00,,
30b4d29b-2fe9-a71d-3d0d-a3c77811190c,2009-04-06T19:55:04Z,2009-04-06T20:26:15Z,b98bf2b2-29a5-5eca-1925-dc32332c340a,e6d63525-40f0-3391-a58a-e6a03598911f,532ce51c-251e-3fd1-b9da-f33ea8bec6a1,26aab0cd-6aba-3e1b-ac5b-05c8867e762c,wellness,162673000,General examination of patient (procedure),136.80,1716.16,118.70,,
bb112c70-0bc4-fe02-ad73-132abb487ee1,2017-07-10T19:55:04Z,2017-07-10T20:10:04Z,b98bf2b2-29a5-5eca-1925-dc32332c340a,77645e49-3f69-3d1d-bb93-dc65210e2fac,85396306-24a4-31d9-9bfb-17e73f40e98e,26aab0cd-6aba-3e1b-ac5b-05c8867e762c,ambulatory,424441002,Prenatal initial visit,142.58,36714.91,22028.94,72892002,Normal pregnancy
144ef0f7-8a1d-7a9f-f6fc-edbdb52278d6,2025-04-09T11:39:13Z,2025-04-09T11:54:13Z,1f84d0f1-976e-1a46-e50e-f5d3d421f41a,82c72223-f521-3a34-9b9b-4ff366365399,360c29b4-42f3-35a2-a307-6424732ab249,26aab0cd-6aba-3e1b-ac5b-05c8867e762c,outpatient,185349003,Encounter for check up (procedure),85.55,1095.05,0.00,,
2dae19f8-44c4-8a0e-5953-c225bc435e48,1987-07-20T18:06:15Z,1987-07-20T18:21:15Z,196b6069-9bdd-a3fb-20ce-47414b6e8cdd,06cc2462-430f-3322-9c87-7e971125f510,848c3a7f-415c-3814-8bbc-de3d2a9b8e42,e03e23c9-4df1-3eb6-a62d-f70f02301496,ambulatory,185347001,Encounter for problem,85.55,85.55,0.00,735029006,Shellfish (substance)
8e341be5-fb19-4fa5-55ff-e36cecf10daf,2024-06-18T06:29:18Z,2024-06-18T07:58:52Z,3f6021df-8aac-ed27-a705-e71bc0e4b649,0fedae9f-701f-3317-9b2f-69aea2202cdc,7fc3c736-8e02-364d-a0cf-d2824bb9949a,df166300-5a78-3502-a46a-832842197811,ambulatory,185349003,Encounter for check up (procedure),85.55,130.12,80.12,66383009,Gingivitis (disorder)
78331fc8-6022-f1a7-bb11-14cc1ce773b3,1987-08-08T21:06:15Z,1987-08-08T21:37:29Z,196b6069-9bdd-a3fb-20ce-47414b6e8cdd,06cc2462-430f-3322-9c87-7e971125f510,848c3a7f-415c-3814-8bbc-de3d2a9b8e42,e03e23c9-4df1-3eb6-a62d-f70f02301496,ambulatory,185347001,Encounter for problem,85.55,516.95,0.00,419199007,Allergy to substance (finding)
7369e596-942f-dd4d-0b71-0b1ef6a04943,2025-05-07T11:39:13Z,2025-05-07T11:54:13Z,1f84d0f1-976e-1a46-e50e-f5d3d421f41a,4b7e26e6-e5b1-38c9-b4ac-fde9a0f93177,735a796f-86e0-3804-9839-b4433e97220f,26aab0cd-6aba-3e1b-ac5b-05c8867e762c,wellness,410620009,Well child visit (procedure),136.80,765.52,0.00,,
4e11e7c9-d9cf-8279-f41b-db1df6809da9,2017-09-22T19:55:04Z,2017-09-22T20:10:04Z,b98bf2b2-29a5-5eca-1925-dc32332c340a,77645e49-3f69-3d1d-bb93-dc65210e2fac,85396306-24a4-31d9-9bfb-17e73f40e98e,26aab0cd-6aba-3e1b-ac5b-05c8867e762c,ambulatory,424619006,Prenatal visit,142.58,1005.38,1005.38,37849005,Congenital uterine anomaly
fbe73fec-786a-cee7-7902-1ebb6911b28b,1996-12-09T02:06:15Z,1996-12-09T03:52:54Z,196b6069-9bdd-a3fb-20ce-47414b6e8cdd,06cc2462-430f-3322-9c87-7e971125f510,848c3a7f-415c-3814-8bbc-de3d2a9b8e42,a735bf55-83e9-331a-899d-a82a60b9f60c,ambulatory,185349003,Encounter for check up (procedure),85.55,316.46,253.17,,
0f900830-9300-9e82-5b4c-7a40e799243f,2001-03-19T02:06:15Z,2001-03-19T02:22:28Z,196b6069-9bdd-a3fb-20ce-47414b6e8cdd,84d5768f-3a21-3da9-aad2-bbf7a3ae2700,176195e7-8d68-3982-9ddc-0bed20dd394c,a735bf55-83e9-331a-899d-a82a60b9f60c,wellness,410620009,Well child visit (procedure),136.80,704.20,563.36,,
22d098b6-8416-0113-c59e-a893ea89ba7f,2019-02-04T19:55:04Z,2019-02-04T20:41:58Z,b98bf2b2-29a5-5eca-1925-dc32332c340a,e6d63525-40f0-3391-a58a-e6a03598911f,532ce51c-251e-3fd1-b9da-f33ea8bec6a1,26aab0cd-6aba-3e1b-ac5b-05c8867e762c,wellness,162673000,General examination of patient (procedure),136.80,919.90,0.00,,
004576ff-17cc-502f-879b-a011b503dbdc,2021-02-08T19:55:04Z,2021-02-08T20:29:27Z,b98bf2b2-29a5-5eca-1925-dc32332c340a,e6d63525-40f0-3391-a58a-e6a03598911f,532ce51c-251e-3fd1-b9da-f33ea8bec6a1,26aab0cd-6aba-3e1b-ac5b-05c8867e762c,wellness,162673000,General examination of patient (procedure),136.80,853.36,0.00,,
ac50d2d6-2354-9cbd-5fe5-10d42e06ed0c,2023-02-13T19:55:04Z,2023-02-13T20:46:44Z,b98bf2b2-29a5-5eca-1925-dc32332c340a,e6d63525-40f0-3391-a58a-e6a03598911f,532ce51c-251e-3fd1-b9da-f33ea8bec6a1,26aab0cd-6aba-3e1b-ac5b-05c8867e762c,wellness,162673000,General examination of patient (procedure),136.80,704.20,0.00,,
b8cd7599-1792-1901-a53d-b2b6f6213586,2005-10-09T22:48:46Z,2005-10-09T23:33:09Z,7cd3260f-2795-3080-b267-3bb0a9f40624,19a3afba-b409-3650-a0ab-f3faf6e391ef,8f4b687c-7466-3d60-b6fc-a313369440b4,df166300-5a78-3502-a46a-832842197811,outpatient,185349003,Encounter for check up (procedure),85.55,868.65,718.65,,
d4bc5838-b0b8-b397-0bf0-6d583e5ce369,2001-10-02T02:06:15Z,2001-10-02T02:21:15Z,196b6069-9bdd-a3fb-20ce-47414b6e8cdd,06cc2462-430f-3322-9c87-7e971125f510,848c3a7f-415c-3814-8bbc-de3d2a9b8e42,a735bf55-83e9-331a-899d-a82a60b9f60c,ambulatory,185345009,Encounter for symptom,85.55,92.93,92.93,75498004,Acute bacterial sinusitis (disorder)
cce96903-e558-c88c-cbba-8a3c3c76dca1,2002-01-28T02:06:15Z,2002-01-28T02:26:29Z,196b6069-9bdd-a3fb-20ce-47414b6e8cdd,c05d73d0-b348-32ce-9fe5-13a720950f37,e594f5de-beaf-33af-9875-47768d37da96,a735bf55-83e9-331a-899d-a82a60b9f60c,urgentcare,702927004,Urgent care clinic (environment),142.58,573.98,573.98,,
768caa30-84fd-e514-c9d1-19f00d91ad58,2004-04-05T02:06:15Z,2004-04-05T02:37:07Z,196b6069-9bdd-a3fb-20ce-47414b6e8cdd,84d5768f-3a21-3da9-aad2-bbf7a3ae2700,176195e7-8d68-3982-9ddc-0bed20dd394c,e03e23c9-4df1-3eb6-a62d-f70f02301496,wellness,162673000,General examination of patient (procedure),136.80,704.20,0.00,,
157e90f7-0b2b-f7c6-7b8d-c49913046cf9,2008-04-14T02:06:15Z,2008-04-14T02:50:14Z,196b6069-9bdd-a3fb-20ce-47414b6e8cdd,84d5768f-3a21-3da9-aad2-bbf7a3ae2700,176195e7-8d68-3982-9ddc-0bed20dd394c,0133f751-9229-3cfd-815f-b6d4979bdd6a,wellness,162673000,General examination of patient (procedure),136.80,1979.25,0.00,,
7c4739fe-f1d5-488f-7662-70fcab64474f,2011-04-18T02:06:15Z,2011-04-18T03:03:04Z,196b6069-9bdd-a3fb-20ce-47414b6e8cdd,84d5768f-3a21-3da9-aad2-bbf7a3ae2700,176195e7-8d68-3982-9ddc-0bed20dd394c,0133f751-9229-3cfd-815f-b6d4979bdd6a,wellness,162673000,General examination of patient (procedure),136.80,785.58,0.00,,
f8ee56fb-0eaf-bfc9-a88d-ed592315a233,2008-04-02T22:48:46Z,2008-04-02T23:03:46Z,7cd3260f-2795-3080-b267-3bb0a9f40624,d0894f6b-78d7-338d-82ad-b63de4d40014,06c075c2-c733-3de3-a271-a0e2d5889ba4,df166300-5a78-3502-a46a-832842197811,ambulatory,424619006,Prenatal visit,142.58,1005.38,955.38,37849005,Congenital uterine anomaly
ee76d79b-4270-1f12-85a7-3bee3cd59778,2008-12-07T22:48:46Z,2008-12-07T23:44:33Z,7cd3260f-2795-3080-b267-3bb0a9f40624,00ffb204-07b4-3c72-a678-fa252e6cf86c,42be35d2-8688-3dea-b007-eeeab3a8706d,df166300-5a78-3502-a46a-832842197811,wellness,162673000,General examination of patient (procedure),136.80,923.80,923.80,,
e3b665d3-6327-d5a9-4837-16d3b6c37d7a,2014-02-04T22:48:46Z,2014-02-04T23:03:46Z,7cd3260f-2795-3080-b267-3bb0a9f40624,19a3afba-b409-3650-a0ab-f3faf6e391ef,8f4b687c-7466-3d60-b6fc-a313369440b4,df166300-5a78-3502-a46a-832842197811,outpatient,185347001,Encounter for problem (procedure),85.55,85.55,35.55,82423001,Chronic pain (finding)
aa1ab5af-1bdd-44c3-39c9-11cca358ed08,2014-02-16T22:48:46Z,2014-02-16T23:43:45Z,7cd3260f-2795-3080-b267-3bb0a9f40624,00ffb204-07b4-3c72-a678-fa252e6cf86c,42be35d2-8688-3dea-b007-eeeab3a8706d,df166300-5a78-3502-a46a-832842197811,wellness,162673000,General examination of patient (procedure),136.80,1143.64,1143.64,,
fd67a43f-1951-66ec-7fdd-8c489f4b2de1,2015-02-22T22:48:46Z,2015-02-22T23:45:20Z,7cd3260f-2795-3080-b267-3bb0a9f40624,00ffb204-07b4-3c72-a678-fa252e6cf86c,42be35d2-8688-3dea-b007-eeeab3a8706d,df166300-5a78-3502-a46a-832842197811,wellness,162673000,General examination of patient (procedure),136.80,860.16,840.10,,
e5d45848-4ada-daec-9c11-ce0e46954317,2020-04-06T02:06:15Z,2020-04-06T02:36:56Z,196b6069-9bdd-a3fb-20ce-47414b6e8cdd,06cc2462-430f-3322-9c87-7e971125f510,848c3a7f-415c-3814-8bbc-de3d2a9b8e42,0133f751-9229-3cfd-815f-b6d4979bdd6a,ambulatory,185349003,Encounter for check up (procedure),85.55,169.01,0.00,,
3a0ec23e-56ef-b763-1831-3bb13040e44a,2023-04-03T19:55:04Z,2023-04-03T20:10:04Z,b98bf2b2-29a5-5eca-1925-dc32332c340a,77645e49-3f69-3d1d-bb93-dc65210e2fac,85396306-24a4-31d9-9bfb-17e73f40e98e,26aab0cd-6aba-3e1b-ac5b-05c8867e762c,outpatient,308335008,Patient encounter procedure,142.58,1250.85,0.00,389095005,Contraception care (regime/therapy)
9ed0cfca-ceed-d619-3321-75f615bc9ef8,2025-06-10T06:29:18Z,2025-06-10T06:55:39Z,3f6021df-8aac-ed27-a705-e71bc0e4b649,9f2f60a6-87a4-3f45-b753-b63b5b7e9993,502b4fab-6395-365c-a7b7-9c235c5ecd4a,df166300-5a78-3502-a46a-832842197811,wellness,410620009,Well child visit (procedure),136.80,914.78,814.78,,
6ef58737-af9a-063c-dd9f-bb4f87dd3f13,2023-02-20T02:06:15Z,2023-02-20T02:22:11Z,196b6069-9bdd-a3fb-20ce-47414b6e8cdd,5fcff9db-16e4-3e56-aa78-abbc16338097,1c1ddd10-c610-3689-9ab7-b3986e384521,734afbd6-4794-363b-9bc0-6a3981533ed5,outpatient,308335008,Patient encounter procedure,142.58,4575.68,2494.14,389095005,Contraception care (regime/therapy)
c5ff0616-7d25-19ee-7e49-666928b03cb9,2023-07-03T19:55:04Z,2023-07-03T20:10:04Z,b98bf2b2-29a5-5eca-1925-dc32332c340a,77645e49-3f69-3d1d-bb93-dc65210e2fac,85396306-24a4-31d9-9bfb-17e73f40e98e,26aab0cd-6aba-3e1b-ac5b-05c8867e762c,outpatient,308335008,Patient encounter procedure,142.58,3610.03,0.00,389095005,Contraception care (regime/therapy)
bb54641f-50f4-a148-ecee-3550f01edd70,1962-06-22T00:56:15Z,1962-06-22T01:51:23Z,9c6736d8-361a-4a4a-ad13-6fe3f4d5a82a,df3f566c-97e5-31ed-b0fe-4b452666f736,4a623209-4e2e-3cf3-bf78-f8511f427ac9,d31fccc3-1767-390d-966a-22a5156f4219,wellness,162673000,General examination of patient (procedure),136.80,919.90,0.00,,
d3bc5a15-490e-3d55-1ac8-29aa9e26fdc1,2023-05-01T02:06:15Z,2023-05-01T02:57:26Z,196b6069-9bdd-a3fb-20ce-47414b6e8cdd,84d5768f-3a21-3da9-aad2-bbf7a3ae2700,176195e7-8d68-3982-9ddc-0bed20dd394c,734afbd6-4794-363b-9bc0-6a3981533ed5,wellness,162673000,General examination of patient (procedure),136.80,1636.30,1309.03,,
81d4fe3f-a4be-2146-b4e5-b8d42af4f795,1969-07-04T00:56:15Z,1969-07-04T01:50:39Z,9c6736d8-361a-4a4a-ad13-6fe3f4d5a82a,df3f566c-97e5-31ed-b0fe-4b452666f736,4a623209-4e2e-3cf3-bf78-f8511f427ac9,d31fccc3-1767-390d-966a-22a5156f4219,wellness,162673000,General examination of patient (procedure),136.80,849.22,0.00,,
457a362e-3937-ba48-9b13-1ad96c71d5f8,2016-02-28T22:48:46Z,2016-02-28T23:43:35Z,7cd3260f-2795-3080-b267-3bb0a9f40624,00ffb204-07b4-3c72-a678-fa252e6cf86c,42be35d2-8688-3dea-b007-eeeab3a8706d,df166300-5a78-3502-a46a-832842197811,wellness,162673000,General examination of patient (procedure),136.80,1167.22,1167.22,,
b80614e3-ffe0-353d-4fe3-f5802e12992e,2023-10-02T19:55:04Z,2023-10-02T20:10:04Z,b98bf2b2-29a5-5eca-1925-dc32332c340a,77645e49-3f69-3d1d-bb93-dc65210e2fac,85396306-24a4-31d9-9bfb-17e73f40e98e,26aab0cd-6aba-3e1b-ac5b-05c8867e762c,outpatient,308335008,Patient encounter procedure,142.58,1642.32,668.04,389095005,Contraception care (regime/therapy)
7537f8fa-0286-6409-bb00-6455fb990552,1972-07-07T00:56:15Z,1972-07-07T01:43:26Z,9c6736d8-361a-4a4a-ad13-6fe3f4d5a82a,df3f566c-97e5-31ed-b0fe-4b452666f736,4a623209-4e2e-3cf3-bf78-f8511f427ac9,d31fccc3-1767-390d-966a-22a5156f4219,wellness,162673000,General examination of patient (procedure),136.80,1342.74,0.00,,
0cf5b2ad-b0b3-1fa6-b05b-86fd834780f4,2024-01-01T19:55:04Z,2024-01-01T20:10:04Z,b98bf2b2-29a5-5eca-1925-dc32332c340a,77645e49-3f69-3d1d-bb93-dc65210e2fac,85396306-24a4-31d9-9bfb-17e73f40e98e,26aab0cd-6aba-3e1b-ac5b-05c8867e762c,outpatient,308335008,Patient encounter procedure,142.58,3830.33,2298.20,389095005,Contraception care (regime/therapy)
fc0c6e28-bdb7-5d16-0be5-a4e7524b66ec,1988-05-13T00:56:15Z,1988-05-13T01:43:40Z,9c6736d8-361a-4a4a-ad13-6fe3f4d5a82a,df3f566c-97e5-31ed-b0fe-4b452666f736,4a623209-4e2e-3cf3-bf78-f8511f427ac9,d31fccc3-1767-390d-966a-22a5156f4219,wellness,162673000,General examination of patient (procedure),136.80,1648.38,152.30,,
bd42fbe9-7caa-4b71-4881-a4e2a7b47954,1994-04-19T00:56:15Z,1994-04-19T01:11:15Z,9c6736d8-361a-4a4a-ad13-6fe3f4d5a82a,125eccb3-d003-34ea-9bd8-360dff059782,0d435eda-ddad-369b-837e-8123a874e233,d31fccc3-1767-390d-966a-22a5156f4219,ambulatory,185347001,Encounter for problem,85.55,85.55,0.00,239872002,Osteoarthritis of hip
f49a57dc-12d1-e07d-a8c4-8b4a672c40ad,2023-05-22T02:06:15Z,2023-05-22T02:21:15Z,196b6069-9bdd-a3fb-20ce-47414b6e8cdd,5fcff9db-16e4-3e56-aa78-abbc16338097,1c1ddd10-c610-3689-9ab7-b3986e384521,734afbd6-4794-363b-9bc0-6a3981533ed5,outpatient,308335008,Patient encounter procedure,142.58,1250.85,1000.68,389095005,Contraception care (regime/therapy)
4f05fbc4-9698-19b9-63f0-8b69d4f9fb06,2018-03-11T22:48:46Z,2018-03-11T23:37:49Z,7cd3260f-2795-3080-b267-3bb0a9f40624,00ffb204-07b4-3c72-a678-fa252e6cf86c,42be35d2-8688-3dea-b007-eeeab3a8706d,df166300-5a78-3502-a46a-832842197811,wellness,162673000,General examination of patient (procedure),136.80,1716.16,1716.16,,
0e2cc5ac-ac93-1e8b-68bc-a33c01fa3a76,2019-03-17T22:48:46Z,2019-03-17T23:26:30Z,7cd3260f-2795-3080-b267-3bb0a9f40624,00ffb204-07b4-3c72-a678-fa252e6cf86c,42be35d2-8688-3dea-b007-eeeab3a8706d,a735bf55-83e9-331a-899d-a82a60b9f60c,wellness,162673000,General examination of patient (procedure),136.80,1320.26,1056.20,,
432e7621-4a6c-6ab2-4269-6df0125af8fa,2005-01-08T00:56:15Z,2005-01-08T01:56:15Z,9c6736d8-361a-4a4a-ad13-6fe3f4d5a82a,74ab949d-17ac-3309-83a0-13b4405c66aa,8d32509a-2844-3440-aac1-59efe106054b,d31fccc3-1767-390d-966a-22a5156f4219,emergency,50849002,Emergency room admission (procedure),146.18,6885.65,5354.91,22298006,Myocardial infarction (disorder)
ddac70d9-c205-6c28-5712-f679a991e246,2021-03-28T22:48:46Z,2021-03-28T23:35:51Z,7cd3260f-2795-3080-b267-3bb0a9f40624,00ffb204-07b4-3c72-a678-fa252e6cf86c,42be35d2-8688-3dea-b007-eeeab3a8706d,d18ef2e6-ef40-324c-be54-34a5ee865625,wellness,162673000,General examination of patient (procedure),136.80,989.36,989.36,,
e07e2127-7eeb-2a09-db1e-d5bd2bc97ca7,2024-04-01T19:55:04Z,2024-04-01T20:10:04Z,b98bf2b2-29a5-5eca-1925-dc32332c340a,77645e49-3f69-3d1d-bb93-dc65210e2fac,85396306-24a4-31d9-9bfb-17e73f40e98e,26aab0cd-6aba-3e1b-ac5b-05c8867e762c,outpatient,308335008,Patient encounter procedure,142.58,2744.71,0.00,389095005,Contraception care (regime/therapy)
2762b2de-3a8f-49e4-71f6-5a7205ce56cd,2005-01-08T01:26:45Z,2005-01-09T01:26:45Z,9c6736d8-361a-4a4a-ad13-6fe3f4d5a82a,74ab949d-17ac-3309-83a0-13b4405c66aa,8d32509a-2844-3440-aac1-59efe106054b,d31fccc3-1767-390d-966a-22a5156f4219,inpatient,32485007,Hospital admission (procedure),146.18,10329.29,8263.43,401303003,Acute ST segment elevation myocardial infarction (disorder)
bddb4f12-c847-09d1-63eb-eb64672b67e7,2023-05-31T02:06:15Z,2023-05-31T02:21:15Z,196b6069-9bdd-a3fb-20ce-47414b6e8cdd,06cc2462-430f-3322-9c87-7e971125f510,848c3a7f-415c-3814-8bbc-de3d2a9b8e42,734afbd6-4794-363b-9bc0-6a3981533ed5,ambulatory,390906007,Follow-up encounter (procedure),85.55,85.55,68.44,59621000,Essential hypertension (disorder)
a8767521-d76d-a87f-e8d4-9d9af210d310,2021-08-15T22:48:46Z,2021-08-15T23:47:08Z,7cd3260f-2795-3080-b267-3bb0a9f40624,d0894f6b-78d7-338d-82ad-b63de4d40014,06c075c2-c733-3de3-a271-a0e2d5889ba4,d18ef2e6-ef40-324c-be54-34a5ee865625,ambulatory,185349003,Encounter for check up (procedure),85.55,114.27,79.27,,
a191f7ca-8e40-8df8-a4e8-373290d42350,2024-07-01T19:55:04Z,2024-07-01T20:10:04Z,b98bf2b2-29a5-5eca-1925-dc32332c340a,77645e49-3f69-3d1d-bb93-dc65210e2fac,85396306-24a4-31d9-9bfb-17e73f40e98e,26aab0cd-6aba-3e1b-ac5b-05c8867e762c,outpatient,308335008,Patient encounter procedure,142.58,4575.68,735.83,389095005,Contraception care (regime/therapy)
81378380-3f34-9a6c-7318-d5d8eeec44f7,2024-09-30T19:55:04Z,2024-09-30T20:13:26Z,b98bf2b2-29a5-5eca-1925-dc32332c340a,77645e49-3f69-3d1d-bb93-dc65210e2fac,85396306-24a4-31d9-9bfb-17e73f40e98e,26aab0cd-6aba-3e1b-ac5b-05c8867e762c,outpatient,308335008,Patient encounter procedure,142.58,1250.85,750.51,389095005,Contraception care (regime/therapy)
7e5b9ac8-9c2b-60b6-2f70-9e03c1251727,2021-09-26T22:48:46Z,2021-09-26T23:19:59Z,7cd3260f-2795-3080-b267-3bb0a9f40624,a25107f7-f4f5-36fc-98e4-f3e1b5875c91,a5670bc2-1db1-3c03-b142-764b8b4aaff0,d18ef2e6-ef40-324c-be54-34a5ee865625,urgentcare,702927004,Urgent care clinic (environment),142.58,938.84,903.84,,
394b5fc3-8d78-b1d5-802c-aed7846d64f9,2023-07-30T02:06:15Z,2023-07-30T02:21:15Z,196b6069-9bdd-a3fb-20ce-47414b6e8cdd,5fcff9db-16e4-3e56-aa78-abbc16338097,1c1ddd10-c610-3689-9ab7-b3986e384521,734afbd6-4794-363b-9bc0-6a3981533ed5,virtual,390906007,Follow-up encounter (procedure),75.00,75.00,60.00,59621000,Essential hypertension (disorder)
af2743ca-e8f5-de1a-fe1d-935cbf819324,2023-08-21T02:06:15Z,2023-08-21T02:22:25Z,196b6069-9bdd-a3fb-20ce-47414b6e8cdd,5fcff9db-16e4-3e56-aa78-abbc16338097,1c1ddd10-c610-3689-9ab7-b3986e384521,734afbd6-4794-363b-9bc0-6a3981533ed5,outpatient,308335008,Patient encounter procedure,142.58,4575.68,3660.54,389095005,Contraception care (regime/therapy)
e2bc87e6-0da5-2917-708f-716ec60dd0e0,2023-09-18T02:06:15Z,2023-09-18T02:56:57Z,196b6069-9bdd-a3fb-20ce-47414b6e8cdd,c05d73d0-b348-32ce-9fe5-13a720950f37,e594f5de-beaf-33af-9875-47768d37da96,734afbd6-4794-363b-9bc0-6a3981533ed5,urgentcare,702927004,Urgent care clinic (environment),142.58,1156.22,924.96,,
e86a41bf-77f4-8816-ff98-540901bd8ba7,2022-02-20T22:48:46Z,2022-02-20T23:03:46Z,7cd3260f-2795-3080-b267-3bb0a9f40624,19a3afba-b409-3650-a0ab-f3faf6e391ef,8f4b687c-7466-3d60-b6fc-a313369440b4,d18ef2e6-ef40-324c-be54-34a5ee865625,outpatient,698314001,Consultation for treatment,142.58,142.58,107.58,389095005,Contraception care (regime/therapy)
f91ee24c-8bbb-e103-d33d-7e76dacde6fc,2022-04-03T22:48:46Z,2022-04-03T23:44:09Z,7cd3260f-2795-3080-b267-3bb0a9f40624,00ffb204-07b4-3c72-a678-fa252e6cf86c,42be35d2-8688-3dea-b007-eeeab3a8706d,d18ef2e6-ef40-324c-be54-34a5ee865625,wellness,162673000,General examination of patient (procedure),136.80,853.36,853.36,,
d8a865c6-6e55-f782-a24a-05e50f884714,2009-07-24T00:56:15Z,2009-07-24T01:38:32Z,9c6736d8-361a-4a4a-ad13-6fe3f4d5a82a,df3f566c-97e5-31ed-b0fe-4b452666f736,4a623209-4e2e-3cf3-bf78-f8511f427ac9,a735bf55-83e9-331a-899d-a82a60b9f60c,wellness,162673000,General examination of patient (procedure),136.80,1075.86,674.28,,
6e5b2194-c995-b721-6dae-c9728827d5cf,2023-09-25T02:06:15Z,2023-09-25T02:21:15Z,196b6069-9bdd-a3fb-20ce-47414b6e8cdd,c05d73d0-b348-32ce-9fe5-13a720950f37,e594f5de-beaf-33af-9875-47768d37da96,734afbd6-4794-363b-9bc0-6a3981533ed5,urgentcare,702927004,Urgent care clinic (environment),142.58,978.35,782.67,,
e41c4f5f-af50-d733-8cb9-a611aa178de4,2024-12-30T19:55:04Z,2024-12-30T20:10:04Z,b98bf2b2-29a5-5eca-1925-dc32332c340a,77645e49-3f69-3d1d-bb93-dc65210e2fac,85396306-24a4-31d9-9bfb-17e73f40e98e,26aab0cd-6aba-3e1b-ac5b-05c8867e762c,outpatient,308335008,Patient encounter procedure,142.58,1250.85,750.51,389095005,Contraception care (regime/therapy)
002c0e12-32dc-6a0e-c445-57bd16fa7f18,2025-01-20T19:55:04Z,2025-01-20T20:38:51Z,b98bf2b2-29a5-5eca-1925-dc32332c340a,e6d63525-40f0-3391-a58a-e6a03598911f,532ce51c-251e-3fd1-b9da-f33ea8bec6a1,26aab0cd-6aba-3e1b-ac5b-05c8867e762c,wellness,162673000,General examination of patient (procedure),136.80,1232.78,0.00,,
8a235004-8dfb-1473-d307-b26d907fb071,2023-04-09T22:48:46Z,2023-04-09T23:38:09Z,7cd3260f-2795-3080-b267-3bb0a9f40624,00ffb204-07b4-3c72-a678-fa252e6cf86c,42be35d2-8688-3dea-b007-eeeab3a8706d,d18ef2e6-ef40-324c-be54-34a5ee865625,wellness,162673000,General examination of patient (procedure),136.80,860.16,860.16,,
97ffd670-099d-b7d9-4332-b0c71013293b,2024-01-07T09:30:06Z,2024-01-07T09:45:06Z,b300716e-ae67-8d6f-d694-51d801881ce0,6170552c-4d27-3e64-8068-64a380f1837d,af68b24e-d92e-3ce5-88d6-43aeb328a675,0133f751-9229-3cfd-815f-b6d4979bdd6a,ambulatory,424619006,Prenatal visit,142.58,11242.44,11242.44,72892002,Normal pregnancy
4d5d4514-fd4b-04ca-0631-82bd8aa1600a,2009-08-06T16:52:06Z,2009-08-06T21:45:40Z,9c6736d8-361a-4a4a-ad13-6fe3f4d5a82a,74ab949d-17ac-3309-83a0-13b4405c66aa,8d32509a-2844-3440-aac1-59efe106054b,a735bf55-83e9-331a-899d-a82a60b9f60c,ambulatory,185347001,Encounter for problem (procedure),85.55,1444.46,1155.57,414545008,Ischemic heart disease (disorder)
53e89a0b-a1e4-d171-29f7-e7d7cdea4e35,2009-08-11T04:07:48Z,2009-08-11T10:39:33Z,9c6736d8-361a-4a4a-ad13-6fe3f4d5a82a,74ab949d-17ac-3309-83a0-13b4405c66aa,8d32509a-2844-3440-aac1-59efe106054b,a735bf55-83e9-331a-899d-a82a60b9f60c,ambulatory,32485007,Hospital admission (procedure),142.58,66029.29,52823.42,274531002,Abnormal findings diagnostic imaging heart+coronary circulat (finding)
c4dcef11-d050-c635-fbe1-d1bbd7a6c1da,2010-06-19T00:56:15Z,2010-06-19T01:56:15Z,9c6736d8-361a-4a4a-ad13-6fe3f4d5a82a,d4b9a3f0-210d-3e46-a2c7-e099658ac543,e41ac84e-924c-3fec-bb40-086aad616a30,a735bf55-83e9-331a-899d-a82a60b9f60c,emergency,183452005,Emergency hospital admission (procedure),87.71,87.71,70.17,82423001,Chronic pain
08bc489f-5c05-adf3-8e29-d73d38eb8ef2,1978-02-15T22:59:46Z,1978-02-15T23:51:20Z,2c7f251b-4cd9-fe29-b244-63c2271e15e2,9fdce5d5-d4d0-3156-a8d5-8757bfe4e9b3,fd5b5663-ee2a-351e-a744-cd9022a42ab2,df166300-5a78-3502-a46a-832842197811,wellness,162673000,General examination of patient (procedure),136.80,1325.41,1175.41,,
4839cc72-2d7d-07b2-8e58-db9f9a2836b2,1994-03-09T22:59:46Z,1994-03-09T23:37:47Z,2c7f251b-4cd9-fe29-b244-63c2271e15e2,9fdce5d5-d4d0-3156-a8d5-8757bfe4e9b3,fd5b5663-ee2a-351e-a744-cd9022a42ab2,df166300-5a78-3502-a46a-832842197811,wellness,162673000,General examination of patient (procedure),136.80,1134.38,984.38,,
73f9422f-3443-b7cb-a599-6f269ad6d387,2013-08-16T00:56:15Z,2013-08-16T01:30:42Z,9c6736d8-361a-4a4a-ad13-6fe3f4d5a82a,df3f566c-97e5-31ed-b0fe-4b452666f736,4a623209-4e2e-3cf3-bf78-f8511f427ac9,a735bf55-83e9-331a-899d-a82a60b9f60c,wellness,162673000,General examination of patient (procedure),136.80,785.58,442.06,,
c3ee3bc0-20e0-a15d-24d5-45a6483e29a8,2014-08-22T00:56:15Z,2014-08-22T01:27:30Z,9c6736d8-361a-4a4a-ad13-6fe3f4d5a82a,df3f566c-97e5-31ed-b0fe-4b452666f736,4a623209-4e2e-3cf3-bf78-f8511f427ac9,a735bf55-83e9-331a-899d-a82a60b9f60c,wellness,162673000,General examination of patient (procedure),136.80,5400.09,4153.23,,
e695cc6e-8e5a-2f63-652d-db2cdea01119,2018-09-14T00:56:15Z,2018-09-14T01:44:07Z,9c6736d8-361a-4a4a-ad13-6fe3f4d5a82a,df3f566c-97e5-31ed-b0fe-4b452666f736,4a623209-4e2e-3cf3-bf78-f8511f427ac9,a735bf55-83e9-331a-899d-a82a60b9f60c,wellness,162673000,General examination of patient (procedure),136.80,860.16,507.02,,
b2667d0a-238e-225d-fb10-5d40a403dc17,2018-09-28T00:56:15Z,2018-09-28T01:22:03Z,9c6736d8-361a-4a4a-ad13-6fe3f4d5a82a,125eccb3-d003-34ea-9bd8-360dff059782,0d435eda-ddad-369b-837e-8123a874e233,a735bf55-83e9-331a-899d-a82a60b9f60c,ambulatory,185349003,Encounter for check up (procedure),85.55,146.35,117.08,,
5f9f40b6-6bbd-8b12-758a-7054d3e046e0,2020-09-25T00:56:15Z,2020-09-25T01:49:13Z,9c6736d8-361a-4a4a-ad13-6fe3f4d5a82a,df3f566c-97e5-31ed-b0fe-4b452666f736,4a623209-4e2e-3cf3-bf78-f8511f427ac9,a735bf55-83e9-331a-899d-a82a60b9f60c,wellness,162673000,General examination of patient (procedure),136.80,785.58,443.30,,
aa090b98-0a5c-25cf-c684-2a6b8715a70d,2023-04-23T22:48:46Z,2023-04-24T05:48:59Z,7cd3260f-2795-3080-b267-3bb0a9f40624,d0894f6b-78d7-338d-82ad-b63de4d40014,06c075c2-c733-3de3-a271-a0e2d5889ba4,d18ef2e6-ef40-324c-be54-34a5ee865625,ambulatory,185349003,Encounter for check up (procedure),85.55,2049.45,2014.45,,
332ff8e8-d1ce-3248-1a53-5e22e9419dd7,2002-01-02T22:59:46Z,2002-01-02T23:33:30Z,2c7f251b-4cd9-fe29-b244-63c2271e15e2,9fdce5d5-d4d0-3156-a8d5-8757bfe4e9b3,fd5b5663-ee2a-351e-a744-cd9022a42ab2,df166300-5a78-3502-a46a-832842197811,wellness,162673000,General examination of patient (procedure),136.80,1819.32,1669.32,,
97e10ecb-5af5-11fa-5483-bd0d5f37d8ed,2024-02-04T09:30:06Z,2024-02-04T09:45:06Z,b300716e-ae67-8d6f-d694-51d801881ce0,6170552c-4d27-3e64-8068-64a380f1837d,af68b24e-d92e-3ce5-88d6-43aeb328a675,0133f751-9229-3cfd-815f-b6d4979bdd6a,ambulatory,424619006,Prenatal visit,142.58,7397.51,7397.51,72892002,Normal pregnancy
8b6986f2-12d4-85c8-4867-dd7910b85fd1,2023-10-02T02:06:15Z,2023-10-02T02:49:39Z,196b6069-9bdd-a3fb-20ce-47414b6e8cdd,5fcff9db-16e4-3e56-aa78-abbc16338097,1c1ddd10-c610-3689-9ab7-b3986e384521,734afbd6-4794-363b-9bc0-6a3981533ed5,outpatient,185349003,Encounter for check up (procedure),85.55,876.69,701.34,,
d1a1fc2a-cfd1-a25a-41a2-926e183c395b,2022-10-07T00:56:15Z,2022-10-07T01:54:05Z,9c6736d8-361a-4a4a-ad13-6fe3f4d5a82a,df3f566c-97e5-31ed-b0fe-4b452666f736,4a623209-4e2e-3cf3-bf78-f8511f427ac9,a735bf55-83e9-331a-899d-a82a60b9f60c,wellness,162673000,General examination of patient (procedure),136.80,778.78,506.64,,
a925aa09-7e99-8369-0320-430eefad2565,2002-01-23T22:59:46Z,2002-01-23T23:14:46Z,2c7f251b-4cd9-fe29-b244-63c2271e15e2,217cb6f6-e822-3831-9d9d-ffa104971042,09118138-3672-3c41-96c0-2fb1a1d2dada,df166300-5a78-3502-a46a-832842197811,ambulatory,390906007,Follow-up encounter,85.55,85.55,35.55,55822004,Hyperlipidemia
f0515813-20e0-4144-fa3c-4c2249d7d95d,2024-03-03T09:30:06Z,2024-03-03T09:45:06Z,b300716e-ae67-8d6f-d694-51d801881ce0,6170552c-4d27-3e64-8068-64a380f1837d,af68b24e-d92e-3ce5-88d6-43aeb328a675,0133f751-9229-3cfd-815f-b6d4979bdd6a,ambulatory,424619006,Prenatal visit,142.58,4665.96,4665.96,72892002,Normal pregnancy
41ae9d57-d94c-e6cb-c5bc-374d260fdbea,2024-03-31T09:30:06Z,2024-03-31T09:45:06Z,b300716e-ae67-8d6f-d694-51d801881ce0,6170552c-4d27-3e64-8068-64a380f1837d,af68b24e-d92e-3ce5-88d6-43aeb328a675,0133f751-9229-3cfd-815f-b6d4979bdd6a,ambulatory,424619006,Prenatal visit,142.58,7154.58,7154.58,72892002,Normal pregnancy
65124371-60b6-ede7-5c5d-68ef8df237fc,2006-01-25T22:59:46Z,2006-01-26T01:01:59Z,2c7f251b-4cd9-fe29-b244-63c2271e15e2,217cb6f6-e822-3831-9d9d-ffa104971042,09118138-3672-3c41-96c0-2fb1a1d2dada,df166300-5a78-3502-a46a-832842197811,ambulatory,185349003,Encounter for check up (procedure),85.55,650.14,600.14,66383009,Gingivitis (disorder)
2e05eb59-33b5-98ef-9ec4-a5ef29883630,2018-02-21T22:59:46Z,2018-02-22T00:56:13Z,2c7f251b-4cd9-fe29-b244-63c2271e15e2,217cb6f6-e822-3831-9d9d-ffa104971042,09118138-3672-3c41-96c0-2fb1a1d2dada,df166300-5a78-3502-a46a-832842197811,ambulatory,185349003,Encounter for check up (procedure),85.55,244.42,194.42,103697008,Patient referral for dental care (procedure)
cf13ac4c-0757-7063-e2a0-41a2290d5980,2024-04-07T07:30:06Z,2024-04-07T07:45:06Z,b300716e-ae67-8d6f-d694-51d801881ce0,6170552c-4d27-3e64-8068-64a380f1837d,af68b24e-d92e-3ce5-88d6-43aeb328a675,0133f751-9229-3cfd-815f-b6d4979bdd6a,ambulatory,185345009,Encounter for symptom,85.55,2041.78,2041.78,195662009,Acute viral pharyngitis (disorder)
a0da9f79-db52-7f27-db56-7d259620ea82,2020-02-19T22:59:46Z,2020-02-19T23:36:54Z,2c7f251b-4cd9-fe29-b244-63c2271e15e2,9fdce5d5-d4d0-3156-a8d5-8757bfe4e9b3,fd5b5663-ee2a-351e-a744-cd9022a42ab2,df166300-5a78-3502-a46a-832842197811,wellness,162673000,General examination of patient (procedure),136.80,860.16,760.16,,
63f5c468-9c28-664b-fa6d-4861bc939fff,2023-10-13T00:56:15Z,2023-10-13T01:43:38Z,9c6736d8-361a-4a4a-ad13-6fe3f4d5a82a,df3f566c-97e5-31ed-b0fe-4b452666f736,4a623209-4e2e-3cf3-bf78-f8511f427ac9,a735bf55-83e9-331a-899d-a82a60b9f60c,wellness,162673000,General examination of patient (procedure),136.80,994.48,610.34,,
aca030be-07ab-0db7-cd96-85a3a865e540,2021-02-24T22:59:46Z,2021-02-24T23:54:26Z,2c7f251b-4cd9-fe29-b244-63c2271e15e2,9fdce5d5-d4d0-3156-a8d5-8757bfe4e9b3,fd5b5663-ee2a-351e-a744-cd9022a42ab2,df166300-5a78-3502-a46a-832842197811,wellness,162673000,General examination of patient (procedure),136.80,1070.74,970.74,,
479aacd5-6c9b-432a-6bde-e4b717c02737,2023-10-15T22:48:46Z,2023-10-15T23:54:03Z,7cd3260f-2795-3080-b267-3bb0a9f40624,19a3afba-b409-3650-a0ab-f3faf6e391ef,8f4b687c-7466-3d60-b6fc-a313369440b4,d18ef2e6-ef40-324c-be54-34a5ee865625,outpatient,308335008,Patient encounter procedure,142.58,4052.91,4017.91,389095005,Contraception care (regime/therapy)
6e846f6a-d465-d9be-229c-ff49bbf36e98,2024-04-28T09:30:06Z,2024-04-28T09:45:06Z,b300716e-ae67-8d6f-d694-51d801881ce0,6170552c-4d27-3e64-8068-64a380f1837d,af68b24e-d92e-3ce5-88d6-43aeb328a675,0133f751-9229-3cfd-815f-b6d4979bdd6a,ambulatory,424619006,Prenatal visit,142.58,10096.99,10096.99,72892002,Normal pregnancy
9654e52c-080e-7d83-6e9c-fc388b79c99b,2023-12-03T22:48:46Z,2023-12-03T23:03:46Z,7cd3260f-2795-3080-b267-3bb0a9f40624,d0894f6b-78d7-338d-82ad-b63de4d40014,06c075c2-c733-3de3-a271-a0e2d5889ba4,d18ef2e6-ef40-324c-be54-34a5ee865625,ambulatory,424441002,Prenatal initial visit,142.58,42277.71,42242.71,72892002,Normal pregnancy
3672b708-f4b2-a8d8-9633-51f72b6371de,2022-03-02T22:59:46Z,2022-03-02T23:54:40Z,2c7f251b-4cd9-fe29-b244-63c2271e15e2,9fdce5d5-d4d0-3156-a8d5-8757bfe4e9b3,fd5b5663-ee2a-351e-a744-cd9022a42ab2,df166300-5a78-3502-a46a-832842197811,wellness,162673000,General examination of patient (procedure),136.80,1688.45,1588.45,,
5cc57aa2-d07b-1d47-09c3-e6a9f2956677,2024-05-26T09:30:06Z,2024-05-26T09:45:06Z,b300716e-ae67-8d6f-d694-51d801881ce0,6170552c-4d27-3e64-8068-64a380f1837d,af68b24e-d92e-3ce5-88d6-43aeb328a675,0133f751-9229-3cfd-815f-b6d4979bdd6a,ambulatory,424619006,Prenatal visit,142.58,17641.27,17641.27,72892002,Normal pregnancy
f903bb02-2aee-4542-68d4-5be199f38301,2024-06-23T09:30:06Z,2024-06-23T09:45:06Z,b300716e-ae67-8d6f-d694-51d801881ce0,6170552c-4d27-3e64-8068-64a380f1837d,af68b24e-d92e-3ce5-88d6-43aeb328a675,0133f751-9229-3cfd-815f-b6d4979bdd6a,ambulatory,424619006,Prenatal visit,142.58,8117.16,8117.16,72892002,Normal pregnancy
64ee29b4-2472-1acf-7354-a5026654bc4d,2023-12-31T22:48:46Z,2023-12-31T23:03:46Z,7cd3260f-2795-3080-b267-3bb0a9f40624,d0894f6b-78d7-338d-82ad-b63de4d40014,06c075c2-c733-3de3-a271-a0e2d5889ba4,d18ef2e6-ef40-324c-be54-34a5ee865625,ambulatory,424619006,Prenatal visit,142.58,12313.82,12278.82,72892002,Normal pregnancy
b8bdeb64-7214-6ad1-ff54-80dccd53632b,2022-03-03T22:59:46Z,2022-03-03T23:14:46Z,2c7f251b-4cd9-fe29-b244-63c2271e15e2,217cb6f6-e822-3831-9d9d-ffa104971042,09118138-3672-3c41-96c0-2fb1a1d2dada,df166300-5a78-3502-a46a-832842197811,ambulatory,390906007,Follow-up encounter,85.55,234.71,184.71,55822004,Hyperlipidemia
21d47c9c-2336-2011-e9e2-d95fa5c8bd99,2023-10-09T02:06:15Z,2023-10-09T02:21:15Z,196b6069-9bdd-a3fb-20ce-47414b6e8cdd,c05d73d0-b348-32ce-9fe5-13a720950f37,e594f5de-beaf-33af-9875-47768d37da96,734afbd6-4794-363b-9bc0-6a3981533ed5,urgentcare,702927004,Urgent care clinic (environment),142.58,291.74,233.38,,
0ef3e830-3969-691a-7023-07b3ef49578c,2024-07-07T09:30:06Z,2024-07-07T09:45:06Z,b300716e-ae67-8d6f-d694-51d801881ce0,6170552c-4d27-3e64-8068-64a380f1837d,af68b24e-d92e-3ce5-88d6-43aeb328a675,0133f751-9229-3cfd-815f-b6d4979bdd6a,ambulatory,424619006,Prenatal visit,142.58,4665.96,4665.96,72892002,Normal pregnancy
65e10575-649c-d309-361b-a43dfbd632b4,2024-01-28T22:48:46Z,2024-01-28T23:03:46Z,7cd3260f-2795-3080-b267-3bb0a9f40624,d0894f6b-78d7-338d-82ad-b63de4d40014,06c075c2-c733-3de3-a271-a0e2d5889ba4,d18ef2e6-ef40-324c-be54-34a5ee865625,ambulatory,424619006,Prenatal visit,142.58,12367.97,12332.97,72892002,Normal pregnancy
daab3cbc-bc77-7387-0942-d9b4348181a5,2023-03-08T22:59:46Z,2023-03-08T23:47:03Z,2c7f251b-4cd9-fe29-b244-63c2271e15e2,9fdce5d5-d4d0-3156-a8d5-8757bfe4e9b3,fd5b5663-ee2a-351e-a744-cd9022a42ab2,df166300-5a78-3502-a46a-832842197811,wellness,162673000,General examination of patient (procedure),136.80,1069.06,969.06,,
e9e0175e-5d08-9c14-2937-852647914437,2023-10-16T02:06:15Z,2023-10-16T02:21:15Z,196b6069-9bdd-a3fb-20ce-47414b6e8cdd,06cc2462-430f-3322-9c87-7e971125f510,848c3a7f-415c-3814-8bbc-de3d2a9b8e42,734afbd6-4794-363b-9bc0-6a3981533ed5,ambulatory,185345009,Encounter for symptom,85.55,775.79,620.63,10509002,Acute bronchitis (disorder)
861c6f8f-4778-6ae1-b87d-8c082ece52ab,2023-10-23T02:06:15Z,2023-10-23T02:32:37Z,196b6069-9bdd-a3fb-20ce-47414b6e8cdd,06cc2462-430f-3322-9c87-7e971125f510,848c3a7f-415c-3814-8bbc-de3d2a9b8e42,734afbd6-4794-363b-9bc0-6a3981533ed5,ambulatory,185349003,Encounter for check up (procedure),85.55,86.90,69.52,,
67541184-15e1-a188-2891-445671ec9625,2023-10-27T00:56:15Z,2023-10-27T01:21:51Z,9c6736d8-361a-4a4a-ad13-6fe3f4d5a82a,125eccb3-d003-34ea-9bd8-360dff059782,0d435eda-ddad-369b-837e-8123a874e233,a735bf55-83e9-331a-899d-a82a60b9f60c,ambulatory,185349003,Encounter for check up (procedure),85.55,85.64,68.51,,
d4ed14b0-9c88-81c7-1529-7ab2307005b2,2023-10-30T02:06:15Z,2023-10-30T02:21:15Z,196b6069-9bdd-a3fb-20ce-47414b6e8cdd,06cc2462-430f-3322-9c87-7e971125f510,848c3a7f-415c-3814-8bbc-de3d2a9b8e42,734afbd6-4794-363b-9bc0-6a3981533ed5,ambulatory,390906007,Follow-up encounter (procedure),85.55,85.55,68.44,59621000,Essential hypertension (disorder)
5e2329d9-3a41-916d-6c85-5b2f50138680,2023-11-20T02:06:15Z,2023-11-20T02:25:22Z,196b6069-9bdd-a3fb-20ce-47414b6e8cdd,5fcff9db-16e4-3e56-aa78-abbc16338097,1c1ddd10-c610-3689-9ab7-b3986e384521,734afbd6-4794-363b-9bc0-6a3981533ed5,outpatient,308335008,Patient encounter procedure,142.58,4575.68,3660.54,389095005,Contraception care (regime/therapy)
c6de9414-00e0-5908-da64-24a4a2b44762,2024-01-08T02:06:15Z,2024-01-08T02:50:00Z,196b6069-9bdd-a3fb-20ce-47414b6e8cdd,5fcff9db-16e4-3e56-aa78-abbc16338097,1c1ddd10-c610-3689-9ab7-b3986e384521,734afbd6-4794-363b-9bc0-6a3981533ed5,outpatient,185349003,Encounter for check up (procedure),85.55,740.69,592.54,,
cd7cf63a-34c5-ce3a-053b-ce2a5acd8495,2024-07-14T09:30:06Z,2024-07-14T10:30:06Z,b300716e-ae67-8d6f-d694-51d801881ce0,552ede7f-2ba4-39ef-9217-29d27b89b8a7,4a95779c-c58b-30c9-a608-d5229bbd4258,0133f751-9229-3cfd-815f-b6d4979bdd6a,emergency,183460006,Obstetric emergency hospital admission,146.18,3362.86,3362.86,72892002,Normal pregnancy
e7aea7f1-b277-e3c8-07b6-a5876ebfe2b0,2024-01-22T02:06:15Z,2024-01-22T02:22:57Z,196b6069-9bdd-a3fb-20ce-47414b6e8cdd,06cc2462-430f-3322-9c87-7e971125f510,848c3a7f-415c-3814-8bbc-de3d2a9b8e42,734afbd6-4794-363b-9bc0-6a3981533ed5,ambulatory,185349003,Encounter for check up (procedure),85.55,85.99,68.79,,
16c7f128-ea8d-d96a-73a4-bbdcec76a406,2024-02-25T22:48:46Z,2024-02-25T23:03:46Z,7cd3260f-2795-3080-b267-3bb0a9f40624,d0894f6b-78d7-338d-82ad-b63de4d40014,06c075c2-c733-3de3-a271-a0e2d5889ba4,d18ef2e6-ef40-324c-be54-34a5ee865625,ambulatory,424619006,Prenatal visit,142.58,7334.78,7299.78,72892002,Normal pregnancy
ba0c1c04-b4d1-a852-c219-fac18fe96d88,2024-10-18T00:56:15Z,2024-10-18T01:49:31Z,9c6736d8-361a-4a4a-ad13-6fe3f4d5a82a,df3f566c-97e5-31ed-b0fe-4b452666f736,4a623209-4e2e-3cf3-bf78-f8511f427ac9,a735bf55-83e9-331a-899d-a82a60b9f60c,wellness,162673000,General examination of patient (procedure),136.80,860.16,505.46,,
424f9ffb-dfc7-5bf8-56c6-872da870b853,2024-03-24T22:48:46Z,2024-03-24T23:03:46Z,7cd3260f-2795-3080-b267-3bb0a9f40624,d0894f6b-78d7-338d-82ad-b63de4d40014,06c075c2-c733-3de3-a271-a0e2d5889ba4,d18ef2e6-ef40-324c-be54-34a5ee865625,ambulatory,424619006,Prenatal visit,142.58,10770.16,10735.16,72892002,Normal pregnancy
6b444b41-a6b6-2192-e87c-557b3bbf4b35,2024-02-19T02:06:15Z,2024-02-19T02:25:24Z,196b6069-9bdd-a3fb-20ce-47414b6e8cdd,5fcff9db-16e4-3e56-aa78-abbc16338097,1c1ddd10-c610-3689-9ab7-b3986e384521,734afbd6-4794-363b-9bc0-6a3981533ed5,outpatient,308335008,Patient encounter procedure,142.58,2255.58,638.06,389095005,Contraception care (regime/therapy)
b0f8518e-caf2-022a-df6f-552403534f71,2024-08-25T09:30:06Z,2024-08-25T09:45:06Z,b300716e-ae67-8d6f-d694-51d801881ce0,6170552c-4d27-3e64-8068-64a380f1837d,af68b24e-d92e-3ce5-88d6-43aeb328a675,8fa6c185-e44e-3e34-8bd8-39be8694f4ce,ambulatory,169762003,Postnatal visit,142.58,1005.38,0.00,,
0c61c8ab-1a8c-842f-8dec-9beb55000952,2024-04-14T22:48:46Z,2024-04-14T23:40:43Z,7cd3260f-2795-3080-b267-3bb0a9f40624,00ffb204-07b4-3c72-a678-fa252e6cf86c,42be35d2-8688-3dea-b007-eeeab3a8706d,d18ef2e6-ef40-324c-be54-34a5ee865625,wellness,162673000,General examination of patient (procedure),136.80,1150.44,1150.44,,
348a995d-9ccf-9b56-f4e3-64400d1dce73,2023-03-15T22:59:46Z,2023-03-15T23:14:46Z,2c7f251b-4cd9-fe29-b244-63c2271e15e2,217cb6f6-e822-3831-9d9d-ffa104971042,09118138-3672-3c41-96c0-2fb1a1d2dada,df166300-5a78-3502-a46a-832842197811,ambulatory,390906007,Follow-up encounter,85.55,234.71,184.71,55822004,Hyperlipidemia
99051517-140a-6e24-4ac8-7d2c8d521a09,2024-05-06T02:06:15Z,2024-05-06T02:57:13Z,196b6069-9bdd-a3fb-20ce-47414b6e8cdd,84d5768f-3a21-3da9-aad2-bbf7a3ae2700,176195e7-8d68-3982-9ddc-0bed20dd394c,734afbd6-4794-363b-9bc0-6a3981533ed5,wellness,162673000,General examination of patient (procedure),136.80,1049.78,839.81,,
e69ae0a1-7aae-4596-f830-64f9455a8b67,2024-09-01T09:30:06Z,2024-09-01T09:45:06Z,b300716e-ae67-8d6f-d694-51d801881ce0,6170552c-4d27-3e64-8068-64a380f1837d,af68b24e-d92e-3ce5-88d6-43aeb328a675,8fa6c185-e44e-3e34-8bd8-39be8694f4ce,outpatient,698314001,Consultation for treatment,142.58,142.58,0.00,389095005,Contraception care (regime/therapy)
3bf40aaa-13b5-66a1-d152-536bacf60972,2023-03-22T22:59:46Z,2023-03-22T23:25:33Z,2c7f251b-4cd9-fe29-b244-63c2271e15e2,217cb6f6-e822-3831-9d9d-ffa104971042,09118138-3672-3c41-96c0-2fb1a1d2dada,df166300-5a78-3502-a46a-832842197811,ambulatory,185349003,Encounter for check up (procedure),85.55,100.37,50.37,66383009,Gingivitis (disorder)
0e9dadfd-655e-42f2-5aaa-f70d97f39382,2025-10-24T00:56:15Z,2025-10-24T01:33:44Z,9c6736d8-361a-4a4a-ad13-6fe3f4d5a82a,df3f566c-97e5-31ed-b0fe-4b452666f736,4a623209-4e2e-3cf3-bf78-f8511f427ac9,a735bf55-83e9-331a-899d-a82a60b9f60c,wellness,162673000,General examination of patient (procedure),136.80,1692.84,1171.48,,
ac04c3da-2706-9a41-bc12-28231ba9fb0c,2024-03-13T22:59:46Z,2024-03-13T23:55:22Z,2c7f251b-4cd9-fe29-b244-63c2271e15e2,9fdce5d5-d4d0-3156-a8d5-8757bfe4e9b3,fd5b5663-ee2a-351e-a744-cd9022a42ab2,df166300-5a78-3502-a46a-832842197811,wellness,162673000,General examination of patient (procedure),136.80,853.36,753.36,,
dfb82d0c-24fe-6df8-785c-af06e8b96bff,2024-11-24T09:30:06Z,2024-11-24T10:07:53Z,b300716e-ae67-8d6f-d694-51d801881ce0,c2e93fb4-abf2-3210-b6ec-4d1ecb2b76f0,132c5953-a5ea-30e0-9f6c-a11477a7a482,8fa6c185-e44e-3e34-8bd8-39be8694f4ce,wellness,162673000,General examination of patient (procedure),136.80,1641.58,0.00,,
67b4c224-0333-8896-ec6a-2314af715ded,2024-04-21T22:48:46Z,2024-04-21T23:03:46Z,7cd3260f-2795-3080-b267-3bb0a9f40624,d0894f6b-78d7-338d-82ad-b63de4d40014,06c075c2-c733-3de3-a271-a0e2d5889ba4,d18ef2e6-ef40-324c-be54-34a5ee865625,ambulatory,424619006,Prenatal visit,142.58,15633.46,15598.46,72892002,Normal pregnancy
60c23832-4f33-8547-56be-a102972c73da,2024-03-14T22:59:46Z,2024-03-14T23:14:46Z,2c7f251b-4cd9-fe29-b244-63c2271e15e2,217cb6f6-e822-3831-9d9d-ffa104971042,09118138-3672-3c41-96c0-2fb1a1d2dada,df166300-5a78-3502-a46a-832842197811,ambulatory,390906007,Follow-up encounter,85.55,234.71,184.71,55822004,Hyperlipidemia
8787d250-bda7-aa63-fe79-750d72c0a6e2,2024-05-19T22:48:46Z,2024-05-19T23:03:46Z,7cd3260f-2795-3080-b267-3bb0a9f40624,d0894f6b-78d7-338d-82ad-b63de4d40014,06c075c2-c733-3de3-a271-a0e2d5889ba4,d18ef2e6-ef40-324c-be54-34a5ee865625,ambulatory,424619006,Prenatal visit,142.58,5335.28,5300.28,72892002,Normal pregnancy
46a83cfe-2f91-2291-af8d-a20adda8bb75,2024-06-16T22:48:46Z,2024-06-16T23:03:46Z,7cd3260f-2795-3080-b267-3bb0a9f40624,d0894f6b-78d7-338d-82ad-b63de4d40014,06c075c2-c733-3de3-a271-a0e2d5889ba4,d18ef2e6-ef40-324c-be54-34a5ee865625,ambulatory,424619006,Prenatal visit,142.58,5571.03,5536.03,72892002,Normal pregnancy
be57836a-f432-1089-09de-384c8394f7c7,2025-07-31T10:02:12Z,2025-07-31T11:02:12Z,b300716e-ae67-8d6f-d694-51d801881ce0,552ede7f-2ba4-39ef-9217-29d27b89b8a7,4a95779c-c58b-30c9-a608-d5229bbd4258,8fa6c185-e44e-3e34-8bd8-39be8694f4ce,emergency,50849002,Emergency room admission (procedure),146.18,146.18,0.00,384709000,Sprain (morphologic abnormality)
31f601ad-559c-e889-1893-437f35b994e7,2024-06-30T22:48:46Z,2024-06-30T23:48:46Z,7cd3260f-2795-3080-b267-3bb0a9f40624,1ddd51d1-7297-3c3b-bad5-98aecd5e4a79,ebbce9cc-3032-37a6-ad80-58110cdb8b88,d18ef2e6-ef40-324c-be54-34a5ee865625,emergency,183460006,Obstetric emergency hospital admission,146.18,577.58,542.58,72892002,Normal pregnancy
129af2c7-0d75-febb-a7b6-0d7f782db0c7,2025-11-07T00:56:15Z,2025-11-07T01:29:34Z,9c6736d8-361a-4a4a-ad13-6fe3f4d5a82a,125eccb3-d003-34ea-9bd8-360dff059782,0d435eda-ddad-369b-837e-8123a874e233,a735bf55-83e9-331a-899d-a82a60b9f60c,ambulatory,185349003,Encounter for check up (procedure),85.55,85.55,68.44,,
e079cf28-8067-3005-f4b6-0b81f8fbfdac,2025-02-05T03:59:46Z,2025-02-05T04:14:46Z,2c7f251b-4cd9-fe29-b244-63c2271e15e2,217cb6f6-e822-3831-9d9d-ffa104971042,09118138-3672-3c41-96c0-2fb1a1d2dada,df166300-5a78-3502-a46a-832842197811,ambulatory,185345009,Encounter for symptom,85.55,2715.80,2634.82,10509002,Acute bronchitis (disorder)
4e015337-7b4a-c360-95d3-1552485a40e3,2025-02-12T22:59:46Z,2025-02-12T23:49:36Z,2c7f251b-4cd9-fe29-b244-63c2271e15e2,a25107f7-f4f5-36fc-98e4-f3e1b5875c91,a5670bc2-1db1-3c03-b142-764b8b4aaff0,df166300-5a78-3502-a46a-832842197811,urgentcare,702927004,Urgent care clinic (environment),142.58,1210.84,1160.84,,
fb228280-d3a5-d726-c3c9-138201ac892c,2024-08-11T22:48:46Z,2024-08-11T23:03:46Z,7cd3260f-2795-3080-b267-3bb0a9f40624,d0894f6b-78d7-338d-82ad-b63de4d40014,06c075c2-c733-3de3-a271-a0e2d5889ba4,d18ef2e6-ef40-324c-be54-34a5ee865625,ambulatory,169762003,Postnatal visit,142.58,1005.38,970.38,,
e894a204-1154-9acd-32da-f66fcc0caa35,2024-05-20T02:06:15Z,2024-05-20T02:23:58Z,196b6069-9bdd-a3fb-20ce-47414b6e8cdd,5fcff9db-16e4-3e56-aa78-abbc16338097,1c1ddd10-c610-3689-9ab7-b3986e384521,734afbd6-4794-363b-9bc0-6a3981533ed5,outpatient,308335008,Patient encounter procedure,142.58,4575.68,3660.54,389095005,Contraception care (regime/therapy)
79f82350-9ff3-2c4c-1871-ec5060b03f04,2025-04-20T22:48:46Z,2025-04-20T23:39:59Z,7cd3260f-2795-3080-b267-3bb0a9f40624,00ffb204-07b4-3c72-a678-fa252e6cf86c,42be35d2-8688-3dea-b007-eeeab3a8706d,a735bf55-83e9-331a-899d-a82a60b9f60c,wellness,162673000,General examination of patient (procedure),136.80,853.36,615.74,,
eb7f9965-6867-1916-c355-b0fe62418bc5,2025-02-19T22:59:46Z,2025-02-19T23:14:46Z,2c7f251b-4cd9-fe29-b244-63c2271e15e2,217cb6f6-e822-3831-9d9d-ffa104971042,09118138-3672-3c41-96c0-2fb1a1d2dada,df166300-5a78-3502-a46a-832842197811,outpatient,185349003,Encounter for check up (procedure),85.55,948.35,898.35,,
7900e05e-34da-8f8e-81bb-ec4a756bd86c,2025-11-30T09:30:06Z,2025-11-30T10:16:54Z,b300716e-ae67-8d6f-d694-51d801881ce0,c2e93fb4-abf2-3210-b6ec-4d1ecb2b76f0,132c5953-a5ea-30e0-9f6c-a11477a7a482,8fa6c185-e44e-3e34-8bd8-39be8694f4ce,wellness,162673000,General examination of patient (procedure),136.80,914.78,0.00,,
da4f2391-c09c-2746-eca9-87ef15445ad9,2024-06-10T02:06:15Z,2024-06-10T02:45:32Z,196b6069-9bdd-a3fb-20ce-47414b6e8cdd,5fcff9db-16e4-3e56-aa78-abbc16338097,1c1ddd10-c610-3689-9ab7-b3986e384521,734afbd6-4794-363b-9bc0-6a3981533ed5,outpatient,185349003,Encounter for check up (procedure),85.55,740.69,592.54,,
d32d3906-a356-473f-e2ff-755719fd34b9,2025-12-07T09:30:06Z,2025-12-07T09:45:06Z,b300716e-ae67-8d6f-d694-51d801881ce0,6170552c-4d27-3e64-8068-64a380f1837d,af68b24e-d92e-3ce5-88d6-43aeb328a675,8fa6c185-e44e-3e34-8bd8-39be8694f4ce,ambulatory,424441002,Prenatal initial visit,142.58,61533.18,40860.95,72892002,Normal pregnancy
845f5beb-f85e-9ee5-c232-1733684fb026,1975-10-03T01:03:23Z,1975-10-03T02:27:02Z,79590754-4679-dafd-8aab-103706580fff,440fa4b8-c731-3cf5-81d9-aa3f30a37b95,dc9855a8-8db1-3d55-920c-431e9dc9c053,df166300-5a78-3502-a46a-832842197811,ambulatory,185345009,Encounter for symptom,85.55,3611.33,3561.33,307426000,Acute infective cystitis (disorder)
5a7a6110-8660-f4e9-af88-000f51a2c4c0,2024-06-24T02:06:15Z,2024-06-24T06:04:24Z,196b6069-9bdd-a3fb-20ce-47414b6e8cdd,06cc2462-430f-3322-9c87-7e971125f510,848c3a7f-415c-3814-8bbc-de3d2a9b8e42,734afbd6-4794-363b-9bc0-6a3981533ed5,ambulatory,185349003,Encounter for check up (procedure),85.55,1364.64,1091.71,,
b0777d4b-8de2-21c5-9bfe-759e21c7de04,2025-07-10T16:48:46Z,2025-07-10T17:03:46Z,7cd3260f-2795-3080-b267-3bb0a9f40624,d0894f6b-78d7-338d-82ad-b63de4d40014,06c075c2-c733-3de3-a271-a0e2d5889ba4,a735bf55-83e9-331a-899d-a82a60b9f60c,ambulatory,185345009,Encounter for symptom,85.55,85.55,68.44,10509002,Acute bronchitis (disorder)
40f2f7a1-b3ad-08d4-ee5f-329f40ecc6cd,1976-04-08T01:03:23Z,1976-04-08T01:38:02Z,79590754-4679-dafd-8aab-103706580fff,0be0e035-8dad-387e-bbdd-a5a469c4311f,0fd4843d-0804-3027-a545-6ee9871afd83,e03e23c9-4df1-3eb6-a62d-f70f02301496,wellness,162673000,General examination of patient (procedure),136.80,960.00,0.00,,
70572838-78d9-4415-9141-468d0834407a,2025-07-20T22:48:46Z,2025-07-20T23:40:18Z,7cd3260f-2795-3080-b267-3bb0a9f40624,a25107f7-f4f5-36fc-98e4-f3e1b5875c91,a5670bc2-1db1-3c03-b142-764b8b4aaff0,a735bf55-83e9-331a-899d-a82a60b9f60c,urgentcare,702927004,Urgent care clinic (environment),142.58,1138.68,910.93,,
7210a9aa-5cd7-eb7e-2d11-339d6d82782d,2002-02-28T01:03:23Z,2002-02-28T01:52:04Z,79590754-4679-dafd-8aab-103706580fff,0be0e035-8dad-387e-bbdd-a5a469c4311f,0fd4843d-0804-3027-a545-6ee9871afd83,e03e23c9-4df1-3eb6-a62d-f70f02301496,wellness,162673000,General examination of patient (procedure),136.80,919.90,0.00,,
7612d968-f033-969a-b3dc-75dc2e677326,2025-02-26T22:59:46Z,2025-02-26T23:44:18Z,2c7f251b-4cd9-fe29-b244-63c2271e15e2,74ab949d-17ac-3309-83a0-13b4405c66aa,8d32509a-2844-3440-aac1-59efe106054b,df166300-5a78-3502-a46a-832842197811,ambulatory,185347001,Encounter for problem (procedure),85.55,516.95,466.95,414545008,Ischemic heart disease (disorder)
7e8772be-4304-0ad4-e774-bba743303deb,2003-11-06T01:03:23Z,2003-11-06T02:03:11Z,79590754-4679-dafd-8aab-103706580fff,440fa4b8-c731-3cf5-81d9-aa3f30a37b95,dc9855a8-8db1-3d55-920c-431e9dc9c053,e03e23c9-4df1-3eb6-a62d-f70f02301496,outpatient,185349003,Encounter for check up (procedure),85.55,1017.81,0.00,,
1401099a-2bba-a017-2bdf-a8c22d25ee1d,2025-03-01T12:44:18Z,2025-03-01T17:11:36Z,2c7f251b-4cd9-fe29-b244-63c2271e15e2,74ab949d-17ac-3309-83a0-13b4405c66aa,8d32509a-2844-3440-aac1-59efe106054b,df166300-5a78-3502-a46a-832842197811,ambulatory,185347001,Encounter for problem (procedure),85.55,1444.46,1394.46,414545008,Ischemic heart disease (disorder)
b74f9a01-38dd-c57b-8ed6-8e887e42d5cb,2003-11-17T02:50:16Z,2003-11-17T08:23:23Z,79590754-4679-dafd-8aab-103706580fff,74ab949d-17ac-3309-83a0-13b4405c66aa,8d32509a-2844-3440-aac1-59efe106054b,e03e23c9-4df1-3eb6-a62d-f70f02301496,ambulatory,185347001,Encounter for problem (procedure),85.55,1444.46,0.00,414545008,Ischemic heart disease (disorder)
7d590ada-15ec-e379-6021-8d030d33f19b,2005-10-19T01:03:23Z,2005-10-19T01:18:23Z,79590754-4679-dafd-8aab-103706580fff,440fa4b8-c731-3cf5-81d9-aa3f30a37b95,dc9855a8-8db1-3d55-920c-431e9dc9c053,e03e23c9-4df1-3eb6-a62d-f70f02301496,ambulatory,424619006,Prenatal visit,142.58,1005.38,0.00,156073000,Complete miscarriage (disorder)
b4af7b04-3ae2-8273-9d5f-9a58e5c5ebb1,2006-03-09T01:03:23Z,2006-03-09T01:54:00Z,79590754-4679-dafd-8aab-103706580fff,0be0e035-8dad-387e-bbdd-a5a469c4311f,0fd4843d-0804-3027-a545-6ee9871afd83,d31fccc3-1767-390d-966a-22a5156f4219,wellness,162673000,General examination of patient (procedure),136.80,842.42,673.93,,
08919226-1395-2184-036d-49e1ca6df72b,2010-02-25T01:03:23Z,2010-02-25T01:35:56Z,79590754-4679-dafd-8aab-103706580fff,0be0e035-8dad-387e-bbdd-a5a469c4311f,0fd4843d-0804-3027-a545-6ee9871afd83,d31fccc3-1767-390d-966a-22a5156f4219,wellness,162673000,General examination of patient (procedure),136.80,1648.38,153.02,,
642b1a85-4fa8-5372-ce94-9e6b77641bc2,2025-03-05T04:11:36Z,2025-03-06T04:11:36Z,2c7f251b-4cd9-fe29-b244-63c2271e15e2,74ab949d-17ac-3309-83a0-13b4405c66aa,8d32509a-2844-3440-aac1-59efe106054b,df166300-5a78-3502-a46a-832842197811,inpatient,32485007,Hospital admission (procedure),146.18,15336.88,15286.88,274531002,Abnormal findings diagnostic imaging heart+coronary circulat (finding)
b8826e91-b34d-1167-7bca-b10285a148e6,2011-07-08T01:03:23Z,2011-07-08T01:18:23Z,79590754-4679-dafd-8aab-103706580fff,440fa4b8-c731-3cf5-81d9-aa3f30a37b95,dc9855a8-8db1-3d55-920c-431e9dc9c053,d31fccc3-1767-390d-966a-22a5156f4219,ambulatory,185347001,Encounter for problem,85.55,85.55,0.00,239873007,Osteoarthritis of knee
59af6df2-a4a3-e11a-b05f-eabcd9ef5459,2025-07-27T22:48:46Z,2025-07-27T23:03:46Z,7cd3260f-2795-3080-b267-3bb0a9f40624,19a3afba-b409-3650-a0ab-f3faf6e391ef,8f4b687c-7466-3d60-b6fc-a313369440b4,a735bf55-83e9-331a-899d-a82a60b9f60c,outpatient,185349003,Encounter for check up (procedure),85.55,92.35,73.88,,
2b33e268-153c-3289-eba4-197ef0038641,2012-03-08T01:03:23Z,2012-03-08T01:58:10Z,79590754-4679-dafd-8aab-103706580fff,0be0e035-8dad-387e-bbdd-a5a469c4311f,0fd4843d-0804-3027-a545-6ee9871afd83,d31fccc3-1767-390d-966a-22a5156f4219,wellness,162673000,General examination of patient (procedure),136.80,778.78,0.00,,
b316657a-30c7-5d93-5300-682d35a6f7c7,2018-04-12T01:03:23Z,2018-04-12T02:00:34Z,79590754-4679-dafd-8aab-103706580fff,0be0e035-8dad-387e-bbdd-a5a469c4311f,0fd4843d-0804-3027-a545-6ee9871afd83,d31fccc3-1767-390d-966a-22a5156f4219,wellness,162673000,General examination of patient (procedure),136.80,785.58,0.00,,
6399463b-a75e-c0d0-3f79-6b604cbaaaa7,2020-04-23T01:03:23Z,2020-04-23T01:58:14Z,79590754-4679-dafd-8aab-103706580fff,0be0e035-8dad-387e-bbdd-a5a469c4311f,0fd4843d-0804-3027-a545-6ee9871afd83,d31fccc3-1767-390d-966a-22a5156f4219,wellness,162673000,General examination of patient (procedure),136.80,1219.60,0.00,,
ca4162b6-6056-1f36-c919-a43d0808938c,2025-08-13T22:48:46Z,2025-08-13T23:03:46Z,7cd3260f-2795-3080-b267-3bb0a9f40624,19a3afba-b409-3650-a0ab-f3faf6e391ef,8f4b687c-7466-3d60-b6fc-a313369440b4,a735bf55-83e9-331a-899d-a82a60b9f60c,outpatient,698314001,Consultation for treatment,142.58,142.58,114.06,389095005,Contraception care (regime/therapy)
dc446444-a7a3-7c58-3f93-f56ab60ac66d,2021-04-29T01:03:23Z,2021-04-29T01:33:39Z,79590754-4679-dafd-8aab-103706580fff,0be0e035-8dad-387e-bbdd-a5a469c4311f,0fd4843d-0804-3027-a545-6ee9871afd83,d31fccc3-1767-390d-966a-22a5156f4219,wellness,162673000,General examination of patient (procedure),136.80,865.28,0.00,,
49a084e5-78d1-9d93-af6a-fd9b3e29e486,2024-08-19T02:06:15Z,2024-08-19T02:21:15Z,196b6069-9bdd-a3fb-20ce-47414b6e8cdd,5fcff9db-16e4-3e56-aa78-abbc16338097,1c1ddd10-c610-3689-9ab7-b3986e384521,734afbd6-4794-363b-9bc0-6a3981533ed5,outpatient,308335008,Patient encounter procedure,142.58,4575.68,3660.54,389095005,Contraception care (regime/therapy)
05348be8-fd0e-95ce-eb0a-a80019e294b1,2025-08-17T23:48:46Z,2025-08-18T00:50:48Z,7cd3260f-2795-3080-b267-3bb0a9f40624,19a3afba-b409-3650-a0ab-f3faf6e391ef,8f4b687c-7466-3d60-b6fc-a313369440b4,a735bf55-83e9-331a-899d-a82a60b9f60c,outpatient,308335008,Patient encounter procedure,142.58,5996.12,4796.89,389095005,Contraception care (regime/therapy)
77f9139c-5db8-c0d1-3e8b-5802aabaf028,2025-12-07T09:30:06Z,2025-12-07T10:49:01Z,b300716e-ae67-8d6f-d694-51d801881ce0,6170552c-4d27-3e64-8068-64a380f1837d,af68b24e-d92e-3ce5-88d6-43aeb328a675,8fa6c185-e44e-3e34-8bd8-39be8694f4ce,ambulatory,185347001,Encounter for problem,85.55,1651.70,1651.70,271737000,Anemia (disorder)
fb5f0f7f-323c-8ef7-b7ad-64b232b55ac2,2022-05-05T01:03:23Z,2022-05-05T01:48:30Z,79590754-4679-dafd-8aab-103706580fff,0be0e035-8dad-387e-bbdd-a5a469c4311f,0fd4843d-0804-3027-a545-6ee9871afd83,d31fccc3-1767-390d-966a-22a5156f4219,wellness,162673000,General examination of patient (procedure),136.80,792.38,0.00,,
1389f559-9272-d6eb-8c09-05aae19f4809,2024-11-18T02:06:15Z,2024-11-18T02:25:30Z,196b6069-9bdd-a3fb-20ce-47414b6e8cdd,5fcff9db-16e4-3e56-aa78-abbc16338097,1c1ddd10-c610-3689-9ab7-b3986e384521,734afbd6-4794-363b-9bc0-6a3981533ed5,outpatient,308335008,Patient encounter procedure,142.58,1250.85,1000.68,389095005,Contraception care (regime/therapy)
54b0526e-30e1-7eee-f907-77c5030f1373,2023-05-11T01:03:23Z,2023-05-11T01:38:17Z,79590754-4679-dafd-8aab-103706580fff,0be0e035-8dad-387e-bbdd-a5a469c4311f,0fd4843d-0804-3027-a545-6ee9871afd83,a735bf55-83e9-331a-899d-a82a60b9f60c,wellness,162673000,General examination of patient (procedure),136.80,1661.72,1143.33,,
9c0fbfeb-7590-ee1a-76de-a3d30629e6c7,2025-02-17T02:06:15Z,2025-02-17T02:21:15Z,196b6069-9bdd-a3fb-20ce-47414b6e8cdd,5fcff9db-16e4-3e56-aa78-abbc16338097,1c1ddd10-c610-3689-9ab7-b3986e384521,734afbd6-4794-363b-9bc0-6a3981533ed5,outpatient,308335008,Patient encounter procedure,142.58,1250.85,0.00,389095005,Contraception care (regime/therapy)
42223a5c-4c93-7d32-6861-69d6798c3167,2025-03-02T02:06:15Z,2025-03-02T02:21:15Z,196b6069-9bdd-a3fb-20ce-47414b6e8cdd,06cc2462-430f-3322-9c87-7e971125f510,848c3a7f-415c-3814-8bbc-de3d2a9b8e42,734afbd6-4794-363b-9bc0-6a3981533ed5,ambulatory,210098006,Domiciliary or rest home patient evaluation and management,142.58,211.60,3.56,32911000,Homeless (finding)
579adfb6-5702-65f9-f448-dededb89ede7,2025-04-01T02:06:15Z,2025-04-01T02:21:15Z,196b6069-9bdd-a3fb-20ce-47414b6e8cdd,06cc2462-430f-3322-9c87-7e971125f510,848c3a7f-415c-3814-8bbc-de3d2a9b8e42,734afbd6-4794-363b-9bc0-6a3981533ed5,ambulatory,210098006,Domiciliary or rest home patient evaluation and management,142.58,202.97,162.37,32911000,Homeless (finding)
5f94d2f9-5792-879d-b230-034a050a1f5e,2023-05-25T01:03:23Z,2023-05-25T01:57:17Z,79590754-4679-dafd-8aab-103706580fff,440fa4b8-c731-3cf5-81d9-aa3f30a37b95,dc9855a8-8db1-3d55-920c-431e9dc9c053,a735bf55-83e9-331a-899d-a82a60b9f60c,ambulatory,185349003,Encounter for check up (procedure),85.55,118.94,95.15,,
42da9686-99ab-3fc0-09dd-69a95225c4f5,2025-03-05T10:06:31Z,2025-03-06T11:34:26Z,2c7f251b-4cd9-fe29-b244-63c2271e15e2,74ab949d-17ac-3309-83a0-13b4405c66aa,8d32509a-2844-3440-aac1-59efe106054b,df166300-5a78-3502-a46a-832842197811,inpatient,397821002,Patient transfer to intensive care unit (procedure),146.18,13960.63,13910.63,399261000,History of coronary artery bypass grafting (situation)
2f023e27-1143-f0ca-8489-c4c01f7bc58f,2023-10-11T15:03:23Z,2023-10-11T15:18:23Z,79590754-4679-dafd-8aab-103706580fff,440fa4b8-c731-3cf5-81d9-aa3f30a37b95,dc9855a8-8db1-3d55-920c-431e9dc9c053,a735bf55-83e9-331a-899d-a82a60b9f60c,ambulatory,185345009,Encounter for symptom,85.55,85.55,68.44,195662009,Acute viral pharyngitis (disorder)
5ff39929-55ab-2972-320d-08d6ac35e974,2024-03-28T03:25:45Z,2024-03-28T04:21:16Z,79590754-4679-dafd-8aab-103706580fff,440fa4b8-c731-3cf5-81d9-aa3f30a37b95,dc9855a8-8db1-3d55-920c-431e9dc9c053,a735bf55-83e9-331a-899d-a82a60b9f60c,ambulatory,185349003,Encounter for check up,85.55,20027.36,15835.49,275978004,Screening for malignant neoplasm of colon (procedure)
215dc26e-c746-a6bb-accd-d76631909d59,2025-05-01T02:06:15Z,2025-05-01T02:21:15Z,196b6069-9bdd-a3fb-20ce-47414b6e8cdd,06cc2462-430f-3322-9c87-7e971125f510,848c3a7f-415c-3814-8bbc-de3d2a9b8e42,734afbd6-4794-363b-9bc0-6a3981533ed5,ambulatory,210098006,Domiciliary or rest home patient evaluation and management,142.58,202.97,162.37,32911000,Homeless (finding)
877f40ea-1da2-20b2-147b-a89b59d6f064,2025-03-06T11:19:26Z,2025-03-07T11:19:26Z,2c7f251b-4cd9-fe29-b244-63c2271e15e2,74ab949d-17ac-3309-83a0-13b4405c66aa,8d32509a-2844-3440-aac1-59efe106054b,df166300-5a78-3502-a46a-832842197811,inpatient,305342007,Admission to ward (procedure),146.18,1871.78,1821.78,399261000,History of coronary artery bypass grafting (situation)
cc8d0050-eb2f-f153-1997-d69aaa6f1f12,2025-03-19T22:59:46Z,2025-03-19T23:43:17Z,2c7f251b-4cd9-fe29-b244-63c2271e15e2,9fdce5d5-d4d0-3156-a8d5-8757bfe4e9b3,fd5b5663-ee2a-351e-a744-cd9022a42ab2,df166300-5a78-3502-a46a-832842197811,wellness,162673000,General examination of patient (procedure),136.80,717.36,717.36,,
c3b382e2-fda7-d23d-2f9f-871ff056a9a0,2025-05-12T02:06:15Z,2025-05-12T03:03:02Z,196b6069-9bdd-a3fb-20ce-47414b6e8cdd,84d5768f-3a21-3da9-aad2-bbf7a3ae2700,176195e7-8d68-3982-9ddc-0bed20dd394c,734afbd6-4794-363b-9bc0-6a3981533ed5,wellness,162673000,General examination of patient (procedure),136.80,1002.52,802.00,,
ddf20cf4-82ec-2d68-8f01-490e9b8704f3,2024-05-16T01:03:23Z,2024-05-16T01:40:39Z,79590754-4679-dafd-8aab-103706580fff,0be0e035-8dad-387e-bbdd-a5a469c4311f,0fd4843d-0804-3027-a545-6ee9871afd83,a735bf55-83e9-331a-899d-a82a60b9f60c,wellness,162673000,General examination of patient (procedure),136.80,989.36,791.48,,
6f2ced45-6634-7c9b-62b7-07cc94043569,2025-03-26T22:59:46Z,2025-03-26T23:14:46Z,2c7f251b-4cd9-fe29-b244-63c2271e15e2,217cb6f6-e822-3831-9d9d-ffa104971042,09118138-3672-3c41-96c0-2fb1a1d2dada,df166300-5a78-3502-a46a-832842197811,ambulatory,390906007,Follow-up encounter,85.55,234.71,184.71,55822004,Hyperlipidemia
1817029a-ad0b-b90c-d627-ad37a723f928,2025-08-11T16:22:17Z,2025-08-11T16:37:17Z,efbd2604-4253-17c5-3973-d5e96ce19d29,680532c8-2661-3b39-875a-b6ec0746ccf5,4895ad70-af53-31ce-acdd-cb184451eb27,df166300-5a78-3502-a46a-832842197811,wellness,410620009,Well child visit (procedure),136.80,563.08,463.08,,
7e653447-c1c8-cd5c-5d68-d9f38075ec74,2024-05-30T01:03:23Z,2024-05-30T01:43:40Z,79590754-4679-dafd-8aab-103706580fff,440fa4b8-c731-3cf5-81d9-aa3f30a37b95,dc9855a8-8db1-3d55-920c-431e9dc9c053,a735bf55-83e9-331a-899d-a82a60b9f60c,ambulatory,185349003,Encounter for check up (procedure),85.55,85.60,68.48,,
e5fd86c0-1d0a-7378-0e6c-d0577a09b69e,2025-05-03T04:06:16Z,2025-05-03T04:40:54Z,79590754-4679-dafd-8aab-103706580fff,440fa4b8-c731-3cf5-81d9-aa3f30a37b95,dc9855a8-8db1-3d55-920c-431e9dc9c053,a735bf55-83e9-331a-899d-a82a60b9f60c,ambulatory,185349003,Encounter for check up,85.55,11983.42,9400.34,68496003,Polyp of colon
42a8a453-c9dc-f423-5f45-c1571dee1b35,2023-01-18T01:28:29Z,2023-01-18T01:43:29Z,e2b62842-2715-6c67-0e4f-cc5834c975b7,25c85bcc-7e25-36bc-89e8-08e0d473db23,82a921c3-7aad-3ef1-bc6a-7eee2c0fd2b3,8fa6c185-e44e-3e34-8bd8-39be8694f4ce,wellness,410620009,Well child visit (procedure),136.80,488.50,0.00,,
5a4586e4-04f2-e6b1-609e-fb1db25dcdb5,2025-05-22T01:03:23Z,2025-05-22T01:34:23Z,79590754-4679-dafd-8aab-103706580fff,0be0e035-8dad-387e-bbdd-a5a469c4311f,0fd4843d-0804-3027-a545-6ee9871afd83,a735bf55-83e9-331a-899d-a82a60b9f60c,wellness,162673000,General examination of patient (procedure),136.80,1641.58,1313.26,,
b83a2c37-b14b-1d03-50aa-0a48ae210d72,2025-04-02T22:59:46Z,2025-04-02T23:26:02Z,2c7f251b-4cd9-fe29-b244-63c2271e15e2,217cb6f6-e822-3831-9d9d-ffa104971042,09118138-3672-3c41-96c0-2fb1a1d2dada,df166300-5a78-3502-a46a-832842197811,ambulatory,185349003,Encounter for check up (procedure),85.55,99.40,49.40,66383009,Gingivitis (disorder)
25279b22-4f2d-28e2-c77a-e3b7622b6f00,1943-02-10T16:40:18Z,1943-02-10T17:32:51Z,347ceebf-0248-5a56-14f3-e1e8e8ffb73c,25c85bcc-7e25-36bc-89e8-08e0d473db23,82a921c3-7aad-3ef1-bc6a-7eee2c0fd2b3,df166300-5a78-3502-a46a-832842197811,wellness,162673000,General examination of patient (procedure),136.80,1301.52,1151.52,,
b15ea5e0-43a9-b6b1-6df6-f4445859a856,2025-04-09T22:59:46Z,2025-04-10T22:59:46Z,2c7f251b-4cd9-fe29-b244-63c2271e15e2,74ab949d-17ac-3309-83a0-13b4405c66aa,8d32509a-2844-3440-aac1-59efe106054b,df166300-5a78-3502-a46a-832842197811,inpatient,305342007,Admission to ward (procedure),146.18,1871.78,1821.78,399261000,History of coronary artery bypass grafting (situation)
13d1edae-2c05-4665-61bd-a2b55818ee24,2025-09-15T16:22:17Z,2025-09-15T16:37:17Z,efbd2604-4253-17c5-3973-d5e96ce19d29,680532c8-2661-3b39-875a-b6ec0746ccf5,4895ad70-af53-31ce-acdd-cb184451eb27,df166300-5a78-3502-a46a-832842197811,wellness,410620009,Well child visit (procedure),136.80,272.80,272.80,,
5d0b8c08-5540-43a5-7bf3-dea47c9553f9,2025-05-19T02:06:15Z,2025-05-19T02:21:15Z,196b6069-9bdd-a3fb-20ce-47414b6e8cdd,5fcff9db-16e4-3e56-aa78-abbc16338097,1c1ddd10-c610-3689-9ab7-b3986e384521,734afbd6-4794-363b-9bc0-6a3981533ed5,outpatient,308335008,Patient encounter procedure,142.58,1250.85,1000.68,389095005,Contraception care (regime/therapy)
eec119d6-ad5a-79ec-d8d5-f2b1a5632d55,2025-07-30T02:06:15Z,2025-07-30T02:21:15Z,196b6069-9bdd-a3fb-20ce-47414b6e8cdd,06cc2462-430f-3322-9c87-7e971125f510,848c3a7f-415c-3814-8bbc-de3d2a9b8e42,734afbd6-4794-363b-9bc0-6a3981533ed5,ambulatory,210098006,Domiciliary or rest home patient evaluation and management,142.58,202.97,162.37,,
684a9f8f-b27d-0bdf-03a3-c5262eb59ac1,1946-11-06T13:40:18Z,1946-11-06T13:55:18Z,347ceebf-0248-5a56-14f3-e1e8e8ffb73c,845fbd9b-2d1c-39a8-8261-28ae40e4fab2,67b1afa3-cbff-316b-9918-b97a0a95e398,df166300-5a78-3502-a46a-832842197811,ambulatory,185345009,Encounter for symptom,85.55,92.93,42.93,75498004,Acute bacterial sinusitis (disorder)
68b4e86a-e567-c48f-5110-8be21316ea61,2025-11-17T16:22:17Z,2025-11-17T16:37:17Z,efbd2604-4253-17c5-3973-d5e96ce19d29,680532c8-2661-3b39-875a-b6ec0746ccf5,4895ad70-af53-31ce-acdd-cb184451eb27,df166300-5a78-3502-a46a-832842197811,wellness,410620009,Well child visit (procedure),136.80,1473.99,1473.99,,
15b2a7f9-1f34-b78e-916b-5c9b3171cf91,2023-03-14T01:28:29Z,2023-03-14T01:43:29Z,e2b62842-2715-6c67-0e4f-cc5834c975b7,845fbd9b-2d1c-39a8-8261-28ae40e4fab2,67b1afa3-cbff-316b-9918-b97a0a95e398,8fa6c185-e44e-3e34-8bd8-39be8694f4ce,outpatient,185345009,Encounter for symptom,85.55,85.55,0.00,65363002,Otitis media
4e26a526-84a4-6ad2-8fae-c65ff760d9f2,1969-01-01T16:40:18Z,1969-01-01T17:15:28Z,347ceebf-0248-5a56-14f3-e1e8e8ffb73c,25c85bcc-7e25-36bc-89e8-08e0d473db23,82a921c3-7aad-3ef1-bc6a-7eee2c0fd2b3,df166300-5a78-3502-a46a-832842197811,wellness,162673000,General examination of patient (procedure),136.80,704.20,554.20,,
a766de13-a62a-a42f-b44b-ddd12584d6e4,1971-01-06T16:40:18Z,1971-01-06T17:17:35Z,347ceebf-0248-5a56-14f3-e1e8e8ffb73c,25c85bcc-7e25-36bc-89e8-08e0d473db23,82a921c3-7aad-3ef1-bc6a-7eee2c0fd2b3,df166300-5a78-3502-a46a-832842197811,wellness,162673000,General examination of patient (procedure),136.80,998.38,848.38,,
82b9cc11-a0f2-b57f-be5a-29c4ca326e0b,2023-03-22T01:28:29Z,2023-03-22T01:43:29Z,e2b62842-2715-6c67-0e4f-cc5834c975b7,25c85bcc-7e25-36bc-89e8-08e0d473db23,82a921c3-7aad-3ef1-bc6a-7eee2c0fd2b3,8fa6c185-e44e-3e34-8bd8-39be8694f4ce,wellness,410620009,Well child visit (procedure),136.80,1032.50,0.00,,
c251d1cd-b7b6-9bdc-79ce-771faa490f7f,2025-08-18T02:06:15Z,2025-08-18T02:21:15Z,196b6069-9bdd-a3fb-20ce-47414b6e8cdd,5fcff9db-16e4-3e56-aa78-abbc16338097,1c1ddd10-c610-3689-9ab7-b3986e384521,734afbd6-4794-363b-9bc0-6a3981533ed5,outpatient,308335008,Patient encounter procedure,142.58,4575.68,3660.54,389095005,Contraception care (regime/therapy)
bb131843-7027-3c0d-a76e-13a3eec2b169,1971-07-28T16:40:18Z,1971-07-28T17:25:35Z,347ceebf-0248-5a56-14f3-e1e8e8ffb73c,845fbd9b-2d1c-39a8-8261-28ae40e4fab2,67b1afa3-cbff-316b-9918-b97a0a95e398,df166300-5a78-3502-a46a-832842197811,outpatient,185349003,Encounter for check up (procedure),85.55,808.91,758.91,,
e28157d0-0107-950a-e6af-2bf5e040c3e8,1972-01-12T16:40:18Z,1972-01-12T17:31:37Z,347ceebf-0248-5a56-14f3-e1e8e8ffb73c,25c85bcc-7e25-36bc-89e8-08e0d473db23,82a921c3-7aad-3ef1-bc6a-7eee2c0fd2b3,df166300-5a78-3502-a46a-832842197811,wellness,162673000,General examination of patient (procedure),136.80,860.16,710.16,,
995f4d43-baa3-c4f5-5c2e-2fea6e8af72b,1974-09-10T16:40:18Z,1974-09-10T16:55:18Z,347ceebf-0248-5a56-14f3-e1e8e8ffb73c,845fbd9b-2d1c-39a8-8261-28ae40e4fab2,67b1afa3-cbff-316b-9918-b97a0a95e398,df166300-5a78-3502-a46a-832842197811,ambulatory,424619006,Prenatal visit,142.58,1005.38,955.38,156073000,Complete miscarriage (disorder)
3db2684c-32a9-86d8-7a71-9feeb5e0c02d,1984-12-19T16:40:18Z,1984-12-19T17:40:18Z,347ceebf-0248-5a56-14f3-e1e8e8ffb73c,f6ba791e-fe68-3596-bef4-60751db6a60e,2d3f06fe-e324-3585-abe6-47ec7a4fa5fd,df166300-5a78-3502-a46a-832842197811,emergency,50849002,Emergency room admission (procedure),146.18,4215.27,4065.27,,
106467dd-7e90-7c60-7b72-c747599142c0,2023-05-24T01:28:29Z,2023-05-24T01:43:29Z,e2b62842-2715-6c67-0e4f-cc5834c975b7,25c85bcc-7e25-36bc-89e8-08e0d473db23,82a921c3-7aad-3ef1-bc6a-7eee2c0fd2b3,8fa6c185-e44e-3e34-8bd8-39be8694f4ce,wellness,410620009,Well child visit (procedure),136.80,1588.46,0.00,,
a3d2ba26-6089-9489-6613-da733fd649d5,2025-06-05T01:03:23Z,2025-06-05T01:40:48Z,79590754-4679-dafd-8aab-103706580fff,440fa4b8-c731-3cf5-81d9-aa3f30a37b95,dc9855a8-8db1-3d55-920c-431e9dc9c053,a735bf55-83e9-331a-899d-a82a60b9f60c,ambulatory,185349003,Encounter for check up (procedure),85.55,85.63,68.50,,
091b4f0b-651f-bdbd-06c5-73c766fbf406,2025-08-29T02:06:15Z,2025-08-29T02:21:15Z,196b6069-9bdd-a3fb-20ce-47414b6e8cdd,06cc2462-430f-3322-9c87-7e971125f510,848c3a7f-415c-3814-8bbc-de3d2a9b8e42,734afbd6-4794-363b-9bc0-6a3981533ed5,ambulatory,210098006,Domiciliary or rest home patient evaluation and management,142.58,202.97,162.37,,
de90b40c-e6d0-811a-52b9-d6a648dc119c,1987-05-05T16:40:18Z,1987-05-05T16:55:18Z,347ceebf-0248-5a56-14f3-e1e8e8ffb73c,845fbd9b-2d1c-39a8-8261-28ae40e4fab2,67b1afa3-cbff-316b-9918-b97a0a95e398,d18ef2e6-ef40-324c-be54-34a5ee865625,ambulatory,185347001,Encounter for problem,85.55,85.55,50.55,90560007,Gout
c56d42a3-af16-5b88-15f9-8756b7f4c849,2025-11-17T02:06:15Z,2025-11-17T02:25:30Z,196b6069-9bdd-a3fb-20ce-47414b6e8cdd,5fcff9db-16e4-3e56-aa78-abbc16338097,1c1ddd10-c610-3689-9ab7-b3986e384521,734afbd6-4794-363b-9bc0-6a3981533ed5,outpatient,308335008,Patient encounter procedure,142.58,4575.68,3660.54,389095005,Contraception care (regime/therapy)
8a9f724a-3e84-7627-0b5f-743294d1c41f,1988-04-13T16:40:18Z,1988-04-13T17:31:11Z,347ceebf-0248-5a56-14f3-e1e8e8ffb73c,25c85bcc-7e25-36bc-89e8-08e0d473db23,82a921c3-7aad-3ef1-bc6a-7eee2c0fd2b3,d18ef2e6-ef40-324c-be54-34a5ee865625,wellness,162673000,General examination of patient (procedure),136.80,14263.49,14228.49,,
b866b04a-e9da-c6bf-bf6a-3fc466d20f07,1990-02-02T16:40:18Z,1990-02-02T17:40:18Z,347ceebf-0248-5a56-14f3-e1e8e8ffb73c,f6ba791e-fe68-3596-bef4-60751db6a60e,2d3f06fe-e324-3585-abe6-47ec7a4fa5fd,d18ef2e6-ef40-324c-be54-34a5ee865625,emergency,182813001,Emergency treatment (procedure),146.18,5308.14,5273.14,196416002,Impacted molars
8d4dc32d-9c05-6916-b2ab-d60a15357e81,1990-04-08T16:40:18Z,1990-04-08T17:40:18Z,347ceebf-0248-5a56-14f3-e1e8e8ffb73c,f6ba791e-fe68-3596-bef4-60751db6a60e,2d3f06fe-e324-3585-abe6-47ec7a4fa5fd,d18ef2e6-ef40-324c-be54-34a5ee865625,emergency,183452005,Emergency hospital admission (procedure),87.71,87.71,52.71,82423001,Chronic pain
08d8f493-0857-876a-2f1e-7ecf185f4ba4,1990-06-28T16:40:18Z,1990-06-28T17:40:18Z,347ceebf-0248-5a56-14f3-e1e8e8ffb73c,f6ba791e-fe68-3596-bef4-60751db6a60e,2d3f06fe-e324-3585-abe6-47ec7a4fa5fd,d18ef2e6-ef40-324c-be54-34a5ee865625,emergency,182813001,Emergency treatment (procedure),146.18,146.18,111.18,124171000119105,Chronic intractable migraine without aura
a24fe9ff-cd28-ba79-dab4-8454a973b8e8,1992-02-12T16:40:18Z,1992-02-12T17:25:17Z,347ceebf-0248-5a56-14f3-e1e8e8ffb73c,845fbd9b-2d1c-39a8-8261-28ae40e4fab2,67b1afa3-cbff-316b-9918-b97a0a95e398,d18ef2e6-ef40-324c-be54-34a5ee865625,outpatient,185349003,Encounter for check up (procedure),85.55,6162.27,6127.27,,
20a53636-bc72-c396-d42f-687e944086e0,1995-01-03T17:25:04Z,1995-01-03T18:08:49Z,347ceebf-0248-5a56-14f3-e1e8e8ffb73c,845fbd9b-2d1c-39a8-8261-28ae40e4fab2,67b1afa3-cbff-316b-9918-b97a0a95e398,a735bf55-83e9-331a-899d-a82a60b9f60c,ambulatory,185349003,Encounter for check up,85.55,19331.78,15385.88,275978004,Screening for malignant neoplasm of colon (procedure)
10f74154-4421-d8b1-a2bf-6f9b3727a6e1,1995-02-01T16:40:18Z,1995-02-01T18:44:14Z,347ceebf-0248-5a56-14f3-e1e8e8ffb73c,845fbd9b-2d1c-39a8-8261-28ae40e4fab2,67b1afa3-cbff-316b-9918-b97a0a95e398,a735bf55-83e9-331a-899d-a82a60b9f60c,ambulatory,185349003,Encounter for check up (procedure),85.55,885.61,708.48,,
0d4abbc8-43a2-dbbd-704a-98d3a6fa756d,2025-11-27T02:06:15Z,2025-11-27T02:21:15Z,196b6069-9bdd-a3fb-20ce-47414b6e8cdd,06cc2462-430f-3322-9c87-7e971125f510,848c3a7f-415c-3814-8bbc-de3d2a9b8e42,734afbd6-4794-363b-9bc0-6a3981533ed5,ambulatory,210098006,Domiciliary or rest home patient evaluation and management,142.58,202.97,162.37,,
c23fe586-6418-281a-b933-523a9fe1febc,2023-08-23T01:28:29Z,2023-08-23T01:43:29Z,e2b62842-2715-6c67-0e4f-cc5834c975b7,25c85bcc-7e25-36bc-89e8-08e0d473db23,82a921c3-7aad-3ef1-bc6a-7eee2c0fd2b3,8fa6c185-e44e-3e34-8bd8-39be8694f4ce,wellness,410620009,Well child visit (procedure),136.80,1265.18,495.30,,
188a4020-3562-e280-5c08-ea7c07559beb,2025-12-27T02:06:15Z,2025-12-27T02:21:15Z,196b6069-9bdd-a3fb-20ce-47414b6e8cdd,06cc2462-430f-3322-9c87-7e971125f510,848c3a7f-415c-3814-8bbc-de3d2a9b8e42,734afbd6-4794-363b-9bc0-6a3981533ed5,ambulatory,210098006,Domiciliary or rest home patient evaluation and management,142.58,202.97,162.37,,
cb620153-19ff-c208-f0de-c9cd79fc0740,1995-04-26T16:40:18Z,1995-04-26T17:10:50Z,347ceebf-0248-5a56-14f3-e1e8e8ffb73c,7b7ce654-a413-37d1-9d34-97240c0ac580,70689406-5000-3e58-982b-fb96061540ac,a735bf55-83e9-331a-899d-a82a60b9f60c,urgentcare,702927004,Urgent care clinic (environment),142.58,8093.04,8093.04,,
a7980998-b861-4f2d-e15a-072b949f9602,1995-05-24T16:40:18Z,1995-05-24T17:35:52Z,347ceebf-0248-5a56-14f3-e1e8e8ffb73c,25c85bcc-7e25-36bc-89e8-08e0d473db23,82a921c3-7aad-3ef1-bc6a-7eee2c0fd2b3,a735bf55-83e9-331a-899d-a82a60b9f60c,wellness,162673000,General examination of patient (procedure),136.80,5861.82,5861.82,,
ec543fda-f13f-eb69-6190-124bc7d0cbad,1995-06-21T16:40:18Z,1995-06-21T17:12:40Z,347ceebf-0248-5a56-14f3-e1e8e8ffb73c,7b7ce654-a413-37d1-9d34-97240c0ac580,70689406-5000-3e58-982b-fb96061540ac,a735bf55-83e9-331a-899d-a82a60b9f60c,urgentcare,702927004,Urgent care clinic (environment),142.58,6606.89,6606.89,,
7a6734e0-71e9-9f3d-76b0-9f4db908eae1,1995-08-16T16:40:18Z,1995-08-16T17:14:40Z,347ceebf-0248-5a56-14f3-e1e8e8ffb73c,845fbd9b-2d1c-39a8-8261-28ae40e4fab2,67b1afa3-cbff-316b-9918-b97a0a95e398,a735bf55-83e9-331a-899d-a82a60b9f60c,outpatient,185349003,Encounter for check up (procedure),85.55,6673.37,6673.37,,
e4306a16-07b5-a919-1733-d8acab2f01fa,1995-08-22T16:40:18Z,1995-08-22T17:40:18Z,347ceebf-0248-5a56-14f3-e1e8e8ffb73c,f6ba791e-fe68-3596-bef4-60751db6a60e,2d3f06fe-e324-3585-abe6-47ec7a4fa5fd,a735bf55-83e9-331a-899d-a82a60b9f60c,emergency,183452005,Emergency hospital admission (procedure),87.71,87.71,87.71,82423001,Chronic pain
86e631b2-1d03-5dc3-b68f-6d5a06d73e24,1995-08-30T16:40:18Z,1995-08-30T17:23:46Z,347ceebf-0248-5a56-14f3-e1e8e8ffb73c,845fbd9b-2d1c-39a8-8261-28ae40e4fab2,67b1afa3-cbff-316b-9918-b97a0a95e398,a735bf55-83e9-331a-899d-a82a60b9f60c,ambulatory,185349003,Encounter for check up (procedure),85.55,131.66,131.66,,
d49f2be0-5d26-32a9-a7bd-aa4f5642829c,1995-10-25T16:40:18Z,1995-10-25T17:23:21Z,347ceebf-0248-5a56-14f3-e1e8e8ffb73c,7b7ce654-a413-37d1-9d34-97240c0ac580,70689406-5000-3e58-982b-fb96061540ac,a735bf55-83e9-331a-899d-a82a60b9f60c,urgentcare,702927004,Urgent care clinic (environment),142.58,5867.60,5867.60,,
093b45ec-799c-61a9-97d7-41a0c5d75aef,2023-11-22T01:28:29Z,2023-11-22T01:43:29Z,e2b62842-2715-6c67-0e4f-cc5834c975b7,25c85bcc-7e25-36bc-89e8-08e0d473db23,82a921c3-7aad-3ef1-bc6a-7eee2c0fd2b3,8fa6c185-e44e-3e34-8bd8-39be8694f4ce,wellness,410620009,Well child visit (procedure),136.80,603.18,422.23,,
2b2c6e6e-ed1c-8478-dc0d-234b53341684,2024-02-09T20:28:29Z,2024-02-09T20:43:29Z,e2b62842-2715-6c67-0e4f-cc5834c975b7,845fbd9b-2d1c-39a8-8261-28ae40e4fab2,67b1afa3-cbff-316b-9918-b97a0a95e398,8fa6c185-e44e-3e34-8bd8-39be8694f4ce,ambulatory,185345009,Encounter for symptom,85.55,1338.19,0.00,195662009,Acute viral pharyngitis (disorder)
a9fc0d72-b3ed-2e77-f489-fee44513b722,2024-02-21T01:28:29Z,2024-02-21T01:43:29Z,e2b62842-2715-6c67-0e4f-cc5834c975b7,25c85bcc-7e25-36bc-89e8-08e0d473db23,82a921c3-7aad-3ef1-bc6a-7eee2c0fd2b3,8fa6c185-e44e-3e34-8bd8-39be8694f4ce,wellness,410620009,Well child visit (procedure),136.80,1185.48,0.00,,
fbedab72-3849-6725-9644-fbf499f36df0,2024-05-22T01:28:29Z,2024-05-22T01:43:29Z,e2b62842-2715-6c67-0e4f-cc5834c975b7,25c85bcc-7e25-36bc-89e8-08e0d473db23,82a921c3-7aad-3ef1-bc6a-7eee2c0fd2b3,8fa6c185-e44e-3e34-8bd8-39be8694f4ce,wellness,410620009,Well child visit (procedure),136.80,673.39,0.00,,
0df1f720-3d44-ca3e-4bcd-3f48ed511bd3,1995-11-08T16:40:18Z,1995-11-08T17:08:17Z,347ceebf-0248-5a56-14f3-e1e8e8ffb73c,845fbd9b-2d1c-39a8-8261-28ae40e4fab2,67b1afa3-cbff-316b-9918-b97a0a95e398,a735bf55-83e9-331a-899d-a82a60b9f60c,ambulatory,185349003,Encounter for check up (procedure),85.55,169.48,169.48,,
29c8c874-df17-eb87-4e35-bbcc5894f9ca,1995-11-22T16:40:18Z,1995-11-22T17:11:56Z,347ceebf-0248-5a56-14f3-e1e8e8ffb73c,845fbd9b-2d1c-39a8-8261-28ae40e4fab2,67b1afa3-cbff-316b-9918-b97a0a95e398,a735bf55-83e9-331a-899d-a82a60b9f60c,outpatient,185349003,Encounter for check up (procedure),85.55,7215.20,7215.20,,
586c0f3a-b474-b486-8c6f-39a863781d56,2018-10-02T14:39:34Z,2018-10-02T14:55:33Z,d78cedc4-323c-f890-fa21-e333d925bd36,b6eeaaf7-1683-3bcb-b6ee-81ce304636ef,0b928cfd-13c5-30a4-952b-72f5e14c37c9,e03e23c9-4df1-3eb6-a62d-f70f02301496,ambulatory,185349003,Encounter for check up (procedure),85.55,139.48,0.00,66383009,Gingivitis (disorder)
8d2e75b9-2324-5b9b-87b1-19cefbfe2464,2022-10-18T14:39:34Z,2022-10-18T15:01:57Z,d78cedc4-323c-f890-fa21-e333d925bd36,8d5880eb-1dd8-31ea-b7c5-21709f3bb341,8387c121-f9af-3e43-bf38-6719210286d3,e03e23c9-4df1-3eb6-a62d-f70f02301496,wellness,410620009,Well child visit (procedure),136.80,704.20,0.00,,
362d1478-b00f-51ec-4a3f-eb3b8c9cc21a,2023-10-24T14:39:34Z,2023-10-24T15:00:33Z,d78cedc4-323c-f890-fa21-e333d925bd36,8d5880eb-1dd8-31ea-b7c5-21709f3bb341,8387c121-f9af-3e43-bf38-6719210286d3,e03e23c9-4df1-3eb6-a62d-f70f02301496,wellness,410620009,Well child visit (procedure),136.80,919.90,0.00,,
d66544a9-d2b5-3f3c-a11a-4913647a6d35,2024-11-20T01:28:29Z,2024-11-20T01:43:29Z,e2b62842-2715-6c67-0e4f-cc5834c975b7,25c85bcc-7e25-36bc-89e8-08e0d473db23,82a921c3-7aad-3ef1-bc6a-7eee2c0fd2b3,8fa6c185-e44e-3e34-8bd8-39be8694f4ce,wellness,410620009,Well child visit (procedure),136.80,272.80,0.00,,
897a53ab-6af9-3152-48dd-83eda04991a5,1995-12-20T16:40:18Z,1995-12-20T17:30:26Z,347ceebf-0248-5a56-14f3-e1e8e8ffb73c,845fbd9b-2d1c-39a8-8261-28ae40e4fab2,67b1afa3-cbff-316b-9918-b97a0a95e398,d18ef2e6-ef40-324c-be54-34a5ee865625,outpatient,185349003,Encounter for check up (procedure),85.55,6162.27,6127.27,,
81e3db4f-24c7-147a-4fec-a862ee3781cd,2024-12-11T01:28:29Z,2024-12-11T01:43:29Z,e2b62842-2715-6c67-0e4f-cc5834c975b7,845fbd9b-2d1c-39a8-8261-28ae40e4fab2,67b1afa3-cbff-316b-9918-b97a0a95e398,8fa6c185-e44e-3e34-8bd8-39be8694f4ce,outpatient,185349003,Encounter for check up (procedure),85.55,321.99,0.00,,
4d43d8fc-2e3c-b599-3dd8-5f02d32ba351,2023-11-07T14:39:34Z,2023-11-07T14:59:56Z,d78cedc4-323c-f890-fa21-e333d925bd36,b6eeaaf7-1683-3bcb-b6ee-81ce304636ef,0b928cfd-13c5-30a4-952b-72f5e14c37c9,e03e23c9-4df1-3eb6-a62d-f70f02301496,ambulatory,185349003,Encounter for check up (procedure),85.55,748.55,0.00,103697008,Patient referral for dental care (procedure)
b975aa4c-c8b7-cc79-b044-10666d8a94ef,2024-09-05T14:39:34Z,2024-09-05T14:54:34Z,d78cedc4-323c-f890-fa21-e333d925bd36,b6eeaaf7-1683-3bcb-b6ee-81ce304636ef,0b928cfd-13c5-30a4-952b-72f5e14c37c9,e03e23c9-4df1-3eb6-a62d-f70f02301496,outpatient,698314001,Consultation for treatment,142.58,142.58,0.00,389095005,Contraception care (regime/therapy)
b701a267-3742-b562-7918-167477d421ef,2016-09-06T11:04:45Z,2016-09-06T11:19:45Z,821038cb-93d8-070c-3e45-ba5c391a2601,c7542447-e06e-32cb-b6db-243c23a0dbc2,85356957-9ec6-37b2-aa2f-f1693e1704ee,d31fccc3-1767-390d-966a-22a5156f4219,ambulatory,185347001,Encounter for problem,85.55,85.55,0.00,735029006,Shellfish (substance)
1e465574-238d-306b-e1ff-0e049efdf912,2024-09-16T14:58:49Z,2024-09-16T15:58:49Z,d78cedc4-323c-f890-fa21-e333d925bd36,fbd4ccdf-2fdb-3652-9bbe-1ccff886bd34,c0854121-65b6-3129-8558-8682e2ed80cd,e03e23c9-4df1-3eb6-a62d-f70f02301496,emergency,50849002,Emergency room admission (procedure),146.18,1008.98,0.00,125605004,Fracture of bone (disorder)
60828e3d-4e28-d8fa-e9ce-9f9ea63c04e3,2016-09-24T01:04:45Z,2016-09-24T01:41:53Z,821038cb-93d8-070c-3e45-ba5c391a2601,c7542447-e06e-32cb-b6db-243c23a0dbc2,85356957-9ec6-37b2-aa2f-f1693e1704ee,d31fccc3-1767-390d-966a-22a5156f4219,ambulatory,185347001,Encounter for problem,85.55,516.95,0.00,419199007,Allergy to substance (finding)
667904a4-88ef-5ef2-ca33-29e152f3a721,2024-12-18T01:28:29Z,2024-12-18T01:43:29Z,e2b62842-2715-6c67-0e4f-cc5834c975b7,845fbd9b-2d1c-39a8-8261-28ae40e4fab2,67b1afa3-cbff-316b-9918-b97a0a95e398,8fa6c185-e44e-3e34-8bd8-39be8694f4ce,ambulatory,185345009,Encounter for symptom,85.55,616.48,0.00,10509002,Acute bronchitis (disorder)
793eb58c-ca14-a3c0-d4c2-ca2ddeb063f9,2024-10-29T14:39:34Z,2024-10-29T15:05:51Z,d78cedc4-323c-f890-fa21-e333d925bd36,8d5880eb-1dd8-31ea-b7c5-21709f3bb341,8387c121-f9af-3e43-bf38-6719210286d3,e03e23c9-4df1-3eb6-a62d-f70f02301496,wellness,410620009,Well child visit (procedure),136.80,914.78,0.00,,
c52f0039-677c-c625-5d02-2af793b6703e,2024-11-12T14:39:34Z,2024-11-12T15:06:01Z,d78cedc4-323c-f890-fa21-e333d925bd36,b6eeaaf7-1683-3bcb-b6ee-81ce304636ef,0b928cfd-13c5-30a4-952b-72f5e14c37c9,e03e23c9-4df1-3eb6-a62d-f70f02301496,ambulatory,185349003,Encounter for check up (procedure),85.55,103.44,0.00,103697008,Patient referral for dental care (procedure)
cf304965-6938-cdcc-799a-762689c6b917,2024-12-03T15:22:34Z,2024-12-03T15:37:34Z,d78cedc4-323c-f890-fa21-e333d925bd36,b6eeaaf7-1683-3bcb-b6ee-81ce304636ef,0b928cfd-13c5-30a4-952b-72f5e14c37c9,e03e23c9-4df1-3eb6-a62d-f70f02301496,ambulatory,185349003,Encounter for check up,85.55,85.55,0.00,263102004,Fracture subluxation of wrist
1cc108fd-104c-5e34-8358-db317deda19e,2025-08-31T14:39:34Z,2025-08-31T14:54:34Z,d78cedc4-323c-f890-fa21-e333d925bd36,b6eeaaf7-1683-3bcb-b6ee-81ce304636ef,0b928cfd-13c5-30a4-952b-72f5e14c37c9,e03e23c9-4df1-3eb6-a62d-f70f02301496,outpatient,698314001,Consultation for treatment,142.58,142.58,0.00,389095005,Contraception care (regime/therapy)
c2c5c4b2-7294-93dc-7142-037e4dc8ca2d,2025-11-04T14:39:34Z,2025-11-04T14:54:34Z,d78cedc4-323c-f890-fa21-e333d925bd36,8d5880eb-1dd8-31ea-b7c5-21709f3bb341,8387c121-f9af-3e43-bf38-6719210286d3,e03e23c9-4df1-3eb6-a62d-f70f02301496,wellness,410620009,Well child visit (procedure),136.80,1043.13,0.00,,
55552fc4-4d8b-b087-7f30-85fc51b42b72,2025-05-21T01:28:29Z,2025-05-21T01:43:29Z,e2b62842-2715-6c67-0e4f-cc5834c975b7,25c85bcc-7e25-36bc-89e8-08e0d473db23,82a921c3-7aad-3ef1-bc6a-7eee2c0fd2b3,8fa6c185-e44e-3e34-8bd8-39be8694f4ce,wellness,410620009,Well child visit (procedure),136.80,272.80,0.00,,
7fc2b5da-7392-b394-6342-7eab67ebc8a3,2025-11-19T01:28:29Z,2025-11-19T01:43:29Z,e2b62842-2715-6c67-0e4f-cc5834c975b7,25c85bcc-7e25-36bc-89e8-08e0d473db23,82a921c3-7aad-3ef1-bc6a-7eee2c0fd2b3,8fa6c185-e44e-3e34-8bd8-39be8694f4ce,wellness,410620009,Well child visit (procedure),136.80,704.20,0.00,,
ea3d4f89-4d78-ded4-03a5-c3b905bb9d75,2025-11-26T01:28:29Z,2025-11-26T02:25:49Z,e2b62842-2715-6c67-0e4f-cc5834c975b7,845fbd9b-2d1c-39a8-8261-28ae40e4fab2,67b1afa3-cbff-316b-9918-b97a0a95e398,8fa6c185-e44e-3e34-8bd8-39be8694f4ce,ambulatory,185349003,Encounter for check up (procedure),85.55,102.90,0.00,103697008,Patient referral for dental care (procedure)
313c22e9-60be-3fa7-f236-cd01830844b3,1996-01-03T16:40:18Z,1996-01-03T17:40:18Z,347ceebf-0248-5a56-14f3-e1e8e8ffb73c,f6ba791e-fe68-3596-bef4-60751db6a60e,2d3f06fe-e324-3585-abe6-47ec7a4fa5fd,d18ef2e6-ef40-324c-be54-34a5ee865625,emergency,182813001,Emergency treatment (procedure),146.18,146.18,111.18,124171000119105,Chronic intractable migraine without aura
7e8ee0e4-3f83-0319-1c0c-a44e9ac185fd,2016-10-06T10:04:45Z,2016-10-06T10:19:45Z,821038cb-93d8-070c-3e45-ba5c391a2601,c7542447-e06e-32cb-b6db-243c23a0dbc2,85356957-9ec6-37b2-aa2f-f1693e1704ee,d31fccc3-1767-390d-966a-22a5156f4219,ambulatory,185345009,Encounter for symptom,85.55,92.93,0.00,75498004,Acute bacterial sinusitis (disorder)
52abc09f-fe01-2b3e-fb02-3121552abe80,2017-08-26T10:04:45Z,2017-08-26T10:19:45Z,821038cb-93d8-070c-3e45-ba5c391a2601,c7542447-e06e-32cb-b6db-243c23a0dbc2,85356957-9ec6-37b2-aa2f-f1693e1704ee,d31fccc3-1767-390d-966a-22a5156f4219,ambulatory,185345009,Encounter for symptom,85.55,516.95,0.00,233678006,Childhood asthma
b09e82a5-40ce-9ce3-98f1-ff6d7f94157e,2018-11-12T10:04:45Z,2018-11-12T10:19:45Z,821038cb-93d8-070c-3e45-ba5c391a2601,c7542447-e06e-32cb-b6db-243c23a0dbc2,85356957-9ec6-37b2-aa2f-f1693e1704ee,d31fccc3-1767-390d-966a-22a5156f4219,ambulatory,185347001,Encounter for problem,85.55,85.55,0.00,24079001,Atopic dermatitis
2d75a35c-15fb-5855-ec94-2ab5ce7335e9,1996-02-21T16:40:18Z,1996-02-21T17:39:44Z,347ceebf-0248-5a56-14f3-e1e8e8ffb73c,845fbd9b-2d1c-39a8-8261-28ae40e4fab2,67b1afa3-cbff-316b-9918-b97a0a95e398,d18ef2e6-ef40-324c-be54-34a5ee865625,outpatient,185349003,Encounter for check up (procedure),85.55,11674.85,11639.85,,
e4232fb9-95a9-1c27-d2e6-826cc63dc88b,2018-12-10T10:04:45Z,2018-12-10T10:19:45Z,821038cb-93d8-070c-3e45-ba5c391a2601,c7542447-e06e-32cb-b6db-243c23a0dbc2,85356957-9ec6-37b2-aa2f-f1693e1704ee,d31fccc3-1767-390d-966a-22a5156f4219,virtual,185345009,Encounter for symptom,75.00,75.00,0.00,232353008,Perennial allergic rhinitis with seasonal variation
e4edfed5-6920-5b7c-3538-530e8a7127b0,2022-08-07T10:04:45Z,2022-08-07T10:19:45Z,821038cb-93d8-070c-3e45-ba5c391a2601,63b93742-6c13-3309-92b6-f7c858e9f320,bcc92e7e-6d11-38a2-9514-3ab6a53f8e5e,a735bf55-83e9-331a-899d-a82a60b9f60c,wellness,410620009,Well child visit (procedure),136.80,272.80,218.24,,
ca0e648d-261b-b219-231c-b66ad696d9a5,2023-08-13T10:04:45Z,2023-08-13T10:19:45Z,821038cb-93d8-070c-3e45-ba5c391a2601,63b93742-6c13-3309-92b6-f7c858e9f320,bcc92e7e-6d11-38a2-9514-3ab6a53f8e5e,a735bf55-83e9-331a-899d-a82a60b9f60c,wellness,410620009,Well child visit (procedure),136.80,704.20,563.36,,
7aecbe9a-0cbd-08f9-db7a-2ddea0ccb260,2023-08-20T10:04:45Z,2023-08-20T10:28:58Z,821038cb-93d8-070c-3e45-ba5c391a2601,c7542447-e06e-32cb-b6db-243c23a0dbc2,85356957-9ec6-37b2-aa2f-f1693e1704ee,a735bf55-83e9-331a-899d-a82a60b9f60c,ambulatory,185349003,Encounter for check up (procedure),85.55,144.89,0.00,,
ba9a45b4-52aa-bcfc-37a2-85e09eedd08c,2024-08-18T10:04:45Z,2024-08-18T10:19:45Z,821038cb-93d8-070c-3e45-ba5c391a2601,63b93742-6c13-3309-92b6-f7c858e9f320,bcc92e7e-6d11-38a2-9514-3ab6a53f8e5e,a735bf55-83e9-331a-899d-a82a60b9f60c,wellness,410620009,Well child visit (procedure),136.80,272.80,218.24,,
6e9a2e72-220f-246b-6040-9f9a211b1c78,2025-01-18T07:04:45Z,2025-01-18T08:04:45Z,821038cb-93d8-070c-3e45-ba5c391a2601,dac75bc1-cbfa-306b-9a0a-88d5edf3638d,4d7bebb9-f59b-32a1-94ca-b94bd283d0ee,a735bf55-83e9-331a-899d-a82a60b9f60c,emergency,183478001,Emergency hospital admission for asthma,146.18,146.18,116.94,233678006,Childhood asthma
17387b14-f24b-05ca-aaec-9d3210832b40,2025-01-19T12:04:45Z,2025-01-19T12:19:45Z,821038cb-93d8-070c-3e45-ba5c391a2601,c7542447-e06e-32cb-b6db-243c23a0dbc2,85356957-9ec6-37b2-aa2f-f1693e1704ee,a735bf55-83e9-331a-899d-a82a60b9f60c,ambulatory,394701000,Asthma follow-up,142.58,142.58,114.06,233678006,Childhood asthma
9b2d72a1-18c3-0c03-a698-393012be00d9,2025-08-24T10:04:45Z,2025-08-24T10:19:45Z,821038cb-93d8-070c-3e45-ba5c391a2601,63b93742-6c13-3309-92b6-f7c858e9f320,bcc92e7e-6d11-38a2-9514-3ab6a53f8e5e,a735bf55-83e9-331a-899d-a82a60b9f60c,wellness,410620009,Well child visit (procedure),136.80,272.80,218.24,,
c528b74e-e28f-a099-9439-d41c66e337fc,1996-03-06T16:40:18Z,1996-03-06T17:57:29Z,347ceebf-0248-5a56-14f3-e1e8e8ffb73c,845fbd9b-2d1c-39a8-8261-28ae40e4fab2,67b1afa3-cbff-316b-9918-b97a0a95e398,d18ef2e6-ef40-324c-be54-34a5ee865625,ambulatory,185349003,Encounter for check up (procedure),85.55,265.97,230.97,,
45e21583-f24e-abdd-11a5-6ddeb3dca3e1,1996-03-20T16:40:18Z,1996-03-20T17:22:39Z,347ceebf-0248-5a56-14f3-e1e8e8ffb73c,845fbd9b-2d1c-39a8-8261-28ae40e4fab2,67b1afa3-cbff-316b-9918-b97a0a95e398,d18ef2e6-ef40-324c-be54-34a5ee865625,outpatient,185349003,Encounter for check up (procedure),85.55,6397.54,6362.54,,
d88132ff-a52c-ba56-c301-de614611e37a,1996-04-10T16:40:18Z,1996-04-10T17:16:43Z,347ceebf-0248-5a56-14f3-e1e8e8ffb73c,7b7ce654-a413-37d1-9d34-97240c0ac580,70689406-5000-3e58-982b-fb96061540ac,d18ef2e6-ef40-324c-be54-34a5ee865625,urgentcare,702927004,Urgent care clinic (environment),142.58,6101.46,6066.46,,
eae86aae-5fcc-85ae-6400-73036c96299a,1996-04-17T16:40:18Z,1996-04-17T16:55:18Z,347ceebf-0248-5a56-14f3-e1e8e8ffb73c,7b7ce654-a413-37d1-9d34-97240c0ac580,70689406-5000-3e58-982b-fb96061540ac,d18ef2e6-ef40-324c-be54-34a5ee865625,urgentcare,702927004,Urgent care clinic (environment),142.58,7259.30,7224.30,,
0f85beb3-72f8-01f4-a32f-c03fc48e3a95,1996-04-24T16:40:18Z,1996-04-24T17:19:02Z,347ceebf-0248-5a56-14f3-e1e8e8ffb73c,7b7ce654-a413-37d1-9d34-97240c0ac580,70689406-5000-3e58-982b-fb96061540ac,d18ef2e6-ef40-324c-be54-34a5ee865625,urgentcare,702927004,Urgent care clinic (environment),142.58,5867.60,5832.60,,
a1272167-0e19-a218-74f1-ec36b64c3caf,1996-04-27T17:53:49Z,1996-04-27T18:52:25Z,347ceebf-0248-5a56-14f3-e1e8e8ffb73c,845fbd9b-2d1c-39a8-8261-28ae40e4fab2,67b1afa3-cbff-316b-9918-b97a0a95e398,d18ef2e6-ef40-324c-be54-34a5ee865625,ambulatory,185349003,Encounter for check up,85.55,24665.06,24630.06,68496003,Polyp of colon
2f02a608-5661-ab4e-4288-0f6e73f39870,1996-05-01T05:37:25Z,1996-05-01T05:52:25Z,347ceebf-0248-5a56-14f3-e1e8e8ffb73c,845fbd9b-2d1c-39a8-8261-28ae40e4fab2,67b1afa3-cbff-316b-9918-b97a0a95e398,d18ef2e6-ef40-324c-be54-34a5ee865625,ambulatory,185347001,Encounter for problem,85.55,85.55,50.55,363406005,Malignant tumor of colon
e5da1868-b0c1-d062-d5c5-3d6f8763d442,1996-05-01T16:40:18Z,1996-05-01T16:58:28Z,347ceebf-0248-5a56-14f3-e1e8e8ffb73c,845fbd9b-2d1c-39a8-8261-28ae40e4fab2,67b1afa3-cbff-316b-9918-b97a0a95e398,d18ef2e6-ef40-324c-be54-34a5ee865625,ambulatory,185349003,Encounter for check up (procedure),85.55,85.69,50.69,,
5e219d3e-5635-e678-97a9-d8b8bb1f6d79,1996-05-08T16:40:18Z,1996-05-08T17:40:18Z,347ceebf-0248-5a56-14f3-e1e8e8ffb73c,f6ba791e-fe68-3596-bef4-60751db6a60e,2d3f06fe-e324-3585-abe6-47ec7a4fa5fd,d18ef2e6-ef40-324c-be54-34a5ee865625,emergency,182813001,Emergency treatment (procedure),146.18,20794.05,20759.05,196416002,Impacted molars
0f208a4f-c6d2-5ab7-1f36-59de4ea1844e,1996-05-15T16:40:18Z,1996-05-15T17:22:00Z,347ceebf-0248-5a56-14f3-e1e8e8ffb73c,845fbd9b-2d1c-39a8-8261-28ae40e4fab2,67b1afa3-cbff-316b-9918-b97a0a95e398,d18ef2e6-ef40-324c-be54-34a5ee865625,outpatient,185349003,Encounter for check up (procedure),85.55,12364.68,12329.68,,
02554e3b-0b49-6812-504c-0899e63b8b3f,1996-05-22T16:40:18Z,1996-05-24T13:20:17Z,347ceebf-0248-5a56-14f3-e1e8e8ffb73c,845fbd9b-2d1c-39a8-8261-28ae40e4fab2,67b1afa3-cbff-316b-9918-b97a0a95e398,d18ef2e6-ef40-324c-be54-34a5ee865625,inpatient,185347001,Encounter for problem,87.71,10764.30,10729.30,363406005,Malignant tumor of colon
bde0e622-8e6d-ce60-a140-fd8741d03712,1996-06-05T16:40:18Z,1996-06-05T17:22:11Z,347ceebf-0248-5a56-14f3-e1e8e8ffb73c,25c85bcc-7e25-36bc-89e8-08e0d473db23,82a921c3-7aad-3ef1-bc6a-7eee2c0fd2b3,d18ef2e6-ef40-324c-be54-34a5ee865625,wellness,162673000,General examination of patient (procedure),136.80,7397.64,7362.64,,
acf95b98-e9ed-26d8-13dd-74a719876f28,1996-06-12T16:40:18Z,1996-06-12T16:55:18Z,347ceebf-0248-5a56-14f3-e1e8e8ffb73c,845fbd9b-2d1c-39a8-8261-28ae40e4fab2,67b1afa3-cbff-316b-9918-b97a0a95e398,d18ef2e6-ef40-324c-be54-34a5ee865625,outpatient,185349003,Encounter for check up (procedure),85.55,5771.84,5736.84,,
d5a59687-3bd1-ec29-dc3c-21e283c5712c,1996-06-19T16:40:18Z,1996-06-19T17:07:35Z,347ceebf-0248-5a56-14f3-e1e8e8ffb73c,845fbd9b-2d1c-39a8-8261-28ae40e4fab2,67b1afa3-cbff-316b-9918-b97a0a95e398,d18ef2e6-ef40-324c-be54-34a5ee865625,ambulatory,185349003,Encounter for check up (procedure),85.55,85.67,50.67,,
a7fbeee3-3433-a256-4b5d-0554d5c7d230,1996-07-03T16:40:18Z,1996-07-03T16:55:18Z,347ceebf-0248-5a56-14f3-e1e8e8ffb73c,845fbd9b-2d1c-39a8-8261-28ae40e4fab2,67b1afa3-cbff-316b-9918-b97a0a95e398,d18ef2e6-ef40-324c-be54-34a5ee865625,ambulatory,185347001,Encounter for problem,85.55,5890.73,5855.73,363406005,Malignant tumor of colon
b3ffc03b-630f-2563-6fe8-de0def3f0bf2,1996-07-17T16:40:18Z,1996-07-17T17:35:29Z,347ceebf-0248-5a56-14f3-e1e8e8ffb73c,845fbd9b-2d1c-39a8-8261-28ae40e4fab2,67b1afa3-cbff-316b-9918-b97a0a95e398,d18ef2e6-ef40-324c-be54-34a5ee865625,outpatient,185349003,Encounter for check up (procedure),85.55,6486.82,6451.82,,
a005b169-7503-d110-c98b-2bae53e97290,1996-08-03T17:40:18Z,1996-08-03T17:55:18Z,347ceebf-0248-5a56-14f3-e1e8e8ffb73c,845fbd9b-2d1c-39a8-8261-28ae40e4fab2,67b1afa3-cbff-316b-9918-b97a0a95e398,d18ef2e6-ef40-324c-be54-34a5ee865625,ambulatory,185347001,Encounter for problem,85.55,5355.80,5320.80,363406005,Malignant tumor of colon
0375db5d-7dd6-8fac-df02-c032f0f83df2,1996-08-21T16:40:18Z,1996-08-21T17:16:44Z,347ceebf-0248-5a56-14f3-e1e8e8ffb73c,7b7ce654-a413-37d1-9d34-97240c0ac580,70689406-5000-3e58-982b-fb96061540ac,d18ef2e6-ef40-324c-be54-34a5ee865625,urgentcare,702927004,Urgent care clinic (environment),142.58,6409.43,6374.43,,
a558a8aa-9e27-3089-a3d5-8fb8be9b2407,1996-08-28T16:40:18Z,1996-08-28T16:55:18Z,347ceebf-0248-5a56-14f3-e1e8e8ffb73c,845fbd9b-2d1c-39a8-8261-28ae40e4fab2,67b1afa3-cbff-316b-9918-b97a0a95e398,d18ef2e6-ef40-324c-be54-34a5ee865625,outpatient,185349003,Encounter for check up (procedure),85.55,10712.64,10677.64,,
355dd865-ec4b-73e0-4d74-ae93dcf452d2,1996-09-11T16:40:18Z,1996-09-11T17:30:39Z,347ceebf-0248-5a56-14f3-e1e8e8ffb73c,845fbd9b-2d1c-39a8-8261-28ae40e4fab2,67b1afa3-cbff-316b-9918-b97a0a95e398,d18ef2e6-ef40-324c-be54-34a5ee865625,outpatient,185349003,Encounter for check up (procedure),85.55,10550.03,10515.03,,
307dd5e2-f5ab-0f15-0655-33bbabe7d485,1996-09-18T16:40:18Z,1996-09-18T16:55:18Z,347ceebf-0248-5a56-14f3-e1e8e8ffb73c,845fbd9b-2d1c-39a8-8261-28ae40e4fab2,67b1afa3-cbff-316b-9918-b97a0a95e398,d18ef2e6-ef40-324c-be54-34a5ee865625,outpatient,185349003,Encounter for check up (procedure),85.55,5230.01,5195.01,,
663bc72c-e6fd-f32b-fe20-cbd4e95ccab9,1996-09-25T16:40:18Z,1996-09-25T16:55:18Z,347ceebf-0248-5a56-14f3-e1e8e8ffb73c,845fbd9b-2d1c-39a8-8261-28ae40e4fab2,67b1afa3-cbff-316b-9918-b97a0a95e398,d18ef2e6-ef40-324c-be54-34a5ee865625,ambulatory,185347001,Encounter for problem,85.55,14443.03,14408.03,363406005,Malignant tumor of colon
ed6c6a47-2f39-a294-9f6d-04945da2a42a,1996-09-22T16:40:18Z,1996-09-22T17:40:18Z,347ceebf-0248-5a56-14f3-e1e8e8ffb73c,f6ba791e-fe68-3596-bef4-60751db6a60e,2d3f06fe-e324-3585-abe6-47ec7a4fa5fd,d18ef2e6-ef40-324c-be54-34a5ee865625,emergency,182813001,Emergency treatment (procedure),146.18,146.18,111.18,124171000119105,Chronic intractable migraine without aura
1942045a-621e-efd9-ee2e-a289f908540d,1996-10-16T16:40:18Z,1996-10-16T17:22:28Z,347ceebf-0248-5a56-14f3-e1e8e8ffb73c,7b7ce654-a413-37d1-9d34-97240c0ac580,70689406-5000-3e58-982b-fb96061540ac,d18ef2e6-ef40-324c-be54-34a5ee865625,urgentcare,702927004,Urgent care clinic (environment),142.58,9973.13,9938.13,,
a5419d3f-2b23-3dc2-c2a0-724cadc91d25,1996-10-23T16:40:18Z,1996-10-23T16:55:18Z,347ceebf-0248-5a56-14f3-e1e8e8ffb73c,845fbd9b-2d1c-39a8-8261-28ae40e4fab2,67b1afa3-cbff-316b-9918-b97a0a95e398,d18ef2e6-ef40-324c-be54-34a5ee865625,outpatient,185349003,Encounter for check up (procedure),85.55,14688.74,14653.74,,
364b7ded-2c52-0a34-c963-5e214410b243,1979-09-03T16:01:25Z,1979-09-03T16:16:25Z,142c3868-45fa-e837-0a35-9aaa250b99b1,6aae7a31-90df-3455-ad8d-81f8cf2d21e8,22430762-e43d-3e3f-811a-e31cc647f34e,df166300-5a78-3502-a46a-832842197811,ambulatory,185345009,Encounter for symptom,85.55,85.55,35.55,232353008,Perennial allergic rhinitis with seasonal variation
f8f607bd-91f3-0dc1-533a-f3470181ac1f,1979-09-14T06:01:25Z,1979-09-14T06:39:27Z,142c3868-45fa-e837-0a35-9aaa250b99b1,6aae7a31-90df-3455-ad8d-81f8cf2d21e8,22430762-e43d-3e3f-811a-e31cc647f34e,df166300-5a78-3502-a46a-832842197811,ambulatory,185347001,Encounter for problem,85.55,516.95,466.95,419199007,Allergy to substance (finding)
a95381c7-1f66-511a-0b02-9e39c71ac989,1989-09-16T13:01:25Z,1989-09-20T06:48:45Z,142c3868-45fa-e837-0a35-9aaa250b99b1,6aae7a31-90df-3455-ad8d-81f8cf2d21e8,22430762-e43d-3e3f-811a-e31cc647f34e,df166300-5a78-3502-a46a-832842197811,inpatient,185347001,Encounter for problem (procedure),87.71,5423.98,5373.98,74400008,Appendicitis
31278d93-dc5c-d5d0-cd28-791a3d57ca96,1995-07-09T16:01:25Z,1995-07-09T16:42:12Z,142c3868-45fa-e837-0a35-9aaa250b99b1,b44955d1-f0e2-3beb-a013-708a81dbe430,f3385cfe-40fe-3458-afb4-7a2c409eda1b,df166300-5a78-3502-a46a-832842197811,wellness,162673000,General examination of patient (procedure),136.80,1135.86,985.86,,
9fee2fb3-a006-305f-1564-587f933e4aa0,1996-10-28T03:40:18Z,1996-10-28T03:55:18Z,347ceebf-0248-5a56-14f3-e1e8e8ffb73c,845fbd9b-2d1c-39a8-8261-28ae40e4fab2,67b1afa3-cbff-316b-9918-b97a0a95e398,d18ef2e6-ef40-324c-be54-34a5ee865625,ambulatory,185347001,Encounter for problem,85.55,20719.09,20684.09,363406005,Malignant tumor of colon
65c57038-4abf-3065-b5f4-09fb6adcf2df,2014-02-04T16:01:25Z,2014-02-04T16:16:25Z,142c3868-45fa-e837-0a35-9aaa250b99b1,6aae7a31-90df-3455-ad8d-81f8cf2d21e8,22430762-e43d-3e3f-811a-e31cc647f34e,df166300-5a78-3502-a46a-832842197811,outpatient,185347001,Encounter for problem (procedure),85.55,85.55,0.00,82423001,Chronic pain (finding)
51fa386d-242f-f9a4-4155-7fe24b82dab9,2017-05-21T16:01:25Z,2017-05-21T16:40:34Z,142c3868-45fa-e837-0a35-9aaa250b99b1,b44955d1-f0e2-3beb-a013-708a81dbe430,f3385cfe-40fe-3458-afb4-7a2c409eda1b,df166300-5a78-3502-a46a-832842197811,wellness,162673000,General examination of patient (procedure),136.80,914.78,814.78,,
17ee27ea-1914-5b8e-b1d7-3cca5484c64b,2019-05-26T16:01:25Z,2019-05-26T16:49:47Z,142c3868-45fa-e837-0a35-9aaa250b99b1,b44955d1-f0e2-3beb-a013-708a81dbe430,f3385cfe-40fe-3458-afb4-7a2c409eda1b,df166300-5a78-3502-a46a-832842197811,wellness,162673000,General examination of patient (procedure),136.80,1805.52,1705.52,,
c6107ee7-bace-724b-4994-3029a964983a,2021-05-30T16:01:25Z,2021-05-30T16:35:33Z,142c3868-45fa-e837-0a35-9aaa250b99b1,b44955d1-f0e2-3beb-a013-708a81dbe430,f3385cfe-40fe-3458-afb4-7a2c409eda1b,df166300-5a78-3502-a46a-832842197811,wellness,162673000,General examination of patient (procedure),136.80,919.90,819.90,,
53bd8134-6093-85dc-da3f-e04422d855d9,2021-06-01T16:01:25Z,2021-06-01T17:08:51Z,142c3868-45fa-e837-0a35-9aaa250b99b1,6aae7a31-90df-3455-ad8d-81f8cf2d21e8,22430762-e43d-3e3f-811a-e31cc647f34e,df166300-5a78-3502-a46a-832842197811,ambulatory,185345009,Encounter for symptom (procedure),85.55,238.14,188.14,840544004,Suspected COVID-19
f52f0f89-a407-05d0-af99-d58a91ea268a,1996-11-06T16:40:18Z,1996-11-06T17:21:06Z,347ceebf-0248-5a56-14f3-e1e8e8ffb73c,7b7ce654-a413-37d1-9d34-97240c0ac580,70689406-5000-3e58-982b-fb96061540ac,d18ef2e6-ef40-324c-be54-34a5ee865625,urgentcare,702927004,Urgent care clinic (environment),142.58,5867.60,5832.60,,
1cf2e855-207d-bc1e-2924-f20d07751485,2021-06-08T18:47:11Z,2021-06-08T23:40:37Z,142c3868-45fa-e837-0a35-9aaa250b99b1,74ab949d-17ac-3309-83a0-13b4405c66aa,8d32509a-2844-3440-aac1-59efe106054b,df166300-5a78-3502-a46a-832842197811,ambulatory,185347001,Encounter for problem (procedure),85.55,1444.46,1394.46,414545008,Ischemic heart disease (disorder)
40a7dcdb-440f-29b2-8f3d-35568c0b3436,2021-08-08T14:51:45Z,2021-08-08T21:13:13Z,142c3868-45fa-e837-0a35-9aaa250b99b1,74ab949d-17ac-3309-83a0-13b4405c66aa,8d32509a-2844-3440-aac1-59efe106054b,df166300-5a78-3502-a46a-832842197811,ambulatory,32485007,Hospital admission (procedure),142.58,56956.04,56906.04,274531002,Abnormal findings diagnostic imaging heart+coronary circulat (finding)
eb0a37c7-e0f9-64ba-87f6-a9215adc2151,2021-12-31T16:01:25Z,2021-12-31T16:16:25Z,142c3868-45fa-e837-0a35-9aaa250b99b1,6aae7a31-90df-3455-ad8d-81f8cf2d21e8,22430762-e43d-3e3f-811a-e31cc647f34e,df166300-5a78-3502-a46a-832842197811,ambulatory,185347001,Encounter for problem,85.55,85.55,35.55,239873007,Osteoarthritis of knee
5cb2be5b-1034-0f25-6ad2-dbff7f382f6a,2023-06-04T16:01:25Z,2023-06-04T16:58:51Z,142c3868-45fa-e837-0a35-9aaa250b99b1,b44955d1-f0e2-3beb-a013-708a81dbe430,f3385cfe-40fe-3458-afb4-7a2c409eda1b,df166300-5a78-3502-a46a-832842197811,wellness,162673000,General examination of patient (procedure),136.80,1204.55,1104.55,,
01870962-42b8-f05a-3be6-347a5776ed6d,1996-11-29T13:40:18Z,1996-11-29T13:55:18Z,347ceebf-0248-5a56-14f3-e1e8e8ffb73c,845fbd9b-2d1c-39a8-8261-28ae40e4fab2,67b1afa3-cbff-316b-9918-b97a0a95e398,d18ef2e6-ef40-324c-be54-34a5ee865625,ambulatory,185347001,Encounter for problem,85.55,5355.80,5320.80,363406005,Malignant tumor of colon
76e28945-cb9b-80f4-f58e-827495270865,1996-12-18T16:40:18Z,1996-12-18T17:30:06Z,347ceebf-0248-5a56-14f3-e1e8e8ffb73c,7b7ce654-a413-37d1-9d34-97240c0ac580,70689406-5000-3e58-982b-fb96061540ac,d18ef2e6-ef40-324c-be54-34a5ee865625,urgentcare,702927004,Urgent care clinic (environment),142.58,6312.14,6277.14,,
0f50f9c8-959b-7398-1335-cbed0af3e504,2016-05-20T19:09:00Z,2016-05-20T19:24:00Z,e2f347aa-d08f-4284-ccc1-0dc3a8e23355,5581e43d-0463-3a0b-afc7-a60aea5ac96c,7a6acf01-7c16-3ed8-b664-612dc971cb6a,df166300-5a78-3502-a46a-832842197811,wellness,410620009,Well child visit (procedure),136.80,755.38,655.38,,
5d73c3b3-7d88-025c-25bb-523212047c47,2022-06-24T19:09:00Z,2022-06-24T19:24:00Z,e2f347aa-d08f-4284-ccc1-0dc3a8e23355,5581e43d-0463-3a0b-afc7-a60aea5ac96c,7a6acf01-7c16-3ed8-b664-612dc971cb6a,df166300-5a78-3502-a46a-832842197811,wellness,410620009,Well child visit (procedure),136.80,704.20,700.38,,
876c997b-1638-4b6f-a87a-38dd1223d0af,2023-06-30T19:09:00Z,2023-06-30T19:54:22Z,e2f347aa-d08f-4284-ccc1-0dc3a8e23355,5581e43d-0463-3a0b-afc7-a60aea5ac96c,7a6acf01-7c16-3ed8-b664-612dc971cb6a,df166300-5a78-3502-a46a-832842197811,wellness,162673000,General examination of patient (procedure),136.80,1567.00,1467.00,,
cf56d7f3-cea6-6a19-4637-76b9780f2828,2025-06-08T16:01:25Z,2025-06-08T16:37:24Z,142c3868-45fa-e837-0a35-9aaa250b99b1,b44955d1-f0e2-3beb-a013-708a81dbe430,f3385cfe-40fe-3458-afb4-7a2c409eda1b,df166300-5a78-3502-a46a-832842197811,wellness,162673000,General examination of patient (procedure),136.80,704.20,604.20,,
f247dbe5-1858-a491-9d94-47225465c8c6,1996-12-25T16:40:18Z,1996-12-25T16:55:18Z,347ceebf-0248-5a56-14f3-e1e8e8ffb73c,845fbd9b-2d1c-39a8-8261-28ae40e4fab2,67b1afa3-cbff-316b-9918-b97a0a95e398,d18ef2e6-ef40-324c-be54-34a5ee865625,outpatient,185349003,Encounter for check up (procedure),85.55,5657.79,5622.79,,
ed5d088d-e471-d06d-e93e-b5aab5fb59d6,2023-07-14T19:09:00Z,2023-07-14T19:53:35Z,e2f347aa-d08f-4284-ccc1-0dc3a8e23355,2836d9ac-c6a6-39d1-8f13-fdf0fc8928f4,ccbb6769-67dc-350d-9fa2-ec2a39db7151,df166300-5a78-3502-a46a-832842197811,ambulatory,185349003,Encounter for check up (procedure),85.55,467.56,417.56,66383009,Gingivitis (disorder)
cf552586-1ce4-7d7d-035f-1fb6e5ab4fb5,2024-07-05T19:09:00Z,2024-07-05T19:40:13Z,e2f347aa-d08f-4284-ccc1-0dc3a8e23355,5581e43d-0463-3a0b-afc7-a60aea5ac96c,7a6acf01-7c16-3ed8-b664-612dc971cb6a,df166300-5a78-3502-a46a-832842197811,wellness,162673000,General examination of patient (procedure),136.80,704.20,604.20,,
ad2897a0-418a-c02f-fcd7-25fd96ce3f07,1996-12-29T17:40:18Z,1996-12-29T17:55:18Z,347ceebf-0248-5a56-14f3-e1e8e8ffb73c,845fbd9b-2d1c-39a8-8261-28ae40e4fab2,67b1afa3-cbff-316b-9918-b97a0a95e398,d18ef2e6-ef40-324c-be54-34a5ee865625,ambulatory,185347001,Encounter for problem,85.55,17909.07,17874.07,363406005,Malignant tumor of colon
c63679e5-0fea-df85-a8a4-7915f24449e7,1997-01-01T16:40:18Z,1997-01-01T17:16:20Z,347ceebf-0248-5a56-14f3-e1e8e8ffb73c,845fbd9b-2d1c-39a8-8261-28ae40e4fab2,67b1afa3-cbff-316b-9918-b97a0a95e398,d18ef2e6-ef40-324c-be54-34a5ee865625,ambulatory,185349003,Encounter for check up (procedure),85.55,85.59,50.59,,
374e62ca-0bae-22e7-d25d-821e38007066,1997-01-15T16:40:18Z,1997-01-15T17:21:17Z,347ceebf-0248-5a56-14f3-e1e8e8ffb73c,845fbd9b-2d1c-39a8-8261-28ae40e4fab2,67b1afa3-cbff-316b-9918-b97a0a95e398,d18ef2e6-ef40-324c-be54-34a5ee865625,outpatient,185349003,Encounter for check up (procedure),85.55,6352.40,6317.40,,
1bd9f0a2-33e1-b369-0720-2774a04e4e41,1997-02-05T16:40:18Z,1997-02-05T17:23:51Z,347ceebf-0248-5a56-14f3-e1e8e8ffb73c,845fbd9b-2d1c-39a8-8261-28ae40e4fab2,67b1afa3-cbff-316b-9918-b97a0a95e398,d18ef2e6-ef40-324c-be54-34a5ee865625,outpatient,185349003,Encounter for check up (procedure),85.55,9316.84,9281.84,,
303500fd-bc30-7bee-05d4-d7152577cfb4,1997-02-12T16:40:18Z,1997-02-12T16:55:18Z,347ceebf-0248-5a56-14f3-e1e8e8ffb73c,7b7ce654-a413-37d1-9d34-97240c0ac580,70689406-5000-3e58-982b-fb96061540ac,d18ef2e6-ef40-324c-be54-34a5ee865625,urgentcare,702927004,Urgent care clinic (environment),142.58,15370.93,15335.93,,
d5c1b198-ab3e-83cb-1bb5-95bd511a7e91,2003-12-28T14:20:14Z,2003-12-28T14:35:14Z,ec6a8f56-8923-954c-0da6-efc18758232b,f8918a95-31e8-3ac4-8d12-29ca6080ebda,b2316711-4035-3063-9647-0590226ad697,df166300-5a78-3502-a46a-832842197811,ambulatory,185345009,Encounter for symptom,85.55,92.93,42.93,36971009,Sinusitis (disorder)
03c0967f-40b3-9761-f39b-27f359f3171b,2012-01-17T14:20:14Z,2012-01-17T15:20:14Z,ec6a8f56-8923-954c-0da6-efc18758232b,966245ce-e84d-36b0-a838-2e0b5bb2e668,330df5aa-48e5-3c3e-a4bf-77ee6a296c04,df166300-5a78-3502-a46a-832842197811,emergency,183452005,Emergency hospital admission (procedure),87.71,87.71,37.71,82423001,Chronic pain
c840839e-0853-ea77-0222-dcc80334c458,1997-02-19T16:40:18Z,1997-02-19T17:10:21Z,347ceebf-0248-5a56-14f3-e1e8e8ffb73c,845fbd9b-2d1c-39a8-8261-28ae40e4fab2,67b1afa3-cbff-316b-9918-b97a0a95e398,d18ef2e6-ef40-324c-be54-34a5ee865625,ambulatory,185349003,Encounter for check up (procedure),85.55,86.99,51.99,,
ef5a4ad8-3977-b060-89b0-41ecfb0bff2d,1997-02-20T16:40:18Z,1997-02-20T17:40:18Z,347ceebf-0248-5a56-14f3-e1e8e8ffb73c,f6ba791e-fe68-3596-bef4-60751db6a60e,2d3f06fe-e324-3585-abe6-47ec7a4fa5fd,d18ef2e6-ef40-324c-be54-34a5ee865625,emergency,182813001,Emergency treatment (procedure),146.18,19320.85,19285.85,196416002,Impacted molars
aeadede9-b255-6dcf-0eb4-4c55cf600015,2012-04-07T14:20:14Z,2012-04-07T15:20:14Z,ec6a8f56-8923-954c-0da6-efc18758232b,966245ce-e84d-36b0-a838-2e0b5bb2e668,330df5aa-48e5-3c3e-a4bf-77ee6a296c04,df166300-5a78-3502-a46a-832842197811,emergency,182813001,Emergency treatment (procedure),146.18,14908.07,14858.07,196416002,Impacted molars
81d2ae9b-a0d5-5eb7-8a3e-07f98e9dc893,2013-05-02T14:20:14Z,2013-05-03T07:20:14Z,ec6a8f56-8923-954c-0da6-efc18758232b,966245ce-e84d-36b0-a838-2e0b5bb2e668,330df5aa-48e5-3c3e-a4bf-77ee6a296c04,df166300-5a78-3502-a46a-832842197811,emergency,50849002,Emergency room admission (procedure),146.18,146.18,96.18,55680006,Drug overdose
fc57d59e-9852-caa5-d1c1-6da1b591cf67,2015-07-24T10:20:14Z,2015-07-24T11:45:04Z,ec6a8f56-8923-954c-0da6-efc18758232b,f8918a95-31e8-3ac4-8d12-29ca6080ebda,b2316711-4035-3063-9647-0590226ad697,df166300-5a78-3502-a46a-832842197811,ambulatory,185347001,Encounter for problem (procedure),85.55,516.95,466.95,6525002,Dependent drug abuse (disorder)
503522c9-0d2f-200d-68a5-26e18c9f1ec3,2015-11-09T14:20:14Z,2015-11-09T15:19:01Z,ec6a8f56-8923-954c-0da6-efc18758232b,48a07866-e8d7-3268-aa3c-ca3237c8e6f3,ca95c30d-49fa-3baa-82eb-6bc4231efc61,df166300-5a78-3502-a46a-832842197811,wellness,162673000,General examination of patient (procedure),136.80,704.20,704.20,,
88fbde1a-6728-163e-1173-6c693324623a,2020-03-30T14:20:14Z,2020-03-30T14:59:12Z,ec6a8f56-8923-954c-0da6-efc18758232b,f8918a95-31e8-3ac4-8d12-29ca6080ebda,b2316711-4035-3063-9647-0590226ad697,df166300-5a78-3502-a46a-832842197811,outpatient,185349003,Encounter for check up (procedure),85.55,1004.65,954.65,,
81121111-4e9b-3edd-2e78-4bd087cad75e,2021-09-17T15:16:22Z,2021-09-17T16:16:22Z,ec6a8f56-8923-954c-0da6-efc18758232b,966245ce-e84d-36b0-a838-2e0b5bb2e668,330df5aa-48e5-3c3e-a4bf-77ee6a296c04,df166300-5a78-3502-a46a-832842197811,emergency,50849002,Emergency room admission (procedure),146.18,146.18,96.18,110030002,Concussion injury of brain (disorder)
19b1693b-640b-678b-8cd7-c58a1ca3d0db,2022-11-21T14:20:14Z,2022-11-21T15:05:39Z,ec6a8f56-8923-954c-0da6-efc18758232b,48a07866-e8d7-3268-aa3c-ca3237c8e6f3,ca95c30d-49fa-3baa-82eb-6bc4231efc61,d18ef2e6-ef40-324c-be54-34a5ee865625,wellness,162673000,General examination of patient (procedure),136.80,704.20,704.20,,
01250bd7-f444-4a71-56f5-4aa75b1514c3,2023-01-11T06:01:40Z,2023-01-14T06:01:40Z,ec6a8f56-8923-954c-0da6-efc18758232b,f8918a95-31e8-3ac4-8d12-29ca6080ebda,b2316711-4035-3063-9647-0590226ad697,d18ef2e6-ef40-324c-be54-34a5ee865625,inpatient,56876005,Drug rehabilitation and detoxification,146.18,146.18,111.18,6525002,Dependent drug abuse (disorder)
1c9c34f5-dde0-88dc-eb0a-fe61bd313f5e,2023-10-21T06:01:40Z,2023-10-21T08:01:40Z,ec6a8f56-8923-954c-0da6-efc18758232b,966245ce-e84d-36b0-a838-2e0b5bb2e668,330df5aa-48e5-3c3e-a4bf-77ee6a296c04,d18ef2e6-ef40-324c-be54-34a5ee865625,emergency,50849002,Emergency room admission (procedure),146.18,146.18,111.18,55680006,Drug overdose
e62725a6-007e-9482-fca6-8cd8a9e066b8,2023-11-25T08:01:40Z,2023-11-25T09:19:59Z,ec6a8f56-8923-954c-0da6-efc18758232b,f8918a95-31e8-3ac4-8d12-29ca6080ebda,b2316711-4035-3063-9647-0590226ad697,d18ef2e6-ef40-324c-be54-34a5ee865625,ambulatory,185347001,Encounter for problem (procedure),85.55,516.95,481.95,6525002,Dependent drug abuse (disorder)
86db49a9-51b3-45b5-bd46-44e995427daa,2023-12-25T09:19:59Z,2023-12-25T10:44:09Z,ec6a8f56-8923-954c-0da6-efc18758232b,f8918a95-31e8-3ac4-8d12-29ca6080ebda,b2316711-4035-3063-9647-0590226ad697,d18ef2e6-ef40-324c-be54-34a5ee865625,ambulatory,185347001,Encounter for problem (procedure),85.55,516.95,481.95,6525002,Dependent drug abuse (disorder)
aaea2206-a706-d586-f4a3-b7fa0c4785be,2024-01-24T10:44:09Z,2024-01-24T12:05:18Z,ec6a8f56-8923-954c-0da6-efc18758232b,f8918a95-31e8-3ac4-8d12-29ca6080ebda,b2316711-4035-3063-9647-0590226ad697,d18ef2e6-ef40-324c-be54-34a5ee865625,ambulatory,185347001,Encounter for problem (procedure),85.55,516.95,481.95,6525002,Dependent drug abuse (disorder)
4352b335-6ac0-0669-5617-af968d9a4833,2024-02-23T12:05:18Z,2024-02-23T13:24:16Z,ec6a8f56-8923-954c-0da6-efc18758232b,f8918a95-31e8-3ac4-8d12-29ca6080ebda,b2316711-4035-3063-9647-0590226ad697,d18ef2e6-ef40-324c-be54-34a5ee865625,ambulatory,185347001,Encounter for problem (procedure),85.55,516.95,481.95,6525002,Dependent drug abuse (disorder)
89d268d6-79cb-7aed-825c-70364338f544,2012-11-12T07:05:04Z,2012-11-12T07:43:40Z,008b89ea-4ed1-fc48-1724-c52cc51e37d5,bac9dc0c-cb0f-3fa6-aa12-819dd0fb922a,f1b86a25-e93d-3b16-988a-c5fc6aebb448,df166300-5a78-3502-a46a-832842197811,ambulatory,185349003,Encounter for check up (procedure),85.55,501.69,451.69,103697008,Patient referral for dental care (procedure)
0367e8eb-3871-481c-c000-2a021436f6f5,2025-11-24T14:20:14Z,2025-11-24T15:07:59Z,ec6a8f56-8923-954c-0da6-efc18758232b,48a07866-e8d7-3268-aa3c-ca3237c8e6f3,ca95c30d-49fa-3baa-82eb-6bc4231efc61,d18ef2e6-ef40-324c-be54-34a5ee865625,wellness,162673000,General examination of patient (procedure),136.80,778.78,778.78,,
6733e69b-9abb-3cea-c3eb-826f5f66adf1,2023-01-02T07:05:04Z,2023-01-02T07:22:14Z,008b89ea-4ed1-fc48-1724-c52cc51e37d5,3d5fbf38-c781-3e04-8c7e-5a402611b7d4,9ea3eefd-f8af-3db9-ad04-3ee5c98ae6f5,df166300-5a78-3502-a46a-832842197811,wellness,410620009,Well child visit (procedure),136.80,1567.00,1467.00,,
ceff4bfe-db4f-90a1-4494-f478d41d4b64,1997-03-12T16:40:18Z,1997-03-12T17:21:31Z,347ceebf-0248-5a56-14f3-e1e8e8ffb73c,845fbd9b-2d1c-39a8-8261-28ae40e4fab2,67b1afa3-cbff-316b-9918-b97a0a95e398,d18ef2e6-ef40-324c-be54-34a5ee865625,outpatient,185349003,Encounter for check up (procedure),85.55,5810.57,5775.57,,
eb496b27-645a-01a8-08b4-123026be76ee,2023-01-09T07:05:04Z,2023-01-09T07:23:23Z,008b89ea-4ed1-fc48-1724-c52cc51e37d5,bac9dc0c-cb0f-3fa6-aa12-819dd0fb922a,f1b86a25-e93d-3b16-988a-c5fc6aebb448,df166300-5a78-3502-a46a-832842197811,ambulatory,185349003,Encounter for check up (procedure),85.55,87.64,37.64,66383009,Gingivitis (disorder)
17485cde-aaa4-0eb0-cec9-f6a09a716042,2023-02-21T07:05:04Z,2023-02-21T08:05:04Z,008b89ea-4ed1-fc48-1724-c52cc51e37d5,94ac48ba-e215-3ab9-ba88-a0b926d29cef,3e8b32e2-65e8-35a7-8875-40884225fec8,df166300-5a78-3502-a46a-832842197811,emergency,50849002,Emergency room admission (procedure),146.18,1008.98,958.98,125605004,Fracture of bone (disorder)
e4f1d24b-c523-6875-da52-9772e97a2225,2023-04-02T23:05:04Z,2023-04-02T23:20:04Z,008b89ea-4ed1-fc48-1724-c52cc51e37d5,bac9dc0c-cb0f-3fa6-aa12-819dd0fb922a,f1b86a25-e93d-3b16-988a-c5fc6aebb448,df166300-5a78-3502-a46a-832842197811,ambulatory,185345009,Encounter for symptom,85.55,85.55,35.55,444814009,Viral sinusitis (disorder)
c460932a-be97-9439-40eb-f5c851e399c0,2023-05-20T07:26:14Z,2023-05-20T07:41:14Z,008b89ea-4ed1-fc48-1724-c52cc51e37d5,bac9dc0c-cb0f-3fa6-aa12-819dd0fb922a,f1b86a25-e93d-3b16-988a-c5fc6aebb448,df166300-5a78-3502-a46a-832842197811,ambulatory,185349003,Encounter for check up,85.55,85.55,35.55,65966004,Fracture of forearm
b5170628-94b4-1150-b50a-dcd909b0549b,2024-01-08T07:05:04Z,2024-01-08T07:37:18Z,008b89ea-4ed1-fc48-1724-c52cc51e37d5,3d5fbf38-c781-3e04-8c7e-5a402611b7d4,9ea3eefd-f8af-3db9-ad04-3ee5c98ae6f5,df166300-5a78-3502-a46a-832842197811,wellness,162673000,General examination of patient (procedure),136.80,704.20,604.20,,
1bde7118-c1a3-c5b4-3943-16a6d773bc75,1997-03-19T16:40:18Z,1997-03-19T16:55:18Z,347ceebf-0248-5a56-14f3-e1e8e8ffb73c,845fbd9b-2d1c-39a8-8261-28ae40e4fab2,67b1afa3-cbff-316b-9918-b97a0a95e398,d18ef2e6-ef40-324c-be54-34a5ee865625,outpatient,185349003,Encounter for check up (procedure),85.55,6092.81,6057.81,,
efd6c92b-9040-b782-3024-ca459c21ac6b,2025-01-13T07:05:04Z,2025-01-13T07:59:24Z,008b89ea-4ed1-fc48-1724-c52cc51e37d5,3d5fbf38-c781-3e04-8c7e-5a402611b7d4,9ea3eefd-f8af-3db9-ad04-3ee5c98ae6f5,df166300-5a78-3502-a46a-832842197811,wellness,162673000,General examination of patient (procedure),136.80,704.20,604.20,,
ad8029ae-3ef1-fc9f-2ccc-009534f924c9,1997-03-30T16:40:18Z,1997-03-30T16:55:18Z,347ceebf-0248-5a56-14f3-e1e8e8ffb73c,845fbd9b-2d1c-39a8-8261-28ae40e4fab2,67b1afa3-cbff-316b-9918-b97a0a95e398,d18ef2e6-ef40-324c-be54-34a5ee865625,ambulatory,185347001,Encounter for problem,85.55,85.55,50.55,90560007,Gout
706d2b62-221b-a63e-db5f-169a4ef7c458,1991-06-06T13:06:04Z,1991-06-06T14:02:26Z,5c277d8b-8d35-348c-6f7d-2a5e4b865f38,936ceb96-2b12-371f-aa68-ee02a9c06f4c,96cc72ee-77dd-3761-8730-4c299882ecca,8fa6c185-e44e-3e34-8bd8-39be8694f4ce,wellness,162673000,General examination of patient (procedure),136.80,704.20,0.00,,
4a18754f-3b67-0502-020f-90e000c71dee,2025-01-27T07:05:04Z,2025-01-27T07:28:02Z,008b89ea-4ed1-fc48-1724-c52cc51e37d5,bac9dc0c-cb0f-3fa6-aa12-819dd0fb922a,f1b86a25-e93d-3b16-988a-c5fc6aebb448,df166300-5a78-3502-a46a-832842197811,ambulatory,185349003,Encounter for check up (procedure),85.55,108.26,58.26,66383009,Gingivitis (disorder)
61453f83-2fd3-d669-7f3b-4c11d543ad7c,1992-06-11T13:06:04Z,1992-06-11T14:02:37Z,5c277d8b-8d35-348c-6f7d-2a5e4b865f38,936ceb96-2b12-371f-aa68-ee02a9c06f4c,96cc72ee-77dd-3761-8730-4c299882ecca,8fa6c185-e44e-3e34-8bd8-39be8694f4ce,wellness,162673000,General examination of patient (procedure),136.80,704.20,0.00,,
a8a0a88e-6ac9-71af-9dc7-7fffed0ff6f2,2001-06-21T13:06:04Z,2001-06-21T13:45:24Z,5c277d8b-8d35-348c-6f7d-2a5e4b865f38,936ceb96-2b12-371f-aa68-ee02a9c06f4c,96cc72ee-77dd-3761-8730-4c299882ecca,0133f751-9229-3cfd-815f-b6d4979bdd6a,wellness,162673000,General examination of patient (procedure),136.80,923.80,0.00,,
6e58544b-39e8-f615-c792-b44088120d01,1991-12-12T07:05:44Z,1991-12-12T07:20:44Z,df5aea6d-306c-36a4-4183-c9869c1bfb66,bf556284-7513-3620-a10e-5393183a9a87,075a5bc3-b381-3cfc-9e9a-edfc6e7d67aa,26aab0cd-6aba-3e1b-ac5b-05c8867e762c,ambulatory,185345009,Encounter for symptom,85.55,85.55,0.00,232353008,Perennial allergic rhinitis with seasonal variation
545225e4-ea70-2330-49a8-a51f651627b9,2010-07-01T13:06:04Z,2010-07-01T14:04:16Z,5c277d8b-8d35-348c-6f7d-2a5e4b865f38,936ceb96-2b12-371f-aa68-ee02a9c06f4c,96cc72ee-77dd-3761-8730-4c299882ecca,0133f751-9229-3cfd-815f-b6d4979bdd6a,wellness,162673000,General examination of patient (procedure),136.80,8185.53,1254.92,,
028e0777-69a1-003c-8397-70b83b96c7df,1997-04-16T16:40:18Z,1997-04-16T17:12:34Z,347ceebf-0248-5a56-14f3-e1e8e8ffb73c,845fbd9b-2d1c-39a8-8261-28ae40e4fab2,67b1afa3-cbff-316b-9918-b97a0a95e398,d18ef2e6-ef40-324c-be54-34a5ee865625,outpatient,185349003,Encounter for check up (procedure),85.55,5810.57,5775.57,,
642e9654-6a5b-8c0d-69b3-54a60920bba3,2011-07-14T13:06:04Z,2011-07-14T13:55:03Z,5c277d8b-8d35-348c-6f7d-2a5e4b865f38,0fedae9f-701f-3317-9b2f-69aea2202cdc,7fc3c736-8e02-364d-a0cf-d2824bb9949a,a735bf55-83e9-331a-899d-a82a60b9f60c,outpatient,185349003,Encounter for check up (procedure),85.55,7061.35,5649.08,,
d5fa21db-7a84-cde7-b4e4-83bdd1672040,2012-07-12T13:06:04Z,2012-07-12T13:49:26Z,5c277d8b-8d35-348c-6f7d-2a5e4b865f38,936ceb96-2b12-371f-aa68-ee02a9c06f4c,96cc72ee-77dd-3761-8730-4c299882ecca,a735bf55-83e9-331a-899d-a82a60b9f60c,wellness,162673000,General examination of patient (procedure),136.80,14479.19,11583.34,,
5a68ba0b-d17b-3ec6-b781-72ce30ce2d55,1991-12-20T16:05:44Z,1991-12-20T16:39:28Z,df5aea6d-306c-36a4-4183-c9869c1bfb66,bf556284-7513-3620-a10e-5393183a9a87,075a5bc3-b381-3cfc-9e9a-edfc6e7d67aa,26aab0cd-6aba-3e1b-ac5b-05c8867e762c,ambulatory,185347001,Encounter for problem,85.55,516.95,0.00,419199007,Allergy to substance (finding)
3be54704-b015-422c-4ee6-b755e2a940a3,2013-07-18T13:06:04Z,2013-07-18T13:52:59Z,5c277d8b-8d35-348c-6f7d-2a5e4b865f38,936ceb96-2b12-371f-aa68-ee02a9c06f4c,96cc72ee-77dd-3761-8730-4c299882ecca,a735bf55-83e9-331a-899d-a82a60b9f60c,wellness,162673000,General examination of patient (procedure),136.80,4564.39,3651.50,,
cdf69cf6-dfde-819e-bd96-274cbc082dfc,1987-03-12T23:59:04Z,1987-03-13T02:12:41Z,7e65bfa0-5e3b-3515-52aa-bfdef74ffd71,845fbd9b-2d1c-39a8-8261-28ae40e4fab2,67b1afa3-cbff-316b-9918-b97a0a95e398,26aab0cd-6aba-3e1b-ac5b-05c8867e762c,emergency,50849002,Emergency room admission (procedure),146.18,9538.32,4356.73,128613002,Seizure disorder
72f57131-6fd0-b214-23cc-e68eee608e40,1995-03-21T23:59:04Z,1995-03-22T00:18:04Z,7e65bfa0-5e3b-3515-52aa-bfdef74ffd71,44cb1162-a345-3477-8723-c202a3c8cdcd,e2e6ab1e-8746-3a38-bffc-dc394acdf68b,a735bf55-83e9-331a-899d-a82a60b9f60c,wellness,410620009,Well child visit (procedure),136.80,704.20,376.96,,
8592cff3-90ac-23a0-f722-d21cf5c254a1,2004-05-11T23:59:04Z,2004-05-12T00:52:28Z,7e65bfa0-5e3b-3515-52aa-bfdef74ffd71,44cb1162-a345-3477-8723-c202a3c8cdcd,e2e6ab1e-8746-3a38-bffc-dc394acdf68b,26aab0cd-6aba-3e1b-ac5b-05c8867e762c,wellness,162673000,General examination of patient (procedure),136.80,1173.93,0.00,,
05e9c20b-005a-d92c-445e-661618f44796,1998-10-03T08:05:43Z,1998-10-04T08:05:43Z,df5aea6d-306c-36a4-4183-c9869c1bfb66,bf556284-7513-3620-a10e-5393183a9a87,075a5bc3-b381-3cfc-9e9a-edfc6e7d67aa,26aab0cd-6aba-3e1b-ac5b-05c8867e762c,inpatient,32485007,Hospital admission (procedure),146.18,986.38,0.00,,
a761455a-6965-5741-350f-283bbedcad22,2005-03-29T23:59:04Z,2005-03-30T00:36:14Z,7e65bfa0-5e3b-3515-52aa-bfdef74ffd71,845fbd9b-2d1c-39a8-8261-28ae40e4fab2,67b1afa3-cbff-316b-9918-b97a0a95e398,26aab0cd-6aba-3e1b-ac5b-05c8867e762c,ambulatory,185349003,Encounter for check up (procedure),85.55,119.66,0.00,,
431a323d-4a8d-3ccb-db18-b70c74e15535,1997-04-23T16:40:18Z,1997-04-23T17:40:18Z,347ceebf-0248-5a56-14f3-e1e8e8ffb73c,f6ba791e-fe68-3596-bef4-60751db6a60e,2d3f06fe-e324-3585-abe6-47ec7a4fa5fd,d18ef2e6-ef40-324c-be54-34a5ee865625,emergency,182813001,Emergency treatment (procedure),146.18,146.18,111.18,124171000119105,Chronic intractable migraine without aura
1b6e675b-165f-2d06-9164-860226811131,2004-07-17T07:05:44Z,2004-07-17T07:44:07Z,df5aea6d-306c-36a4-4183-c9869c1bfb66,fb4a08b8-57ee-382b-b3cb-43d94f1bb4c0,10012669-42f0-3a57-a45c-6d24131d1c63,26aab0cd-6aba-3e1b-ac5b-05c8867e762c,wellness,162673000,General examination of patient (procedure),136.80,568.20,0.00,,
43ee0365-d6cb-d41a-8713-53995740faa1,2008-08-09T07:05:44Z,2008-08-09T07:44:16Z,df5aea6d-306c-36a4-4183-c9869c1bfb66,bf556284-7513-3620-a10e-5393183a9a87,075a5bc3-b381-3cfc-9e9a-edfc6e7d67aa,26aab0cd-6aba-3e1b-ac5b-05c8867e762c,ambulatory,185349003,Encounter for check up (procedure),85.55,530.21,0.00,103697008,Patient referral for dental care (procedure)
82b315cb-47b1-cbbf-511f-09203f8aca71,2008-05-20T23:59:04Z,2008-05-21T00:46:04Z,7e65bfa0-5e3b-3515-52aa-bfdef74ffd71,44cb1162-a345-3477-8723-c202a3c8cdcd,e2e6ab1e-8746-3a38-bffc-dc394acdf68b,a735bf55-83e9-331a-899d-a82a60b9f60c,wellness,162673000,General examination of patient (procedure),136.80,1458.21,980.16,,
33e8a1ce-080e-6103-fb9f-d42dd2048070,1997-05-07T16:40:18Z,1997-05-07T17:27:25Z,347ceebf-0248-5a56-14f3-e1e8e8ffb73c,845fbd9b-2d1c-39a8-8261-28ae40e4fab2,67b1afa3-cbff-316b-9918-b97a0a95e398,d18ef2e6-ef40-324c-be54-34a5ee865625,outpatient,185349003,Encounter for check up (procedure),85.55,12161.18,12126.18,,
551305d1-a37c-7399-2b04-9e708e09dbd8,2014-07-15T23:59:04Z,2014-07-16T00:53:16Z,7e65bfa0-5e3b-3515-52aa-bfdef74ffd71,ab701a70-a658-340e-8f69-ee196a7d40c6,edf0d455-f46c-3173-98a3-f78d0bde1ab0,a735bf55-83e9-331a-899d-a82a60b9f60c,urgentcare,702927004,Urgent care clinic (environment),142.58,709.98,567.98,,
bbf3cbb7-edd4-de3e-83c1-fe60c813211d,2011-07-30T07:05:44Z,2011-07-30T07:58:16Z,df5aea6d-306c-36a4-4183-c9869c1bfb66,fb4a08b8-57ee-382b-b3cb-43d94f1bb4c0,10012669-42f0-3a57-a45c-6d24131d1c63,26aab0cd-6aba-3e1b-ac5b-05c8867e762c,wellness,162673000,General examination of patient (procedure),136.80,1064.92,0.00,,
2739eef6-d697-2215-18c0-d0908eac1045,2014-04-09T04:06:04Z,2014-04-09T04:21:04Z,5c277d8b-8d35-348c-6f7d-2a5e4b865f38,0fedae9f-701f-3317-9b2f-69aea2202cdc,7fc3c736-8e02-364d-a0cf-d2824bb9949a,a735bf55-83e9-331a-899d-a82a60b9f60c,ambulatory,185345009,Encounter for symptom,85.55,85.55,68.44,444814009,Viral sinusitis (disorder)
edad1330-2ce7-21b8-9230-a994ac95e7ba,2014-07-24T13:06:04Z,2014-07-24T13:39:14Z,5c277d8b-8d35-348c-6f7d-2a5e4b865f38,936ceb96-2b12-371f-aa68-ee02a9c06f4c,96cc72ee-77dd-3761-8730-4c299882ecca,a735bf55-83e9-331a-899d-a82a60b9f60c,wellness,162673000,General examination of patient (procedure),136.80,8626.91,6806.81,,
d0bc19c6-0feb-3b43-4905-6b2522ed2df9,2014-08-02T07:05:44Z,2014-08-02T07:56:27Z,df5aea6d-306c-36a4-4183-c9869c1bfb66,fb4a08b8-57ee-382b-b3cb-43d94f1bb4c0,10012669-42f0-3a57-a45c-6d24131d1c63,26aab0cd-6aba-3e1b-ac5b-05c8867e762c,wellness,162673000,General examination of patient (procedure),136.80,1552.87,0.00,,
26c3b90c-8baa-88a4-8198-6fb5493e568c,2015-09-19T07:05:44Z,2015-09-19T08:17:16Z,df5aea6d-306c-36a4-4183-c9869c1bfb66,bf556284-7513-3620-a10e-5393183a9a87,075a5bc3-b381-3cfc-9e9a-edfc6e7d67aa,26aab0cd-6aba-3e1b-ac5b-05c8867e762c,ambulatory,185349003,Encounter for check up (procedure),85.55,159.18,0.00,103697008,Patient referral for dental care (procedure)
de818ab0-9614-65d0-6ebf-9965e5220108,2020-05-22T23:59:04Z,2020-05-23T00:14:04Z,7e65bfa0-5e3b-3515-52aa-bfdef74ffd71,845fbd9b-2d1c-39a8-8261-28ae40e4fab2,67b1afa3-cbff-316b-9918-b97a0a95e398,a735bf55-83e9-331a-899d-a82a60b9f60c,ambulatory,424619006,Prenatal visit,142.58,1005.38,804.30,156073000,Complete miscarriage (disorder)
764e9a53-6e9f-7564-4da3-d78f7273237d,2022-02-21T01:33:59Z,2022-02-22T01:33:59Z,7e65bfa0-5e3b-3515-52aa-bfdef74ffd71,845fbd9b-2d1c-39a8-8261-28ae40e4fab2,67b1afa3-cbff-316b-9918-b97a0a95e398,a735bf55-83e9-331a-899d-a82a60b9f60c,inpatient,305408004,Admission to surgical department,146.18,3817.64,3054.11,183996000,Sterilization requested (situation)
6b549608-936c-e3ce-f38b-7ecb4fea719c,2023-06-06T23:59:04Z,2023-06-07T00:29:42Z,7e65bfa0-5e3b-3515-52aa-bfdef74ffd71,44cb1162-a345-3477-8723-c202a3c8cdcd,e2e6ab1e-8746-3a38-bffc-dc394acdf68b,a735bf55-83e9-331a-899d-a82a60b9f60c,wellness,162673000,General examination of patient (procedure),136.80,778.78,436.62,,
89444e3c-56a5-0a4a-6657-6fce8a03d2b7,2017-08-05T07:05:44Z,2017-08-05T07:50:33Z,df5aea6d-306c-36a4-4183-c9869c1bfb66,fb4a08b8-57ee-382b-b3cb-43d94f1bb4c0,10012669-42f0-3a57-a45c-6d24131d1c63,26aab0cd-6aba-3e1b-ac5b-05c8867e762c,wellness,162673000,General examination of patient (procedure),136.80,996.16,0.00,,
c37f534b-34c3-9835-ce7e-319b8097affa,2020-08-08T07:05:44Z,2020-08-08T08:04:01Z,df5aea6d-306c-36a4-4183-c9869c1bfb66,fb4a08b8-57ee-382b-b3cb-43d94f1bb4c0,10012669-42f0-3a57-a45c-6d24131d1c63,26aab0cd-6aba-3e1b-ac5b-05c8867e762c,wellness,162673000,General examination of patient (procedure),136.80,1790.74,0.00,,
a46b6504-9735-34b7-3e33-f539a4bca731,2023-08-12T07:05:44Z,2023-08-12T07:46:49Z,df5aea6d-306c-36a4-4183-c9869c1bfb66,fb4a08b8-57ee-382b-b3cb-43d94f1bb4c0,10012669-42f0-3a57-a45c-6d24131d1c63,26aab0cd-6aba-3e1b-ac5b-05c8867e762c,wellness,162673000,General examination of patient (procedure),136.80,860.16,0.00,,
268e9e85-38fb-30a6-4bb5-9052ff18431d,1949-01-26T01:17:30Z,1949-01-26T01:32:30Z,2e23caa4-d831-1f47-c522-0518bab7bd3d,89171335-b9c0-3326-98d6-a837d432b9fd,ba15ec28-3753-3ed5-894f-21afa20d81df,e03e23c9-4df1-3eb6-a62d-f70f02301496,ambulatory,185345009,Encounter for symptom,85.55,85.55,0.00,367498001,Seasonal allergic rhinitis
fed1b6a6-d611-2fb0-be77-de2c051d9472,2023-06-20T23:59:04Z,2023-06-21T00:28:34Z,7e65bfa0-5e3b-3515-52aa-bfdef74ffd71,845fbd9b-2d1c-39a8-8261-28ae40e4fab2,67b1afa3-cbff-316b-9918-b97a0a95e398,a735bf55-83e9-331a-899d-a82a60b9f60c,ambulatory,185349003,Encounter for check up (procedure),85.55,240.03,192.02,,
b0164a83-d375-27fd-489f-b5faef551909,2018-06-25T10:30:11Z,2018-06-25T10:45:11Z,f391ceec-7ec0-370f-b6f4-cc5c78332add,3d5fbf38-c781-3e04-8c7e-5a402611b7d4,9ea3eefd-f8af-3db9-ad04-3ee5c98ae6f5,df166300-5a78-3502-a46a-832842197811,wellness,410620009,Well child visit (procedure),136.80,704.20,604.20,,
3d756bb0-5bcb-dc72-3659-b0ff4d37dacf,1997-05-14T16:40:18Z,1997-05-14T16:55:18Z,347ceebf-0248-5a56-14f3-e1e8e8ffb73c,7b7ce654-a413-37d1-9d34-97240c0ac580,70689406-5000-3e58-982b-fb96061540ac,d18ef2e6-ef40-324c-be54-34a5ee865625,urgentcare,702927004,Urgent care clinic (environment),142.58,13484.09,13449.09,,
3f76518d-4c12-e64e-4187-93c154c4c273,1949-02-03T12:17:30Z,1949-02-03T12:32:30Z,2e23caa4-d831-1f47-c522-0518bab7bd3d,89171335-b9c0-3326-98d6-a837d432b9fd,ba15ec28-3753-3ed5-894f-21afa20d81df,e03e23c9-4df1-3eb6-a62d-f70f02301496,ambulatory,185347001,Encounter for problem,85.55,85.55,0.00,419199007,Allergy to substance (finding)
d0bd8229-d40b-4a49-9127-3368f158eb64,2023-12-05T07:05:44Z,2023-12-05T08:05:44Z,df5aea6d-306c-36a4-4183-c9869c1bfb66,76281d34-caff-30e0-8545-bcdf33182109,fafd6fa9-13b8-34d8-9093-fed2965d5f20,26aab0cd-6aba-3e1b-ac5b-05c8867e762c,emergency,50849002,Emergency room admission (procedure),146.18,146.18,0.00,384709000,Sprain (morphologic abnormality)
1fa55bf0-0cb0-76f7-9753-54301b27ce90,2023-07-24T10:30:11Z,2023-07-24T10:45:11Z,f391ceec-7ec0-370f-b6f4-cc5c78332add,3d5fbf38-c781-3e04-8c7e-5a402611b7d4,9ea3eefd-f8af-3db9-ad04-3ee5c98ae6f5,df166300-5a78-3502-a46a-832842197811,wellness,410620009,Well child visit (procedure),136.80,1383.41,1283.41,,
98634257-8313-2cff-21cb-2146d599a0cb,1964-07-25T01:17:30Z,1964-07-25T02:13:11Z,2e23caa4-d831-1f47-c522-0518bab7bd3d,93c3d861-e05d-33b9-91eb-1768470229d7,7106ddc3-d4c4-34ed-97b7-61e2e30598d9,e03e23c9-4df1-3eb6-a62d-f70f02301496,wellness,162673000,General examination of patient (procedure),136.80,704.20,0.00,,
a931be70-8ed2-15d7-c437-8512df901820,2014-08-07T13:06:04Z,2014-08-07T13:39:30Z,5c277d8b-8d35-348c-6f7d-2a5e4b865f38,0fedae9f-701f-3317-9b2f-69aea2202cdc,7fc3c736-8e02-364d-a0cf-d2824bb9949a,a735bf55-83e9-331a-899d-a82a60b9f60c,ambulatory,185349003,Encounter for check up (procedure),85.55,85.79,68.63,,
4d65ae83-4dbb-bfd7-dbb3-b75878c11465,2024-07-29T10:30:11Z,2024-07-29T10:45:11Z,f391ceec-7ec0-370f-b6f4-cc5c78332add,3d5fbf38-c781-3e04-8c7e-5a402611b7d4,9ea3eefd-f8af-3db9-ad04-3ee5c98ae6f5,df166300-5a78-3502-a46a-832842197811,wellness,410620009,Well child visit (procedure),136.80,1447.13,1347.13,,
c5d899de-5222-ad8f-3513-62cd9d6e0d21,1965-04-06T08:17:30Z,1965-04-06T08:32:30Z,2e23caa4-d831-1f47-c522-0518bab7bd3d,89171335-b9c0-3326-98d6-a837d432b9fd,ba15ec28-3753-3ed5-894f-21afa20d81df,e03e23c9-4df1-3eb6-a62d-f70f02301496,ambulatory,185345009,Encounter for symptom,85.55,92.93,0.00,75498004,Acute bacterial sinusitis (disorder)
0dc47dc5-e53a-3f7c-2c40-d4b07da00883,1968-08-17T01:17:30Z,1968-08-17T02:02:48Z,2e23caa4-d831-1f47-c522-0518bab7bd3d,89171335-b9c0-3326-98d6-a837d432b9fd,ba15ec28-3753-3ed5-894f-21afa20d81df,e03e23c9-4df1-3eb6-a62d-f70f02301496,ambulatory,185349003,Encounter for check up (procedure),85.55,120.20,0.00,103697008,Patient referral for dental care (procedure)
9b1fa5f8-2628-f0e2-416a-993bc03b0096,1971-08-07T01:17:30Z,1971-08-07T02:16:35Z,2e23caa4-d831-1f47-c522-0518bab7bd3d,93c3d861-e05d-33b9-91eb-1768470229d7,7106ddc3-d4c4-34ed-97b7-61e2e30598d9,e03e23c9-4df1-3eb6-a62d-f70f02301496,wellness,162673000,General examination of patient (procedure),136.80,988.42,0.00,,
70e48845-2756-60c6-a9c4-d24ad9a639b6,1983-08-20T01:17:30Z,1983-08-20T02:07:09Z,2e23caa4-d831-1f47-c522-0518bab7bd3d,93c3d861-e05d-33b9-91eb-1768470229d7,7106ddc3-d4c4-34ed-97b7-61e2e30598d9,e03e23c9-4df1-3eb6-a62d-f70f02301496,wellness,162673000,General examination of patient (procedure),136.80,1286.86,0.00,,
962ec489-6b2d-c70e-6a7b-aba5df92d1af,1984-05-22T01:17:30Z,1984-05-22T01:55:04Z,2e23caa4-d831-1f47-c522-0518bab7bd3d,89171335-b9c0-3326-98d6-a837d432b9fd,ba15ec28-3753-3ed5-894f-21afa20d81df,e03e23c9-4df1-3eb6-a62d-f70f02301496,ambulatory,185345009,Encounter for symptom (procedure),85.55,948.35,0.00,39898005,Sleep disorder (disorder)
16eefb40-dd75-8339-a55a-f8e30f7ae4b0,1984-06-23T02:54:57Z,1984-06-24T02:54:57Z,2e23caa4-d831-1f47-c522-0518bab7bd3d,89171335-b9c0-3326-98d6-a837d432b9fd,ba15ec28-3753-3ed5-894f-21afa20d81df,a735bf55-83e9-331a-899d-a82a60b9f60c,inpatient,185347001,Encounter for problem (procedure),87.71,972.30,777.84,39898005,Sleep disorder (disorder)
814ce1fd-fb18-76ac-3683-52d90acf49b5,1986-06-07T01:17:30Z,1986-06-07T01:54:34Z,2e23caa4-d831-1f47-c522-0518bab7bd3d,93c3d861-e05d-33b9-91eb-1768470229d7,7106ddc3-d4c4-34ed-97b7-61e2e30598d9,a735bf55-83e9-331a-899d-a82a60b9f60c,wellness,162673000,General examination of patient (procedure),136.80,1400.48,934.70,,
bea65a6b-0a67-3d50-a743-cb883bf21221,2015-12-12T07:50:41Z,2015-12-12T08:05:41Z,0be6dff2-7cc7-d519-e658-40467b7eeebc,de29a374-221b-3cb4-8051-a02c1a35e5b7,d6928054-aa5c-3b29-8a0f-73b01cede017,26aab0cd-6aba-3e1b-ac5b-05c8867e762c,wellness,410620009,Well child visit (procedure),136.80,704.20,0.00,,
1cf03e3a-8adf-0a7b-d52d-66807453c7ba,2024-03-02T07:05:44Z,2024-03-02T07:53:09Z,df5aea6d-306c-36a4-4183-c9869c1bfb66,bf556284-7513-3620-a10e-5393183a9a87,075a5bc3-b381-3cfc-9e9a-edfc6e7d67aa,26aab0cd-6aba-3e1b-ac5b-05c8867e762c,outpatient,185349003,Encounter for check up (procedure),85.55,950.03,0.00,,
29efd30c-0872-5282-61fd-4aa8b2d98250,2014-09-30T01:06:04Z,2014-09-30T01:21:04Z,5c277d8b-8d35-348c-6f7d-2a5e4b865f38,0fedae9f-701f-3317-9b2f-69aea2202cdc,7fc3c736-8e02-364d-a0cf-d2824bb9949a,a735bf55-83e9-331a-899d-a82a60b9f60c,ambulatory,185345009,Encounter for symptom,85.55,85.55,68.44,195662009,Acute viral pharyngitis (disorder)
d7f5cddf-1fc0-332d-1285-7a1f84937ce0,2015-07-30T13:06:04Z,2015-07-30T14:03:39Z,5c277d8b-8d35-348c-6f7d-2a5e4b865f38,936ceb96-2b12-371f-aa68-ee02a9c06f4c,96cc72ee-77dd-3761-8730-4c299882ecca,a735bf55-83e9-331a-899d-a82a60b9f60c,wellness,162673000,General examination of patient (procedure),136.80,14195.71,11310.99,,
e281859b-62e7-0838-2680-874fc7d89b6e,1987-06-13T01:17:30Z,1987-06-13T02:01:18Z,2e23caa4-d831-1f47-c522-0518bab7bd3d,93c3d861-e05d-33b9-91eb-1768470229d7,7106ddc3-d4c4-34ed-97b7-61e2e30598d9,a735bf55-83e9-331a-899d-a82a60b9f60c,wellness,162673000,General examination of patient (procedure),136.80,778.78,436.98,,
a62e16e2-79d3-83fc-b2a9-948601a57fac,2016-05-01T07:50:41Z,2016-05-01T08:05:41Z,0be6dff2-7cc7-d519-e658-40467b7eeebc,a6964d47-8af0-3df2-b99d-d8414eb1cfa3,1e7e6183-8666-3962-99a3-2f0f98b9df7e,26aab0cd-6aba-3e1b-ac5b-05c8867e762c,ambulatory,424619006,Prenatal visit,142.58,1005.38,603.23,35999006,Blighted ovum
565ed97a-4cdd-b315-aed0-e3212c933f85,1996-08-17T01:17:30Z,1996-08-17T02:17:54Z,2e23caa4-d831-1f47-c522-0518bab7bd3d,89171335-b9c0-3326-98d6-a837d432b9fd,ba15ec28-3753-3ed5-894f-21afa20d81df,a735bf55-83e9-331a-899d-a82a60b9f60c,ambulatory,185349003,Encounter for check up (procedure),85.55,225.32,180.25,,
cae75daf-31a4-5c00-9f1a-33a571bb6fe2,2007-02-12T00:02:07Z,2007-02-12T01:02:07Z,e7264aad-8a07-d44d-940c-2b014fc31762,d4b9a3f0-210d-3e46-a2c7-e099658ac543,e41ac84e-924c-3fec-bb40-086aad616a30,df166300-5a78-3502-a46a-832842197811,emergency,182813001,Emergency treatment (procedure),146.18,146.18,96.18,124171000119105,Chronic intractable migraine without aura
aa06a9ee-2419-aea3-9f8e-875c2325eeb5,1997-05-21T16:40:18Z,1997-05-21T17:15:06Z,347ceebf-0248-5a56-14f3-e1e8e8ffb73c,845fbd9b-2d1c-39a8-8261-28ae40e4fab2,67b1afa3-cbff-316b-9918-b97a0a95e398,d18ef2e6-ef40-324c-be54-34a5ee865625,ambulatory,185349003,Encounter for check up (procedure),85.55,86.26,51.26,,
5f5f4426-f466-4f2f-8a14-2a34e62f02da,2007-05-18T00:02:07Z,2007-05-18T01:02:07Z,e7264aad-8a07-d44d-940c-2b014fc31762,d4b9a3f0-210d-3e46-a2c7-e099658ac543,e41ac84e-924c-3fec-bb40-086aad616a30,df166300-5a78-3502-a46a-832842197811,emergency,182813001,Emergency treatment (procedure),146.18,5308.14,5258.14,196416002,Impacted molars
de47e67d-517e-8fb5-1650-9eabb16c446f,2007-09-04T00:02:07Z,2007-09-04T01:02:07Z,e7264aad-8a07-d44d-940c-2b014fc31762,d4b9a3f0-210d-3e46-a2c7-e099658ac543,e41ac84e-924c-3fec-bb40-086aad616a30,df166300-5a78-3502-a46a-832842197811,emergency,183452005,Emergency hospital admission (procedure),87.71,87.71,37.71,82423001,Chronic pain
67627994-cb2b-dd59-d3a9-af18d49c12cd,2024-03-02T22:05:44Z,2024-03-02T22:20:44Z,df5aea6d-306c-36a4-4183-c9869c1bfb66,bf556284-7513-3620-a10e-5393183a9a87,075a5bc3-b381-3cfc-9e9a-edfc6e7d67aa,26aab0cd-6aba-3e1b-ac5b-05c8867e762c,ambulatory,185345009,Encounter for symptom,85.55,85.55,0.00,444814009,Viral sinusitis (disorder)
e235329b-f1da-6ef3-61ca-071881e54694,2010-09-06T00:02:07Z,2010-09-06T00:51:26Z,e7264aad-8a07-d44d-940c-2b014fc31762,d70d47dc-b40c-3a04-8342-35cbfe716409,9b8ecd0d-4165-3d7c-8fbc-c3fd8fdf104a,df166300-5a78-3502-a46a-832842197811,wellness,162673000,General examination of patient (procedure),136.80,919.90,819.90,,
758513f7-dfe3-ab80-954c-39526b57b3e1,2018-12-29T07:50:41Z,2018-12-29T08:40:00Z,0be6dff2-7cc7-d519-e658-40467b7eeebc,de29a374-221b-3cb4-8051-a02c1a35e5b7,d6928054-aa5c-3b29-8a0f-73b01cede017,26aab0cd-6aba-3e1b-ac5b-05c8867e762c,wellness,162673000,General examination of patient (procedure),136.80,704.20,0.00,,
6bfeb472-1cf3-ac04-91b1-e796d246f5cb,2011-09-12T00:02:07Z,2011-09-12T00:41:29Z,e7264aad-8a07-d44d-940c-2b014fc31762,d70d47dc-b40c-3a04-8342-35cbfe716409,9b8ecd0d-4165-3d7c-8fbc-c3fd8fdf104a,df166300-5a78-3502-a46a-832842197811,wellness,162673000,General examination of patient (procedure),136.80,919.90,857.61,,
7696e0b0-6dab-c9e8-299b-16640b847515,2019-01-05T07:50:41Z,2019-01-06T07:50:41Z,0be6dff2-7cc7-d519-e658-40467b7eeebc,a6964d47-8af0-3df2-b99d-d8414eb1cfa3,1e7e6183-8666-3962-99a3-2f0f98b9df7e,26aab0cd-6aba-3e1b-ac5b-05c8867e762c,inpatient,32485007,Hospital admission (procedure),146.18,404.31,0.00,,
f2a57f77-60e3-56d9-ad53-4ec029bb59fb,2023-01-07T07:50:41Z,2023-01-07T08:25:06Z,0be6dff2-7cc7-d519-e658-40467b7eeebc,de29a374-221b-3cb4-8051-a02c1a35e5b7,d6928054-aa5c-3b29-8a0f-73b01cede017,26aab0cd-6aba-3e1b-ac5b-05c8867e762c,wellness,162673000,General examination of patient (procedure),136.80,1950.29,0.00,,
8440af9f-48a4-12be-a0a4-78e5cd838b17,2016-07-22T00:02:07Z,2016-07-22T05:02:07Z,e7264aad-8a07-d44d-940c-2b014fc31762,d4b9a3f0-210d-3e46-a2c7-e099658ac543,e41ac84e-924c-3fec-bb40-086aad616a30,df166300-5a78-3502-a46a-832842197811,emergency,50849002,Emergency room admission (procedure),146.18,146.18,0.00,55680006,Drug overdose
0c666e66-53e5-aa53-1978-5da309b67c24,1997-06-04T16:40:18Z,1997-06-04T17:35:26Z,347ceebf-0248-5a56-14f3-e1e8e8ffb73c,845fbd9b-2d1c-39a8-8261-28ae40e4fab2,67b1afa3-cbff-316b-9918-b97a0a95e398,d18ef2e6-ef40-324c-be54-34a5ee865625,outpatient,185349003,Encounter for check up (procedure),85.55,6026.27,5991.27,,
8e6cec7c-4c25-03ea-471c-99d3ef5c4b6d,2016-09-09T05:02:07Z,2016-09-09T06:02:29Z,e7264aad-8a07-d44d-940c-2b014fc31762,3b021cb6-4745-3d9d-8436-230055f770bd,30f202c7-d0f5-33ca-9df6-69e7646cf052,df166300-5a78-3502-a46a-832842197811,ambulatory,185347001,Encounter for problem (procedure),85.55,516.95,463.13,6525002,Dependent drug abuse (disorder)
2e43973c-7830-83fd-a5e5-bd95263255c0,2024-03-16T07:05:44Z,2024-03-16T08:03:32Z,df5aea6d-306c-36a4-4183-c9869c1bfb66,bf556284-7513-3620-a10e-5393183a9a87,075a5bc3-b381-3cfc-9e9a-edfc6e7d67aa,26aab0cd-6aba-3e1b-ac5b-05c8867e762c,ambulatory,185349003,Encounter for check up (procedure),85.55,105.88,0.00,66383009,Gingivitis (disorder)
a70f7c00-5025-bcfd-d883-e237ee7e0e36,2025-10-08T14:05:44Z,2025-10-08T14:20:44Z,df5aea6d-306c-36a4-4183-c9869c1bfb66,bf556284-7513-3620-a10e-5393183a9a87,075a5bc3-b381-3cfc-9e9a-edfc6e7d67aa,26aab0cd-6aba-3e1b-ac5b-05c8867e762c,ambulatory,185345009,Encounter for symptom,85.55,85.55,0.00,43878008,Streptococcal sore throat (disorder)
6b3699da-4f2c-c2b3-fc2c-04e6d6f1f3ad,2020-09-21T00:02:07Z,2020-09-21T01:00:37Z,e7264aad-8a07-d44d-940c-2b014fc31762,d70d47dc-b40c-3a04-8342-35cbfe716409,9b8ecd0d-4165-3d7c-8fbc-c3fd8fdf104a,df166300-5a78-3502-a46a-832842197811,wellness,162673000,General examination of patient (procedure),136.80,917.00,917.00,,
b6b2f009-24a7-9024-fd9d-eff43c88fc13,2023-01-21T07:50:41Z,2023-01-21T08:54:47Z,0be6dff2-7cc7-d519-e658-40467b7eeebc,a6964d47-8af0-3df2-b99d-d8414eb1cfa3,1e7e6183-8666-3962-99a3-2f0f98b9df7e,26aab0cd-6aba-3e1b-ac5b-05c8867e762c,ambulatory,185349003,Encounter for check up (procedure),85.55,151.81,0.00,66383009,Gingivitis (disorder)
d2ef0378-3d14-bfc0-e2eb-90ce31f137b1,1996-09-06T01:17:30Z,1996-09-06T02:17:30Z,2e23caa4-d831-1f47-c522-0518bab7bd3d,74ab949d-17ac-3309-83a0-13b4405c66aa,8d32509a-2844-3440-aac1-59efe106054b,a735bf55-83e9-331a-899d-a82a60b9f60c,emergency,50849002,Emergency room admission (procedure),146.18,10398.49,8318.78,22298006,Myocardial infarction (disorder)
5d3bdf7b-e568-7129-4e6e-494bbec60880,2023-07-23T13:58:02Z,2023-07-23T14:13:02Z,0be6dff2-7cc7-d519-e658-40467b7eeebc,a6964d47-8af0-3df2-b99d-d8414eb1cfa3,1e7e6183-8666-3962-99a3-2f0f98b9df7e,26aab0cd-6aba-3e1b-ac5b-05c8867e762c,outpatient,698314001,Consultation for treatment,142.58,142.58,0.00,389095005,Contraception care (regime/therapy)
2a30e7b8-80de-862b-350b-e0ae97915fdd,2025-02-01T07:50:41Z,2025-02-01T08:05:41Z,0be6dff2-7cc7-d519-e658-40467b7eeebc,a6964d47-8af0-3df2-b99d-d8414eb1cfa3,1e7e6183-8666-3962-99a3-2f0f98b9df7e,26aab0cd-6aba-3e1b-ac5b-05c8867e762c,ambulatory,424441002,Prenatal initial visit,142.58,39891.48,20278.47,72892002,Normal pregnancy
2cdf0adb-c2ea-8053-103f-65b87c2d1bbd,2025-01-05T10:42:59Z,2025-01-05T11:42:59Z,f391ceec-7ec0-370f-b6f4-cc5c78332add,11ba6a26-59b4-3728-a268-6dc9929962b4,50ca475f-09e6-3183-8488-9f09edf922ae,df166300-5a78-3502-a46a-832842197811,emergency,50849002,Emergency room admission (procedure),146.18,146.18,96.18,48333001,Burn injury (morphologic abnormality)
08b26670-a58f-956f-c913-45c696d8eb63,1996-09-06T02:10:57Z,1996-09-07T21:25:14Z,2e23caa4-d831-1f47-c522-0518bab7bd3d,74ab949d-17ac-3309-83a0-13b4405c66aa,8d32509a-2844-3440-aac1-59efe106054b,a735bf55-83e9-331a-899d-a82a60b9f60c,inpatient,32485007,Hospital admission (procedure),146.18,10695.98,8556.78,401314000,Acute non-ST segment elevation myocardial infarction (disorder)
bd3cb5e6-813f-1a87-5c2d-b44d96e8bdfe,2020-10-13T02:56:13Z,2020-10-13T03:11:13Z,e7264aad-8a07-d44d-940c-2b014fc31762,3b021cb6-4745-3d9d-8436-230055f770bd,30f202c7-d0f5-33ca-9df6-69e7646cf052,df166300-5a78-3502-a46a-832842197811,ambulatory,185347001,Encounter for problem,85.55,160.13,110.13,271737000,Anemia (disorder)
0cc7b0fa-968d-32e7-820a-23a0d971ea0d,2021-10-25T00:02:07Z,2021-10-25T00:53:58Z,e7264aad-8a07-d44d-940c-2b014fc31762,5ba6765a-f335-36b0-9c6a-6bb494c5330d,b5bc9718-1bf6-3add-9bd4-1139365887ea,df166300-5a78-3502-a46a-832842197811,urgentcare,702927004,Urgent care clinic (environment),142.58,784.56,734.56,,
34fd43a5-86b3-8e33-6e2a-998b0cf4b08d,2021-12-06T00:02:07Z,2021-12-06T00:17:07Z,e7264aad-8a07-d44d-940c-2b014fc31762,3b021cb6-4745-3d9d-8436-230055f770bd,30f202c7-d0f5-33ca-9df6-69e7646cf052,df166300-5a78-3502-a46a-832842197811,outpatient,185349003,Encounter for check up (procedure),85.55,357.55,307.55,,
b26e9284-45a7-8cf4-f6d1-ea6cf3c9082b,2023-01-30T05:06:24Z,2023-01-30T06:34:43Z,e7264aad-8a07-d44d-940c-2b014fc31762,3b021cb6-4745-3d9d-8436-230055f770bd,30f202c7-d0f5-33ca-9df6-69e7646cf052,df166300-5a78-3502-a46a-832842197811,ambulatory,185347001,Encounter for problem (procedure),85.55,516.95,463.13,6525002,Dependent drug abuse (disorder)
7537f959-dd0f-7adb-8f85-aa080226c583,2015-08-06T13:06:04Z,2015-08-18T07:06:04Z,5c277d8b-8d35-348c-6f7d-2a5e4b865f38,b954c464-11ea-312b-a3f8-1350775bfa54,9033c4ec-4d79-3c1e-a7d4-13b8cc94dc69,a735bf55-83e9-331a-899d-a82a60b9f60c,hospice,305336008,Admission to hospice (procedure),137.53,5314.33,4251.46,,
6abc7437-13b8-05f4-399c-bb1edfce76dd,1973-02-18T21:11:31Z,1973-02-18T23:43:19Z,ecef6aac-d3b9-ef3f-8bb0-9a7c6364813e,4ffa4412-1493-3beb-b8f0-6614dde953a4,a0951dfd-f7ec-379e-9745-65b945611c0e,df166300-5a78-3502-a46a-832842197811,ambulatory,185349003,Encounter for check up (procedure),85.55,443.41,393.41,103697008,Patient referral for dental care (procedure)
9a8d193a-dc9e-061b-b576-8a40ee435184,2023-09-25T00:02:07Z,2023-09-25T00:49:28Z,e7264aad-8a07-d44d-940c-2b014fc31762,d70d47dc-b40c-3a04-8342-35cbfe716409,9b8ecd0d-4165-3d7c-8fbc-c3fd8fdf104a,df166300-5a78-3502-a46a-832842197811,wellness,162673000,General examination of patient (procedure),136.80,1279.58,1179.58,,
535bdcb1-8c9e-9162-d602-4098333ba6ca,2001-09-01T01:17:30Z,2001-09-01T02:08:30Z,2e23caa4-d831-1f47-c522-0518bab7bd3d,93c3d861-e05d-33b9-91eb-1768470229d7,7106ddc3-d4c4-34ed-97b7-61e2e30598d9,a735bf55-83e9-331a-899d-a82a60b9f60c,wellness,162673000,General examination of patient (procedure),136.80,1359.34,901.42,,
ab902d10-6d1a-4de8-603c-168aa584508d,1997-06-11T16:40:18Z,1997-06-11T16:55:18Z,347ceebf-0248-5a56-14f3-e1e8e8ffb73c,25c85bcc-7e25-36bc-89e8-08e0d473db23,82a921c3-7aad-3ef1-bc6a-7eee2c0fd2b3,d18ef2e6-ef40-324c-be54-34a5ee865625,wellness,162673000,General examination of patient (procedure),136.80,5888.54,5853.54,,
69b52d5f-b5f0-af6a-bf92-aecd4dab5059,2002-09-07T01:17:30Z,2002-09-07T02:11:08Z,2e23caa4-d831-1f47-c522-0518bab7bd3d,93c3d861-e05d-33b9-91eb-1768470229d7,7106ddc3-d4c4-34ed-97b7-61e2e30598d9,a735bf55-83e9-331a-899d-a82a60b9f60c,wellness,162673000,General examination of patient (procedure),136.80,1359.34,1087.46,,
b5e9bd5b-d627-50e5-7a6f-e118ad9d854b,2023-10-09T00:02:07Z,2023-10-09T00:23:24Z,e7264aad-8a07-d44d-940c-2b014fc31762,3b021cb6-4745-3d9d-8436-230055f770bd,30f202c7-d0f5-33ca-9df6-69e7646cf052,df166300-5a78-3502-a46a-832842197811,ambulatory,185349003,Encounter for check up (procedure),85.55,240.13,190.13,66383009,Gingivitis (disorder)
ac1f9a50-fe4f-89b2-4b12-9c47838d2fef,1997-06-18T16:40:18Z,1997-06-18T19:06:18Z,347ceebf-0248-5a56-14f3-e1e8e8ffb73c,845fbd9b-2d1c-39a8-8261-28ae40e4fab2,67b1afa3-cbff-316b-9918-b97a0a95e398,d18ef2e6-ef40-324c-be54-34a5ee865625,ambulatory,185349003,Encounter for check up (procedure),85.55,1891.25,1856.25,,
77f6216b-d08a-bbe3-730d-54642e973845,2002-11-09T01:17:30Z,2002-11-09T02:03:01Z,2e23caa4-d831-1f47-c522-0518bab7bd3d,a14e698d-a9ba-3eae-9c8b-682ec726433d,158873e1-6ad5-3918-9e3d-6cc41f2eab01,a735bf55-83e9-331a-899d-a82a60b9f60c,urgentcare,702927004,Urgent care clinic (environment),142.58,1154.54,923.62,,
b42ef524-650f-eff3-7d2e-636dc3fe74f8,2002-12-21T01:17:30Z,2002-12-21T01:50:37Z,2e23caa4-d831-1f47-c522-0518bab7bd3d,89171335-b9c0-3326-98d6-a837d432b9fd,ba15ec28-3753-3ed5-894f-21afa20d81df,a735bf55-83e9-331a-899d-a82a60b9f60c,ambulatory,185349003,Encounter for check up (procedure),85.55,245.02,196.02,,
e4f869e7-9976-5692-bf3f-e43bdd40b77f,2004-01-31T01:17:30Z,2004-01-31T02:01:20Z,2e23caa4-d831-1f47-c522-0518bab7bd3d,89171335-b9c0-3326-98d6-a837d432b9fd,ba15ec28-3753-3ed5-894f-21afa20d81df,a735bf55-83e9-331a-899d-a82a60b9f60c,outpatient,185349003,Encounter for check up (procedure),85.55,1449.21,1159.36,,
03f67005-1df4-2d07-bf97-fac3f14018cf,2024-05-24T05:05:37Z,2024-05-24T05:20:37Z,6edc389e-1660-7ac7-cb60-b9cfb1a63a5d,aad05540-c9cb-3805-b3c4-f9b9d9b42b2e,cc0a4418-fbc3-31a5-8b27-f5c684a9b4d6,df166300-5a78-3502-a46a-832842197811,wellness,410620009,Well child visit (procedure),136.80,347.38,247.38,,
32b564a7-a57f-ce65-e7ce-58081ffecc50,2015-08-20T13:06:04Z,2015-08-20T13:21:04Z,5c277d8b-8d35-348c-6f7d-2a5e4b865f38,936ceb96-2b12-371f-aa68-ee02a9c06f4c,96cc72ee-77dd-3761-8730-4c299882ecca,a735bf55-83e9-331a-899d-a82a60b9f60c,wellness,308646001,Death Certification,136.80,211.38,169.10,185086009,Chronic obstructive bronchitis (disorder)
97a42757-a374-0ead-c1be-45690392b85a,2024-06-28T05:05:37Z,2024-06-28T05:20:37Z,6edc389e-1660-7ac7-cb60-b9cfb1a63a5d,aad05540-c9cb-3805-b3c4-f9b9d9b42b2e,cc0a4418-fbc3-31a5-8b27-f5c684a9b4d6,df166300-5a78-3502-a46a-832842197811,wellness,410620009,Well child visit (procedure),136.80,272.80,272.80,,
9f17252d-1c45-6fdf-c1a5-ebc0878e1bf9,2024-08-30T05:05:37Z,2024-08-30T05:20:37Z,6edc389e-1660-7ac7-cb60-b9cfb1a63a5d,aad05540-c9cb-3805-b3c4-f9b9d9b42b2e,cc0a4418-fbc3-31a5-8b27-f5c684a9b4d6,df166300-5a78-3502-a46a-832842197811,wellness,410620009,Well child visit (procedure),136.80,816.80,816.80,,
6e0f5906-bbcf-a8db-0d9a-01a8d37e97b1,2024-11-01T05:05:37Z,2024-11-01T05:20:37Z,6edc389e-1660-7ac7-cb60-b9cfb1a63a5d,aad05540-c9cb-3805-b3c4-f9b9d9b42b2e,cc0a4418-fbc3-31a5-8b27-f5c684a9b4d6,df166300-5a78-3502-a46a-832842197811,wellness,410620009,Well child visit (procedure),136.80,1032.50,1032.50,,
ec9ac36b-104e-83cd-4834-2ec702c892e1,1997-07-09T16:40:18Z,1997-07-09T17:27:12Z,347ceebf-0248-5a56-14f3-e1e8e8ffb73c,845fbd9b-2d1c-39a8-8261-28ae40e4fab2,67b1afa3-cbff-316b-9918-b97a0a95e398,d18ef2e6-ef40-324c-be54-34a5ee865625,outpatient,185349003,Encounter for check up (procedure),85.55,6488.40,6453.40,,
1b244dea-d3c5-78db-4f9a-0d607ab0795b,2025-02-01T07:50:41Z,2025-02-01T09:07:57Z,0be6dff2-7cc7-d519-e658-40467b7eeebc,a6964d47-8af0-3df2-b99d-d8414eb1cfa3,1e7e6183-8666-3962-99a3-2f0f98b9df7e,26aab0cd-6aba-3e1b-ac5b-05c8867e762c,ambulatory,185347001,Encounter for problem,85.55,919.39,919.39,271737000,Anemia (disorder)
9412b77b-2026-78b5-b388-6c0653aee130,2025-01-05T10:42:59Z,2025-01-13T10:57:59Z,f391ceec-7ec0-370f-b6f4-cc5c78332add,62ccfb55-1f60-3450-a607-706bedc9ef4e,5153fcfd-ffee-3c9f-9606-baa4207efb98,df166300-5a78-3502-a46a-832842197811,snf,449411000124106,Admission to skilled nursing facility (procedure),110.92,9754.92,9704.92,25675004,Patient transfer to skilled nursing facility (procedure)
c0db9dcc-1e33-7311-45a5-577540e960fa,2024-01-17T06:34:43Z,2024-01-17T08:00:33Z,e7264aad-8a07-d44d-940c-2b014fc31762,3b021cb6-4745-3d9d-8436-230055f770bd,30f202c7-d0f5-33ca-9df6-69e7646cf052,df166300-5a78-3502-a46a-832842197811,ambulatory,185347001,Encounter for problem (procedure),85.55,516.95,466.95,6525002,Dependent drug abuse (disorder)
0586e530-e47a-7b8a-f8a0-e6736b3623f5,2024-04-12T08:00:33Z,2024-04-13T00:00:33Z,e7264aad-8a07-d44d-940c-2b014fc31762,d4b9a3f0-210d-3e46-a2c7-e099658ac543,e41ac84e-924c-3fec-bb40-086aad616a30,df166300-5a78-3502-a46a-832842197811,emergency,50849002,Emergency room admission (procedure),146.18,146.18,96.18,55680006,Drug overdose
dfb3ba0e-ab38-8a3b-494a-eff242e859a2,2023-07-25T09:41:47Z,2023-07-25T09:56:47Z,0181add8-7552-9d46-3b97-e5be012f489b,9fdce5d5-d4d0-3156-a8d5-8757bfe4e9b3,fd5b5663-ee2a-351e-a744-cd9022a42ab2,734afbd6-4794-363b-9bc0-6a3981533ed5,wellness,410620009,Well child visit (procedure),136.80,1210.77,0.00,,
0234c006-22e8-a50a-df85-aa158c7db4dd,2025-03-01T09:07:57Z,2025-03-01T09:22:57Z,0be6dff2-7cc7-d519-e658-40467b7eeebc,a6964d47-8af0-3df2-b99d-d8414eb1cfa3,1e7e6183-8666-3962-99a3-2f0f98b9df7e,26aab0cd-6aba-3e1b-ac5b-05c8867e762c,ambulatory,424619006,Prenatal visit,142.58,12325.38,12325.38,72892002,Normal pregnancy
f93ce55d-1d3a-ca7f-f8c1-3645cbfdd9d3,2006-03-04T01:17:30Z,2006-03-04T05:25:53Z,2e23caa4-d831-1f47-c522-0518bab7bd3d,89171335-b9c0-3326-98d6-a837d432b9fd,ba15ec28-3753-3ed5-894f-21afa20d81df,a735bf55-83e9-331a-899d-a82a60b9f60c,ambulatory,185349003,Encounter for check up (procedure),85.55,1286.93,1029.54,,
4511ba16-8424-e457-bed7-3f6ae1c74e2d,2006-09-02T01:17:30Z,2006-09-02T02:05:36Z,2e23caa4-d831-1f47-c522-0518bab7bd3d,89171335-b9c0-3326-98d6-a837d432b9fd,ba15ec28-3753-3ed5-894f-21afa20d81df,a735bf55-83e9-331a-899d-a82a60b9f60c,ambulatory,185349003,Encounter for check up (procedure),85.55,182.77,146.22,,
f42dd597-986a-bd4a-bed8-3449396f62cb,2008-02-18T00:27:59Z,2008-02-19T00:27:59Z,2e23caa4-d831-1f47-c522-0518bab7bd3d,74ab949d-17ac-3309-83a0-13b4405c66aa,8d32509a-2844-3440-aac1-59efe106054b,a735bf55-83e9-331a-899d-a82a60b9f60c,inpatient,32485007,Hospital admission (procedure),146.18,6402.34,5121.87,60234000,Aortic valve regurgitation (disorder)
c24b2af9-551d-82a5-8874-299a95c871b4,2011-10-01T01:17:30Z,2011-10-01T03:40:25Z,2e23caa4-d831-1f47-c522-0518bab7bd3d,89171335-b9c0-3326-98d6-a837d432b9fd,ba15ec28-3753-3ed5-894f-21afa20d81df,a735bf55-83e9-331a-899d-a82a60b9f60c,ambulatory,185349003,Encounter for check up (procedure),85.55,292.87,234.29,,
2911ef24-ffaa-5aff-fb1d-c73b266ef541,2013-01-26T01:17:30Z,2013-01-26T01:54:22Z,2e23caa4-d831-1f47-c522-0518bab7bd3d,89171335-b9c0-3326-98d6-a837d432b9fd,ba15ec28-3753-3ed5-894f-21afa20d81df,a735bf55-83e9-331a-899d-a82a60b9f60c,ambulatory,185349003,Encounter for check up (procedure),85.55,94.61,75.69,,
cc2e4d66-72cc-6399-6d50-88b19bc19eb3,2013-12-28T02:19:47Z,2013-12-28T02:43:32Z,2e23caa4-d831-1f47-c522-0518bab7bd3d,89171335-b9c0-3326-98d6-a837d432b9fd,ba15ec28-3753-3ed5-894f-21afa20d81df,a735bf55-83e9-331a-899d-a82a60b9f60c,ambulatory,185349003,Encounter for check up (procedure),85.55,91.49,73.19,,
bb3a7841-43d8-b114-69f1-d8d406b06b01,2015-05-09T01:17:30Z,2015-05-09T01:48:03Z,2e23caa4-d831-1f47-c522-0518bab7bd3d,89171335-b9c0-3326-98d6-a837d432b9fd,ba15ec28-3753-3ed5-894f-21afa20d81df,a735bf55-83e9-331a-899d-a82a60b9f60c,ambulatory,185349003,Encounter for check up (procedure),85.55,85.55,68.44,,
23a318e2-8a6e-ad35-ea2f-d0a6ca0908ef,1983-04-10T21:11:31Z,1983-04-10T21:26:31Z,ecef6aac-d3b9-ef3f-8bb0-9a7c6364813e,4fa643ae-1f58-3c2e-9f33-0ba56345ad10,34ce9b60-b439-3880-b344-5b6f73b2d7d1,df166300-5a78-3502-a46a-832842197811,wellness,410620009,Well child visit (procedure),136.80,704.20,554.20,,
e490eede-5b97-fd9a-b317-f847e088dbe7,2025-01-31T05:05:37Z,2025-01-31T05:20:37Z,6edc389e-1660-7ac7-cb60-b9cfb1a63a5d,aad05540-c9cb-3805-b3c4-f9b9d9b42b2e,cc0a4418-fbc3-31a5-8b27-f5c684a9b4d6,df166300-5a78-3502-a46a-832842197811,wellness,410620009,Well child visit (procedure),136.80,816.80,816.80,,
61e9376b-2f44-cac7-002c-796fd393658c,2018-05-26T01:17:30Z,2018-05-26T02:09:19Z,2e23caa4-d831-1f47-c522-0518bab7bd3d,89171335-b9c0-3326-98d6-a837d432b9fd,ba15ec28-3753-3ed5-894f-21afa20d81df,a735bf55-83e9-331a-899d-a82a60b9f60c,ambulatory,185349003,Encounter for check up (procedure),85.55,255.40,204.32,,
06d38b35-864e-6fd8-cffe-7f6575cc1b40,2020-07-18T01:17:30Z,2020-07-18T02:46:20Z,2e23caa4-d831-1f47-c522-0518bab7bd3d,89171335-b9c0-3326-98d6-a837d432b9fd,ba15ec28-3753-3ed5-894f-21afa20d81df,a735bf55-83e9-331a-899d-a82a60b9f60c,ambulatory,185349003,Encounter for check up (procedure),85.55,529.04,423.23,,
b0fac46e-d778-a12c-0343-2f3f72de75e5,2021-10-02T01:17:30Z,2021-10-02T01:32:30Z,2e23caa4-d831-1f47-c522-0518bab7bd3d,89171335-b9c0-3326-98d6-a837d432b9fd,ba15ec28-3753-3ed5-894f-21afa20d81df,a735bf55-83e9-331a-899d-a82a60b9f60c,ambulatory,185349003,Encounter for check up (procedure),85.55,85.55,68.44,,
cc559f1b-74d8-aa74-2fd1-5d6e77940d68,2022-06-25T01:17:30Z,2022-06-25T02:12:15Z,2e23caa4-d831-1f47-c522-0518bab7bd3d,89171335-b9c0-3326-98d6-a837d432b9fd,ba15ec28-3753-3ed5-894f-21afa20d81df,a735bf55-83e9-331a-899d-a82a60b9f60c,outpatient,185349003,Encounter for check up (procedure),85.55,1097.51,796.28,,
9be2b88d-de68-1e23-cd27-04ff6d58b556,1984-04-15T21:11:31Z,1984-04-15T21:48:13Z,ecef6aac-d3b9-ef3f-8bb0-9a7c6364813e,4fa643ae-1f58-3c2e-9f33-0ba56345ad10,34ce9b60-b439-3880-b344-5b6f73b2d7d1,df166300-5a78-3502-a46a-832842197811,wellness,162673000,General examination of patient (procedure),136.80,919.90,769.90,,
77579000-f880-bb93-7186-58e584b91da0,2021-09-28T11:39:32Z,2021-09-28T11:54:32Z,8867dec1-2600-88bb-8b7a-a541f167c8bd,79508e39-d0b0-3613-9d54-168f6e1c3a18,d7401e2d-e1e4-30e4-8f8d-72fbb6387fb6,8fa6c185-e44e-3e34-8bd8-39be8694f4ce,wellness,410620009,Well child visit (procedure),136.80,704.20,0.00,,
4ceda9b2-3a80-211e-584e-ebe608935ded,1991-04-28T21:11:31Z,1991-04-28T21:57:05Z,ecef6aac-d3b9-ef3f-8bb0-9a7c6364813e,4fa643ae-1f58-3c2e-9f33-0ba56345ad10,34ce9b60-b439-3880-b344-5b6f73b2d7d1,df166300-5a78-3502-a46a-832842197811,wellness,162673000,General examination of patient (procedure),136.80,1102.57,952.57,,
aad90731-ab22-30b2-038f-a5288e7d37f9,1997-05-04T21:11:31Z,1997-05-04T21:42:08Z,ecef6aac-d3b9-ef3f-8bb0-9a7c6364813e,4fa643ae-1f58-3c2e-9f33-0ba56345ad10,34ce9b60-b439-3880-b344-5b6f73b2d7d1,df166300-5a78-3502-a46a-832842197811,wellness,162673000,General examination of patient (procedure),136.80,996.16,846.16,,
33f3c4f5-aa7b-7bda-c15d-ca7365d9d54a,2014-02-04T21:11:31Z,2014-02-04T21:26:31Z,ecef6aac-d3b9-ef3f-8bb0-9a7c6364813e,4ffa4412-1493-3beb-b8f0-6614dde953a4,a0951dfd-f7ec-379e-9745-65b945611c0e,df166300-5a78-3502-a46a-832842197811,outpatient,185347001,Encounter for problem (procedure),85.55,85.55,15.49,82423001,Chronic pain (finding)
86f869ef-f0a9-cbed-6371-3cbf14481770,2018-03-18T21:11:31Z,2018-03-18T21:53:27Z,ecef6aac-d3b9-ef3f-8bb0-9a7c6364813e,4fa643ae-1f58-3c2e-9f33-0ba56345ad10,34ce9b60-b439-3880-b344-5b6f73b2d7d1,df166300-5a78-3502-a46a-832842197811,wellness,162673000,General examination of patient (procedure),136.80,1001.28,981.22,,
f58f02c4-9153-6053-a90e-36ca8fb1dd17,2024-04-27T00:00:33Z,2024-04-27T01:03:34Z,e7264aad-8a07-d44d-940c-2b014fc31762,3b021cb6-4745-3d9d-8436-230055f770bd,30f202c7-d0f5-33ca-9df6-69e7646cf052,df166300-5a78-3502-a46a-832842197811,ambulatory,185347001,Encounter for problem (procedure),85.55,516.95,466.95,6525002,Dependent drug abuse (disorder)
afc7e54e-5edf-819d-0ab3-1d3768042b8d,2021-04-18T21:11:31Z,2021-04-18T21:51:14Z,ecef6aac-d3b9-ef3f-8bb0-9a7c6364813e,4ffa4412-1493-3beb-b8f0-6614dde953a4,a0951dfd-f7ec-379e-9745-65b945611c0e,df166300-5a78-3502-a46a-832842197811,ambulatory,185349003,Encounter for check up (procedure),85.55,313.48,263.48,66383009,Gingivitis (disorder)
19958b0e-56e8-6833-b4b8-b0a20b3a8195,2025-03-29T09:07:57Z,2025-03-29T09:22:57Z,0be6dff2-7cc7-d519-e658-40467b7eeebc,a6964d47-8af0-3df2-b99d-d8414eb1cfa3,1e7e6183-8666-3962-99a3-2f0f98b9df7e,26aab0cd-6aba-3e1b-ac5b-05c8867e762c,ambulatory,424619006,Prenatal visit,142.58,6262.07,6262.07,72892002,Normal pregnancy
ac97a6bb-c760-01f8-e9c9-2dd0f36f588b,2025-02-10T10:42:59Z,2025-02-10T10:57:59Z,f391ceec-7ec0-370f-b6f4-cc5c78332add,18061fd5-fda8-3e2d-87f0-0f3c87211bcc,ac23a65d-c5ab-3186-aa1a-e7f67058b0dd,df166300-5a78-3502-a46a-832842197811,ambulatory,185349003,Encounter for check up,85.55,85.55,35.55,403191005,Second degree burn
a618661a-217b-f583-14ff-cde81c1f8294,2025-06-30T05:30:11Z,2025-06-30T05:45:11Z,f391ceec-7ec0-370f-b6f4-cc5c78332add,18061fd5-fda8-3e2d-87f0-0f3c87211bcc,ac23a65d-c5ab-3186-aa1a-e7f67058b0dd,df166300-5a78-3502-a46a-832842197811,ambulatory,185345009,Encounter for symptom,85.55,2715.80,2665.80,10509002,Acute bronchitis (disorder)
2a24a183-04c1-7c85-fde4-86f79498451a,2025-07-07T10:30:11Z,2025-07-07T10:45:11Z,f391ceec-7ec0-370f-b6f4-cc5c78332add,18061fd5-fda8-3e2d-87f0-0f3c87211bcc,ac23a65d-c5ab-3186-aa1a-e7f67058b0dd,df166300-5a78-3502-a46a-832842197811,outpatient,185349003,Encounter for check up (procedure),85.55,863.53,813.53,,
36cb2224-c59d-15e1-32dc-62fd3441146b,2024-05-27T01:03:34Z,2024-05-27T02:19:04Z,e7264aad-8a07-d44d-940c-2b014fc31762,3b021cb6-4745-3d9d-8436-230055f770bd,30f202c7-d0f5-33ca-9df6-69e7646cf052,df166300-5a78-3502-a46a-832842197811,ambulatory,185347001,Encounter for problem (procedure),85.55,516.95,466.95,6525002,Dependent drug abuse (disorder)
eba653a0-0e20-38b5-cc4d-d02915be3b9f,2023-08-08T09:41:47Z,2023-08-08T11:16:10Z,0181add8-7552-9d46-3b97-e5be012f489b,217cb6f6-e822-3831-9d9d-ffa104971042,09118138-3672-3c41-96c0-2fb1a1d2dada,734afbd6-4794-363b-9bc0-6a3981533ed5,ambulatory,185349003,Encounter for check up (procedure),85.55,363.18,92.76,66383009,Gingivitis (disorder)
d7043568-e6c1-1cae-4f61-02542181b05a,2023-08-16T11:39:32Z,2023-08-16T12:39:32Z,8867dec1-2600-88bb-8b7a-a541f167c8bd,df852cb2-9fe0-3c90-87ac-46e5f980ee3b,0b2a0214-9dfa-31d5-935b-0ef3b5ed00ca,0133f751-9229-3cfd-815f-b6d4979bdd6a,emergency,50849002,Emergency room admission (procedure),146.18,146.18,0.00,110030002,Concussion injury of brain (disorder)
c0ac6e0a-2f37-761f-90fc-a013bd5fe222,2023-10-10T11:39:32Z,2023-10-10T11:54:32Z,8867dec1-2600-88bb-8b7a-a541f167c8bd,79508e39-d0b0-3613-9d54-168f6e1c3a18,d7401e2d-e1e4-30e4-8f8d-72fbb6387fb6,0133f751-9229-3cfd-815f-b6d4979bdd6a,wellness,410620009,Well child visit (procedure),136.80,755.38,0.00,,
e867128f-0ba0-5a50-26a1-a0a9349d3c39,2025-05-02T05:05:37Z,2025-05-02T05:20:37Z,6edc389e-1660-7ac7-cb60-b9cfb1a63a5d,aad05540-c9cb-3805-b3c4-f9b9d9b42b2e,cc0a4418-fbc3-31a5-8b27-f5c684a9b4d6,df166300-5a78-3502-a46a-832842197811,wellness,410620009,Well child visit (procedure),136.80,352.50,352.50,,
aa2badf2-485c-7916-58a3-d07cca264e1a,2023-10-17T11:39:32Z,2023-10-17T11:54:32Z,8867dec1-2600-88bb-8b7a-a541f167c8bd,79508e39-d0b0-3613-9d54-168f6e1c3a18,d7401e2d-e1e4-30e4-8f8d-72fbb6387fb6,0133f751-9229-3cfd-815f-b6d4979bdd6a,ambulatory,185349003,Encounter for check up,85.55,85.55,0.00,62106007,Concussion with no loss of consciousness
776e8575-78ef-4e79-7fdf-a5841e12a3ed,2022-11-19T01:17:30Z,2022-11-19T02:13:37Z,2e23caa4-d831-1f47-c522-0518bab7bd3d,89171335-b9c0-3326-98d6-a837d432b9fd,ba15ec28-3753-3ed5-894f-21afa20d81df,a735bf55-83e9-331a-899d-a82a60b9f60c,outpatient,185349003,Encounter for check up (procedure),85.55,1097.51,878.00,,
1ce7e4c9-f844-4622-d15e-d848c36d34fc,2024-07-30T09:41:47Z,2024-07-30T09:56:47Z,0181add8-7552-9d46-3b97-e5be012f489b,9fdce5d5-d4d0-3156-a8d5-8757bfe4e9b3,fd5b5663-ee2a-351e-a744-cd9022a42ab2,734afbd6-4794-363b-9bc0-6a3981533ed5,wellness,410620009,Well child visit (procedure),136.80,961.37,0.00,,
65d218d4-6e6e-6ea4-b4e6-28b210470551,2023-01-21T01:17:30Z,2023-01-21T02:00:44Z,2e23caa4-d831-1f47-c522-0518bab7bd3d,93c3d861-e05d-33b9-91eb-1768470229d7,7106ddc3-d4c4-34ed-97b7-61e2e30598d9,a735bf55-83e9-331a-899d-a82a60b9f60c,wellness,162673000,General examination of patient (procedure),136.80,1284.76,1027.80,,
ee6e4b68-92eb-e78e-8ad0-b25b4e59bc03,2025-04-26T09:07:57Z,2025-04-26T09:22:57Z,0be6dff2-7cc7-d519-e658-40467b7eeebc,a6964d47-8af0-3df2-b99d-d8414eb1cfa3,1e7e6183-8666-3962-99a3-2f0f98b9df7e,26aab0cd-6aba-3e1b-ac5b-05c8867e762c,ambulatory,424619006,Prenatal visit,142.58,14330.03,14330.03,72892002,Normal pregnancy
253f848c-d8db-d29f-9838-dd55f80133da,2025-07-21T10:30:11Z,2025-07-21T11:07:47Z,f391ceec-7ec0-370f-b6f4-cc5c78332add,18061fd5-fda8-3e2d-87f0-0f3c87211bcc,ac23a65d-c5ab-3186-aa1a-e7f67058b0dd,df166300-5a78-3502-a46a-832842197811,ambulatory,185349003,Encounter for check up (procedure),85.55,370.07,320.07,103697008,Patient referral for dental care (procedure)
779f78ba-d651-eb91-1be8-26ddf1323845,2022-04-10T21:11:31Z,2022-04-10T21:54:07Z,ecef6aac-d3b9-ef3f-8bb0-9a7c6364813e,4fa643ae-1f58-3c2e-9f33-0ba56345ad10,34ce9b60-b439-3880-b344-5b6f73b2d7d1,df166300-5a78-3502-a46a-832842197811,wellness,162673000,General examination of patient (procedure),136.80,1150.44,1130.38,,
ad850a65-ed16-a5b4-4ecc-64adf03f5302,2023-04-16T21:11:31Z,2023-04-16T21:42:04Z,ecef6aac-d3b9-ef3f-8bb0-9a7c6364813e,4fa643ae-1f58-3c2e-9f33-0ba56345ad10,34ce9b60-b439-3880-b344-5b6f73b2d7d1,df166300-5a78-3502-a46a-832842197811,wellness,162673000,General examination of patient (procedure),136.80,785.58,765.52,,
f4c38788-8797-0f18-9e10-0b64b89e568e,2024-10-15T11:39:32Z,2024-10-15T11:54:44Z,8867dec1-2600-88bb-8b7a-a541f167c8bd,79508e39-d0b0-3613-9d54-168f6e1c3a18,d7401e2d-e1e4-30e4-8f8d-72fbb6387fb6,0133f751-9229-3cfd-815f-b6d4979bdd6a,wellness,410620009,Well child visit (procedure),136.80,1068.79,0.00,,
74560146-1d14-93c9-754b-bdf9ee360eb0,2024-04-21T21:11:31Z,2024-04-21T22:02:43Z,ecef6aac-d3b9-ef3f-8bb0-9a7c6364813e,4fa643ae-1f58-3c2e-9f33-0ba56345ad10,34ce9b60-b439-3880-b344-5b6f73b2d7d1,df166300-5a78-3502-a46a-832842197811,wellness,162673000,General examination of patient (procedure),136.80,785.58,765.52,,
2e4e66be-6bdf-334b-38d8-9c71fef7750e,1997-07-23T16:40:18Z,1997-07-23T17:01:30Z,347ceebf-0248-5a56-14f3-e1e8e8ffb73c,845fbd9b-2d1c-39a8-8261-28ae40e4fab2,67b1afa3-cbff-316b-9918-b97a0a95e398,d18ef2e6-ef40-324c-be54-34a5ee865625,ambulatory,185349003,Encounter for check up (procedure),85.55,85.64,50.64,,
88855898-fc1d-0212-4b6c-bff6bd2f9d5d,2024-06-26T02:19:04Z,2024-06-26T03:35:48Z,e7264aad-8a07-d44d-940c-2b014fc31762,3b021cb6-4745-3d9d-8436-230055f770bd,30f202c7-d0f5-33ca-9df6-69e7646cf052,df166300-5a78-3502-a46a-832842197811,ambulatory,185347001,Encounter for problem (procedure),85.55,516.95,466.95,6525002,Dependent drug abuse (disorder)
7aaa9f92-eb64-f755-ab8a-2de96a1af882,2024-11-05T11:39:32Z,2024-11-05T11:54:32Z,8867dec1-2600-88bb-8b7a-a541f167c8bd,2fb77691-5353-358a-bc94-90af77dd654b,2645bbdc-bfea-3bf2-95d1-41cb70b2ebbe,0133f751-9229-3cfd-815f-b6d4979bdd6a,outpatient,33879002,Administration of vaccine to produce active immunity (procedure),142.58,278.58,0.00,,
ca3f4536-340e-6c65-a323-59c80a62838d,2025-05-23T05:05:37Z,2025-05-23T06:05:37Z,6edc389e-1660-7ac7-cb60-b9cfb1a63a5d,95f6c328-96dd-3fb8-a56e-9aad566094b4,d9cf7dc0-c9c9-3446-9eab-e9aa26719e71,df166300-5a78-3502-a46a-832842197811,emergency,50849002,Emergency room admission (procedure),146.18,4140.89,4090.89,312608009,Laceration - injury (disorder)
d94aaa1a-eeca-2846-173f-8cfadef210b8,2025-08-01T05:05:37Z,2025-08-01T05:20:37Z,6edc389e-1660-7ac7-cb60-b9cfb1a63a5d,aad05540-c9cb-3805-b3c4-f9b9d9b42b2e,cc0a4418-fbc3-31a5-8b27-f5c684a9b4d6,df166300-5a78-3502-a46a-832842197811,wellness,410620009,Well child visit (procedure),136.80,816.80,716.80,,
823c9412-ad7d-99cb-e435-4351722375ec,2025-08-04T10:30:11Z,2025-08-04T10:59:31Z,f391ceec-7ec0-370f-b6f4-cc5c78332add,3d5fbf38-c781-3e04-8c7e-5a402611b7d4,9ea3eefd-f8af-3db9-ad04-3ee5c98ae6f5,df166300-5a78-3502-a46a-832842197811,wellness,410620009,Well child visit (procedure),136.80,1431.00,1431.00,,
b04e23ae-3596-bd8e-4e13-ee78153375ff,2023-07-03T16:14:09Z,2023-07-03T16:29:09Z,c5a17333-816d-683f-2549-f0f6c934c3e0,9f2f60a6-87a4-3f45-b753-b63b5b7e9993,502b4fab-6395-365c-a7b7-9c235c5ecd4a,734afbd6-4794-363b-9bc0-6a3981533ed5,wellness,410620009,Well child visit (procedure),136.80,1575.53,94.02,,
85f58eb8-be0a-75d0-5465-4ed33cf186be,2025-05-24T09:07:57Z,2025-05-24T09:22:57Z,0be6dff2-7cc7-d519-e658-40467b7eeebc,a6964d47-8af0-3df2-b99d-d8414eb1cfa3,1e7e6183-8666-3962-99a3-2f0f98b9df7e,26aab0cd-6aba-3e1b-ac5b-05c8867e762c,ambulatory,424619006,Prenatal visit,142.58,6462.29,6462.29,72892002,Normal pregnancy
d6440ba6-42fb-893e-ecb7-6211832880ae,2025-06-21T09:07:57Z,2025-06-21T09:22:57Z,0be6dff2-7cc7-d519-e658-40467b7eeebc,a6964d47-8af0-3df2-b99d-d8414eb1cfa3,1e7e6183-8666-3962-99a3-2f0f98b9df7e,26aab0cd-6aba-3e1b-ac5b-05c8867e762c,ambulatory,424619006,Prenatal visit,142.58,18738.30,18738.30,72892002,Normal pregnancy
a0bca7fc-6a84-22e4-c3c5-4dddc631c1b4,2024-08-13T09:41:47Z,2024-08-13T10:18:26Z,0181add8-7552-9d46-3b97-e5be012f489b,217cb6f6-e822-3831-9d9d-ffa104971042,09118138-3672-3c41-96c0-2fb1a1d2dada,734afbd6-4794-363b-9bc0-6a3981533ed5,ambulatory,185349003,Encounter for check up (procedure),85.55,91.17,0.00,66383009,Gingivitis (disorder)
e60e9f33-9fbd-f410-955f-eefe9a754dae,2004-02-05T02:42:00Z,2004-02-05T03:16:26Z,78dffa97-f7ab-361c-e8b2-9193afdbf2ab,2f735290-1603-31b5-b561-7c8e0d413170,caf0ed5f-2657-3207-bcf5-1281bb7e03cd,b046940f-1664-3047-bca7-dfa76be352a4,wellness,162673000,General examination of patient (procedure),136.80,1145.43,0.00,,
814051a0-4f01-9f08-c9a4-547268a62eb6,2025-07-19T09:07:57Z,2025-07-19T09:22:57Z,0be6dff2-7cc7-d519-e658-40467b7eeebc,a6964d47-8af0-3df2-b99d-d8414eb1cfa3,1e7e6183-8666-3962-99a3-2f0f98b9df7e,26aab0cd-6aba-3e1b-ac5b-05c8867e762c,ambulatory,424619006,Prenatal visit,142.58,12166.34,12166.34,72892002,Normal pregnancy
0fa610e9-72b8-3358-2246-8c75c5364642,2024-07-26T03:35:48Z,2024-07-26T04:44:22Z,e7264aad-8a07-d44d-940c-2b014fc31762,3b021cb6-4745-3d9d-8436-230055f770bd,30f202c7-d0f5-33ca-9df6-69e7646cf052,df166300-5a78-3502-a46a-832842197811,ambulatory,185347001,Encounter for problem (procedure),85.55,516.95,366.95,6525002,Dependent drug abuse (disorder)
b23d92a3-57f7-815d-4fe9-01ff05e59c1c,2024-11-26T11:39:32Z,2024-11-26T11:54:32Z,8867dec1-2600-88bb-8b7a-a541f167c8bd,2fb77691-5353-358a-bc94-90af77dd654b,2645bbdc-bfea-3bf2-95d1-41cb70b2ebbe,0133f751-9229-3cfd-815f-b6d4979bdd6a,outpatient,33879002,Administration of vaccine to produce active immunity (procedure),142.58,278.58,0.00,,
fe407e0e-6472-37d0-cdf9-6ad826f4b60a,2024-08-25T04:44:22Z,2024-08-25T05:51:20Z,e7264aad-8a07-d44d-940c-2b014fc31762,3b021cb6-4745-3d9d-8436-230055f770bd,30f202c7-d0f5-33ca-9df6-69e7646cf052,df166300-5a78-3502-a46a-832842197811,ambulatory,185347001,Encounter for problem (procedure),85.55,516.95,466.95,6525002,Dependent drug abuse (disorder)
871b7f1b-00f1-0b85-6393-6f460fd7ea8f,2005-02-10T02:42:00Z,2005-02-10T03:41:20Z,78dffa97-f7ab-361c-e8b2-9193afdbf2ab,2f735290-1603-31b5-b561-7c8e0d413170,caf0ed5f-2657-3207-bcf5-1281bb7e03cd,b046940f-1664-3047-bca7-dfa76be352a4,wellness,162673000,General examination of patient (procedure),136.80,1264.06,0.00,,
eeb86a99-2656-0fed-2fe4-66c63dc604a2,2005-03-10T02:42:00Z,2005-03-10T03:42:00Z,78dffa97-f7ab-361c-e8b2-9193afdbf2ab,d9b71ccf-6649-3555-9e99-44eac0af257f,34922409-94c7-325c-bf31-779939af18f5,b046940f-1664-3047-bca7-dfa76be352a4,emergency,182813001,Emergency treatment (procedure),146.18,5308.14,2221.57,196416002,Impacted molars
d77549cd-f6ad-59a9-065c-954fda79df08,2005-05-22T15:42:00Z,2005-05-22T15:57:00Z,78dffa97-f7ab-361c-e8b2-9193afdbf2ab,63cb4d95-04a9-3a35-b5d9-f89e0377a48d,58cc2bae-96e9-329b-891e-0d79a2267290,b046940f-1664-3047-bca7-dfa76be352a4,ambulatory,185347001,Encounter for problem,85.55,85.55,59.88,40275004,Contact dermatitis
8bdc1fd3-a1cc-e950-75c4-9a54689e510d,2005-06-07T19:42:00Z,2005-06-07T20:09:50Z,78dffa97-f7ab-361c-e8b2-9193afdbf2ab,63cb4d95-04a9-3a35-b5d9-f89e0377a48d,58cc2bae-96e9-329b-891e-0d79a2267290,b046940f-1664-3047-bca7-dfa76be352a4,ambulatory,185347001,Encounter for problem,85.55,516.95,361.86,419199007,Allergy to substance (finding)
7a9a7f1f-7b6c-4ab7-f947-5c60d5912371,2025-04-16T06:41:47Z,2025-04-16T06:56:47Z,0181add8-7552-9d46-3b97-e5be012f489b,217cb6f6-e822-3831-9d9d-ffa104971042,09118138-3672-3c41-96c0-2fb1a1d2dada,734afbd6-4794-363b-9bc0-6a3981533ed5,ambulatory,185345009,Encounter for symptom,85.55,85.55,0.00,444814009,Viral sinusitis (disorder)
7c13a1f8-d362-2f12-86bc-a2a04892a7a2,2023-04-01T01:17:30Z,2023-04-01T02:12:21Z,2e23caa4-d831-1f47-c522-0518bab7bd3d,89171335-b9c0-3326-98d6-a837d432b9fd,ba15ec28-3753-3ed5-894f-21afa20d81df,a735bf55-83e9-331a-899d-a82a60b9f60c,ambulatory,185349003,Encounter for check up (procedure),85.55,142.84,114.27,,
9f95625b-18af-a20f-884a-ba96ab141aa7,2025-10-21T09:05:37Z,2025-10-21T09:20:37Z,6edc389e-1660-7ac7-cb60-b9cfb1a63a5d,0fab3c4e-a028-39a6-b15a-be5a88b6aa2a,e1aa7b3b-ea02-3ade-b757-6d2ee3d1c23f,df166300-5a78-3502-a46a-832842197811,ambulatory,185345009,Encounter for symptom,85.55,85.55,35.55,444814009,Viral sinusitis (disorder)
b1061d39-a079-7f13-c2c7-0ebaf99be2c7,2025-10-31T05:05:37Z,2025-10-31T05:20:37Z,6edc389e-1660-7ac7-cb60-b9cfb1a63a5d,aad05540-c9cb-3805-b3c4-f9b9d9b42b2e,cc0a4418-fbc3-31a5-8b27-f5c684a9b4d6,df166300-5a78-3502-a46a-832842197811,wellness,410620009,Well child visit (procedure),136.80,272.80,272.80,,
3ff95eb5-17ef-ac99-1a7d-b925a635f273,2023-04-01T02:12:21Z,2023-04-01T02:43:56Z,2e23caa4-d831-1f47-c522-0518bab7bd3d,89171335-b9c0-3326-98d6-a837d432b9fd,ba15ec28-3753-3ed5-894f-21afa20d81df,a735bf55-83e9-331a-899d-a82a60b9f60c,ambulatory,185349003,Encounter for check up (procedure),85.55,88.31,70.65,,
3cfa41d9-9d61-e9b2-479a-768f7a217a34,2023-07-15T01:17:30Z,2023-07-15T02:11:40Z,2e23caa4-d831-1f47-c522-0518bab7bd3d,89171335-b9c0-3326-98d6-a837d432b9fd,ba15ec28-3753-3ed5-894f-21afa20d81df,a735bf55-83e9-331a-899d-a82a60b9f60c,outpatient,185349003,Encounter for check up (procedure),85.55,1432.10,1063.58,,
31854cb8-4d59-4e00-a835-774e98ded928,2025-08-05T09:41:47Z,2025-08-05T10:02:30Z,0181add8-7552-9d46-3b97-e5be012f489b,9fdce5d5-d4d0-3156-a8d5-8757bfe4e9b3,fd5b5663-ee2a-351e-a744-cd9022a42ab2,734afbd6-4794-363b-9bc0-6a3981533ed5,wellness,410620009,Well child visit (procedure),136.80,704.20,0.00,,
a703e8b5-cf30-a321-4f8c-31576f19985b,2016-07-17T02:42:00Z,2016-07-17T02:57:00Z,78dffa97-f7ab-361c-e8b2-9193afdbf2ab,63cb4d95-04a9-3a35-b5d9-f89e0377a48d,58cc2bae-96e9-329b-891e-0d79a2267290,b046940f-1664-3047-bca7-dfa76be352a4,ambulatory,424619006,Prenatal visit,142.58,1005.38,1005.38,267253006,Fetus with chromosomal abnormality
2912672d-d547-413c-a778-50b4f0e2e145,2017-02-23T02:42:00Z,2017-02-23T03:38:19Z,78dffa97-f7ab-361c-e8b2-9193afdbf2ab,2f735290-1603-31b5-b561-7c8e0d413170,caf0ed5f-2657-3207-bcf5-1281bb7e03cd,b046940f-1664-3047-bca7-dfa76be352a4,wellness,162673000,General examination of patient (procedure),136.80,1287.64,0.00,,
60eebb20-7d21-2a92-7fa6-cd97752d0924,2020-03-12T02:42:00Z,2020-03-12T03:13:21Z,78dffa97-f7ab-361c-e8b2-9193afdbf2ab,2f735290-1603-31b5-b561-7c8e0d413170,caf0ed5f-2657-3207-bcf5-1281bb7e03cd,b046940f-1664-3047-bca7-dfa76be352a4,wellness,162673000,General examination of patient (procedure),136.80,860.16,0.00,,
5ea434dd-bb62-66bc-7764-fffc25e07268,2021-03-18T02:42:00Z,2021-03-18T03:16:29Z,78dffa97-f7ab-361c-e8b2-9193afdbf2ab,2f735290-1603-31b5-b561-7c8e0d413170,caf0ed5f-2657-3207-bcf5-1281bb7e03cd,b046940f-1664-3047-bca7-dfa76be352a4,wellness,162673000,General examination of patient (procedure),136.80,994.48,994.48,,
c0465a86-2bdf-c15f-3dcf-ea91d694bafb,2025-10-21T11:39:32Z,2025-10-21T11:54:32Z,8867dec1-2600-88bb-8b7a-a541f167c8bd,79508e39-d0b0-3613-9d54-168f6e1c3a18,d7401e2d-e1e4-30e4-8f8d-72fbb6387fb6,0133f751-9229-3cfd-815f-b6d4979bdd6a,wellness,410620009,Well child visit (procedure),136.80,1055.90,0.00,,
a7b18f36-0f5a-6e2b-8306-07e490d60ccb,2024-12-03T05:51:20Z,2024-12-03T07:01:22Z,e7264aad-8a07-d44d-940c-2b014fc31762,3b021cb6-4745-3d9d-8436-230055f770bd,30f202c7-d0f5-33ca-9df6-69e7646cf052,df166300-5a78-3502-a46a-832842197811,ambulatory,185347001,Encounter for problem (procedure),85.55,516.95,466.95,6525002,Dependent drug abuse (disorder)
0cce5269-c909-6ed9-aa3c-0a77cfe8c6e6,2025-08-16T09:07:57Z,2025-08-16T09:22:57Z,0be6dff2-7cc7-d519-e658-40467b7eeebc,a6964d47-8af0-3df2-b99d-d8414eb1cfa3,1e7e6183-8666-3962-99a3-2f0f98b9df7e,26aab0cd-6aba-3e1b-ac5b-05c8867e762c,ambulatory,424619006,Prenatal visit,142.58,6542.71,6542.71,72892002,Normal pregnancy
8b8db403-2dfb-3ec8-f7d9-7c4ba71279b3,1997-08-13T16:40:18Z,1997-08-13T17:11:40Z,347ceebf-0248-5a56-14f3-e1e8e8ffb73c,845fbd9b-2d1c-39a8-8261-28ae40e4fab2,67b1afa3-cbff-316b-9918-b97a0a95e398,d18ef2e6-ef40-324c-be54-34a5ee865625,outpatient,185349003,Encounter for check up (procedure),85.55,5810.57,5775.57,,
678f7e53-6f53-d211-5534-1850bb092db3,2025-11-04T11:39:32Z,2025-11-04T12:32:23Z,8867dec1-2600-88bb-8b7a-a541f167c8bd,79508e39-d0b0-3613-9d54-168f6e1c3a18,d7401e2d-e1e4-30e4-8f8d-72fbb6387fb6,0133f751-9229-3cfd-815f-b6d4979bdd6a,ambulatory,185349003,Encounter for check up (procedure),85.55,112.36,0.00,66383009,Gingivitis (disorder)
02a7729c-9140-166e-2178-8d804a2d540e,2025-08-18T10:30:11Z,2025-08-18T11:31:36Z,f391ceec-7ec0-370f-b6f4-cc5c78332add,18061fd5-fda8-3e2d-87f0-0f3c87211bcc,ac23a65d-c5ab-3186-aa1a-e7f67058b0dd,df166300-5a78-3502-a46a-832842197811,ambulatory,185349003,Encounter for check up (procedure),85.55,382.86,332.86,103697008,Patient referral for dental care (procedure)
481bb142-4663-5b70-e9e8-dcb679b1a3e5,2022-03-24T02:42:00Z,2022-03-24T03:26:59Z,78dffa97-f7ab-361c-e8b2-9193afdbf2ab,2f735290-1603-31b5-b561-7c8e0d413170,caf0ed5f-2657-3207-bcf5-1281bb7e03cd,b046940f-1664-3047-bca7-dfa76be352a4,wellness,162673000,General examination of patient (procedure),136.80,1198.96,0.00,,
648f3d26-0b5f-6bd5-0b4a-da81cd3453cb,2024-01-06T19:14:09Z,2024-01-06T19:29:09Z,c5a17333-816d-683f-2549-f0f6c934c3e0,9adfae03-673d-365d-9052-f705098fa3e4,dd0cae41-fc04-36bc-aa2c-f659e896c411,734afbd6-4794-363b-9bc0-6a3981533ed5,ambulatory,185345009,Encounter for symptom,85.55,2937.26,2349.81,10509002,Acute bronchitis (disorder)
8582da0a-a97b-5863-18e0-08cef5c6f164,2025-04-27T21:11:31Z,2025-04-27T21:57:04Z,ecef6aac-d3b9-ef3f-8bb0-9a7c6364813e,4fa643ae-1f58-3c2e-9f33-0ba56345ad10,34ce9b60-b439-3880-b344-5b6f73b2d7d1,df166300-5a78-3502-a46a-832842197811,wellness,162673000,General examination of patient (procedure),136.80,853.36,833.30,,
6af32e64-568b-2195-11ef-019cddd59ba2,2023-07-29T01:17:30Z,2023-07-29T01:32:30Z,2e23caa4-d831-1f47-c522-0518bab7bd3d,89171335-b9c0-3326-98d6-a837d432b9fd,ba15ec28-3753-3ed5-894f-21afa20d81df,a735bf55-83e9-331a-899d-a82a60b9f60c,ambulatory,185349003,Encounter for check up (procedure),85.55,85.98,68.78,,
69a8dbec-d7de-d3a3-0723-fd42ff930413,2025-08-30T09:07:57Z,2025-08-30T09:22:57Z,0be6dff2-7cc7-d519-e658-40467b7eeebc,a6964d47-8af0-3df2-b99d-d8414eb1cfa3,1e7e6183-8666-3962-99a3-2f0f98b9df7e,26aab0cd-6aba-3e1b-ac5b-05c8867e762c,ambulatory,424619006,Prenatal visit,142.58,10117.52,10117.52,72892002,Normal pregnancy
b1b10480-0cad-01be-f260-df763d73f6ca,2025-09-06T09:07:57Z,2025-09-06T09:22:57Z,0be6dff2-7cc7-d519-e658-40467b7eeebc,a6964d47-8af0-3df2-b99d-d8414eb1cfa3,1e7e6183-8666-3962-99a3-2f0f98b9df7e,26aab0cd-6aba-3e1b-ac5b-05c8867e762c,ambulatory,424619006,Prenatal visit,142.58,5976.48,5976.48,72892002,Normal pregnancy
1271a4b4-48f1-9f40-5103-48cf0999f217,2025-09-13T09:07:57Z,2025-09-13T09:22:57Z,0be6dff2-7cc7-d519-e658-40467b7eeebc,a6964d47-8af0-3df2-b99d-d8414eb1cfa3,1e7e6183-8666-3962-99a3-2f0f98b9df7e,26aab0cd-6aba-3e1b-ac5b-05c8867e762c,ambulatory,424619006,Prenatal visit,142.58,4665.96,4665.96,72892002,Normal pregnancy
16edaf89-23fe-7a24-b474-449471d54d3e,2025-09-11T07:01:22Z,2025-09-11T19:01:22Z,e7264aad-8a07-d44d-940c-2b014fc31762,d4b9a3f0-210d-3e46-a2c7-e099658ac543,e41ac84e-924c-3fec-bb40-086aad616a30,df166300-5a78-3502-a46a-832842197811,emergency,50849002,Emergency room admission (procedure),146.18,146.18,0.00,55680006,Drug overdose
33c261c4-00c3-54c2-7076-69d125f19f63,2023-11-18T01:17:30Z,2023-11-18T01:58:34Z,2e23caa4-d831-1f47-c522-0518bab7bd3d,89171335-b9c0-3326-98d6-a837d432b9fd,ba15ec28-3753-3ed5-894f-21afa20d81df,a735bf55-83e9-331a-899d-a82a60b9f60c,outpatient,185349003,Encounter for check up (procedure),85.55,1488.09,1190.46,,
fd8308da-dbeb-9b87-0600-e6aba177541a,2024-01-15T16:14:09Z,2024-01-15T16:29:09Z,c5a17333-816d-683f-2549-f0f6c934c3e0,9adfae03-673d-365d-9052-f705098fa3e4,dd0cae41-fc04-36bc-aa2c-f659e896c411,734afbd6-4794-363b-9bc0-6a3981533ed5,outpatient,185349003,Encounter for check up (procedure),85.55,1004.65,803.72,,
2cf043ab-f55f-915b-a963-e36f8c6169bb,2025-09-25T19:01:22Z,2025-10-01T19:01:22Z,e7264aad-8a07-d44d-940c-2b014fc31762,3b021cb6-4745-3d9d-8436-230055f770bd,30f202c7-d0f5-33ca-9df6-69e7646cf052,df166300-5a78-3502-a46a-832842197811,inpatient,56876005,Drug rehabilitation and detoxification,146.18,146.18,92.36,6525002,Dependent drug abuse (disorder)
bce45910-9b44-dc39-0709-23814e5101cc,1976-04-16T09:48:38Z,1976-04-16T10:03:38Z,53ab38ed-ddd8-1be9-19b6-ccf6fcf6e5d3,4f5e8f16-a31b-3071-8556-d7188ede313d,624b5b50-df4c-367d-a062-838623feb407,e03e23c9-4df1-3eb6-a62d-f70f02301496,ambulatory,185349003,Encounter for check up (procedure),85.55,89.88,0.00,103697008,Patient referral for dental care (procedure)
20b316c6-95ad-9d35-346f-475b8a8d2b10,2025-12-07T12:39:32Z,2025-12-07T12:59:12Z,8867dec1-2600-88bb-8b7a-a541f167c8bd,79508e39-d0b0-3613-9d54-168f6e1c3a18,d7401e2d-e1e4-30e4-8f8d-72fbb6387fb6,0133f751-9229-3cfd-815f-b6d4979bdd6a,ambulatory,185345009,Encounter for symptom,85.55,156.90,0.00,10509002,Acute bronchitis (disorder)
d58ef892-87ad-a6b4-deee-3521983e78ed,1983-09-28T13:48:38Z,1983-09-30T01:42:32Z,53ab38ed-ddd8-1be9-19b6-ccf6fcf6e5d3,4f5e8f16-a31b-3071-8556-d7188ede313d,624b5b50-df4c-367d-a062-838623feb407,e03e23c9-4df1-3eb6-a62d-f70f02301496,inpatient,185347001,Encounter for problem (procedure),87.71,5423.98,0.00,74400008,Appendicitis
29562dba-aad5-2c14-b989-07b6b8c0b4df,2024-01-22T16:14:09Z,2024-01-22T16:49:28Z,c5a17333-816d-683f-2549-f0f6c934c3e0,9adfae03-673d-365d-9052-f705098fa3e4,dd0cae41-fc04-36bc-aa2c-f659e896c411,734afbd6-4794-363b-9bc0-6a3981533ed5,ambulatory,185349003,Encounter for check up (procedure),85.55,107.16,85.73,66383009,Gingivitis (disorder)
d068bade-e15a-1519-18e8-d43583fb3d92,2024-07-01T16:14:09Z,2024-07-01T16:29:09Z,c5a17333-816d-683f-2549-f0f6c934c3e0,9adfae03-673d-365d-9052-f705098fa3e4,dd0cae41-fc04-36bc-aa2c-f659e896c411,734afbd6-4794-363b-9bc0-6a3981533ed5,outpatient,33879002,Administration of vaccine to produce active immunity (procedure),142.58,278.58,0.00,,
14f84b22-36c1-f35c-2b82-36634ccf3bd3,2024-07-08T16:14:09Z,2024-07-08T16:38:53Z,c5a17333-816d-683f-2549-f0f6c934c3e0,9f2f60a6-87a4-3f45-b753-b63b5b7e9993,502b4fab-6395-365c-a7b7-9c235c5ecd4a,734afbd6-4794-363b-9bc0-6a3981533ed5,wellness,410620009,Well child visit (procedure),136.80,704.20,0.00,,
0e7c0388-3392-01d3-2c1e-4d54b1dfacf6,2025-09-20T09:07:57Z,2025-09-20T10:07:57Z,0be6dff2-7cc7-d519-e658-40467b7eeebc,accb8cdd-6560-3fef-b0a6-f12c3295026a,e68daf11-1de0-30bc-b849-3c08716f0d55,26aab0cd-6aba-3e1b-ac5b-05c8867e762c,emergency,183460006,Obstetric emergency hospital admission,146.18,2925.60,2925.60,72892002,Normal pregnancy
4f9591ed-8a2b-7feb-79bd-36a4283535b0,2025-11-01T09:07:57Z,2025-11-01T09:22:57Z,0be6dff2-7cc7-d519-e658-40467b7eeebc,a6964d47-8af0-3df2-b99d-d8414eb1cfa3,1e7e6183-8666-3962-99a3-2f0f98b9df7e,26aab0cd-6aba-3e1b-ac5b-05c8867e762c,ambulatory,169762003,Postnatal visit,142.58,1005.38,1005.38,,
35618174-0e87-0941-33c8-9180869c137e,2025-11-15T07:50:41Z,2025-11-15T08:48:53Z,0be6dff2-7cc7-d519-e658-40467b7eeebc,a6964d47-8af0-3df2-b99d-d8414eb1cfa3,1e7e6183-8666-3962-99a3-2f0f98b9df7e,26aab0cd-6aba-3e1b-ac5b-05c8867e762c,outpatient,698314001,Consultation for treatment,142.58,573.98,0.00,183996000,Sterilization requested (situation)
12ab3d5e-cbab-a8e9-1d90-6a5bfefc2975,2025-12-03T08:48:53Z,2025-12-04T13:17:53Z,0be6dff2-7cc7-d519-e658-40467b7eeebc,a6964d47-8af0-3df2-b99d-d8414eb1cfa3,1e7e6183-8666-3962-99a3-2f0f98b9df7e,26aab0cd-6aba-3e1b-ac5b-05c8867e762c,inpatient,305408004,Admission to surgical department,146.18,5956.21,261.71,183996000,Sterilization requested (situation)
af208890-e7d8-d74b-2848-66fc5a2e2015,2022-06-30T17:57:21Z,2022-06-30T18:12:21Z,78dffa97-f7ab-361c-e8b2-9193afdbf2ab,63cb4d95-04a9-3a35-b5d9-f89e0377a48d,58cc2bae-96e9-329b-891e-0d79a2267290,b046940f-1664-3047-bca7-dfa76be352a4,outpatient,698314001,Consultation for treatment,142.58,142.58,0.00,389095005,Contraception care (regime/therapy)
36a4d577-748b-24bc-dca9-dc4f9d721166,2025-05-11T21:11:31Z,2025-05-11T21:54:51Z,ecef6aac-d3b9-ef3f-8bb0-9a7c6364813e,4ffa4412-1493-3beb-b8f0-6614dde953a4,a0951dfd-f7ec-379e-9745-65b945611c0e,df166300-5a78-3502-a46a-832842197811,ambulatory,185349003,Encounter for check up (procedure),85.55,110.91,60.91,103697008,Patient referral for dental care (procedure)
6f4d3245-25fe-9233-908f-1a71d74c5af9,2024-07-22T16:14:09Z,2024-07-22T16:29:09Z,c5a17333-816d-683f-2549-f0f6c934c3e0,9adfae03-673d-365d-9052-f705098fa3e4,dd0cae41-fc04-36bc-aa2c-f659e896c411,734afbd6-4794-363b-9bc0-6a3981533ed5,outpatient,33879002,Administration of vaccine to produce active immunity (procedure),142.58,278.58,0.00,,
ee3400f6-602f-731d-5fe4-9499417b791d,1989-12-22T09:48:38Z,1989-12-22T10:03:38Z,53ab38ed-ddd8-1be9-19b6-ccf6fcf6e5d3,4f5e8f16-a31b-3071-8556-d7188ede313d,624b5b50-df4c-367d-a062-838623feb407,e03e23c9-4df1-3eb6-a62d-f70f02301496,wellness,410620009,Well child visit (procedure),136.80,1269.62,0.00,,
4d6482f4-6e60-69dd-7b1d-aca5692ffa24,1990-02-04T09:48:38Z,1990-02-04T10:48:38Z,53ab38ed-ddd8-1be9-19b6-ccf6fcf6e5d3,609ec9f1-e806-3427-b912-9e3b2915521d,02b96b5f-329e-3727-9f96-bc79252cf1c0,e03e23c9-4df1-3eb6-a62d-f70f02301496,emergency,183452005,Emergency hospital admission (procedure),87.71,87.71,0.00,82423001,Chronic pain
f784c72d-f90c-4389-6cdd-1454097ccb86,1990-03-27T09:48:38Z,1990-03-27T10:48:38Z,53ab38ed-ddd8-1be9-19b6-ccf6fcf6e5d3,609ec9f1-e806-3427-b912-9e3b2915521d,02b96b5f-329e-3727-9f96-bc79252cf1c0,e03e23c9-4df1-3eb6-a62d-f70f02301496,emergency,182813001,Emergency treatment (procedure),146.18,5308.14,0.00,196416002,Impacted molars
ae6c1699-9280-4b9d-5b60-df1987f05dc5,1990-06-30T09:48:38Z,1990-06-30T10:48:38Z,53ab38ed-ddd8-1be9-19b6-ccf6fcf6e5d3,609ec9f1-e806-3427-b912-9e3b2915521d,02b96b5f-329e-3727-9f96-bc79252cf1c0,e03e23c9-4df1-3eb6-a62d-f70f02301496,emergency,182813001,Emergency treatment (procedure),146.18,146.18,0.00,124171000119105,Chronic intractable migraine without aura
3df74f1d-3372-90b9-765e-f8076d869a31,1990-12-28T09:48:38Z,1990-12-28T10:33:12Z,53ab38ed-ddd8-1be9-19b6-ccf6fcf6e5d3,4f5e8f16-a31b-3071-8556-d7188ede313d,624b5b50-df4c-367d-a062-838623feb407,e03e23c9-4df1-3eb6-a62d-f70f02301496,wellness,162673000,General examination of patient (procedure),136.80,704.20,0.00,,
2d7e79ea-0982-e0d6-1ad0-5e01ec0bd185,1995-01-06T09:48:38Z,1995-01-06T10:28:16Z,53ab38ed-ddd8-1be9-19b6-ccf6fcf6e5d3,4f5e8f16-a31b-3071-8556-d7188ede313d,624b5b50-df4c-367d-a062-838623feb407,e03e23c9-4df1-3eb6-a62d-f70f02301496,wellness,162673000,General examination of patient (procedure),136.80,1777.58,0.00,,
b30478ee-5cc6-9766-8b17-1159824b7b72,1997-02-21T09:48:38Z,1997-02-21T12:48:38Z,53ab38ed-ddd8-1be9-19b6-ccf6fcf6e5d3,609ec9f1-e806-3427-b912-9e3b2915521d,02b96b5f-329e-3727-9f96-bc79252cf1c0,e03e23c9-4df1-3eb6-a62d-f70f02301496,emergency,50849002,Emergency room admission (procedure),146.18,146.18,0.00,55680006,Drug overdose
98db8eec-c182-eccc-b9dc-4efaa8df3a75,1999-03-06T15:48:38Z,1999-03-06T16:56:38Z,53ab38ed-ddd8-1be9-19b6-ccf6fcf6e5d3,4f5e8f16-a31b-3071-8556-d7188ede313d,624b5b50-df4c-367d-a062-838623feb407,df166300-5a78-3502-a46a-832842197811,ambulatory,185347001,Encounter for problem (procedure),85.55,516.95,466.95,6525002,Dependent drug abuse (disorder)
606a331c-003c-e9cc-7969-b7862358b5a4,2001-01-12T09:48:38Z,2001-01-12T10:33:30Z,53ab38ed-ddd8-1be9-19b6-ccf6fcf6e5d3,4f5e8f16-a31b-3071-8556-d7188ede313d,624b5b50-df4c-367d-a062-838623feb407,e03e23c9-4df1-3eb6-a62d-f70f02301496,wellness,162673000,General examination of patient (procedure),136.80,778.78,0.00,,
08295485-d7af-ac38-b663-7f21d8e3ccaa,2001-03-30T05:48:38Z,2001-03-30T06:03:38Z,53ab38ed-ddd8-1be9-19b6-ccf6fcf6e5d3,4f5e8f16-a31b-3071-8556-d7188ede313d,624b5b50-df4c-367d-a062-838623feb407,e03e23c9-4df1-3eb6-a62d-f70f02301496,ambulatory,185345009,Encounter for symptom,85.55,92.93,0.00,36971009,Sinusitis (disorder)
e1d782ed-cf8f-5894-58db-c1dfb5d91a7a,2002-01-18T09:48:38Z,2002-01-18T10:30:22Z,53ab38ed-ddd8-1be9-19b6-ccf6fcf6e5d3,4f5e8f16-a31b-3071-8556-d7188ede313d,624b5b50-df4c-367d-a062-838623feb407,e03e23c9-4df1-3eb6-a62d-f70f02301496,wellness,162673000,General examination of patient (procedure),136.80,1567.00,0.00,,
97eaf49e-966b-cea3-3d1e-ca2865009c98,2002-12-04T09:48:38Z,2002-12-04T10:03:38Z,53ab38ed-ddd8-1be9-19b6-ccf6fcf6e5d3,4f5e8f16-a31b-3071-8556-d7188ede313d,624b5b50-df4c-367d-a062-838623feb407,e03e23c9-4df1-3eb6-a62d-f70f02301496,ambulatory,424619006,Prenatal visit,142.58,1005.38,0.00,156073000,Complete miscarriage (disorder)
17d33d0d-444c-4492-0584-18983aed37fc,2005-02-18T09:48:38Z,2005-02-18T10:24:16Z,53ab38ed-ddd8-1be9-19b6-ccf6fcf6e5d3,4f5e8f16-a31b-3071-8556-d7188ede313d,624b5b50-df4c-367d-a062-838623feb407,e03e23c9-4df1-3eb6-a62d-f70f02301496,ambulatory,185349003,Encounter for check up (procedure),85.55,89.82,0.00,103697008,Patient referral for dental care (procedure)
fd2e51fe-6345-fd2c-7de4-48120c984941,2010-03-05T09:48:38Z,2010-03-05T10:29:53Z,53ab38ed-ddd8-1be9-19b6-ccf6fcf6e5d3,4f5e8f16-a31b-3071-8556-d7188ede313d,624b5b50-df4c-367d-a062-838623feb407,e03e23c9-4df1-3eb6-a62d-f70f02301496,wellness,162673000,General examination of patient (procedure),136.80,704.20,0.00,,
c9a2faba-64a1-6b43-8c9c-fc833b2e284f,2014-02-02T09:48:38Z,2014-02-02T10:03:38Z,53ab38ed-ddd8-1be9-19b6-ccf6fcf6e5d3,4f5e8f16-a31b-3071-8556-d7188ede313d,624b5b50-df4c-367d-a062-838623feb407,df166300-5a78-3502-a46a-832842197811,outpatient,185347001,Encounter for problem (procedure),85.55,85.55,35.55,82423001,Chronic pain
f88d26be-d494-951d-7caa-343d1ccb2def,2014-03-17T08:48:38Z,2014-03-17T09:03:38Z,53ab38ed-ddd8-1be9-19b6-ccf6fcf6e5d3,4f5e8f16-a31b-3071-8556-d7188ede313d,624b5b50-df4c-367d-a062-838623feb407,df166300-5a78-3502-a46a-832842197811,ambulatory,390906007,Follow-up encounter (procedure),85.55,85.55,35.55,82423001,Chronic pain
18e5655e-922a-1671-91bb-2315a3208784,2016-04-08T09:48:38Z,2016-04-08T10:41:58Z,53ab38ed-ddd8-1be9-19b6-ccf6fcf6e5d3,4f5e8f16-a31b-3071-8556-d7188ede313d,624b5b50-df4c-367d-a062-838623feb407,e03e23c9-4df1-3eb6-a62d-f70f02301496,wellness,162673000,General examination of patient (procedure),136.80,778.78,0.00,,
5650db03-f91f-d529-07c9-a720637e39a3,2016-11-27T10:14:53Z,2016-11-27T10:29:53Z,53ab38ed-ddd8-1be9-19b6-ccf6fcf6e5d3,4f5e8f16-a31b-3071-8556-d7188ede313d,624b5b50-df4c-367d-a062-838623feb407,e03e23c9-4df1-3eb6-a62d-f70f02301496,outpatient,698314001,Consultation for treatment,142.58,142.58,0.00,389095005,Contraception care (regime/therapy)
48463308-2792-d8c2-18a6-2c10bb4f7f71,2017-04-14T09:48:38Z,2017-04-14T10:46:56Z,53ab38ed-ddd8-1be9-19b6-ccf6fcf6e5d3,4f5e8f16-a31b-3071-8556-d7188ede313d,624b5b50-df4c-367d-a062-838623feb407,e03e23c9-4df1-3eb6-a62d-f70f02301496,wellness,162673000,General examination of patient (procedure),136.80,783.90,0.00,,
142bdc24-c4fa-4fd5-f4d6-e7e39371b0f7,1997-08-24T16:40:18Z,1997-08-24T17:40:18Z,347ceebf-0248-5a56-14f3-e1e8e8ffb73c,f6ba791e-fe68-3596-bef4-60751db6a60e,2d3f06fe-e324-3585-abe6-47ec7a4fa5fd,d18ef2e6-ef40-324c-be54-34a5ee865625,emergency,182813001,Emergency treatment (procedure),146.18,146.18,111.18,124171000119105,Chronic intractable migraine without aura
a0a8ac02-d4ba-1dde-033e-edfc362bcc36,1997-09-28T16:40:18Z,1997-09-28T17:40:18Z,347ceebf-0248-5a56-14f3-e1e8e8ffb73c,f6ba791e-fe68-3596-bef4-60751db6a60e,2d3f06fe-e324-3585-abe6-47ec7a4fa5fd,d18ef2e6-ef40-324c-be54-34a5ee865625,emergency,183452005,Emergency hospital admission (procedure),87.71,87.71,52.71,82423001,Chronic pain
71d1da43-c511-dd70-32cb-0ea72f0e3485,2025-12-16T11:39:32Z,2025-12-16T11:54:32Z,8867dec1-2600-88bb-8b7a-a541f167c8bd,2fb77691-5353-358a-bc94-90af77dd654b,2645bbdc-bfea-3bf2-95d1-41cb70b2ebbe,0133f751-9229-3cfd-815f-b6d4979bdd6a,outpatient,185349003,Encounter for check up (procedure),85.55,516.95,0.00,,
28a8825f-9fbf-a92e-7971-871835b42850,1997-11-12T16:40:18Z,1997-11-12T17:24:46Z,347ceebf-0248-5a56-14f3-e1e8e8ffb73c,7b7ce654-a413-37d1-9d34-97240c0ac580,70689406-5000-3e58-982b-fb96061540ac,d18ef2e6-ef40-324c-be54-34a5ee865625,urgentcare,702927004,Urgent care clinic (environment),142.58,6382.81,6347.81,,
ffcdf47b-cdf6-1764-46f8-71b7dd6a1279,2017-11-26T18:04:32Z,2017-11-26T18:19:32Z,53ab38ed-ddd8-1be9-19b6-ccf6fcf6e5d3,4f5e8f16-a31b-3071-8556-d7188ede313d,624b5b50-df4c-367d-a062-838623feb407,e03e23c9-4df1-3eb6-a62d-f70f02301496,outpatient,698314001,Consultation for treatment,142.58,142.58,0.00,389095005,Contraception care (regime/therapy)
dcc44200-37dc-d8b2-6cc3-26e3d63db128,2017-12-01T00:04:32Z,2017-12-01T01:03:38Z,53ab38ed-ddd8-1be9-19b6-ccf6fcf6e5d3,4f5e8f16-a31b-3071-8556-d7188ede313d,624b5b50-df4c-367d-a062-838623feb407,e03e23c9-4df1-3eb6-a62d-f70f02301496,outpatient,308335008,Patient encounter procedure,142.58,4052.91,0.00,389095005,Contraception care (regime/therapy)
d9a89001-fa56-a878-a4bb-c7fe16a6b703,2018-04-20T09:48:38Z,2018-04-20T10:44:24Z,53ab38ed-ddd8-1be9-19b6-ccf6fcf6e5d3,4f5e8f16-a31b-3071-8556-d7188ede313d,624b5b50-df4c-367d-a062-838623feb407,e03e23c9-4df1-3eb6-a62d-f70f02301496,wellness,162673000,General examination of patient (procedure),136.80,994.48,0.00,,
b86af254-8352-f2ff-d1ad-8b2af8f56d4c,2018-05-04T09:48:38Z,2018-05-04T12:42:42Z,53ab38ed-ddd8-1be9-19b6-ccf6fcf6e5d3,4f5e8f16-a31b-3071-8556-d7188ede313d,624b5b50-df4c-367d-a062-838623feb407,e03e23c9-4df1-3eb6-a62d-f70f02301496,ambulatory,185349003,Encounter for check up (procedure),85.55,257.30,0.00,66383009,Gingivitis (disorder)
76a5ceee-434b-d780-46f7-5ea4376263ba,2024-01-13T01:17:30Z,2024-01-13T01:56:17Z,2e23caa4-d831-1f47-c522-0518bab7bd3d,89171335-b9c0-3326-98d6-a837d432b9fd,ba15ec28-3753-3ed5-894f-21afa20d81df,a735bf55-83e9-331a-899d-a82a60b9f60c,outpatient,185349003,Encounter for check up (procedure),85.55,1308.09,1046.46,,
95c958a2-426c-d94b-db22-d251869f4797,2023-03-30T02:42:00Z,2023-03-30T03:13:23Z,78dffa97-f7ab-361c-e8b2-9193afdbf2ab,2f735290-1603-31b5-b561-7c8e0d413170,caf0ed5f-2657-3207-bcf5-1281bb7e03cd,b046940f-1664-3047-bca7-dfa76be352a4,wellness,162673000,General examination of patient (procedure),136.80,1397.12,0.00,,
d4615073-41c7-3146-a336-d49164c1c8d7,2025-07-14T16:14:09Z,2025-07-14T16:29:09Z,c5a17333-816d-683f-2549-f0f6c934c3e0,9f2f60a6-87a4-3f45-b753-b63b5b7e9993,502b4fab-6395-365c-a7b7-9c235c5ecd4a,734afbd6-4794-363b-9bc0-6a3981533ed5,wellness,410620009,Well child visit (procedure),136.80,919.90,0.00,,
e7d524d7-aa6a-e406-1be9-445e196b5fc3,1997-11-19T16:40:18Z,1997-11-19T16:55:18Z,347ceebf-0248-5a56-14f3-e1e8e8ffb73c,7b7ce654-a413-37d1-9d34-97240c0ac580,70689406-5000-3e58-982b-fb96061540ac,d18ef2e6-ef40-324c-be54-34a5ee865625,urgentcare,702927004,Urgent care clinic (environment),142.58,5504.10,5469.10,,
92d2ca66-59cc-b28c-a0c1-3496f5fb996b,1961-02-09T15:36:19Z,1961-02-09T16:15:23Z,d67aaf0a-104d-0854-69b7-24e7894c7e9e,ad82d624-72eb-3c7d-a76d-79f2668d1390,08de24ae-bfdd-3a5e-9d91-4b50bce42ddc,26aab0cd-6aba-3e1b-ac5b-05c8867e762c,wellness,162673000,General examination of patient (procedure),136.80,704.20,0.00,,
ef4148d3-0f2a-435e-f435-ae44f42a457d,2018-07-08T12:38:48Z,2018-07-08T13:48:28Z,53ab38ed-ddd8-1be9-19b6-ccf6fcf6e5d3,4f5e8f16-a31b-3071-8556-d7188ede313d,624b5b50-df4c-367d-a062-838623feb407,e03e23c9-4df1-3eb6-a62d-f70f02301496,ambulatory,185347001,Encounter for problem (procedure),85.55,516.95,0.00,6525002,Dependent drug abuse (disorder)
b899847e-3a2a-a6a9-fdd7-e0c14eaa2113,2018-12-21T09:48:38Z,2018-12-21T10:53:07Z,53ab38ed-ddd8-1be9-19b6-ccf6fcf6e5d3,4f5e8f16-a31b-3071-8556-d7188ede313d,624b5b50-df4c-367d-a062-838623feb407,e03e23c9-4df1-3eb6-a62d-f70f02301496,outpatient,308335008,Patient encounter procedure,142.58,7963.24,0.00,389095005,Contraception care (regime/therapy)
0de201fa-014d-bac6-d991-7b9cb8569268,1980-03-20T15:36:19Z,1980-03-20T16:17:41Z,d67aaf0a-104d-0854-69b7-24e7894c7e9e,b6eeaaf7-1683-3bcb-b6ee-81ce304636ef,0b928cfd-13c5-30a4-952b-72f5e14c37c9,26aab0cd-6aba-3e1b-ac5b-05c8867e762c,ambulatory,185349003,Encounter for check up (procedure),85.55,94.06,0.00,66383009,Gingivitis (disorder)
a54da405-749f-c66f-6b02-d4cc54dfddcc,1997-12-03T16:40:18Z,1997-12-03T17:37:01Z,347ceebf-0248-5a56-14f3-e1e8e8ffb73c,845fbd9b-2d1c-39a8-8261-28ae40e4fab2,67b1afa3-cbff-316b-9918-b97a0a95e398,d18ef2e6-ef40-324c-be54-34a5ee865625,outpatient,185349003,Encounter for check up (procedure),85.55,7396.68,7361.68,,
e06c9f37-7891-1ebd-e78d-8311e7b8efc9,2019-02-26T13:48:28Z,2019-03-07T13:48:28Z,53ab38ed-ddd8-1be9-19b6-ccf6fcf6e5d3,4f5e8f16-a31b-3071-8556-d7188ede313d,624b5b50-df4c-367d-a062-838623feb407,e03e23c9-4df1-3eb6-a62d-f70f02301496,inpatient,56876005,Drug rehabilitation and detoxification,146.18,146.18,0.00,6525002,Dependent drug abuse (disorder)
3c3750bb-37a5-a331-8616-fc8bc9e178f7,1983-12-29T15:36:19Z,1983-12-29T16:31:52Z,d67aaf0a-104d-0854-69b7-24e7894c7e9e,ad82d624-72eb-3c7d-a76d-79f2668d1390,08de24ae-bfdd-3a5e-9d91-4b50bce42ddc,26aab0cd-6aba-3e1b-ac5b-05c8867e762c,wellness,162673000,General examination of patient (procedure),136.80,994.48,0.00,,
b7addc0e-9d69-34e4-f3dc-c802e11fb8ca,2024-01-27T01:17:30Z,2024-01-27T02:08:56Z,2e23caa4-d831-1f47-c522-0518bab7bd3d,93c3d861-e05d-33b9-91eb-1768470229d7,7106ddc3-d4c4-34ed-97b7-61e2e30598d9,a735bf55-83e9-331a-899d-a82a60b9f60c,wellness,162673000,General examination of patient (procedure),136.80,1148.76,919.00,,
6abfd13a-6ed3-8c60-f6d0-f731b9659e72,1998-03-19T15:36:19Z,1998-03-19T16:26:36Z,d67aaf0a-104d-0854-69b7-24e7894c7e9e,ad82d624-72eb-3c7d-a76d-79f2668d1390,08de24ae-bfdd-3a5e-9d91-4b50bce42ddc,26aab0cd-6aba-3e1b-ac5b-05c8867e762c,wellness,162673000,General examination of patient (procedure),136.80,778.78,0.00,,
3b23a8c1-571f-32f5-8be8-b8c9c9dac6b5,2019-04-26T09:48:38Z,2019-04-26T10:25:26Z,53ab38ed-ddd8-1be9-19b6-ccf6fcf6e5d3,4f5e8f16-a31b-3071-8556-d7188ede313d,624b5b50-df4c-367d-a062-838623feb407,e03e23c9-4df1-3eb6-a62d-f70f02301496,wellness,162673000,General examination of patient (procedure),136.80,919.90,0.00,,
fa01f6ec-c0db-fb7e-2919-b340cbb6f2bf,1998-03-31T09:26:30Z,1998-03-31T13:41:16Z,d67aaf0a-104d-0854-69b7-24e7894c7e9e,74ab949d-17ac-3309-83a0-13b4405c66aa,8d32509a-2844-3440-aac1-59efe106054b,26aab0cd-6aba-3e1b-ac5b-05c8867e762c,ambulatory,185347001,Encounter for problem (procedure),85.55,1444.46,0.00,414545008,Ischemic heart disease (disorder)
a5ba5ad5-a792-9224-dae2-4ec27a40b152,2002-12-02T15:36:19Z,2002-12-02T16:16:45Z,d67aaf0a-104d-0854-69b7-24e7894c7e9e,74ab949d-17ac-3309-83a0-13b4405c66aa,8d32509a-2844-3440-aac1-59efe106054b,26aab0cd-6aba-3e1b-ac5b-05c8867e762c,ambulatory,185347001,Encounter for problem (procedure),85.55,948.35,0.00,60573004,Aortic valve stenosis (disorder)
3b942919-9484-ffe7-5825-851616826d59,2002-12-03T16:32:36Z,2002-12-03T16:47:36Z,d67aaf0a-104d-0854-69b7-24e7894c7e9e,74ab949d-17ac-3309-83a0-13b4405c66aa,8d32509a-2844-3440-aac1-59efe106054b,26aab0cd-6aba-3e1b-ac5b-05c8867e762c,ambulatory,185347001,Encounter for problem (procedure),85.55,1379.75,246.74,60573004,Aortic valve stenosis (disorder)
71986a15-3cda-9b3d-c0a7-aea97703ab7b,2023-06-25T17:57:21Z,2023-06-25T18:12:21Z,78dffa97-f7ab-361c-e8b2-9193afdbf2ab,63cb4d95-04a9-3a35-b5d9-f89e0377a48d,58cc2bae-96e9-329b-891e-0d79a2267290,b046940f-1664-3047-bca7-dfa76be352a4,outpatient,698314001,Consultation for treatment,142.58,142.58,0.00,389095005,Contraception care (regime/therapy)
6d7fdab4-34cd-5f48-6b77-eae0b6266319,2019-05-10T09:48:38Z,2019-05-10T10:20:05Z,53ab38ed-ddd8-1be9-19b6-ccf6fcf6e5d3,4f5e8f16-a31b-3071-8556-d7188ede313d,624b5b50-df4c-367d-a062-838623feb407,e03e23c9-4df1-3eb6-a62d-f70f02301496,ambulatory,185349003,Encounter for check up (procedure),85.55,93.56,0.00,66383009,Gingivitis (disorder)
c1134278-be0f-8ddf-7ab0-dcf05c66385c,2023-06-29T20:57:21Z,2023-06-29T21:54:40Z,78dffa97-f7ab-361c-e8b2-9193afdbf2ab,63cb4d95-04a9-3a35-b5d9-f89e0377a48d,58cc2bae-96e9-329b-891e-0d79a2267290,b046940f-1664-3047-bca7-dfa76be352a4,outpatient,308335008,Patient encounter procedure,142.58,10559.51,5693.45,389095005,Contraception care (regime/therapy)
dbc62991-d585-da4a-b6b4-c2ab6aee2ee4,2024-04-04T02:42:00Z,2024-04-04T03:16:58Z,78dffa97-f7ab-361c-e8b2-9193afdbf2ab,2f735290-1603-31b5-b561-7c8e0d413170,caf0ed5f-2657-3207-bcf5-1281bb7e03cd,b046940f-1664-3047-bca7-dfa76be352a4,wellness,162673000,General examination of patient (procedure),136.80,853.36,0.00,,
c6b76ae8-8208-ac6c-9488-165d6e001cf7,2024-02-10T01:17:30Z,2024-02-10T04:40:08Z,2e23caa4-d831-1f47-c522-0518bab7bd3d,89171335-b9c0-3326-98d6-a837d432b9fd,ba15ec28-3753-3ed5-894f-21afa20d81df,a735bf55-83e9-331a-899d-a82a60b9f60c,ambulatory,185349003,Encounter for check up (procedure),85.55,192.02,153.61,,
d7af1e22-4a27-b74b-53a7-61ec7863bfc3,1976-08-06T03:42:56Z,1976-08-06T05:13:26Z,cd38af39-23f7-92a3-1983-ea0af5e7e011,18a96051-91f4-3cba-af96-056ea14dfee0,e366319b-0e59-3199-91d0-e635ccfa6ef2,8fa6c185-e44e-3e34-8bd8-39be8694f4ce,ambulatory,185349003,Encounter for check up (procedure),85.55,427.95,0.00,,
d9212c6e-edaf-6b67-b493-321a37863260,2024-02-12T01:17:30Z,2024-02-12T01:32:30Z,2e23caa4-d831-1f47-c522-0518bab7bd3d,89171335-b9c0-3326-98d6-a837d432b9fd,ba15ec28-3753-3ed5-894f-21afa20d81df,a735bf55-83e9-331a-899d-a82a60b9f60c,ambulatory,185345009,Encounter for symptom,85.55,85.55,68.44,444814009,Viral sinusitis (disorder)
5dc2f599-02bf-9c18-3583-9b62d6149728,2024-02-24T01:17:30Z,2024-02-24T02:17:30Z,2e23caa4-d831-1f47-c522-0518bab7bd3d,5becf220-2978-3f33-bd38-9326947f85de,a787f9b7-26af-3ea9-a25a-c9ebcd04f256,a735bf55-83e9-331a-899d-a82a60b9f60c,emergency,50849002,Emergency room admission (procedure),146.18,1373.84,1099.06,,
e6208c7a-8912-8233-fc1b-f2bc8ac2f866,2025-02-16T04:08:32Z,2025-02-16T05:08:32Z,78dffa97-f7ab-361c-e8b2-9193afdbf2ab,d9b71ccf-6649-3555-9e99-44eac0af257f,34922409-94c7-325c-bf31-779939af18f5,b046940f-1664-3047-bca7-dfa76be352a4,emergency,50849002,Emergency room admission (procedure),146.18,146.18,0.00,384709000,Sprain (morphologic abnormality)
77e06108-3692-8619-5741-e98b4998f68a,2025-04-10T02:42:00Z,2025-04-10T03:23:47Z,78dffa97-f7ab-361c-e8b2-9193afdbf2ab,2f735290-1603-31b5-b561-7c8e0d413170,caf0ed5f-2657-3207-bcf5-1281bb7e03cd,b046940f-1664-3047-bca7-dfa76be352a4,wellness,162673000,General examination of patient (procedure),136.80,1406.93,0.00,,
31b9cf13-4738-8b6b-e900-927933f7cc57,2023-05-17T20:18:37Z,2023-05-17T20:33:37Z,e7f86a5b-05af-8fc8-cbc3-e2a298bda8b8,44cb1162-a345-3477-8723-c202a3c8cdcd,e2e6ab1e-8746-3a38-bffc-dc394acdf68b,26aab0cd-6aba-3e1b-ac5b-05c8867e762c,wellness,410620009,Well child visit (procedure),136.80,755.38,0.00,,
a4294cd4-4474-98f9-0121-7406f51ebdff,1997-12-10T16:40:18Z,1997-12-10T16:55:18Z,347ceebf-0248-5a56-14f3-e1e8e8ffb73c,7b7ce654-a413-37d1-9d34-97240c0ac580,70689406-5000-3e58-982b-fb96061540ac,d18ef2e6-ef40-324c-be54-34a5ee865625,urgentcare,702927004,Urgent care clinic (environment),142.58,15642.97,15607.97,,
3975de5f-cd0f-6157-6891-3fce6b7add95,2019-11-07T13:48:28Z,2019-11-07T14:49:37Z,53ab38ed-ddd8-1be9-19b6-ccf6fcf6e5d3,4f5e8f16-a31b-3071-8556-d7188ede313d,624b5b50-df4c-367d-a062-838623feb407,e03e23c9-4df1-3eb6-a62d-f70f02301496,ambulatory,185347001,Encounter for problem (procedure),85.55,516.95,0.00,6525002,Dependent drug abuse (disorder)
f535ff35-57fd-3c10-be78-d201248a1107,2003-01-02T08:04:03Z,2003-01-03T08:04:03Z,d67aaf0a-104d-0854-69b7-24e7894c7e9e,74ab949d-17ac-3309-83a0-13b4405c66aa,8d32509a-2844-3440-aac1-59efe106054b,26aab0cd-6aba-3e1b-ac5b-05c8867e762c,inpatient,32485007,Hospital admission (procedure),146.18,2734.58,0.00,60573004,Aortic valve stenosis (disorder)
8c0ca491-90d2-a100-74dd-470f389fc1dc,1979-08-03T03:42:56Z,1979-08-03T04:16:20Z,cd38af39-23f7-92a3-1983-ea0af5e7e011,18b1bb7e-2f93-3253-a7ae-d19c13ffeaa1,5fafab99-955e-3fba-bd7e-acc20a78b2d7,8fa6c185-e44e-3e34-8bd8-39be8694f4ce,wellness,162673000,General examination of patient (procedure),136.80,704.20,0.00,,
89cbbd6c-b9f4-c62d-b510-93484793da0d,2023-07-24T19:18:37Z,2023-07-24T19:33:37Z,e7f86a5b-05af-8fc8-cbc3-e2a298bda8b8,845fbd9b-2d1c-39a8-8261-28ae40e4fab2,67b1afa3-cbff-316b-9918-b97a0a95e398,26aab0cd-6aba-3e1b-ac5b-05c8867e762c,ambulatory,185345009,Encounter for symptom,85.55,85.55,0.00,444814009,Viral sinusitis (disorder)
c3dbf232-f672-cf05-0742-bdc02952258d,2024-03-02T01:17:30Z,2024-03-02T01:32:30Z,2e23caa4-d831-1f47-c522-0518bab7bd3d,a14e698d-a9ba-3eae-9c8b-682ec726433d,158873e1-6ad5-3918-9e3d-6cc41f2eab01,a735bf55-83e9-331a-899d-a82a60b9f60c,urgentcare,702927004,Urgent care clinic (environment),142.58,291.74,233.38,,
5ee542a6-7a74-9970-8e94-f5a7f3b0a844,1979-01-16T03:22:32Z,1979-01-17T03:22:32Z,b0fc3374-c40b-8591-0cc4-d6ffc383e5a4,497f39dd-280e-3d58-af5b-c5e3a3a09b10,c0ee3b0e-90d8-30f2-bc56-bbd3cda3ab31,e03e23c9-4df1-3eb6-a62d-f70f02301496,inpatient,32485007,Hospital admission (procedure),146.18,203.48,0.00,,
121a64a1-1eca-0458-c85e-54772c7fdfe2,2009-07-15T15:55:53Z,2009-07-15T17:22:15Z,3c5a560a-9450-cc9d-9d9e-1e56de16c95c,0519b293-2e92-3eb3-aeef-233da0babc93,bcf66c40-a411-38cc-8ea1-7575b57edf78,734afbd6-4794-363b-9bc0-6a3981533ed5,emergency,50849002,Emergency room admission (procedure),146.18,5963.16,3883.86,128613002,Seizure disorder
2aa30d54-0036-e418-ccc9-36475c34a7f0,2017-06-30T15:55:53Z,2017-06-30T16:10:53Z,3c5a560a-9450-cc9d-9d9e-1e56de16c95c,10ffe7b1-2f94-3f12-9288-679da05a1ec9,88a61db7-ba03-3246-9969-5b41124629f9,a735bf55-83e9-331a-899d-a82a60b9f60c,wellness,410620009,Well child visit (procedure),136.80,919.90,686.47,,
51d79248-7a66-17e0-40e2-99403a1e687f,2019-12-07T14:49:37Z,2019-12-07T15:52:25Z,53ab38ed-ddd8-1be9-19b6-ccf6fcf6e5d3,4f5e8f16-a31b-3071-8556-d7188ede313d,624b5b50-df4c-367d-a062-838623feb407,e03e23c9-4df1-3eb6-a62d-f70f02301496,ambulatory,185347001,Encounter for problem (procedure),85.55,516.95,0.00,6525002,Dependent drug abuse (disorder)
cf98c5e5-1abf-3a58-fbb4-f1978ea69185,2020-01-06T15:52:25Z,2020-01-06T16:55:07Z,53ab38ed-ddd8-1be9-19b6-ccf6fcf6e5d3,4f5e8f16-a31b-3071-8556-d7188ede313d,624b5b50-df4c-367d-a062-838623feb407,e03e23c9-4df1-3eb6-a62d-f70f02301496,ambulatory,185347001,Encounter for problem (procedure),85.55,516.95,0.00,6525002,Dependent drug abuse (disorder)
360bdaf5-9c7c-e990-afa1-b43aaa664cc0,2020-02-05T16:55:07Z,2020-02-05T18:14:41Z,53ab38ed-ddd8-1be9-19b6-ccf6fcf6e5d3,4f5e8f16-a31b-3071-8556-d7188ede313d,624b5b50-df4c-367d-a062-838623feb407,e03e23c9-4df1-3eb6-a62d-f70f02301496,ambulatory,185347001,Encounter for problem (procedure),85.55,516.95,0.00,6525002,Dependent drug abuse (disorder)
3a2234f7-50fb-5170-9bef-27d1cf13cb6c,2020-05-01T09:48:38Z,2020-05-01T10:24:31Z,53ab38ed-ddd8-1be9-19b6-ccf6fcf6e5d3,4f5e8f16-a31b-3071-8556-d7188ede313d,624b5b50-df4c-367d-a062-838623feb407,e03e23c9-4df1-3eb6-a62d-f70f02301496,wellness,162673000,General examination of patient (procedure),136.80,704.20,0.00,,
108a11eb-3b3b-d556-31a0-8f43292390b1,2023-08-04T15:55:53Z,2023-08-04T16:10:53Z,3c5a560a-9450-cc9d-9d9e-1e56de16c95c,10ffe7b1-2f94-3f12-9288-679da05a1ec9,88a61db7-ba03-3246-9969-5b41124629f9,a735bf55-83e9-331a-899d-a82a60b9f60c,wellness,410620009,Well child visit (procedure),136.80,704.20,376.96,,
dfa8d2c8-0523-c876-4f47-d965217fe885,2003-01-02T10:18:50Z,2003-01-03T10:18:50Z,d67aaf0a-104d-0854-69b7-24e7894c7e9e,74ab949d-17ac-3309-83a0-13b4405c66aa,8d32509a-2844-3440-aac1-59efe106054b,26aab0cd-6aba-3e1b-ac5b-05c8867e762c,inpatient,449214001,Transfer to stepdown unit (procedure),146.18,5378.72,1512.73,1231000119100,History of aortic valve replacement (situation)
73cf7620-161c-3063-37c2-1582f94d506f,1983-08-12T03:42:56Z,1983-08-12T04:34:39Z,cd38af39-23f7-92a3-1983-ea0af5e7e011,18b1bb7e-2f93-3253-a7ae-d19c13ffeaa1,5fafab99-955e-3fba-bd7e-acc20a78b2d7,8fa6c185-e44e-3e34-8bd8-39be8694f4ce,wellness,162673000,General examination of patient (procedure),136.80,1140.76,0.00,,
ae371aa5-6efb-e110-b032-7824c77b3f80,2025-06-18T21:54:40Z,2025-06-18T22:09:40Z,78dffa97-f7ab-361c-e8b2-9193afdbf2ab,63cb4d95-04a9-3a35-b5d9-f89e0377a48d,58cc2bae-96e9-329b-891e-0d79a2267290,b046940f-1664-3047-bca7-dfa76be352a4,outpatient,698314001,Consultation for treatment,142.58,1571.38,0.00,389095005,Contraception care (regime/therapy)
db3c3f9e-71bb-9ee9-9aea-4c3267e920b3,1982-11-30T02:48:04Z,1982-11-30T03:35:00Z,b0fc3374-c40b-8591-0cc4-d6ffc383e5a4,11a40a26-a5a3-331d-aef0-d06dd90e2b4e,6210fef3-422f-3fe0-ab7f-8cc80cdde81a,e03e23c9-4df1-3eb6-a62d-f70f02301496,wellness,162673000,General examination of patient (procedure),136.80,704.20,0.00,,
e18905eb-5f2f-5e9f-078d-14899d83d664,1995-01-26T03:42:56Z,1995-01-26T03:57:56Z,cd38af39-23f7-92a3-1983-ea0af5e7e011,18a96051-91f4-3cba-af96-056ea14dfee0,e366319b-0e59-3199-91d0-e635ccfa6ef2,8fa6c185-e44e-3e34-8bd8-39be8694f4ce,ambulatory,185347001,Encounter for problem,85.55,85.55,0.00,239872002,Osteoarthritis of hip
d2638b02-7b01-8c35-523f-e008c5259fa6,2009-07-03T03:42:56Z,2009-07-03T04:40:18Z,cd38af39-23f7-92a3-1983-ea0af5e7e011,18b1bb7e-2f93-3253-a7ae-d19c13ffeaa1,5fafab99-955e-3fba-bd7e-acc20a78b2d7,0133f751-9229-3cfd-815f-b6d4979bdd6a,wellness,162673000,General examination of patient (procedure),136.80,1064.92,0.00,,
57a1ba41-d335-3d80-7e35-a06b9b548184,2014-02-02T03:42:56Z,2014-02-02T03:57:56Z,cd38af39-23f7-92a3-1983-ea0af5e7e011,ecd3b321-0a8a-3ce6-81f0-982dd77fce43,9be633aa-ab17-3b45-99cd-13fa29910e0d,0133f751-9229-3cfd-815f-b6d4979bdd6a,outpatient,185347001,Encounter for problem (procedure),85.55,85.55,0.00,82423001,Chronic pain (finding)
9f3c4715-ea6d-f57e-61c0-d9d0185d9e0c,1997-12-10T17:01:30Z,1997-12-10T17:38:18Z,347ceebf-0248-5a56-14f3-e1e8e8ffb73c,845fbd9b-2d1c-39a8-8261-28ae40e4fab2,67b1afa3-cbff-316b-9918-b97a0a95e398,d18ef2e6-ef40-324c-be54-34a5ee865625,ambulatory,185349003,Encounter for check up (procedure),85.55,205.11,170.11,,
74031008-ddbc-b1c8-43ed-ad3829422659,1997-12-10T17:38:18Z,1997-12-10T18:00:50Z,347ceebf-0248-5a56-14f3-e1e8e8ffb73c,845fbd9b-2d1c-39a8-8261-28ae40e4fab2,67b1afa3-cbff-316b-9918-b97a0a95e398,d18ef2e6-ef40-324c-be54-34a5ee865625,ambulatory,185349003,Encounter for check up (procedure),85.55,124.35,89.35,,
21245406-3d9c-eb1f-28e3-745897ef4a71,1998-01-08T16:40:18Z,1998-01-08T17:40:18Z,347ceebf-0248-5a56-14f3-e1e8e8ffb73c,f6ba791e-fe68-3596-bef4-60751db6a60e,2d3f06fe-e324-3585-abe6-47ec7a4fa5fd,d18ef2e6-ef40-324c-be54-34a5ee865625,emergency,182813001,Emergency treatment (procedure),146.18,20794.05,20759.05,196416002,Impacted molars
b36f59fd-f475-caa8-36ad-e02293b8a46d,2020-05-08T18:14:41Z,2020-05-08T19:14:41Z,53ab38ed-ddd8-1be9-19b6-ccf6fcf6e5d3,609ec9f1-e806-3427-b912-9e3b2915521d,02b96b5f-329e-3727-9f96-bc79252cf1c0,e03e23c9-4df1-3eb6-a62d-f70f02301496,emergency,50849002,Emergency room admission (procedure),146.18,146.18,0.00,55680006,Drug overdose
777d4d26-2c4b-0d6d-df68-8dc93f1948ea,2020-05-22T09:48:38Z,2020-05-22T10:03:38Z,53ab38ed-ddd8-1be9-19b6-ccf6fcf6e5d3,4f5e8f16-a31b-3071-8556-d7188ede313d,624b5b50-df4c-367d-a062-838623feb407,e03e23c9-4df1-3eb6-a62d-f70f02301496,wellness,308646001,Death Certification,136.80,211.38,0.00,55680006,Drug overdose
24f6b4b5-79b6-ea00-0b38-6d03dff82ef8,2024-05-15T20:18:37Z,2024-05-15T20:33:37Z,e7f86a5b-05af-8fc8-cbc3-e2a298bda8b8,845fbd9b-2d1c-39a8-8261-28ae40e4fab2,67b1afa3-cbff-316b-9918-b97a0a95e398,26aab0cd-6aba-3e1b-ac5b-05c8867e762c,outpatient,33879002,Administration of vaccine to produce active immunity (procedure),142.58,278.58,0.00,,
12755914-1acf-ba7b-5dd5-afe201f1d638,2024-03-09T01:17:30Z,2024-03-09T02:03:06Z,2e23caa4-d831-1f47-c522-0518bab7bd3d,89171335-b9c0-3326-98d6-a837d432b9fd,ba15ec28-3753-3ed5-894f-21afa20d81df,a735bf55-83e9-331a-899d-a82a60b9f60c,ambulatory,185349003,Encounter for check up (procedure),85.55,86.41,69.13,,
664da366-3fae-496d-2963-737cd7cd0a25,2020-07-31T03:42:56Z,2020-07-31T04:15:45Z,cd38af39-23f7-92a3-1983-ea0af5e7e011,18b1bb7e-2f93-3253-a7ae-d19c13ffeaa1,5fafab99-955e-3fba-bd7e-acc20a78b2d7,8fa6c185-e44e-3e34-8bd8-39be8694f4ce,wellness,162673000,General examination of patient (procedure),136.80,853.36,0.00,,
524aab13-9a89-feba-ec7d-d7ba61ccf2e7,1982-12-14T02:48:04Z,1982-12-14T03:54:14Z,b0fc3374-c40b-8591-0cc4-d6ffc383e5a4,497f39dd-280e-3d58-af5b-c5e3a3a09b10,c0ee3b0e-90d8-30f2-bc56-bbd3cda3ab31,e03e23c9-4df1-3eb6-a62d-f70f02301496,ambulatory,185349003,Encounter for check up (procedure),85.55,100.16,0.00,103697008,Patient referral for dental care (procedure)
b4f1bb01-1131-4021-b965-fc3685fe242d,2007-12-17T17:18:49Z,2007-12-17T18:15:57Z,d67aaf0a-104d-0854-69b7-24e7894c7e9e,b6eeaaf7-1683-3bcb-b6ee-81ce304636ef,0b928cfd-13c5-30a4-952b-72f5e14c37c9,26aab0cd-6aba-3e1b-ac5b-05c8867e762c,ambulatory,185349003,Encounter for check up,85.55,18080.54,7969.79,275978004,Screening for malignant neoplasm of colon (procedure)
8bfee77b-3298-da08-68c0-220fb79e5367,2009-03-07T18:00:57Z,2009-03-07T18:55:22Z,d67aaf0a-104d-0854-69b7-24e7894c7e9e,b6eeaaf7-1683-3bcb-b6ee-81ce304636ef,0b928cfd-13c5-30a4-952b-72f5e14c37c9,a735bf55-83e9-331a-899d-a82a60b9f60c,ambulatory,185349003,Encounter for check up,85.55,9506.36,7487.13,68496003,Polyp of colon
f9c56e9b-769e-c81e-655b-5127f86b38e9,2009-05-28T15:36:19Z,2009-05-28T16:35:19Z,d67aaf0a-104d-0854-69b7-24e7894c7e9e,ad82d624-72eb-3c7d-a76d-79f2668d1390,08de24ae-bfdd-3a5e-9d91-4b50bce42ddc,a735bf55-83e9-331a-899d-a82a60b9f60c,wellness,162673000,General examination of patient (procedure),136.80,840.20,672.16,,
7ef51ed3-a286-e15b-29c1-e9c9f8ded66d,1989-12-12T02:48:04Z,1989-12-12T03:39:18Z,b0fc3374-c40b-8591-0cc4-d6ffc383e5a4,a079d416-e8fe-3286-8ef3-6d289d7b5ad9,fab8ee36-fe8b-31ad-8f13-5536087eb358,e03e23c9-4df1-3eb6-a62d-f70f02301496,wellness,162673000,General examination of patient (procedure),136.80,1265.26,0.00,,
44a38030-c3ec-6a2f-c997-7b19678f9bb0,1994-01-04T02:48:04Z,1994-01-04T03:18:22Z,b0fc3374-c40b-8591-0cc4-d6ffc383e5a4,a079d416-e8fe-3286-8ef3-6d289d7b5ad9,fab8ee36-fe8b-31ad-8f13-5536087eb358,e03e23c9-4df1-3eb6-a62d-f70f02301496,wellness,162673000,General examination of patient (procedure),136.80,853.36,0.00,,
1f89560e-108b-f206-a2ee-ecec109bf3f1,1998-01-27T02:48:04Z,1998-01-27T03:25:56Z,b0fc3374-c40b-8591-0cc4-d6ffc383e5a4,a079d416-e8fe-3286-8ef3-6d289d7b5ad9,fab8ee36-fe8b-31ad-8f13-5536087eb358,e03e23c9-4df1-3eb6-a62d-f70f02301496,wellness,162673000,General examination of patient (procedure),136.80,1928.96,0.00,,
4e14e46b-6f1b-578d-4956-3c67e8245b17,1999-08-31T02:48:04Z,1999-08-31T03:20:07Z,b0fc3374-c40b-8591-0cc4-d6ffc383e5a4,a079d416-e8fe-3286-8ef3-6d289d7b5ad9,fab8ee36-fe8b-31ad-8f13-5536087eb358,e03e23c9-4df1-3eb6-a62d-f70f02301496,outpatient,185349003,Encounter for check up (procedure),85.55,1092.39,0.00,,
7dcf963d-f98a-b8fc-e694-45979e427b20,1999-09-14T02:48:04Z,1999-09-14T03:43:23Z,b0fc3374-c40b-8591-0cc4-d6ffc383e5a4,a079d416-e8fe-3286-8ef3-6d289d7b5ad9,fab8ee36-fe8b-31ad-8f13-5536087eb358,e03e23c9-4df1-3eb6-a62d-f70f02301496,ambulatory,185349003,Encounter for check up (procedure),85.55,209.31,0.00,103697008,Patient referral for dental care (procedure)
4391cba5-f837-cb0f-ab61-d1071420e523,2010-11-26T05:26:04Z,2010-11-26T05:41:04Z,b0fc3374-c40b-8591-0cc4-d6ffc383e5a4,a079d416-e8fe-3286-8ef3-6d289d7b5ad9,fab8ee36-fe8b-31ad-8f13-5536087eb358,8fa6c185-e44e-3e34-8bd8-39be8694f4ce,ambulatory,185347001,Encounter for problem (procedure),85.55,234.71,0.00,,
bca089fc-d269-112a-9250-f1ad24158cae,2020-08-14T03:42:56Z,2020-08-14T04:24:29Z,cd38af39-23f7-92a3-1983-ea0af5e7e011,18a96051-91f4-3cba-af96-056ea14dfee0,e366319b-0e59-3199-91d0-e635ccfa6ef2,8fa6c185-e44e-3e34-8bd8-39be8694f4ce,ambulatory,185349003,Encounter for check up (procedure),85.55,226.10,0.00,103697008,Patient referral for dental care (procedure)
46abe695-4f34-b7c8-d253-30873d968787,2014-02-06T02:48:04Z,2014-02-06T03:03:04Z,b0fc3374-c40b-8591-0cc4-d6ffc383e5a4,a079d416-e8fe-3286-8ef3-6d289d7b5ad9,fab8ee36-fe8b-31ad-8f13-5536087eb358,8fa6c185-e44e-3e34-8bd8-39be8694f4ce,outpatient,185347001,Encounter for problem (procedure),85.55,85.55,85.55,82423001,Chronic pain (finding)
0d9126d9-d2d0-aa7a-3c08-60c31dee68fe,2023-08-18T15:55:53Z,2023-08-18T16:49:02Z,3c5a560a-9450-cc9d-9d9e-1e56de16c95c,06cc2462-430f-3322-9c87-7e971125f510,848c3a7f-415c-3814-8bbc-de3d2a9b8e42,a735bf55-83e9-331a-899d-a82a60b9f60c,ambulatory,185349003,Encounter for check up (procedure),85.55,86.14,68.91,,
73f8062d-584b-ed4b-bc5f-436537aeed52,2021-08-06T03:42:56Z,2021-08-06T04:32:06Z,cd38af39-23f7-92a3-1983-ea0af5e7e011,18b1bb7e-2f93-3253-a7ae-d19c13ffeaa1,5fafab99-955e-3fba-bd7e-acc20a78b2d7,8fa6c185-e44e-3e34-8bd8-39be8694f4ce,wellness,162673000,General examination of patient (procedure),136.80,785.58,0.00,,
253ad303-3ddb-30d9-7ec6-5f41010044ae,2024-05-22T20:18:37Z,2024-05-22T20:40:46Z,e7f86a5b-05af-8fc8-cbc3-e2a298bda8b8,44cb1162-a345-3477-8723-c202a3c8cdcd,e2e6ab1e-8746-3a38-bffc-dc394acdf68b,26aab0cd-6aba-3e1b-ac5b-05c8867e762c,wellness,410620009,Well child visit (procedure),136.80,840.20,0.00,,
06c6960e-5782-069a-a9f8-2fb2b936fc28,2024-03-23T01:17:30Z,2024-03-23T02:01:00Z,2e23caa4-d831-1f47-c522-0518bab7bd3d,89171335-b9c0-3326-98d6-a837d432b9fd,ba15ec28-3753-3ed5-894f-21afa20d81df,a735bf55-83e9-331a-899d-a82a60b9f60c,outpatient,185349003,Encounter for check up (procedure),85.55,926.55,741.23,,
8a8e1005-3b8b-df83-a063-c71d5a2af6ba,1998-02-11T16:40:18Z,1998-02-11T17:34:33Z,347ceebf-0248-5a56-14f3-e1e8e8ffb73c,7b7ce654-a413-37d1-9d34-97240c0ac580,70689406-5000-3e58-982b-fb96061540ac,d18ef2e6-ef40-324c-be54-34a5ee865625,urgentcare,702927004,Urgent care clinic (environment),142.58,6409.43,6374.43,,
9893d25c-ba03-5d2a-6da9-7a5cb75379c5,2014-04-01T08:57:46Z,2014-04-01T09:12:46Z,b0fc3374-c40b-8591-0cc4-d6ffc383e5a4,a079d416-e8fe-3286-8ef3-6d289d7b5ad9,fab8ee36-fe8b-31ad-8f13-5536087eb358,8fa6c185-e44e-3e34-8bd8-39be8694f4ce,ambulatory,390906007,Follow-up encounter (procedure),85.55,85.55,85.55,82423001,Chronic pain (finding)
fc780178-860e-c7b3-c550-5add1b2cd806,2023-08-18T03:42:56Z,2023-08-18T04:20:13Z,cd38af39-23f7-92a3-1983-ea0af5e7e011,18b1bb7e-2f93-3253-a7ae-d19c13ffeaa1,5fafab99-955e-3fba-bd7e-acc20a78b2d7,8fa6c185-e44e-3e34-8bd8-39be8694f4ce,wellness,162673000,General examination of patient (procedure),136.80,934.74,0.00,,
b798f2db-2526-ea8e-7703-d6d254344df9,2024-08-09T15:55:53Z,2024-08-09T16:22:17Z,3c5a560a-9450-cc9d-9d9e-1e56de16c95c,10ffe7b1-2f94-3f12-9288-679da05a1ec9,88a61db7-ba03-3246-9969-5b41124629f9,a735bf55-83e9-331a-899d-a82a60b9f60c,wellness,410620009,Well child visit (procedure),136.80,704.20,376.96,,
d7015f63-c4a4-732e-1b02-2d05daa04309,2019-07-25T15:36:19Z,2019-07-25T16:08:15Z,d67aaf0a-104d-0854-69b7-24e7894c7e9e,ad82d624-72eb-3c7d-a76d-79f2668d1390,08de24ae-bfdd-3a5e-9d91-4b50bce42ddc,a735bf55-83e9-331a-899d-a82a60b9f60c,wellness,162673000,General examination of patient (procedure),136.80,704.20,551.67,,
04e26a8e-cd72-67aa-8d3c-cff583dedf5d,2024-08-23T15:55:53Z,2024-08-23T16:29:43Z,3c5a560a-9450-cc9d-9d9e-1e56de16c95c,06cc2462-430f-3322-9c87-7e971125f510,848c3a7f-415c-3814-8bbc-de3d2a9b8e42,a735bf55-83e9-331a-899d-a82a60b9f60c,ambulatory,185349003,Encounter for check up (procedure),85.55,97.48,77.98,,
ddfd9262-d6d4-aaf3-f803-aa1819b2f376,2024-04-21T04:14:09Z,2024-04-21T05:14:09Z,cd38af39-23f7-92a3-1983-ea0af5e7e011,a7b047dd-186a-32de-8187-b0853c05aed6,9d0126c9-220f-3d4f-a620-fd927a0b3c99,8fa6c185-e44e-3e34-8bd8-39be8694f4ce,emergency,50849002,Emergency room admission (procedure),146.18,146.18,0.00,384709000,Sprain (morphologic abnormality)
a737a2ed-3142-0f1d-d3e8-372549935710,2025-08-15T15:55:53Z,2025-08-15T16:25:21Z,3c5a560a-9450-cc9d-9d9e-1e56de16c95c,10ffe7b1-2f94-3f12-9288-679da05a1ec9,88a61db7-ba03-3246-9969-5b41124629f9,a735bf55-83e9-331a-899d-a82a60b9f60c,wellness,410620009,Well child visit (procedure),136.80,1777.58,1235.66,,
c142691f-a1bd-9734-5ef6-70009c592a56,2024-04-06T01:17:30Z,2024-04-06T01:41:42Z,2e23caa4-d831-1f47-c522-0518bab7bd3d,89171335-b9c0-3326-98d6-a837d432b9fd,ba15ec28-3753-3ed5-894f-21afa20d81df,a735bf55-83e9-331a-899d-a82a60b9f60c,ambulatory,185349003,Encounter for check up (procedure),85.55,85.56,68.45,,
a1c56496-8387-49f5-07f2-e2d94f89c56e,2015-03-03T02:48:04Z,2015-03-17T15:33:28Z,b0fc3374-c40b-8591-0cc4-d6ffc383e5a4,a079d416-e8fe-3286-8ef3-6d289d7b5ad9,fab8ee36-fe8b-31ad-8f13-5536087eb358,8fa6c185-e44e-3e34-8bd8-39be8694f4ce,inpatient,305432006,Admission to surgical transplant department (procedure),146.18,9285.98,9285.98,698306007,Awaiting transplantation of kidney (situation)
5b9b8180-dada-ba75-4c82-bf47982cdaba,2016-05-10T02:48:04Z,2016-05-10T03:46:30Z,b0fc3374-c40b-8591-0cc4-d6ffc383e5a4,a079d416-e8fe-3286-8ef3-6d289d7b5ad9,fab8ee36-fe8b-31ad-8f13-5536087eb358,8fa6c185-e44e-3e34-8bd8-39be8694f4ce,wellness,162673000,General examination of patient (procedure),136.80,1274.52,0.00,,
de45403c-7a51-c440-82b6-13e4ca93b627,1998-02-18T16:40:18Z,1998-02-18T16:55:18Z,347ceebf-0248-5a56-14f3-e1e8e8ffb73c,845fbd9b-2d1c-39a8-8261-28ae40e4fab2,67b1afa3-cbff-316b-9918-b97a0a95e398,d18ef2e6-ef40-324c-be54-34a5ee865625,outpatient,185349003,Encounter for check up (procedure),85.55,12079.59,12044.59,,
5ca870ac-1333-f1b0-8edc-2daf4927e8e4,2024-06-05T20:18:37Z,2024-06-05T20:33:37Z,e7f86a5b-05af-8fc8-cbc3-e2a298bda8b8,845fbd9b-2d1c-39a8-8261-28ae40e4fab2,67b1afa3-cbff-316b-9918-b97a0a95e398,26aab0cd-6aba-3e1b-ac5b-05c8867e762c,outpatient,33879002,Administration of vaccine to produce active immunity (procedure),142.58,278.58,0.00,,
c98a757a-8f16-5e74-ca2f-ffa67504a8a1,2024-06-05T20:18:37Z,2024-06-05T20:39:57Z,e7f86a5b-05af-8fc8-cbc3-e2a298bda8b8,845fbd9b-2d1c-39a8-8261-28ae40e4fab2,67b1afa3-cbff-316b-9918-b97a0a95e398,26aab0cd-6aba-3e1b-ac5b-05c8867e762c,ambulatory,185349003,Encounter for check up (procedure),85.55,96.52,0.00,103697008,Patient referral for dental care (procedure)
1d1e0319-f8d7-fae3-e5d6-09943130d2a3,2024-07-23T20:18:37Z,2024-07-23T21:18:37Z,e7f86a5b-05af-8fc8-cbc3-e2a298bda8b8,845fbd9b-2d1c-39a8-8261-28ae40e4fab2,67b1afa3-cbff-316b-9918-b97a0a95e398,26aab0cd-6aba-3e1b-ac5b-05c8867e762c,emergency,50849002,Emergency room admission (procedure),146.18,10229.90,3405.38,312608009,Laceration - injury (disorder)
4291d923-6467-f6ea-4132-b15dc0608280,2025-05-28T20:18:37Z,2025-05-28T20:47:30Z,e7f86a5b-05af-8fc8-cbc3-e2a298bda8b8,44cb1162-a345-3477-8723-c202a3c8cdcd,e2e6ab1e-8746-3a38-bffc-dc394acdf68b,26aab0cd-6aba-3e1b-ac5b-05c8867e762c,wellness,410620009,Well child visit (procedure),136.80,1055.90,0.00,,
86886947-4845-f1ee-e0f5-6df28dbc0aa9,2021-08-05T15:36:19Z,2021-08-05T16:23:59Z,d67aaf0a-104d-0854-69b7-24e7894c7e9e,ad82d624-72eb-3c7d-a76d-79f2668d1390,08de24ae-bfdd-3a5e-9d91-4b50bce42ddc,a735bf55-83e9-331a-899d-a82a60b9f60c,wellness,162673000,General examination of patient (procedure),136.80,704.20,563.36,,
a4ad0d6a-e8a0-1a9e-6b15-d177ef8eb5c7,2022-08-11T15:36:19Z,2022-08-11T16:32:37Z,d67aaf0a-104d-0854-69b7-24e7894c7e9e,ad82d624-72eb-3c7d-a76d-79f2668d1390,08de24ae-bfdd-3a5e-9d91-4b50bce42ddc,a735bf55-83e9-331a-899d-a82a60b9f60c,wellness,162673000,General examination of patient (procedure),136.80,704.20,483.22,,
8783a152-e989-272b-fc45-3cdd833af8f7,2025-10-08T21:55:53Z,2025-10-08T22:14:18Z,3c5a560a-9450-cc9d-9d9e-1e56de16c95c,06cc2462-430f-3322-9c87-7e971125f510,848c3a7f-415c-3814-8bbc-de3d2a9b8e42,a735bf55-83e9-331a-899d-a82a60b9f60c,ambulatory,185345009,Encounter for symptom,85.55,775.79,620.63,10509002,Acute bronchitis (disorder)
8d3a49ec-416e-e8d6-a9c9-afa96754870d,2024-04-20T01:17:30Z,2024-04-20T02:14:16Z,2e23caa4-d831-1f47-c522-0518bab7bd3d,89171335-b9c0-3326-98d6-a837d432b9fd,ba15ec28-3753-3ed5-894f-21afa20d81df,a735bf55-83e9-331a-899d-a82a60b9f60c,outpatient,185349003,Encounter for check up (procedure),85.55,666.11,532.88,,
a7f551fa-d40e-e2b8-11ea-0cb0c419c673,2024-04-27T01:41:42Z,2024-04-27T01:56:42Z,2e23caa4-d831-1f47-c522-0518bab7bd3d,89171335-b9c0-3326-98d6-a837d432b9fd,ba15ec28-3753-3ed5-894f-21afa20d81df,a735bf55-83e9-331a-899d-a82a60b9f60c,ambulatory,185349003,Encounter for check up (procedure),85.55,85.55,68.44,,
4b8caf0a-767e-da70-51b9-cc272534e833,1998-02-25T16:40:18Z,1998-02-25T17:15:57Z,347ceebf-0248-5a56-14f3-e1e8e8ffb73c,845fbd9b-2d1c-39a8-8261-28ae40e4fab2,67b1afa3-cbff-316b-9918-b97a0a95e398,d18ef2e6-ef40-324c-be54-34a5ee865625,ambulatory,185349003,Encounter for check up (procedure),85.55,95.43,60.43,,
e3a337d2-4de0-a3fe-89a2-e2d50851e912,2016-05-18T04:25:43Z,2016-05-18T10:26:40Z,b0fc3374-c40b-8591-0cc4-d6ffc383e5a4,74ab949d-17ac-3309-83a0-13b4405c66aa,8d32509a-2844-3440-aac1-59efe106054b,8fa6c185-e44e-3e34-8bd8-39be8694f4ce,ambulatory,185347001,Encounter for problem (procedure),85.55,1444.46,0.00,414545008,Ischemic heart disease (disorder)
2ebb0bc1-f693-5bf5-a2c4-11d1b578c00c,2016-05-31T02:48:04Z,2016-05-31T03:03:04Z,b0fc3374-c40b-8591-0cc4-d6ffc383e5a4,a079d416-e8fe-3286-8ef3-6d289d7b5ad9,fab8ee36-fe8b-31ad-8f13-5536087eb358,8fa6c185-e44e-3e34-8bd8-39be8694f4ce,ambulatory,390906007,Follow-up encounter,85.55,85.55,59.88,55822004,Hyperlipidemia
36db2404-9e9a-a540-16af-ae284535f0a7,1998-03-04T16:40:18Z,1998-03-04T17:40:18Z,347ceebf-0248-5a56-14f3-e1e8e8ffb73c,f6ba791e-fe68-3596-bef4-60751db6a60e,2d3f06fe-e324-3585-abe6-47ec7a4fa5fd,d18ef2e6-ef40-324c-be54-34a5ee865625,emergency,182813001,Emergency treatment (procedure),146.18,17942.75,17907.75,196416002,Impacted molars
f97590fa-b752-0e4c-080c-b9ef21c0340c,2025-06-11T20:18:37Z,2025-06-11T20:51:33Z,e7f86a5b-05af-8fc8-cbc3-e2a298bda8b8,845fbd9b-2d1c-39a8-8261-28ae40e4fab2,67b1afa3-cbff-316b-9918-b97a0a95e398,26aab0cd-6aba-3e1b-ac5b-05c8867e762c,ambulatory,185349003,Encounter for check up (procedure),85.55,515.72,0.00,66383009,Gingivitis (disorder)
d77b084d-d718-d85d-d5e0-6981021d3e25,2024-08-23T03:42:56Z,2024-08-23T04:34:48Z,cd38af39-23f7-92a3-1983-ea0af5e7e011,18b1bb7e-2f93-3253-a7ae-d19c13ffeaa1,5fafab99-955e-3fba-bd7e-acc20a78b2d7,8fa6c185-e44e-3e34-8bd8-39be8694f4ce,wellness,162673000,General examination of patient (procedure),136.80,792.38,0.00,,
9a578e31-60ec-568f-6610-4e993fae270e,2025-10-17T15:55:53Z,2025-10-17T16:10:53Z,3c5a560a-9450-cc9d-9d9e-1e56de16c95c,1de7e7d9-9a7a-3a3f-bf4c-b4de450711f2,faa069dc-d001-3550-a350-e1cd22a5af53,a735bf55-83e9-331a-899d-a82a60b9f60c,urgentcare,702927004,Urgent care clinic (environment),142.58,1163.64,930.91,,
4c8ad333-2771-2a3d-2a05-7ac7aaeb9277,2024-04-27T01:41:42Z,2024-04-27T02:00:29Z,2e23caa4-d831-1f47-c522-0518bab7bd3d,89171335-b9c0-3326-98d6-a837d432b9fd,ba15ec28-3753-3ed5-894f-21afa20d81df,a735bf55-83e9-331a-899d-a82a60b9f60c,ambulatory,185349003,Encounter for check up (procedure),85.55,85.62,68.50,,
0a2733bb-80ff-cfda-467c-45d18100f109,2024-07-13T01:17:30Z,2024-07-13T02:12:44Z,2e23caa4-d831-1f47-c522-0518bab7bd3d,89171335-b9c0-3326-98d6-a837d432b9fd,ba15ec28-3753-3ed5-894f-21afa20d81df,a735bf55-83e9-331a-899d-a82a60b9f60c,outpatient,185349003,Encounter for check up (procedure),85.55,666.11,450.80,,
b1f20de9-c537-6d54-4f7d-13fe0eff62ff,2020-09-01T02:48:04Z,2020-09-01T03:30:20Z,b0fc3374-c40b-8591-0cc4-d6ffc383e5a4,0592d4e5-a0fb-3143-83cd-8e5a6b066a96,854cf485-9e58-36ee-ae3e-23d0a5582864,8fa6c185-e44e-3e34-8bd8-39be8694f4ce,urgentcare,702927004,Urgent care clinic (environment),142.58,797.72,558.42,,
46e0f599-1d5e-d04a-bc76-074cfda500cb,2020-12-29T02:48:04Z,2020-12-29T03:23:41Z,b0fc3374-c40b-8591-0cc4-d6ffc383e5a4,0592d4e5-a0fb-3143-83cd-8e5a6b066a96,854cf485-9e58-36ee-ae3e-23d0a5582864,734afbd6-4794-363b-9bc0-6a3981533ed5,urgentcare,702927004,Urgent care clinic (environment),142.58,797.72,638.16,,
f6c5fc5f-a5c2-8188-f03b-4b4c4ba9f357,2025-08-29T03:42:56Z,2025-08-29T04:40:34Z,cd38af39-23f7-92a3-1983-ea0af5e7e011,18b1bb7e-2f93-3253-a7ae-d19c13ffeaa1,5fafab99-955e-3fba-bd7e-acc20a78b2d7,8fa6c185-e44e-3e34-8bd8-39be8694f4ce,wellness,162673000,General examination of patient (procedure),136.80,1609.98,0.00,,
57d9d83a-f9e5-f1ff-59a9-e23f629acc27,2021-06-15T02:48:04Z,2021-06-23T02:48:04Z,b0fc3374-c40b-8591-0cc4-d6ffc383e5a4,a036cdf2-bbc5-3ffd-987f-56e437fd8b74,0115fc17-b7c1-3276-a2e9-b15f73f912b5,734afbd6-4794-363b-9bc0-6a3981533ed5,emergency,185347001,Encounter for problem,87.71,1025.09,820.07,91302008,Sepsis (disorder)
fefc7713-7d47-634f-2c21-7f803d691adb,1998-04-08T16:40:18Z,1998-04-08T17:18:41Z,347ceebf-0248-5a56-14f3-e1e8e8ffb73c,7b7ce654-a413-37d1-9d34-97240c0ac580,70689406-5000-3e58-982b-fb96061540ac,d18ef2e6-ef40-324c-be54-34a5ee865625,urgentcare,702927004,Urgent care clinic (environment),142.58,16467.03,16432.03,,
0615eec4-2f48-09da-60c3-0c9fb9494b17,2025-10-31T15:55:53Z,2025-10-31T16:34:31Z,3c5a560a-9450-cc9d-9d9e-1e56de16c95c,06cc2462-430f-3322-9c87-7e971125f510,848c3a7f-415c-3814-8bbc-de3d2a9b8e42,a735bf55-83e9-331a-899d-a82a60b9f60c,ambulatory,185349003,Encounter for check up (procedure),85.55,339.10,271.28,,
8248db56-ebc0-17e7-ffdf-476938c240ee,2022-07-07T09:08:12Z,2022-07-07T09:23:16Z,dd1d9722-c7b2-4159-36a0-7dc09a27273d,18b1bb7e-2f93-3253-a7ae-d19c13ffeaa1,5fafab99-955e-3fba-bd7e-acc20a78b2d7,26aab0cd-6aba-3e1b-ac5b-05c8867e762c,wellness,410620009,Well child visit (procedure),136.80,919.90,0.00,,
82d05c3c-6ed3-fffd-eb2c-6767dd790ff1,2023-06-12T07:08:12Z,2023-06-12T07:31:19Z,dd1d9722-c7b2-4159-36a0-7dc09a27273d,6170552c-4d27-3e64-8068-64a380f1837d,af68b24e-d92e-3ce5-88d6-43aeb328a675,26aab0cd-6aba-3e1b-ac5b-05c8867e762c,ambulatory,185345009,Encounter for symptom,85.55,775.79,0.00,10509002,Acute bronchitis (disorder)
1eb6a37a-3e7e-64b6-558f-7c2922bfd807,2024-07-27T01:17:30Z,2024-07-27T01:42:36Z,2e23caa4-d831-1f47-c522-0518bab7bd3d,89171335-b9c0-3326-98d6-a837d432b9fd,ba15ec28-3753-3ed5-894f-21afa20d81df,a735bf55-83e9-331a-899d-a82a60b9f60c,ambulatory,185349003,Encounter for check up (procedure),85.55,85.79,68.63,,
e9e47de6-b21b-54ed-4b26-0df7ff41eb2b,2024-08-10T01:17:30Z,2024-08-10T02:16:10Z,2e23caa4-d831-1f47-c522-0518bab7bd3d,89171335-b9c0-3326-98d6-a837d432b9fd,ba15ec28-3753-3ed5-894f-21afa20d81df,a735bf55-83e9-331a-899d-a82a60b9f60c,outpatient,185349003,Encounter for check up (procedure),85.55,666.11,532.88,,
4a655e55-f3ef-53ec-5df6-b1a9ac69e3bd,2023-02-06T07:59:58Z,2023-02-06T08:22:03Z,d67aaf0a-104d-0854-69b7-24e7894c7e9e,b6eeaaf7-1683-3bcb-b6ee-81ce304636ef,0b928cfd-13c5-30a4-952b-72f5e14c37c9,a735bf55-83e9-331a-899d-a82a60b9f60c,ambulatory,185345009,Encounter for symptom,85.55,775.79,470.92,10509002,Acute bronchitis (disorder)
460602e5-8958-da0a-f9ac-60c80769fd09,2021-07-20T02:48:04Z,2021-07-20T03:10:33Z,b0fc3374-c40b-8591-0cc4-d6ffc383e5a4,a079d416-e8fe-3286-8ef3-6d289d7b5ad9,fab8ee36-fe8b-31ad-8f13-5536087eb358,734afbd6-4794-363b-9bc0-6a3981533ed5,ambulatory,185349003,Encounter for check up (procedure),85.55,85.96,68.77,66383009,Gingivitis (disorder)
b3885b0f-5587-2238-ce15-d42ab998e7e3,2021-11-02T02:48:04Z,2021-11-02T03:36:58Z,b0fc3374-c40b-8591-0cc4-d6ffc383e5a4,a079d416-e8fe-3286-8ef3-6d289d7b5ad9,fab8ee36-fe8b-31ad-8f13-5536087eb358,734afbd6-4794-363b-9bc0-6a3981533ed5,outpatient,185349003,Encounter for check up (procedure),85.55,740.69,249.51,,
bc1ee3b8-9769-c8f0-4852-7dc0880d8fce,2022-06-29T02:48:04Z,2022-06-29T03:03:04Z,b0fc3374-c40b-8591-0cc4-d6ffc383e5a4,a079d416-e8fe-3286-8ef3-6d289d7b5ad9,fab8ee36-fe8b-31ad-8f13-5536087eb358,734afbd6-4794-363b-9bc0-6a3981533ed5,ambulatory,390906007,Follow-up encounter,85.55,234.71,187.76,55822004,Hyperlipidemia
759700a0-3389-f917-4c4c-a54b47cbe09c,2023-02-16T15:36:19Z,2023-02-16T16:21:55Z,d67aaf0a-104d-0854-69b7-24e7894c7e9e,b6eeaaf7-1683-3bcb-b6ee-81ce304636ef,0b928cfd-13c5-30a4-952b-72f5e14c37c9,a735bf55-83e9-331a-899d-a82a60b9f60c,outpatient,185349003,Encounter for check up (procedure),85.55,732.65,586.12,,
f8166b1b-1f69-7aaa-ffab-82464761719a,2023-06-22T09:08:12Z,2023-06-22T09:23:12Z,dd1d9722-c7b2-4159-36a0-7dc09a27273d,9ce6072b-d039-3cde-8eaf-950211b8ae88,5dab5d06-7712-3708-a7fa-0cc05e84c4db,26aab0cd-6aba-3e1b-ac5b-05c8867e762c,urgentcare,702927004,Urgent care clinic (environment),142.58,709.98,0.00,,
fd535ad8-ccb9-7c80-5c0d-e8dc39dd1f0b,1998-04-22T16:40:18Z,1998-04-22T17:05:05Z,347ceebf-0248-5a56-14f3-e1e8e8ffb73c,845fbd9b-2d1c-39a8-8261-28ae40e4fab2,67b1afa3-cbff-316b-9918-b97a0a95e398,d18ef2e6-ef40-324c-be54-34a5ee865625,ambulatory,185349003,Encounter for check up (procedure),85.55,91.72,56.72,,
b0160b34-574d-2a4d-8b4a-9800bd2e77f1,2023-07-06T09:08:12Z,2023-07-06T09:37:07Z,dd1d9722-c7b2-4159-36a0-7dc09a27273d,6170552c-4d27-3e64-8068-64a380f1837d,af68b24e-d92e-3ce5-88d6-43aeb328a675,26aab0cd-6aba-3e1b-ac5b-05c8867e762c,ambulatory,185349003,Encounter for check up (procedure),85.55,169.48,0.00,103697008,Patient referral for dental care (procedure)
d31aca9c-d631-bf7f-a805-0becb9dba12e,2025-09-12T03:42:56Z,2025-09-12T04:14:08Z,cd38af39-23f7-92a3-1983-ea0af5e7e011,18a96051-91f4-3cba-af96-056ea14dfee0,e366319b-0e59-3199-91d0-e635ccfa6ef2,8fa6c185-e44e-3e34-8bd8-39be8694f4ce,ambulatory,185349003,Encounter for check up (procedure),85.55,91.70,0.00,103697008,Patient referral for dental care (procedure)
a0d68986-5fe4-a794-1c24-261ee84711c8,2023-07-20T09:08:12Z,2023-07-20T09:23:12Z,dd1d9722-c7b2-4159-36a0-7dc09a27273d,18b1bb7e-2f93-3253-a7ae-d19c13ffeaa1,5fafab99-955e-3fba-bd7e-acc20a78b2d7,26aab0cd-6aba-3e1b-ac5b-05c8867e762c,wellness,410620009,Well child visit (procedure),136.80,568.20,0.00,,
212fc76e-c818-cc3a-bba8-76c2c383e976,2024-09-07T01:17:30Z,2024-09-07T01:48:09Z,2e23caa4-d831-1f47-c522-0518bab7bd3d,89171335-b9c0-3326-98d6-a837d432b9fd,ba15ec28-3753-3ed5-894f-21afa20d81df,a735bf55-83e9-331a-899d-a82a60b9f60c,outpatient,185349003,Encounter for check up (procedure),85.55,1097.51,878.00,,
d46ede7a-5715-6248-ddb5-dc4e6fc527ae,1999-12-24T12:38:00Z,1999-12-24T13:22:21Z,a2207c71-4aba-4c37-25c3-105cf692d053,92d919ab-8380-3fda-a5f1-838e69b819c1,9c3d42db-225e-35cd-9c90-18b7ddbc4cd1,26aab0cd-6aba-3e1b-ac5b-05c8867e762c,wellness,162673000,General examination of patient (procedure),136.80,704.20,0.00,,
3e52c120-d508-906f-d619-4897263d03ed,2023-08-17T15:36:19Z,2023-08-17T16:13:43Z,d67aaf0a-104d-0854-69b7-24e7894c7e9e,ad82d624-72eb-3c7d-a76d-79f2668d1390,08de24ae-bfdd-3a5e-9d91-4b50bce42ddc,a735bf55-83e9-331a-899d-a82a60b9f60c,wellness,162673000,General examination of patient (procedure),136.80,1069.06,855.24,,
9872d6ea-7da3-8daa-61c1-ea0f93ad21f2,2022-12-27T02:48:04Z,2022-12-27T03:40:48Z,b0fc3374-c40b-8591-0cc4-d6ffc383e5a4,a079d416-e8fe-3286-8ef3-6d289d7b5ad9,fab8ee36-fe8b-31ad-8f13-5536087eb358,734afbd6-4794-363b-9bc0-6a3981533ed5,outpatient,185349003,Encounter for check up (procedure),85.55,956.39,142.32,,
509dbd00-aa4e-62a2-6a59-71c0fae582e4,1998-04-29T16:40:18Z,1998-04-29T17:40:18Z,347ceebf-0248-5a56-14f3-e1e8e8ffb73c,f6ba791e-fe68-3596-bef4-60751db6a60e,2d3f06fe-e324-3585-abe6-47ec7a4fa5fd,d18ef2e6-ef40-324c-be54-34a5ee865625,emergency,183452005,Emergency hospital admission (procedure),87.71,87.71,52.71,82423001,Chronic pain
0b69a980-83f9-6b70-f511-7efcdde288fc,1976-11-06T01:54:36Z,1976-11-06T02:09:36Z,0e7809bd-be4e-ed66-9589-9253b729e37b,91808f17-7583-32a3-aa55-23b131b327c7,bec9d43c-f462-3292-9a4b-0ad0c0a7a9fb,26aab0cd-6aba-3e1b-ac5b-05c8867e762c,wellness,410620009,Well child visit (procedure),136.80,704.20,0.00,,
87f857e7-01d5-41ca-4753-80f9bc15ea09,1982-12-11T01:54:36Z,1982-12-11T02:51:38Z,0e7809bd-be4e-ed66-9589-9253b729e37b,91808f17-7583-32a3-aa55-23b131b327c7,bec9d43c-f462-3292-9a4b-0ad0c0a7a9fb,26aab0cd-6aba-3e1b-ac5b-05c8867e762c,wellness,162673000,General examination of patient (procedure),136.80,704.20,0.00,,
82e23981-1f5c-06a3-1b4c-6fa24e51d0c1,1986-12-20T01:54:36Z,1986-12-20T02:28:11Z,0e7809bd-be4e-ed66-9589-9253b729e37b,91808f17-7583-32a3-aa55-23b131b327c7,bec9d43c-f462-3292-9a4b-0ad0c0a7a9fb,26aab0cd-6aba-3e1b-ac5b-05c8867e762c,wellness,162673000,General examination of patient (procedure),136.80,1059.80,0.00,,
7d35e87c-3d79-9026-f26a-df6c84185768,1988-12-24T01:54:36Z,1988-12-24T02:09:36Z,0e7809bd-be4e-ed66-9589-9253b729e37b,e2eab39c-5195-34aa-b35f-e89e37cfed01,4821a85c-2835-3f14-b1ea-e32d21d0ca09,26aab0cd-6aba-3e1b-ac5b-05c8867e762c,ambulatory,424619006,Prenatal visit,142.58,1005.38,603.23,35999006,Blighted ovum
86c63dba-76d4-45f1-a21f-c8217a066830,2023-08-03T09:08:12Z,2023-08-03T09:37:17Z,dd1d9722-c7b2-4159-36a0-7dc09a27273d,6170552c-4d27-3e64-8068-64a380f1837d,af68b24e-d92e-3ce5-88d6-43aeb328a675,26aab0cd-6aba-3e1b-ac5b-05c8867e762c,ambulatory,185349003,Encounter for check up (procedure),85.55,100.23,0.00,66383009,Gingivitis (disorder)
94d1b891-042e-8cf6-4a1d-82f9759c205f,1998-05-06T16:40:18Z,1998-05-06T17:30:45Z,347ceebf-0248-5a56-14f3-e1e8e8ffb73c,845fbd9b-2d1c-39a8-8261-28ae40e4fab2,67b1afa3-cbff-316b-9918-b97a0a95e398,d18ef2e6-ef40-324c-be54-34a5ee865625,outpatient,185349003,Encounter for check up (procedure),85.55,12054.26,12019.26,,
8baf09e4-e54f-b35c-afb9-6edebe4522d6,2024-07-25T09:08:12Z,2024-07-25T09:23:12Z,dd1d9722-c7b2-4159-36a0-7dc09a27273d,18b1bb7e-2f93-3253-a7ae-d19c13ffeaa1,5fafab99-955e-3fba-bd7e-acc20a78b2d7,26aab0cd-6aba-3e1b-ac5b-05c8867e762c,wellness,410620009,Well child visit (procedure),136.80,914.78,0.00,,
48269b13-6cb9-f290-4c53-755ea7d94eac,2024-05-25T17:57:43Z,2024-05-25T18:57:43Z,d67aaf0a-104d-0854-69b7-24e7894c7e9e,d4a03501-69f6-3a89-ac27-ed25976fdb6f,073703a1-850a-35e7-8f40-bcffc6d8715d,a735bf55-83e9-331a-899d-a82a60b9f60c,emergency,50849002,Emergency room admission (procedure),146.18,10732.62,8541.93,125605004,Fracture of bone (disorder)
11710a2b-b44c-f492-0328-a8989895539b,1989-12-23T01:54:36Z,1989-12-23T02:47:31Z,0e7809bd-be4e-ed66-9589-9253b729e37b,91808f17-7583-32a3-aa55-23b131b327c7,bec9d43c-f462-3292-9a4b-0ad0c0a7a9fb,26aab0cd-6aba-3e1b-ac5b-05c8867e762c,wellness,162673000,General examination of patient (procedure),136.80,1156.10,1156.10,,
29d3d364-3948-8eb1-23fd-ce97e6e6dc6d,2000-02-08T02:41:02Z,2000-02-09T02:41:02Z,0e7809bd-be4e-ed66-9589-9253b729e37b,e2eab39c-5195-34aa-b35f-e89e37cfed01,4821a85c-2835-3f14-b1ea-e32d21d0ca09,26aab0cd-6aba-3e1b-ac5b-05c8867e762c,inpatient,305408004,Admission to surgical department,146.18,3817.64,0.00,183996000,Sterilization requested (situation)
88247c0f-e887-8986-dc63-0f3499559283,2014-02-02T12:38:00Z,2014-02-02T12:53:00Z,a2207c71-4aba-4c37-25c3-105cf692d053,217cb6f6-e822-3831-9d9d-ffa104971042,09118138-3672-3c41-96c0-2fb1a1d2dada,26aab0cd-6aba-3e1b-ac5b-05c8867e762c,outpatient,185347001,Encounter for problem (procedure),85.55,85.55,0.00,82423001,Chronic pain (finding)
8b0b0662-c2a2-047c-72a5-9f78bc2c5414,2019-03-07T18:13:46Z,2019-03-07T18:33:16Z,4c6b9977-35e1-4ace-a7a4-e211b3e16068,371948e4-733a-33b6-a835-68abefdeb59f,07dd939e-d4c5-3c9a-87ba-929d9f41f83a,df166300-5a78-3502-a46a-832842197811,wellness,410620009,Well child visit (procedure),136.80,704.20,704.20,,
fdfdb135-eff5-4f22-7ac2-c3dbe74de71f,2020-03-12T18:13:46Z,2020-03-12T18:44:36Z,4c6b9977-35e1-4ace-a7a4-e211b3e16068,371948e4-733a-33b6-a835-68abefdeb59f,07dd939e-d4c5-3c9a-87ba-929d9f41f83a,df166300-5a78-3502-a46a-832842197811,wellness,162673000,General examination of patient (procedure),136.80,704.20,604.20,,
ea050580-fcb0-2e58-8a25-14de3acb91a8,2022-02-10T18:13:46Z,2022-02-10T18:59:37Z,4c6b9977-35e1-4ace-a7a4-e211b3e16068,6d947ed4-9b7f-3720-8141-67109691d2e7,53d71ca5-a7f5-3fec-b662-9bf039662836,df166300-5a78-3502-a46a-832842197811,outpatient,185349003,Encounter for check up (procedure),85.55,788.95,638.95,,
b37b5175-8ec3-3250-da66-124ba238ca8e,2004-10-23T01:54:36Z,2004-10-23T02:48:55Z,0e7809bd-be4e-ed66-9589-9253b729e37b,91808f17-7583-32a3-aa55-23b131b327c7,bec9d43c-f462-3292-9a4b-0ad0c0a7a9fb,26aab0cd-6aba-3e1b-ac5b-05c8867e762c,wellness,162673000,General examination of patient (procedure),136.80,989.36,0.00,,
e5c55076-a9be-de9d-824f-2f8f085c482b,2006-11-04T01:54:36Z,2006-11-04T02:42:16Z,0e7809bd-be4e-ed66-9589-9253b729e37b,91808f17-7583-32a3-aa55-23b131b327c7,bec9d43c-f462-3292-9a4b-0ad0c0a7a9fb,26aab0cd-6aba-3e1b-ac5b-05c8867e762c,wellness,162673000,General examination of patient (procedure),136.80,799.18,0.00,,
4a7b4843-cfcc-32b7-d151-93b705c4f4ad,2014-04-02T04:38:00Z,2014-04-02T04:53:00Z,a2207c71-4aba-4c37-25c3-105cf692d053,217cb6f6-e822-3831-9d9d-ffa104971042,09118138-3672-3c41-96c0-2fb1a1d2dada,26aab0cd-6aba-3e1b-ac5b-05c8867e762c,ambulatory,390906007,Follow-up encounter (procedure),85.55,85.55,0.00,82423001,Chronic pain (finding)
5ca444f3-a281-7179-9f63-139cd7562c03,2008-11-15T01:54:36Z,2008-11-15T02:43:29Z,0e7809bd-be4e-ed66-9589-9253b729e37b,91808f17-7583-32a3-aa55-23b131b327c7,bec9d43c-f462-3292-9a4b-0ad0c0a7a9fb,26aab0cd-6aba-3e1b-ac5b-05c8867e762c,wellness,162673000,General examination of patient (procedure),136.80,853.36,0.00,,
4daa6f5d-b198-9128-5943-1f88ddebe7ba,2014-08-30T01:54:36Z,2014-08-30T03:51:15Z,0e7809bd-be4e-ed66-9589-9253b729e37b,83769f98-fff3-3535-8781-6ace5957136f,3bd271ae-88ce-35ff-b4ed-9a44a54d432d,26aab0cd-6aba-3e1b-ac5b-05c8867e762c,emergency,50849002,Emergency room admission (procedure),146.18,4407.08,0.00,128613002,Seizure disorder
ad11fe8f-b07e-1468-8228-acd4dccf2b1d,2015-02-20T12:38:00Z,2015-02-20T13:08:16Z,a2207c71-4aba-4c37-25c3-105cf692d053,92d919ab-8380-3fda-a5f1-838e69b819c1,9c3d42db-225e-35cd-9c90-18b7ddbc4cd1,a735bf55-83e9-331a-899d-a82a60b9f60c,wellness,162673000,General examination of patient (procedure),136.80,778.78,623.02,,
fe51bc3b-166d-fc50-c7c5-c272df44f137,2021-03-26T12:38:00Z,2021-03-26T13:37:29Z,a2207c71-4aba-4c37-25c3-105cf692d053,92d919ab-8380-3fda-a5f1-838e69b819c1,9c3d42db-225e-35cd-9c90-18b7ddbc4cd1,a735bf55-83e9-331a-899d-a82a60b9f60c,wellness,162673000,General examination of patient (procedure),136.80,931.16,744.93,,
3f6d4591-a4b3-8dfa-7980-47f4003a23fb,2022-04-01T12:38:00Z,2022-04-01T13:28:06Z,a2207c71-4aba-4c37-25c3-105cf692d053,92d919ab-8380-3fda-a5f1-838e69b819c1,9c3d42db-225e-35cd-9c90-18b7ddbc4cd1,a735bf55-83e9-331a-899d-a82a60b9f60c,wellness,162673000,General examination of patient (procedure),136.80,914.78,731.82,,
a093cf98-4cfb-2fba-a321-ea836781e643,2024-09-21T01:17:30Z,2024-09-21T01:53:08Z,2e23caa4-d831-1f47-c522-0518bab7bd3d,89171335-b9c0-3326-98d6-a837d432b9fd,ba15ec28-3753-3ed5-894f-21afa20d81df,a735bf55-83e9-331a-899d-a82a60b9f60c,ambulatory,185349003,Encounter for check up (procedure),85.55,85.97,68.78,,
65472bc4-1736-b2cb-6015-573a19e0f418,2024-10-12T01:17:30Z,2024-10-12T02:07:23Z,2e23caa4-d831-1f47-c522-0518bab7bd3d,89171335-b9c0-3326-98d6-a837d432b9fd,ba15ec28-3753-3ed5-894f-21afa20d81df,a735bf55-83e9-331a-899d-a82a60b9f60c,outpatient,185349003,Encounter for check up (procedure),85.55,1810.11,1448.08,,
b3241cc6-ee64-d199-5bf4-fd4adf721aca,2024-08-08T09:08:12Z,2024-08-08T09:33:51Z,dd1d9722-c7b2-4159-36a0-7dc09a27273d,6170552c-4d27-3e64-8068-64a380f1837d,af68b24e-d92e-3ce5-88d6-43aeb328a675,26aab0cd-6aba-3e1b-ac5b-05c8867e762c,ambulatory,185349003,Encounter for check up (procedure),85.55,333.06,0.00,103697008,Patient referral for dental care (procedure)
6260b497-4a1b-ca2c-1e9c-bc124f9c5343,2015-12-26T01:54:36Z,2015-12-26T02:30:34Z,0e7809bd-be4e-ed66-9589-9253b729e37b,91808f17-7583-32a3-aa55-23b131b327c7,bec9d43c-f462-3292-9a4b-0ad0c0a7a9fb,a735bf55-83e9-331a-899d-a82a60b9f60c,wellness,162673000,General examination of patient (procedure),136.80,1273.28,842.05,,
46d87023-d335-433b-516b-341b81831885,2017-12-09T01:54:36Z,2017-12-09T02:43:45Z,0e7809bd-be4e-ed66-9589-9253b729e37b,2ca615f3-87f7-3283-a447-d919a883b676,5d65aeb3-78d0-3cdf-905e-dc8710836d8e,a735bf55-83e9-331a-899d-a82a60b9f60c,urgentcare,702927004,Urgent care clinic (environment),142.58,791.36,633.08,,
9a1a0c48-d089-ecd1-60f7-196a92012eff,2018-01-06T01:54:36Z,2018-01-06T02:51:57Z,0e7809bd-be4e-ed66-9589-9253b729e37b,91808f17-7583-32a3-aa55-23b131b327c7,bec9d43c-f462-3292-9a4b-0ad0c0a7a9fb,a735bf55-83e9-331a-899d-a82a60b9f60c,wellness,162673000,General examination of patient (procedure),136.80,724.16,579.32,,
99ee3459-a8f6-9a05-a645-2707f349b6ab,2021-01-23T01:54:36Z,2021-01-23T02:45:32Z,0e7809bd-be4e-ed66-9589-9253b729e37b,91808f17-7583-32a3-aa55-23b131b327c7,bec9d43c-f462-3292-9a4b-0ad0c0a7a9fb,a735bf55-83e9-331a-899d-a82a60b9f60c,wellness,162673000,General examination of patient (procedure),136.80,853.36,497.74,,
0d8ee8af-bec8-52ab-7a44-2af91abe65da,2022-01-29T01:54:36Z,2022-01-29T02:46:43Z,0e7809bd-be4e-ed66-9589-9253b729e37b,91808f17-7583-32a3-aa55-23b131b327c7,bec9d43c-f462-3292-9a4b-0ad0c0a7a9fb,a735bf55-83e9-331a-899d-a82a60b9f60c,wellness,162673000,General examination of patient (procedure),136.80,778.78,506.88,,
c8f58e1b-c2f0-00ab-b78e-2e9fbf78cf2a,2022-02-12T01:54:36Z,2022-02-12T02:34:17Z,0e7809bd-be4e-ed66-9589-9253b729e37b,e2eab39c-5195-34aa-b35f-e89e37cfed01,4821a85c-2835-3f14-b1ea-e32d21d0ca09,a735bf55-83e9-331a-899d-a82a60b9f60c,ambulatory,185349003,Encounter for check up (procedure),85.55,888.42,710.73,,
879ac75f-5646-26f4-1165-502937721574,2023-02-04T01:54:36Z,2023-02-04T02:46:13Z,0e7809bd-be4e-ed66-9589-9253b729e37b,91808f17-7583-32a3-aa55-23b131b327c7,bec9d43c-f462-3292-9a4b-0ad0c0a7a9fb,a735bf55-83e9-331a-899d-a82a60b9f60c,wellness,162673000,General examination of patient (procedure),136.80,1166.22,748.03,,
ea51744f-c297-9bc1-3557-d6a7b303506b,2025-09-19T03:42:56Z,2025-09-19T04:48:15Z,cd38af39-23f7-92a3-1983-ea0af5e7e011,18a96051-91f4-3cba-af96-056ea14dfee0,e366319b-0e59-3199-91d0-e635ccfa6ef2,8fa6c185-e44e-3e34-8bd8-39be8694f4ce,ambulatory,185349003,Encounter for check up (procedure),85.55,460.75,0.00,,
d6107852-5d37-759a-04e4-119f01d52073,2023-04-15T19:57:00Z,2023-04-15T20:12:00Z,a45283db-c3ad-8377-de1c-571b3c15a163,578b56de-fe9c-32e1-aea4-876f8bc01e9c,9cabaf43-f081-392d-a72e-b8905e059f4f,0133f751-9229-3cfd-815f-b6d4979bdd6a,ambulatory,185345009,Encounter for symptom,85.55,85.55,0.00,36971009,Sinusitis (disorder)
122f2493-991f-7eb9-ac40-84d33fa37c0b,2024-03-21T18:13:46Z,2024-03-21T18:59:58Z,4c6b9977-35e1-4ace-a7a4-e211b3e16068,6d947ed4-9b7f-3720-8141-67109691d2e7,53d71ca5-a7f5-3fec-b662-9bf039662836,df166300-5a78-3502-a46a-832842197811,wellness,162673000,General examination of patient (procedure),136.80,2049.58,1949.58,,
39f71833-8d64-c65a-23c3-28750bfc4b44,2023-05-03T17:57:00Z,2023-05-03T18:12:57Z,a45283db-c3ad-8377-de1c-571b3c15a163,e6d63525-40f0-3391-a58a-e6a03598911f,532ce51c-251e-3fd1-b9da-f33ea8bec6a1,0133f751-9229-3cfd-815f-b6d4979bdd6a,wellness,410620009,Well child visit (procedure),136.80,840.20,0.00,,
6fde63ae-1182-b0b8-de8d-e64036bb0f9e,2024-02-10T01:54:36Z,2024-02-10T02:45:34Z,0e7809bd-be4e-ed66-9589-9253b729e37b,91808f17-7583-32a3-aa55-23b131b327c7,bec9d43c-f462-3292-9a4b-0ad0c0a7a9fb,a735bf55-83e9-331a-899d-a82a60b9f60c,wellness,162673000,General examination of patient (procedure),136.80,860.16,503.18,,
ce276696-f568-3d2a-a23c-d5f10f0bac3e,2024-10-17T02:55:51Z,2024-10-17T03:26:15Z,0e7809bd-be4e-ed66-9589-9253b729e37b,e2eab39c-5195-34aa-b35f-e89e37cfed01,4821a85c-2835-3f14-b1ea-e32d21d0ca09,a735bf55-83e9-331a-899d-a82a60b9f60c,ambulatory,185349003,Encounter for check up,85.55,5138.45,4110.76,275978004,Screening for malignant neoplasm of colon (procedure)
8f0609c6-a44b-1384-4fbb-643a99ece2ba,2023-01-10T02:48:04Z,2023-01-10T06:15:49Z,b0fc3374-c40b-8591-0cc4-d6ffc383e5a4,a079d416-e8fe-3286-8ef3-6d289d7b5ad9,fab8ee36-fe8b-31ad-8f13-5536087eb358,734afbd6-4794-363b-9bc0-6a3981533ed5,ambulatory,185349003,Encounter for check up (procedure),85.55,569.42,455.54,66383009,Gingivitis (disorder)
04a1519d-9fee-7f13-ad12-2c44d3253d2e,2025-02-15T01:54:36Z,2025-02-15T02:32:10Z,0e7809bd-be4e-ed66-9589-9253b729e37b,91808f17-7583-32a3-aa55-23b131b327c7,bec9d43c-f462-3292-9a4b-0ad0c0a7a9fb,a735bf55-83e9-331a-899d-a82a60b9f60c,wellness,162673000,General examination of patient (procedure),136.80,866.96,508.62,,
ae855fd2-1001-c7ea-7bf2-bdfc1f49ab10,2023-06-20T02:48:04Z,2023-06-20T03:33:00Z,b0fc3374-c40b-8591-0cc4-d6ffc383e5a4,a079d416-e8fe-3286-8ef3-6d289d7b5ad9,fab8ee36-fe8b-31ad-8f13-5536087eb358,734afbd6-4794-363b-9bc0-6a3981533ed5,wellness,162673000,General examination of patient (procedure),136.80,927.94,742.34,,
2878bc4d-ed4d-8300-8cea-f3b7bb00584a,2023-04-07T12:38:00Z,2023-04-07T13:36:52Z,a2207c71-4aba-4c37-25c3-105cf692d053,92d919ab-8380-3fda-a5f1-838e69b819c1,9c3d42db-225e-35cd-9c90-18b7ddbc4cd1,a735bf55-83e9-331a-899d-a82a60b9f60c,wellness,162673000,General examination of patient (procedure),136.80,1839.00,1471.20,,
82fc6781-8bde-b3d0-15c1-3f6d342d3667,1987-05-13T00:22:54Z,1987-05-13T00:37:54Z,e75db126-8dde-60d4-e111-cc2b4a619726,18a96051-91f4-3cba-af96-056ea14dfee0,e366319b-0e59-3199-91d0-e635ccfa6ef2,e03e23c9-4df1-3eb6-a62d-f70f02301496,ambulatory,185347001,Encounter for problem,85.55,85.55,0.00,3718001,Cow's milk (substance)
9a2dd285-ec20-0c14-f89a-5bf2dc7e8e0b,1987-05-28T14:22:54Z,1987-05-28T14:54:24Z,e75db126-8dde-60d4-e111-cc2b4a619726,18a96051-91f4-3cba-af96-056ea14dfee0,e366319b-0e59-3199-91d0-e635ccfa6ef2,e03e23c9-4df1-3eb6-a62d-f70f02301496,ambulatory,185347001,Encounter for problem,85.55,516.95,0.00,419199007,Allergy to substance (finding)
7e744f06-a067-1e4d-8454-743dc7d286be,1977-04-08T13:06:04Z,1977-04-08T13:21:04Z,5e30f14c-15ab-b668-fb6f-03fb3c3f4e66,0fedae9f-701f-3317-9b2f-69aea2202cdc,7fc3c736-8e02-364d-a0cf-d2824bb9949a,a735bf55-83e9-331a-899d-a82a60b9f60c,ambulatory,185345009,Encounter for symptom,85.55,85.55,68.44,367498001,Seasonal allergic rhinitis
e2e9c351-546d-5ebb-8a5a-1e7912a76e5c,1977-04-15T20:06:04Z,1977-04-15T20:45:33Z,5e30f14c-15ab-b668-fb6f-03fb3c3f4e66,0fedae9f-701f-3317-9b2f-69aea2202cdc,7fc3c736-8e02-364d-a0cf-d2824bb9949a,a735bf55-83e9-331a-899d-a82a60b9f60c,ambulatory,185347001,Encounter for problem,85.55,516.95,227.16,419199007,Allergy to substance (finding)
e8a41aa3-54a9-2573-010f-1dfb5c4b484e,1981-04-09T13:06:04Z,1981-04-09T13:21:04Z,5e30f14c-15ab-b668-fb6f-03fb3c3f4e66,936ceb96-2b12-371f-aa68-ee02a9c06f4c,96cc72ee-77dd-3761-8730-4c299882ecca,a735bf55-83e9-331a-899d-a82a60b9f60c,wellness,410620009,Well child visit (procedure),136.80,1248.48,998.78,,
2fbd201d-5d23-0473-5ebc-b439204bdd45,1991-06-06T13:06:04Z,1991-06-06T13:49:31Z,5e30f14c-15ab-b668-fb6f-03fb3c3f4e66,936ceb96-2b12-371f-aa68-ee02a9c06f4c,96cc72ee-77dd-3761-8730-4c299882ecca,0133f751-9229-3cfd-815f-b6d4979bdd6a,wellness,162673000,General examination of patient (procedure),136.80,704.20,704.20,,
4d366d9f-6467-f453-3d24-1d36be779259,2024-07-10T18:34:25Z,2024-07-10T18:49:25Z,d67aaf0a-104d-0854-69b7-24e7894c7e9e,b6eeaaf7-1683-3bcb-b6ee-81ce304636ef,0b928cfd-13c5-30a4-952b-72f5e14c37c9,a735bf55-83e9-331a-899d-a82a60b9f60c,ambulatory,185349003,Encounter for check up,85.55,85.55,68.44,65966004,Fracture of forearm
85f813b5-1014-42f2-fbf1-327b7bda6bb3,2025-07-31T09:08:12Z,2025-07-31T09:23:12Z,dd1d9722-c7b2-4159-36a0-7dc09a27273d,18b1bb7e-2f93-3253-a7ae-d19c13ffeaa1,5fafab99-955e-3fba-bd7e-acc20a78b2d7,26aab0cd-6aba-3e1b-ac5b-05c8867e762c,wellness,410620009,Well child visit (procedure),136.80,704.20,0.00,,
52bb131e-fc60-ef4f-042c-5d460c787a64,1998-06-18T13:06:04Z,1998-06-18T13:43:53Z,5e30f14c-15ab-b668-fb6f-03fb3c3f4e66,936ceb96-2b12-371f-aa68-ee02a9c06f4c,96cc72ee-77dd-3761-8730-4c299882ecca,0133f751-9229-3cfd-815f-b6d4979bdd6a,wellness,162673000,General examination of patient (procedure),136.80,842.42,0.00,,
e4ebb410-45a6-9ef2-b76a-ce34c0faa030,2001-06-21T13:06:04Z,2001-06-21T14:03:32Z,5e30f14c-15ab-b668-fb6f-03fb3c3f4e66,936ceb96-2b12-371f-aa68-ee02a9c06f4c,96cc72ee-77dd-3761-8730-4c299882ecca,8fa6c185-e44e-3e34-8bd8-39be8694f4ce,wellness,162673000,General examination of patient (procedure),136.80,860.16,0.00,,
f25c76ad-f4ef-49b3-659f-b1bae27f248a,2014-02-01T13:06:04Z,2014-02-01T13:21:04Z,5e30f14c-15ab-b668-fb6f-03fb3c3f4e66,0fedae9f-701f-3317-9b2f-69aea2202cdc,7fc3c736-8e02-364d-a0cf-d2824bb9949a,0133f751-9229-3cfd-815f-b6d4979bdd6a,outpatient,185347001,Encounter for problem (procedure),85.55,85.55,0.00,82423001,Chronic pain (finding)
cf42e919-5766-b926-c6fa-3e014fa8b8a2,2014-03-31T14:06:04Z,2014-03-31T14:21:04Z,5e30f14c-15ab-b668-fb6f-03fb3c3f4e66,0fedae9f-701f-3317-9b2f-69aea2202cdc,7fc3c736-8e02-364d-a0cf-d2824bb9949a,0133f751-9229-3cfd-815f-b6d4979bdd6a,ambulatory,390906007,Follow-up encounter (procedure),85.55,85.55,0.00,82423001,Chronic pain (finding)
f5a072ae-c295-09e2-2028-d8170d04b2f0,2015-04-30T13:06:04Z,2015-04-30T13:46:02Z,5e30f14c-15ab-b668-fb6f-03fb3c3f4e66,936ceb96-2b12-371f-aa68-ee02a9c06f4c,96cc72ee-77dd-3761-8730-4c299882ecca,0133f751-9229-3cfd-815f-b6d4979bdd6a,wellness,162673000,General examination of patient (procedure),136.80,785.58,0.00,,
8ea4869c-676c-2ec4-2bc8-03ef7ccdf1a3,2016-05-05T13:06:04Z,2016-05-05T13:45:59Z,5e30f14c-15ab-b668-fb6f-03fb3c3f4e66,936ceb96-2b12-371f-aa68-ee02a9c06f4c,96cc72ee-77dd-3761-8730-4c299882ecca,0133f751-9229-3cfd-815f-b6d4979bdd6a,wellness,162673000,General examination of patient (procedure),136.80,860.16,0.00,,
358a562d-c13f-1311-c57d-db80c9407b7d,2024-08-22T15:36:19Z,2024-08-22T16:23:45Z,d67aaf0a-104d-0854-69b7-24e7894c7e9e,ad82d624-72eb-3c7d-a76d-79f2668d1390,08de24ae-bfdd-3a5e-9d91-4b50bce42ddc,a735bf55-83e9-331a-899d-a82a60b9f60c,wellness,162673000,General examination of patient (procedure),136.80,840.20,672.16,,
fcf15d33-db10-86a4-d84b-4311c29c7a11,2025-02-01T01:17:30Z,2025-02-01T01:48:55Z,2e23caa4-d831-1f47-c522-0518bab7bd3d,93c3d861-e05d-33b9-91eb-1768470229d7,7106ddc3-d4c4-34ed-97b7-61e2e30598d9,a735bf55-83e9-331a-899d-a82a60b9f60c,wellness,162673000,General examination of patient (procedure),136.80,1500.46,1200.36,,
9ede32ed-5a89-05ab-b4c2-e0222a05a190,2017-05-11T13:06:04Z,2017-05-11T14:00:24Z,5e30f14c-15ab-b668-fb6f-03fb3c3f4e66,936ceb96-2b12-371f-aa68-ee02a9c06f4c,96cc72ee-77dd-3761-8730-4c299882ecca,8fa6c185-e44e-3e34-8bd8-39be8694f4ce,wellness,162673000,General examination of patient (procedure),136.80,1366.35,0.00,,
1401a8d6-7e8b-f1d6-2480-75b667b46363,1997-05-17T06:22:54Z,1997-05-17T06:37:54Z,e75db126-8dde-60d4-e111-cc2b4a619726,d6b03647-983f-3162-af9e-b12aea026f13,b386966a-fd09-308f-9f00-e0b8f610002a,a735bf55-83e9-331a-899d-a82a60b9f60c,wellness,410620009,Well child visit (procedure),136.80,994.48,609.18,,
f53d55b1-1738-f027-7ac5-59a6cac637d9,2001-06-09T06:22:54Z,2001-06-09T06:50:24Z,e75db126-8dde-60d4-e111-cc2b4a619726,d6b03647-983f-3162-af9e-b12aea026f13,b386966a-fd09-308f-9f00-e0b8f610002a,a735bf55-83e9-331a-899d-a82a60b9f60c,wellness,410620009,Well child visit (procedure),136.80,919.90,735.92,,
27b14973-0cb4-33ac-3a23-2527889ecfe5,2002-06-29T06:22:54Z,2002-06-29T07:36:42Z,e75db126-8dde-60d4-e111-cc2b4a619726,18a96051-91f4-3cba-af96-056ea14dfee0,e366319b-0e59-3199-91d0-e635ccfa6ef2,e03e23c9-4df1-3eb6-a62d-f70f02301496,ambulatory,185349003,Encounter for check up (procedure),85.55,110.84,0.00,,
612e528f-b73c-c192-5ee2-fda262a48271,2004-06-26T06:22:54Z,2004-06-26T06:55:57Z,e75db126-8dde-60d4-e111-cc2b4a619726,d6b03647-983f-3162-af9e-b12aea026f13,b386966a-fd09-308f-9f00-e0b8f610002a,e03e23c9-4df1-3eb6-a62d-f70f02301496,wellness,162673000,General examination of patient (procedure),136.80,1075.84,0.00,,
0c26e40a-b9e7-ca2d-8f85-a15be0b246fe,2023-06-29T02:48:04Z,2023-06-29T03:03:04Z,b0fc3374-c40b-8591-0cc4-d6ffc383e5a4,a079d416-e8fe-3286-8ef3-6d289d7b5ad9,fab8ee36-fe8b-31ad-8f13-5536087eb358,734afbd6-4794-363b-9bc0-6a3981533ed5,ambulatory,390906007,Follow-up encounter,85.55,234.71,187.76,55822004,Hyperlipidemia
e19f96c8-a69c-080c-3b2b-22fa300785d2,2018-09-09T17:11:07Z,2018-09-09T17:26:07Z,655a5138-756a-96c7-5817-488df07b7be7,af3871c3-2098-3051-bcb7-8a919e194a16,cbb231e7-c28c-36b1-8f5a-0e5fa0a156cf,b046940f-1664-3047-bca7-dfa76be352a4,wellness,410620009,Well child visit (procedure),136.80,136.80,0.00,,
c418584b-19be-b641-10b0-4ad0ff6ffea8,2005-07-02T06:22:54Z,2005-07-02T07:01:17Z,e75db126-8dde-60d4-e111-cc2b4a619726,d6b03647-983f-3162-af9e-b12aea026f13,b386966a-fd09-308f-9f00-e0b8f610002a,e03e23c9-4df1-3eb6-a62d-f70f02301496,wellness,162673000,General examination of patient (procedure),136.80,840.20,0.00,,
94bac328-7362-df10-4a45-391a76deb50a,2017-07-15T06:22:54Z,2017-07-15T06:52:55Z,e75db126-8dde-60d4-e111-cc2b4a619726,d6b03647-983f-3162-af9e-b12aea026f13,b386966a-fd09-308f-9f00-e0b8f610002a,b046940f-1664-3047-bca7-dfa76be352a4,wellness,162673000,General examination of patient (procedure),136.80,914.78,0.00,,
b808458b-7801-3e27-83b3-94762dc04740,2020-03-07T17:11:07Z,2020-03-07T17:26:07Z,655a5138-756a-96c7-5817-488df07b7be7,e2eab39c-5195-34aa-b35f-e89e37cfed01,4821a85c-2835-3f14-b1ea-e32d21d0ca09,b046940f-1664-3047-bca7-dfa76be352a4,ambulatory,185345009,Encounter for symptom,85.55,516.95,0.00,233678006,Childhood asthma
9e54b902-4916-2ffe-5bba-97d781424077,2022-03-27T17:11:07Z,2022-03-27T17:26:07Z,655a5138-756a-96c7-5817-488df07b7be7,af3871c3-2098-3051-bcb7-8a919e194a16,cbb231e7-c28c-36b1-8f5a-0e5fa0a156cf,b046940f-1664-3047-bca7-dfa76be352a4,wellness,410620009,Well child visit (procedure),136.80,272.80,0.00,,
5a41bc01-9790-286c-b1eb-5281fb231d5a,2025-08-14T09:08:12Z,2025-08-14T09:58:11Z,dd1d9722-c7b2-4159-36a0-7dc09a27273d,6170552c-4d27-3e64-8068-64a380f1837d,af68b24e-d92e-3ce5-88d6-43aeb328a675,26aab0cd-6aba-3e1b-ac5b-05c8867e762c,ambulatory,185349003,Encounter for check up (procedure),85.55,640.65,0.00,66383009,Gingivitis (disorder)
dd1f7f02-5fa7-2111-cfe8-36702d3d68c6,2023-05-17T17:57:00Z,2023-05-17T18:36:05Z,a45283db-c3ad-8377-de1c-571b3c15a163,578b56de-fe9c-32e1-aea4-876f8bc01e9c,9cabaf43-f081-392d-a72e-b8905e059f4f,0133f751-9229-3cfd-815f-b6d4979bdd6a,ambulatory,185349003,Encounter for check up (procedure),85.55,830.59,0.00,66383009,Gingivitis (disorder)
f0c37add-a7a2-c13f-2669-d6143493ce0d,2021-08-07T06:22:54Z,2021-08-07T06:59:22Z,e75db126-8dde-60d4-e111-cc2b4a619726,d6b03647-983f-3162-af9e-b12aea026f13,b386966a-fd09-308f-9f00-e0b8f610002a,b046940f-1664-3047-bca7-dfa76be352a4,wellness,162673000,General examination of patient (procedure),136.80,704.20,0.00,,
ab66d5b3-1104-f105-9595-1a89e107fc5b,2022-08-13T06:22:54Z,2022-08-13T06:54:56Z,e75db126-8dde-60d4-e111-cc2b4a619726,d6b03647-983f-3162-af9e-b12aea026f13,b386966a-fd09-308f-9f00-e0b8f610002a,b046940f-1664-3047-bca7-dfa76be352a4,wellness,162673000,General examination of patient (procedure),136.80,704.20,0.00,,
7009635a-7bd4-57e9-c5b3-86ab465208b9,2023-08-19T06:22:54Z,2023-08-19T07:04:42Z,e75db126-8dde-60d4-e111-cc2b4a619726,d6b03647-983f-3162-af9e-b12aea026f13,b386966a-fd09-308f-9f00-e0b8f610002a,b046940f-1664-3047-bca7-dfa76be352a4,wellness,162673000,General examination of patient (procedure),136.80,778.78,0.00,,
d923e049-2b29-7a80-877b-3b31e18ceabf,1998-05-20T16:40:18Z,1998-05-20T17:19:34Z,347ceebf-0248-5a56-14f3-e1e8e8ffb73c,845fbd9b-2d1c-39a8-8261-28ae40e4fab2,67b1afa3-cbff-316b-9918-b97a0a95e398,d18ef2e6-ef40-324c-be54-34a5ee865625,ambulatory,185349003,Encounter for check up (procedure),85.55,156.59,121.59,,
392a6467-29ac-2a44-eb12-be637802e75d,1998-06-03T16:40:18Z,1998-06-03T17:25:55Z,347ceebf-0248-5a56-14f3-e1e8e8ffb73c,7b7ce654-a413-37d1-9d34-97240c0ac580,70689406-5000-3e58-982b-fb96061540ac,d18ef2e6-ef40-324c-be54-34a5ee865625,urgentcare,702927004,Urgent care clinic (environment),142.58,6513.61,6478.61,,
ed05bdf3-cb15-9940-4ae5-baa57dc82a90,2023-09-02T06:22:54Z,2023-09-02T06:52:08Z,e75db126-8dde-60d4-e111-cc2b4a619726,18a96051-91f4-3cba-af96-056ea14dfee0,e366319b-0e59-3199-91d0-e635ccfa6ef2,b046940f-1664-3047-bca7-dfa76be352a4,ambulatory,185349003,Encounter for check up (procedure),85.55,85.56,0.00,,
6ecb0e2a-617c-b21c-4802-b3d2f572af34,2024-08-24T06:22:54Z,2024-08-24T06:59:21Z,e75db126-8dde-60d4-e111-cc2b4a619726,d6b03647-983f-3162-af9e-b12aea026f13,b386966a-fd09-308f-9f00-e0b8f610002a,b046940f-1664-3047-bca7-dfa76be352a4,wellness,162673000,General examination of patient (procedure),136.80,778.78,0.00,,
95c79d5b-95f3-5e12-8c51-502180c61d37,2025-02-28T07:17:04Z,2025-02-28T07:32:04Z,0e7809bd-be4e-ed66-9589-9253b729e37b,e2eab39c-5195-34aa-b35f-e89e37cfed01,4821a85c-2835-3f14-b1ea-e32d21d0ca09,a735bf55-83e9-331a-899d-a82a60b9f60c,ambulatory,185345009,Encounter for symptom,85.55,12014.77,9611.82,10509002,Acute bronchitis (disorder)
43bfc687-e6e8-991a-4c5b-3b38704659d4,2023-07-25T02:48:04Z,2023-07-25T03:21:44Z,b0fc3374-c40b-8591-0cc4-d6ffc383e5a4,a079d416-e8fe-3286-8ef3-6d289d7b5ad9,fab8ee36-fe8b-31ad-8f13-5536087eb358,734afbd6-4794-363b-9bc0-6a3981533ed5,outpatient,185349003,Encounter for check up (procedure),85.55,956.39,765.10,,
46f4e1b7-3ba8-1e99-7238-11be4617eace,2025-09-25T09:08:12Z,2025-09-25T10:34:45Z,dd1d9722-c7b2-4159-36a0-7dc09a27273d,6170552c-4d27-3e64-8068-64a380f1837d,af68b24e-d92e-3ce5-88d6-43aeb328a675,26aab0cd-6aba-3e1b-ac5b-05c8867e762c,ambulatory,185345009,Encounter for symptom,85.55,3611.33,0.00,307426000,Acute infective cystitis (disorder)
d33c2b6b-f2a9-2f9f-8312-db1777317dfa,2019-06-06T13:06:04Z,2019-06-06T13:28:22Z,5e30f14c-15ab-b668-fb6f-03fb3c3f4e66,0fedae9f-701f-3317-9b2f-69aea2202cdc,7fc3c736-8e02-364d-a0cf-d2824bb9949a,734afbd6-4794-363b-9bc0-6a3981533ed5,ambulatory,185349003,Encounter for check up (procedure),85.55,113.35,0.00,,
abd9e560-21dd-1cf5-7b11-a97e6b285214,2025-07-23T05:36:19Z,2025-07-23T05:51:19Z,d67aaf0a-104d-0854-69b7-24e7894c7e9e,b6eeaaf7-1683-3bcb-b6ee-81ce304636ef,0b928cfd-13c5-30a4-952b-72f5e14c37c9,a735bf55-83e9-331a-899d-a82a60b9f60c,ambulatory,185345009,Encounter for symptom,85.55,85.55,0.00,195662009,Acute viral pharyngitis (disorder)
8819b544-3b67-a74a-bec5-19d59152891b,2024-12-14T06:22:54Z,2024-12-14T07:27:14Z,e75db126-8dde-60d4-e111-cc2b4a619726,ecd3b321-0a8a-3ce6-81f0-982dd77fce43,9be633aa-ab17-3b45-99cd-13fa29910e0d,b046940f-1664-3047-bca7-dfa76be352a4,outpatient,308335008,Patient encounter procedure,142.58,10890.20,5020.04,389095005,Contraception care (regime/therapy)
a501c0b2-04f0-37fc-efb4-41d00e013746,2023-04-02T17:11:07Z,2023-04-02T17:26:07Z,655a5138-756a-96c7-5817-488df07b7be7,af3871c3-2098-3051-bcb7-8a919e194a16,cbb231e7-c28c-36b1-8f5a-0e5fa0a156cf,b046940f-1664-3047-bca7-dfa76be352a4,wellness,410620009,Well child visit (procedure),136.80,1210.51,0.00,,
cd204a9e-ea1c-a051-9724-0eafdaef65b4,2025-03-08T01:54:36Z,2025-03-08T02:40:38Z,0e7809bd-be4e-ed66-9589-9253b729e37b,2ca615f3-87f7-3283-a447-d919a883b676,5d65aeb3-78d0-3cdf-905e-dc8710836d8e,a735bf55-83e9-331a-899d-a82a60b9f60c,urgentcare,702927004,Urgent care clinic (environment),142.58,1161.51,929.20,,
07a41986-2675-d5f1-ffc2-74ed68270617,2023-06-14T17:57:00Z,2023-06-14T18:12:00Z,a45283db-c3ad-8377-de1c-571b3c15a163,578b56de-fe9c-32e1-aea4-876f8bc01e9c,9cabaf43-f081-392d-a72e-b8905e059f4f,0133f751-9229-3cfd-815f-b6d4979bdd6a,outpatient,33879002,Administration of vaccine to produce active immunity (procedure),142.58,278.58,0.00,,
18e0e46c-ca67-1819-8c6d-4da216de0f8e,2025-08-28T15:36:19Z,2025-08-28T16:20:25Z,d67aaf0a-104d-0854-69b7-24e7894c7e9e,ad82d624-72eb-3c7d-a76d-79f2668d1390,08de24ae-bfdd-3a5e-9d91-4b50bce42ddc,a735bf55-83e9-331a-899d-a82a60b9f60c,wellness,162673000,General examination of patient (procedure),136.80,928.91,730.94,,
80da9489-7f80-1710-2d8d-a4bb9618b03b,2025-02-01T06:22:54Z,2025-02-01T06:37:54Z,e75db126-8dde-60d4-e111-cc2b4a619726,18a96051-91f4-3cba-af96-056ea14dfee0,e366319b-0e59-3199-91d0-e635ccfa6ef2,b046940f-1664-3047-bca7-dfa76be352a4,ambulatory,424441002,Prenatal initial visit,142.58,43730.42,30611.31,72892002,Normal pregnancy
b8e921ce-3f3e-51f4-b174-247feec69877,2023-04-21T12:38:00Z,2023-04-21T13:21:46Z,a2207c71-4aba-4c37-25c3-105cf692d053,217cb6f6-e822-3831-9d9d-ffa104971042,09118138-3672-3c41-96c0-2fb1a1d2dada,a735bf55-83e9-331a-899d-a82a60b9f60c,ambulatory,185349003,Encounter for check up (procedure),85.55,85.55,68.44,,
06924db9-b5ef-ab2f-edb3-4a1a1efa54ce,2024-04-12T12:38:00Z,2024-04-12T13:10:33Z,a2207c71-4aba-4c37-25c3-105cf692d053,92d919ab-8380-3fda-a5f1-838e69b819c1,9c3d42db-225e-35cd-9c90-18b7ddbc4cd1,a735bf55-83e9-331a-899d-a82a60b9f60c,wellness,162673000,General examination of patient (procedure),136.80,1136.03,908.82,,
67e5c4a8-4bde-71b6-4c6e-7fd3337ab0dd,2023-06-13T19:57:00Z,2023-06-13T20:12:00Z,a45283db-c3ad-8377-de1c-571b3c15a163,578b56de-fe9c-32e1-aea4-876f8bc01e9c,9cabaf43-f081-392d-a72e-b8905e059f4f,0133f751-9229-3cfd-815f-b6d4979bdd6a,ambulatory,185345009,Encounter for symptom,85.55,92.93,0.00,36971009,Sinusitis (disorder)
7d9268ed-47d2-22f5-ebb5-bcaa7c14eb30,2023-06-20T19:57:00Z,2023-06-20T20:12:00Z,a45283db-c3ad-8377-de1c-571b3c15a163,578b56de-fe9c-32e1-aea4-876f8bc01e9c,9cabaf43-f081-392d-a72e-b8905e059f4f,0133f751-9229-3cfd-815f-b6d4979bdd6a,ambulatory,185345009,Encounter for symptom,85.55,2544.44,0.00,36971009,Sinusitis (disorder)
1666c6f4-d1dd-50f3-faec-ba815c6114dd,2024-05-08T17:57:00Z,2024-05-08T18:12:00Z,a45283db-c3ad-8377-de1c-571b3c15a163,e6d63525-40f0-3391-a58a-e6a03598911f,532ce51c-251e-3fd1-b9da-f33ea8bec6a1,0133f751-9229-3cfd-815f-b6d4979bdd6a,wellness,410620009,Well child visit (procedure),136.80,840.20,0.00,,
e2cf4d87-8df1-de6f-9d06-10b9a4dd6ebe,2025-02-15T01:17:30Z,2025-02-15T01:32:30Z,2e23caa4-d831-1f47-c522-0518bab7bd3d,89171335-b9c0-3326-98d6-a837d432b9fd,ba15ec28-3753-3ed5-894f-21afa20d81df,a735bf55-83e9-331a-899d-a82a60b9f60c,ambulatory,185349003,Encounter for check up (procedure),85.55,85.55,68.44,,
5e3f2c22-1bd5-5164-9882-160389a8130a,2025-04-05T01:17:30Z,2025-04-05T01:56:42Z,2e23caa4-d831-1f47-c522-0518bab7bd3d,89171335-b9c0-3326-98d6-a837d432b9fd,ba15ec28-3753-3ed5-894f-21afa20d81df,a735bf55-83e9-331a-899d-a82a60b9f60c,outpatient,185349003,Encounter for check up (procedure),85.55,1097.51,878.00,,
aa06a1f4-6026-702e-1631-9b086ce91d43,2020-05-28T13:06:04Z,2020-05-28T13:58:53Z,5e30f14c-15ab-b668-fb6f-03fb3c3f4e66,936ceb96-2b12-371f-aa68-ee02a9c06f4c,96cc72ee-77dd-3761-8730-4c299882ecca,8fa6c185-e44e-3e34-8bd8-39be8694f4ce,wellness,162673000,General examination of patient (procedure),136.80,860.16,0.00,,
2cd00fff-efee-c11c-5108-df8f4cb58979,2020-06-07T14:57:21Z,2020-06-07T20:22:50Z,5e30f14c-15ab-b668-fb6f-03fb3c3f4e66,74ab949d-17ac-3309-83a0-13b4405c66aa,8d32509a-2844-3440-aac1-59efe106054b,8fa6c185-e44e-3e34-8bd8-39be8694f4ce,ambulatory,185347001,Encounter for problem (procedure),85.55,1444.46,0.00,414545008,Ischemic heart disease (disorder)
6db1f02f-a01c-8f76-0418-d10bbdb486c3,2021-11-11T13:06:04Z,2021-11-11T13:38:40Z,5e30f14c-15ab-b668-fb6f-03fb3c3f4e66,0fedae9f-701f-3317-9b2f-69aea2202cdc,7fc3c736-8e02-364d-a0cf-d2824bb9949a,8fa6c185-e44e-3e34-8bd8-39be8694f4ce,outpatient,185349003,Encounter for check up (procedure),85.55,1281.87,0.00,,
22f26aad-6396-b53b-61fb-b3aba6ae2013,2022-06-09T13:06:04Z,2022-06-09T13:39:32Z,5e30f14c-15ab-b668-fb6f-03fb3c3f4e66,936ceb96-2b12-371f-aa68-ee02a9c06f4c,96cc72ee-77dd-3761-8730-4c299882ecca,8fa6c185-e44e-3e34-8bd8-39be8694f4ce,wellness,162673000,General examination of patient (procedure),136.80,724.16,0.00,,
18aa7550-b00a-3fd3-d7c5-65bcbec8c39f,2012-02-24T11:58:50Z,2012-02-24T12:13:50Z,8192ac22-0995-7d3a-1b59-ad21fa05d67a,af8566eb-8918-3ec7-ba44-92b6a2cf8097,22d19a9b-e1d3-377f-a0fe-455cdd63850f,d31fccc3-1767-390d-966a-22a5156f4219,ambulatory,185349003,Encounter for check up (procedure),85.55,524.50,419.60,66383009,Gingivitis (disorder)
21f02a3e-88db-2e04-6837-3e237fd5fb92,1998-06-17T16:40:18Z,1998-06-17T17:14:47Z,347ceebf-0248-5a56-14f3-e1e8e8ffb73c,25c85bcc-7e25-36bc-89e8-08e0d473db23,82a921c3-7aad-3ef1-bc6a-7eee2c0fd2b3,d18ef2e6-ef40-324c-be54-34a5ee865625,wellness,162673000,General examination of patient (procedure),136.80,7159.81,7124.81,,
9c53eb79-e3f4-a9e6-becc-695684979729,2024-05-22T17:57:00Z,2024-05-22T18:37:10Z,a45283db-c3ad-8377-de1c-571b3c15a163,578b56de-fe9c-32e1-aea4-876f8bc01e9c,9cabaf43-f081-392d-a72e-b8905e059f4f,0133f751-9229-3cfd-815f-b6d4979bdd6a,ambulatory,185349003,Encounter for check up (procedure),85.55,88.87,0.00,66383009,Gingivitis (disorder)
1ec2b0c5-e627-f08c-9fd1-f3ebf6368169,1976-05-09T18:02:35Z,1976-05-09T18:17:35Z,6c336b6f-4647-45ef-a6a6-3441b20657e2,0fedae9f-701f-3317-9b2f-69aea2202cdc,7fc3c736-8e02-364d-a0cf-d2824bb9949a,b046940f-1664-3047-bca7-dfa76be352a4,ambulatory,185345009,Encounter for symptom,85.55,92.93,0.00,36971009,Sinusitis (disorder)
a3bb3f9f-15f2-fad9-1653-01f78726b4eb,1987-09-13T03:02:35Z,1987-09-13T03:59:29Z,6c336b6f-4647-45ef-a6a6-3441b20657e2,9f2f60a6-87a4-3f45-b753-b63b5b7e9993,502b4fab-6395-365c-a7b7-9c235c5ecd4a,b046940f-1664-3047-bca7-dfa76be352a4,wellness,162673000,General examination of patient (procedure),136.80,704.20,0.00,,
eda42c9e-ae27-2c01-df4d-8658c775ad99,1982-07-20T23:31:19Z,1982-07-21T00:10:27Z,38cc48b8-cb44-1e20-32e8-5b7e5d4bae20,69cb2157-b620-3c51-9c94-f516462d2d55,fb3749a4-6fcc-38f2-99d2-69b130e18e99,df166300-5a78-3502-a46a-832842197811,wellness,162673000,General examination of patient (procedure),136.80,919.90,769.90,,
e17b49f2-07e9-3100-7bec-1f6f85fa4aab,2023-04-09T17:11:07Z,2023-04-09T19:09:08Z,655a5138-756a-96c7-5817-488df07b7be7,e2eab39c-5195-34aa-b35f-e89e37cfed01,4821a85c-2835-3f14-b1ea-e32d21d0ca09,b046940f-1664-3047-bca7-dfa76be352a4,ambulatory,185349003,Encounter for check up (procedure),85.55,455.96,0.00,66383009,Gingivitis (disorder)
7bae168c-de31-8843-16b8-4ea93a21a898,2024-03-17T23:48:04Z,2024-03-18T00:03:04Z,b0fc3374-c40b-8591-0cc4-d6ffc383e5a4,a079d416-e8fe-3286-8ef3-6d289d7b5ad9,fab8ee36-fe8b-31ad-8f13-5536087eb358,734afbd6-4794-363b-9bc0-6a3981533ed5,ambulatory,185345009,Encounter for symptom,85.55,85.55,0.00,195662009,Acute viral pharyngitis (disorder)
a2fbe4b5-d6c0-9582-42f0-14a3246024ab,1983-07-26T23:31:19Z,1983-07-27T00:24:44Z,38cc48b8-cb44-1e20-32e8-5b7e5d4bae20,69cb2157-b620-3c51-9c94-f516462d2d55,fb3749a4-6fcc-38f2-99d2-69b130e18e99,df166300-5a78-3502-a46a-832842197811,wellness,162673000,General examination of patient (procedure),136.80,1368.74,1218.74,,
a20faea0-423d-d0fa-f93e-ae2a211a5999,1986-07-29T23:31:19Z,1986-07-30T00:29:09Z,38cc48b8-cb44-1e20-32e8-5b7e5d4bae20,69cb2157-b620-3c51-9c94-f516462d2d55,fb3749a4-6fcc-38f2-99d2-69b130e18e99,df166300-5a78-3502-a46a-832842197811,wellness,162673000,General examination of patient (procedure),136.80,1211.86,1061.86,,
256341ea-54a3-2849-150a-0a3804286697,2024-08-31T03:38:00Z,2024-08-31T03:53:00Z,a2207c71-4aba-4c37-25c3-105cf692d053,217cb6f6-e822-3831-9d9d-ffa104971042,09118138-3672-3c41-96c0-2fb1a1d2dada,a735bf55-83e9-331a-899d-a82a60b9f60c,ambulatory,185345009,Encounter for symptom,85.55,85.55,68.44,444814009,Viral sinusitis (disorder)
375c86c7-bb65-39cb-f965-1fe1ec2132f3,2025-04-18T12:38:00Z,2025-04-18T13:29:53Z,a2207c71-4aba-4c37-25c3-105cf692d053,92d919ab-8380-3fda-a5f1-838e69b819c1,9c3d42db-225e-35cd-9c90-18b7ddbc4cd1,a735bf55-83e9-331a-899d-a82a60b9f60c,wellness,162673000,General examination of patient (procedure),136.80,853.36,682.68,,
b8e78d7b-663f-8ac8-bb2d-35fcf91bb013,2024-03-26T02:48:04Z,2024-03-26T03:47:29Z,b0fc3374-c40b-8591-0cc4-d6ffc383e5a4,0592d4e5-a0fb-3143-83cd-8e5a6b066a96,854cf485-9e58-36ee-ae3e-23d0a5582864,734afbd6-4794-363b-9bc0-6a3981533ed5,urgentcare,702927004,Urgent care clinic (environment),142.58,797.72,73.35,,
3d6aece2-c20f-0858-ad1e-a6bb3f76db12,2025-01-20T00:57:00Z,2025-01-20T01:12:00Z,a45283db-c3ad-8377-de1c-571b3c15a163,578b56de-fe9c-32e1-aea4-876f8bc01e9c,9cabaf43-f081-392d-a72e-b8905e059f4f,0133f751-9229-3cfd-815f-b6d4979bdd6a,ambulatory,185345009,Encounter for symptom,85.55,85.55,0.00,43878008,Streptococcal sore throat (disorder)
3714455e-26a3-12f6-e885-61fd869ca012,1988-10-23T03:02:35Z,1988-10-25T09:54:16Z,6c336b6f-4647-45ef-a6a6-3441b20657e2,0fedae9f-701f-3317-9b2f-69aea2202cdc,7fc3c736-8e02-364d-a0cf-d2824bb9949a,b046940f-1664-3047-bca7-dfa76be352a4,inpatient,185347001,Encounter for problem (procedure),87.71,7197.87,3054.40,74400008,Appendicitis
bf04239b-a9c4-3fc6-ca17-a84c7e89af64,1992-01-31T03:02:35Z,1992-01-31T04:02:35Z,6c336b6f-4647-45ef-a6a6-3441b20657e2,fe30f2b4-9bc8-346e-afba-4455d1766545,349eeb51-6d5e-3651-8224-7f6a22564261,b046940f-1664-3047-bca7-dfa76be352a4,emergency,50849002,Emergency room admission (procedure),146.18,146.18,102.33,110030002,Concussion injury of brain (disorder)
d5c1a70c-addd-417b-4ea6-852d435d1f92,1992-05-04T17:02:35Z,1992-05-04T17:17:35Z,6c336b6f-4647-45ef-a6a6-3441b20657e2,0fedae9f-701f-3317-9b2f-69aea2202cdc,7fc3c736-8e02-364d-a0cf-d2824bb9949a,b046940f-1664-3047-bca7-dfa76be352a4,ambulatory,424619006,Prenatal visit,142.58,1005.38,1005.38,79586000,Tubal pregnancy
1eddd455-0d1d-0990-e7a6-b3d174fb9cec,2015-03-13T11:58:50Z,2015-03-13T12:44:50Z,8192ac22-0995-7d3a-1b59-ad21fa05d67a,af8566eb-8918-3ec7-ba44-92b6a2cf8097,22d19a9b-e1d3-377f-a0fe-455cdd63850f,d31fccc3-1767-390d-966a-22a5156f4219,ambulatory,185349003,Encounter for check up (procedure),85.55,108.77,87.02,103697008,Patient referral for dental care (procedure)
3866068b-c60b-c548-e8f3-56497b803061,1994-09-25T03:02:35Z,1994-09-25T03:59:04Z,6c336b6f-4647-45ef-a6a6-3441b20657e2,9f2f60a6-87a4-3f45-b753-b63b5b7e9993,502b4fab-6395-365c-a7b7-9c235c5ecd4a,a735bf55-83e9-331a-899d-a82a60b9f60c,wellness,162673000,General examination of patient (procedure),136.80,919.90,549.52,,
9c9e10e6-e8cf-5946-d89e-773e94902ac6,2016-03-04T11:58:50Z,2016-03-04T12:52:51Z,8192ac22-0995-7d3a-1b59-ad21fa05d67a,471f7ca2-38f8-3080-8109-187c73ec0b1f,6d9e72a5-83a7-3b4b-990f-6f0b0cfd548e,d31fccc3-1767-390d-966a-22a5156f4219,wellness,162673000,General examination of patient (procedure),136.80,919.90,570.20,,
9fa068c1-9962-437a-67f9-52a7594e7040,2025-04-19T01:17:30Z,2025-04-19T01:44:08Z,2e23caa4-d831-1f47-c522-0518bab7bd3d,89171335-b9c0-3326-98d6-a837d432b9fd,ba15ec28-3753-3ed5-894f-21afa20d81df,a735bf55-83e9-331a-899d-a82a60b9f60c,ambulatory,185349003,Encounter for check up (procedure),85.55,85.67,68.54,,
81445f0e-ec13-fe4b-276f-560760ee5ac7,1997-09-28T03:02:35Z,1997-09-28T04:02:12Z,6c336b6f-4647-45ef-a6a6-3441b20657e2,9f2f60a6-87a4-3f45-b753-b63b5b7e9993,502b4fab-6395-365c-a7b7-9c235c5ecd4a,a735bf55-83e9-331a-899d-a82a60b9f60c,wellness,162673000,General examination of patient (procedure),136.80,778.78,438.08,,
1cb0c181-33bb-279a-6bd6-109c1fefe581,1998-10-04T03:02:35Z,1998-10-04T03:39:13Z,6c336b6f-4647-45ef-a6a6-3441b20657e2,9f2f60a6-87a4-3f45-b753-b63b5b7e9993,502b4fab-6395-365c-a7b7-9c235c5ecd4a,a735bf55-83e9-331a-899d-a82a60b9f60c,wellness,162673000,General examination of patient (procedure),136.80,919.90,735.92,,
e9f5f7ee-7967-1061-8349-6578b49536b2,1998-10-18T03:02:35Z,1998-10-18T03:17:36Z,6c336b6f-4647-45ef-a6a6-3441b20657e2,0fedae9f-701f-3317-9b2f-69aea2202cdc,7fc3c736-8e02-364d-a0cf-d2824bb9949a,a735bf55-83e9-331a-899d-a82a60b9f60c,ambulatory,185349003,Encounter for check up (procedure),85.55,348.42,278.74,,
39446373-e6d4-31be-3ec4-a69e39c7c3f6,2005-04-04T14:32:16Z,2005-04-05T14:32:16Z,6c336b6f-4647-45ef-a6a6-3441b20657e2,0fedae9f-701f-3317-9b2f-69aea2202cdc,7fc3c736-8e02-364d-a0cf-d2824bb9949a,a735bf55-83e9-331a-899d-a82a60b9f60c,inpatient,305408004,Admission to surgical department,146.18,9343.92,7475.13,183996000,Sterilization requested (situation)
6f14a1a8-a15a-443c-06b1-b81d299261a0,2022-08-21T03:02:35Z,2022-08-21T03:37:44Z,6c336b6f-4647-45ef-a6a6-3441b20657e2,0fedae9f-701f-3317-9b2f-69aea2202cdc,7fc3c736-8e02-364d-a0cf-d2824bb9949a,a735bf55-83e9-331a-899d-a82a60b9f60c,outpatient,185349003,Encounter for check up (procedure),85.55,732.65,400.81,,
3fdb4b42-84f1-3997-5dd4-fb648895739a,2022-08-28T03:02:35Z,2022-08-28T03:22:55Z,6c336b6f-4647-45ef-a6a6-3441b20657e2,0fedae9f-701f-3317-9b2f-69aea2202cdc,7fc3c736-8e02-364d-a0cf-d2824bb9949a,a735bf55-83e9-331a-899d-a82a60b9f60c,ambulatory,185345009,Encounter for symptom,85.55,175.80,140.64,10509002,Acute bronchitis (disorder)
78dda9bb-c53b-1998-70d8-c6f1ac901c9f,2023-02-19T03:02:35Z,2023-02-19T03:48:16Z,6c336b6f-4647-45ef-a6a6-3441b20657e2,9f2f60a6-87a4-3f45-b753-b63b5b7e9993,502b4fab-6395-365c-a7b7-9c235c5ecd4a,a735bf55-83e9-331a-899d-a82a60b9f60c,wellness,162673000,General examination of patient (procedure),136.80,1019.84,815.87,,
bec105f9-58b8-8ac9-e715-9415c646a62f,2025-03-15T01:54:36Z,2025-03-15T02:09:36Z,0e7809bd-be4e-ed66-9589-9253b729e37b,e2eab39c-5195-34aa-b35f-e89e37cfed01,4821a85c-2835-3f14-b1ea-e32d21d0ca09,a735bf55-83e9-331a-899d-a82a60b9f60c,outpatient,185349003,Encounter for check up (procedure),85.55,301.25,241.00,,
b5ba0a0d-0357-f2be-3f0b-9ac54843f1f3,1996-02-21T14:31:19Z,1996-02-21T14:46:19Z,38cc48b8-cb44-1e20-32e8-5b7e5d4bae20,5018c664-e283-30eb-932a-529d9a19b3b5,e71d5f7a-0134-38a2-9e1a-8c95772d8d2e,df166300-5a78-3502-a46a-832842197811,ambulatory,185345009,Encounter for symptom,85.55,92.93,42.93,36971009,Sinusitis (disorder)
183370bb-150b-b5fa-cdfa-b5b06cf0d293,1998-06-24T16:40:18Z,1998-07-20T18:37:25Z,347ceebf-0248-5a56-14f3-e1e8e8ffb73c,f6ba791e-fe68-3596-bef4-60751db6a60e,2d3f06fe-e324-3585-abe6-47ec7a4fa5fd,d18ef2e6-ef40-324c-be54-34a5ee865625,hospice,305336008,Admission to hospice (procedure),137.53,11353.93,11318.93,87433001,Pulmonary emphysema (disorder)
63cbe543-3956-5d70-94a3-937e1023066b,2023-07-30T17:11:07Z,2023-07-30T17:31:30Z,655a5138-756a-96c7-5817-488df07b7be7,2ca615f3-87f7-3283-a447-d919a883b676,5d65aeb3-78d0-3cdf-905e-dc8710836d8e,b046940f-1664-3047-bca7-dfa76be352a4,urgentcare,702927004,Urgent care clinic (environment),142.58,1257.67,0.00,,
0375a167-184c-ec41-9ac7-34e0eec7346d,2025-05-02T12:38:00Z,2025-05-02T13:25:34Z,a2207c71-4aba-4c37-25c3-105cf692d053,217cb6f6-e822-3831-9d9d-ffa104971042,09118138-3672-3c41-96c0-2fb1a1d2dada,a735bf55-83e9-331a-899d-a82a60b9f60c,ambulatory,185349003,Encounter for check up (procedure),85.55,85.66,68.53,,
490562bb-121c-3977-9381-c07fcac3495b,1997-07-24T23:31:19Z,1997-07-24T23:46:19Z,38cc48b8-cb44-1e20-32e8-5b7e5d4bae20,5018c664-e283-30eb-932a-529d9a19b3b5,e71d5f7a-0134-38a2-9e1a-8c95772d8d2e,df166300-5a78-3502-a46a-832842197811,ambulatory,424619006,Prenatal visit,142.58,1005.38,955.38,35999006,Blighted ovum
aad5149c-6ade-d3d4-d86d-f962f8be010c,2001-08-14T23:31:19Z,2001-08-15T00:10:06Z,38cc48b8-cb44-1e20-32e8-5b7e5d4bae20,69cb2157-b620-3c51-9c94-f516462d2d55,fb3749a4-6fcc-38f2-99d2-69b130e18e99,df166300-5a78-3502-a46a-832842197811,wellness,162673000,General examination of patient (procedure),136.80,1129.47,979.47,,
ebc9a4f3-2480-454e-af4f-dd5ed4e91711,2012-07-31T23:31:19Z,2012-08-04T09:31:19Z,38cc48b8-cb44-1e20-32e8-5b7e5d4bae20,11ba6a26-59b4-3728-a268-6dc9929962b4,50ca475f-09e6-3183-8488-9f09edf922ae,df166300-5a78-3502-a46a-832842197811,emergency,185347001,Encounter for problem,87.71,1025.09,975.09,91302008,Sepsis (disorder)
14761f43-0f72-cfb8-e631-e8cefa235e47,2014-02-06T23:31:19Z,2014-02-06T23:46:19Z,38cc48b8-cb44-1e20-32e8-5b7e5d4bae20,5018c664-e283-30eb-932a-529d9a19b3b5,e71d5f7a-0134-38a2-9e1a-8c95772d8d2e,df166300-5a78-3502-a46a-832842197811,outpatient,185347001,Encounter for problem (procedure),85.55,85.55,35.55,82423001,Chronic pain (finding)
f8eeb420-7bc9-59ac-c92d-0347b5a61981,2019-04-02T23:31:19Z,2019-04-03T00:18:50Z,38cc48b8-cb44-1e20-32e8-5b7e5d4bae20,5018c664-e283-30eb-932a-529d9a19b3b5,e71d5f7a-0134-38a2-9e1a-8c95772d8d2e,df166300-5a78-3502-a46a-832842197811,ambulatory,185349003,Encounter for check up (procedure),85.55,87.56,37.56,103697008,Patient referral for dental care (procedure)
6986509f-4b96-6905-540b-8e4169b464e1,2020-03-24T23:31:19Z,2020-03-25T00:11:52Z,38cc48b8-cb44-1e20-32e8-5b7e5d4bae20,69cb2157-b620-3c51-9c94-f516462d2d55,fb3749a4-6fcc-38f2-99d2-69b130e18e99,df166300-5a78-3502-a46a-832842197811,wellness,162673000,General examination of patient (procedure),136.80,1009.32,909.32,,
3315a8fd-4e41-bcc5-f672-b52fba726183,2020-03-13T11:58:50Z,2020-03-13T12:35:22Z,8192ac22-0995-7d3a-1b59-ad21fa05d67a,471f7ca2-38f8-3080-8109-187c73ec0b1f,6d9e72a5-83a7-3b4b-990f-6f0b0cfd548e,d31fccc3-1767-390d-966a-22a5156f4219,wellness,162673000,General examination of patient (procedure),136.80,1186.78,949.42,,
ea741514-328a-babb-705d-e910e479249a,2023-03-05T03:02:35Z,2023-03-05T03:45:07Z,6c336b6f-4647-45ef-a6a6-3441b20657e2,0fedae9f-701f-3317-9b2f-69aea2202cdc,7fc3c736-8e02-364d-a0cf-d2824bb9949a,a735bf55-83e9-331a-899d-a82a60b9f60c,ambulatory,185349003,Encounter for check up (procedure),85.55,150.94,120.75,,
bb1d7f32-2fcc-2ee0-b68b-7e23b019b781,2022-07-28T11:58:50Z,2022-07-28T12:13:50Z,8192ac22-0995-7d3a-1b59-ad21fa05d67a,af8566eb-8918-3ec7-ba44-92b6a2cf8097,22d19a9b-e1d3-377f-a0fe-455cdd63850f,d31fccc3-1767-390d-966a-22a5156f4219,outpatient,698314001,Consultation for treatment,142.58,142.58,0.00,389095005,Contraception care (regime/therapy)
d4ebcc56-29b7-e8f0-00c7-334492ca46cb,2023-03-17T11:58:50Z,2023-03-17T12:35:12Z,8192ac22-0995-7d3a-1b59-ad21fa05d67a,471f7ca2-38f8-3080-8109-187c73ec0b1f,6d9e72a5-83a7-3b4b-990f-6f0b0cfd548e,d31fccc3-1767-390d-966a-22a5156f4219,wellness,162673000,General examination of patient (procedure),136.80,1567.00,88.12,,
9853cfe2-7a06-1ea5-88c4-bf19a4b20c2a,2023-04-30T03:02:35Z,2023-04-30T04:01:39Z,6c336b6f-4647-45ef-a6a6-3441b20657e2,0fedae9f-701f-3317-9b2f-69aea2202cdc,7fc3c736-8e02-364d-a0cf-d2824bb9949a,a735bf55-83e9-331a-899d-a82a60b9f60c,outpatient,308335008,Patient encounter procedure,142.58,8362.00,6689.59,389095005,Contraception care (regime/therapy)
c568a26d-e5c2-89ac-0a8b-49f7d66a0bf5,2020-04-14T23:31:19Z,2020-04-14T23:46:19Z,38cc48b8-cb44-1e20-32e8-5b7e5d4bae20,5018c664-e283-30eb-932a-529d9a19b3b5,e71d5f7a-0134-38a2-9e1a-8c95772d8d2e,df166300-5a78-3502-a46a-832842197811,ambulatory,390906007,Follow-up encounter,85.55,85.55,35.55,55822004,Hyperlipidemia
ddb0ff1d-7854-a01e-8303-fc5c54272d08,2025-03-01T06:22:54Z,2025-03-01T06:37:54Z,e75db126-8dde-60d4-e111-cc2b4a619726,18a96051-91f4-3cba-af96-056ea14dfee0,e366319b-0e59-3199-91d0-e635ccfa6ef2,b046940f-1664-3047-bca7-dfa76be352a4,ambulatory,424619006,Prenatal visit,142.58,9272.18,9272.18,72892002,Normal pregnancy
ef374790-6139-d5ba-2c3b-45b0667c1fed,2025-11-29T01:17:30Z,2025-11-29T02:13:39Z,2e23caa4-d831-1f47-c522-0518bab7bd3d,a14e698d-a9ba-3eae-9c8b-682ec726433d,158873e1-6ad5-3918-9e3d-6cc41f2eab01,a735bf55-83e9-331a-899d-a82a60b9f60c,urgentcare,702927004,Urgent care clinic (environment),142.58,1154.54,841.54,,
a3d4a418-db20-dbf2-0724-633ae4ee170a,2025-05-14T17:57:00Z,2025-05-14T18:20:26Z,a45283db-c3ad-8377-de1c-571b3c15a163,e6d63525-40f0-3391-a58a-e6a03598911f,532ce51c-251e-3fd1-b9da-f33ea8bec6a1,0133f751-9229-3cfd-815f-b6d4979bdd6a,wellness,410620009,Well child visit (procedure),136.80,704.20,0.00,,
418dee57-bea1-c8b3-51bb-c2f13a084299,2025-11-21T06:38:00Z,2025-11-21T06:53:00Z,a2207c71-4aba-4c37-25c3-105cf692d053,217cb6f6-e822-3831-9d9d-ffa104971042,09118138-3672-3c41-96c0-2fb1a1d2dada,a735bf55-83e9-331a-899d-a82a60b9f60c,ambulatory,185345009,Encounter for symptom,85.55,85.55,0.00,195662009,Acute viral pharyngitis (disorder)
4cc93656-a4b6-d159-9265-3a0e08d747ae,1998-07-22T16:40:18Z,1998-07-22T16:55:18Z,347ceebf-0248-5a56-14f3-e1e8e8ffb73c,25c85bcc-7e25-36bc-89e8-08e0d473db23,82a921c3-7aad-3ef1-bc6a-7eee2c0fd2b3,d18ef2e6-ef40-324c-be54-34a5ee865625,wellness,308646001,Death Certification,136.80,211.38,176.38,363406005,Malignant tumor of colon
40af8254-c182-747c-0e23-11583577d277,2025-09-11T15:36:19Z,2025-09-11T19:54:36Z,d67aaf0a-104d-0854-69b7-24e7894c7e9e,b6eeaaf7-1683-3bcb-b6ee-81ce304636ef,0b928cfd-13c5-30a4-952b-72f5e14c37c9,a735bf55-83e9-331a-899d-a82a60b9f60c,ambulatory,185349003,Encounter for check up (procedure),85.55,1935.53,1548.43,,
9ebf662f-9947-af23-e92f-858041eac075,2022-04-05T23:31:19Z,2022-04-06T00:08:12Z,38cc48b8-cb44-1e20-32e8-5b7e5d4bae20,69cb2157-b620-3c51-9c94-f516462d2d55,fb3749a4-6fcc-38f2-99d2-69b130e18e99,df166300-5a78-3502-a46a-832842197811,wellness,162673000,General examination of patient (procedure),136.80,1641.58,1541.58,,
ab7ec4bf-14e3-82fa-1e8f-5839256ac2ce,2025-03-22T01:54:36Z,2025-03-22T02:18:45Z,0e7809bd-be4e-ed66-9589-9253b729e37b,e2eab39c-5195-34aa-b35f-e89e37cfed01,4821a85c-2835-3f14-b1ea-e32d21d0ca09,a735bf55-83e9-331a-899d-a82a60b9f60c,ambulatory,185349003,Encounter for check up (procedure),85.55,85.57,68.46,,
1b0b85fb-591c-159d-b740-7486db2e4c9f,2022-04-26T23:31:19Z,2022-04-26T23:46:19Z,38cc48b8-cb44-1e20-32e8-5b7e5d4bae20,5018c664-e283-30eb-932a-529d9a19b3b5,e71d5f7a-0134-38a2-9e1a-8c95772d8d2e,df166300-5a78-3502-a46a-832842197811,ambulatory,390906007,Follow-up encounter,85.55,234.71,184.71,55822004,Hyperlipidemia
c1e47c88-e03f-a42d-9fc1-e24176fe3587,2023-04-13T13:06:04Z,2023-04-13T14:03:26Z,5e30f14c-15ab-b668-fb6f-03fb3c3f4e66,0fedae9f-701f-3317-9b2f-69aea2202cdc,7fc3c736-8e02-364d-a0cf-d2824bb9949a,8fa6c185-e44e-3e34-8bd8-39be8694f4ce,ambulatory,185349003,Encounter for check up,85.55,22200.16,12390.12,275978004,Screening for malignant neoplasm of colon (procedure)
6871e9aa-395d-fc53-7b9d-2b74590488eb,2023-09-24T03:02:35Z,2023-09-24T03:49:40Z,6c336b6f-4647-45ef-a6a6-3441b20657e2,a14e698d-a9ba-3eae-9c8b-682ec726433d,158873e1-6ad5-3918-9e3d-6cc41f2eab01,a735bf55-83e9-331a-899d-a82a60b9f60c,urgentcare,702927004,Urgent care clinic (environment),142.58,1436.78,964.36,,
30713ef5-a882-41ee-cfa0-ea2b97fca26c,2023-01-31T23:31:19Z,2023-02-01T00:03:24Z,38cc48b8-cb44-1e20-32e8-5b7e5d4bae20,5018c664-e283-30eb-932a-529d9a19b3b5,e71d5f7a-0134-38a2-9e1a-8c95772d8d2e,df166300-5a78-3502-a46a-832842197811,outpatient,185349003,Encounter for check up (procedure),85.55,950.03,800.03,,
2760b4cb-2e1b-c353-372c-8e9160c5dfce,2023-03-31T11:58:50Z,2023-03-31T13:49:56Z,8192ac22-0995-7d3a-1b59-ad21fa05d67a,af8566eb-8918-3ec7-ba44-92b6a2cf8097,22d19a9b-e1d3-377f-a0fe-455cdd63850f,d31fccc3-1767-390d-966a-22a5156f4219,ambulatory,185349003,Encounter for check up (procedure),85.55,101.55,81.24,66383009,Gingivitis (disorder)
a2c07ba5-a183-b2e3-3bb2-ac4061baf634,2025-03-29T06:22:54Z,2025-03-29T06:37:54Z,e75db126-8dde-60d4-e111-cc2b4a619726,18a96051-91f4-3cba-af96-056ea14dfee0,e366319b-0e59-3199-91d0-e635ccfa6ef2,b046940f-1664-3047-bca7-dfa76be352a4,ambulatory,424619006,Prenatal visit,142.58,13257.37,13257.37,72892002,Normal pregnancy
20af02f0-bfb1-c1ef-5ce1-32a69ccfe6b1,2023-06-15T13:06:04Z,2023-06-15T14:03:00Z,5e30f14c-15ab-b668-fb6f-03fb3c3f4e66,936ceb96-2b12-371f-aa68-ee02a9c06f4c,96cc72ee-77dd-3761-8730-4c299882ecca,8fa6c185-e44e-3e34-8bd8-39be8694f4ce,wellness,162673000,General examination of patient (procedure),136.80,1070.74,1070.74,,
823232cc-deb1-c708-27d4-d652f97c2740,2023-08-06T17:11:07Z,2023-08-06T19:02:30Z,655a5138-756a-96c7-5817-488df07b7be7,e2eab39c-5195-34aa-b35f-e89e37cfed01,4821a85c-2835-3f14-b1ea-e32d21d0ca09,b046940f-1664-3047-bca7-dfa76be352a4,ambulatory,185349003,Encounter for check up (procedure),85.55,132.24,0.00,66383009,Gingivitis (disorder)
916a7f3f-27c7-dbf8-40e2-f055966cb8ce,2023-08-13T17:11:07Z,2023-08-13T17:26:07Z,655a5138-756a-96c7-5817-488df07b7be7,e2eab39c-5195-34aa-b35f-e89e37cfed01,4821a85c-2835-3f14-b1ea-e32d21d0ca09,b046940f-1664-3047-bca7-dfa76be352a4,ambulatory,185345009,Encounter for symptom,85.55,85.55,0.00,444814009,Viral sinusitis (disorder)
06095487-e999-fef5-c8e5-c585d1f33d9c,2024-04-07T17:11:07Z,2024-04-07T17:26:07Z,655a5138-756a-96c7-5817-488df07b7be7,af3871c3-2098-3051-bcb7-8a919e194a16,cbb231e7-c28c-36b1-8f5a-0e5fa0a156cf,b046940f-1664-3047-bca7-dfa76be352a4,wellness,410620009,Well child visit (procedure),136.80,272.80,0.00,,
a070742f-141b-6380-c66a-bd50d9cb665d,2024-08-30T07:11:07Z,2024-08-30T07:26:07Z,655a5138-756a-96c7-5817-488df07b7be7,e2eab39c-5195-34aa-b35f-e89e37cfed01,4821a85c-2835-3f14-b1ea-e32d21d0ca09,b046940f-1664-3047-bca7-dfa76be352a4,ambulatory,185345009,Encounter for symptom,85.55,85.55,0.00,43878008,Streptococcal sore throat (disorder)
fe5f1a6b-1059-303d-e5bb-d742a6c14a45,2024-09-08T17:11:07Z,2024-09-08T17:26:07Z,655a5138-756a-96c7-5817-488df07b7be7,2ca615f3-87f7-3283-a447-d919a883b676,5d65aeb3-78d0-3cdf-905e-dc8710836d8e,b046940f-1664-3047-bca7-dfa76be352a4,urgentcare,702927004,Urgent care clinic (environment),142.58,573.98,0.00,,
37f15826-be95-e84c-01bc-09749c18b082,2023-04-16T11:58:50Z,2023-04-16T12:13:50Z,8192ac22-0995-7d3a-1b59-ad21fa05d67a,af8566eb-8918-3ec7-ba44-92b6a2cf8097,22d19a9b-e1d3-377f-a0fe-455cdd63850f,d31fccc3-1767-390d-966a-22a5156f4219,ambulatory,390906007,Follow-up encounter (procedure),85.55,85.55,68.44,59621000,Essential hypertension (disorder)
143af8b3-0c53-c8e9-57c7-aba9d0a2a4d0,2025-04-26T06:22:54Z,2025-04-26T06:37:54Z,e75db126-8dde-60d4-e111-cc2b4a619726,18a96051-91f4-3cba-af96-056ea14dfee0,e366319b-0e59-3199-91d0-e635ccfa6ef2,b046940f-1664-3047-bca7-dfa76be352a4,ambulatory,424619006,Prenatal visit,142.58,4665.96,116.17,72892002,Normal pregnancy
3af9418d-680b-9424-30dd-9541c66589a2,2023-02-07T23:31:19Z,2023-02-07T23:46:19Z,38cc48b8-cb44-1e20-32e8-5b7e5d4bae20,5018c664-e283-30eb-932a-529d9a19b3b5,e71d5f7a-0134-38a2-9e1a-8c95772d8d2e,df166300-5a78-3502-a46a-832842197811,ambulatory,185345009,Encounter for symptom,85.55,85.55,35.55,444814009,Viral sinusitis (disorder)
5ba92dee-0470-6b39-e372-128181f0e5fc,2025-05-24T06:22:54Z,2025-05-24T06:37:54Z,e75db126-8dde-60d4-e111-cc2b4a619726,18a96051-91f4-3cba-af96-056ea14dfee0,e366319b-0e59-3199-91d0-e635ccfa6ef2,b046940f-1664-3047-bca7-dfa76be352a4,ambulatory,424619006,Prenatal visit,142.58,8141.22,5698.85,72892002,Normal pregnancy
9a5f0780-f1ac-cd64-b8cb-7b65c72ae49d,2025-06-21T06:22:54Z,2025-06-21T06:37:54Z,e75db126-8dde-60d4-e111-cc2b4a619726,18a96051-91f4-3cba-af96-056ea14dfee0,e366319b-0e59-3199-91d0-e635ccfa6ef2,b046940f-1664-3047-bca7-dfa76be352a4,ambulatory,424619006,Prenatal visit,142.58,24841.08,17388.75,72892002,Normal pregnancy
5ed0b762-6646-1f77-2b0f-3f5b56a22bd2,2024-06-20T13:06:04Z,2024-06-20T13:36:22Z,5e30f14c-15ab-b668-fb6f-03fb3c3f4e66,936ceb96-2b12-371f-aa68-ee02a9c06f4c,96cc72ee-77dd-3761-8730-4c299882ecca,734afbd6-4794-363b-9bc0-6a3981533ed5,wellness,162673000,General examination of patient (procedure),136.80,1347.86,228.30,,
32d996cb-b167-c2a3-a22f-5b02f0b9f15f,2025-07-19T06:22:54Z,2025-07-19T06:37:54Z,e75db126-8dde-60d4-e111-cc2b4a619726,18a96051-91f4-3cba-af96-056ea14dfee0,e366319b-0e59-3199-91d0-e635ccfa6ef2,b046940f-1664-3047-bca7-dfa76be352a4,ambulatory,424619006,Prenatal visit,142.58,15672.30,15672.30,72892002,Normal pregnancy
51a0a092-0b58-2538-38a8-349bfe940ef9,2025-08-16T06:22:54Z,2025-08-16T06:37:54Z,e75db126-8dde-60d4-e111-cc2b4a619726,18a96051-91f4-3cba-af96-056ea14dfee0,e366319b-0e59-3199-91d0-e635ccfa6ef2,b046940f-1664-3047-bca7-dfa76be352a4,ambulatory,424619006,Prenatal visit,142.58,5915.03,5915.03,72892002,Normal pregnancy
08ba9450-6e83-f285-b538-c453ca62817a,2025-08-30T06:22:54Z,2025-08-30T06:53:33Z,e75db126-8dde-60d4-e111-cc2b4a619726,d6b03647-983f-3162-af9e-b12aea026f13,b386966a-fd09-308f-9f00-e0b8f610002a,b046940f-1664-3047-bca7-dfa76be352a4,wellness,162673000,General examination of patient (procedure),136.80,1147.95,1147.95,,
45e93a9e-df49-a369-0e46-a3b94b50d0be,2023-10-01T03:02:35Z,2023-10-01T03:17:35Z,6c336b6f-4647-45ef-a6a6-3441b20657e2,0fedae9f-701f-3317-9b2f-69aea2202cdc,7fc3c736-8e02-364d-a0cf-d2824bb9949a,a735bf55-83e9-331a-899d-a82a60b9f60c,ambulatory,185345009,Encounter for symptom,85.55,85.55,68.44,10509002,Acute bronchitis (disorder)
63cf6ee8-d403-ed96-c0ab-bcb7d536e472,2023-10-08T03:02:35Z,2023-10-08T03:30:32Z,6c336b6f-4647-45ef-a6a6-3441b20657e2,0fedae9f-701f-3317-9b2f-69aea2202cdc,7fc3c736-8e02-364d-a0cf-d2824bb9949a,a735bf55-83e9-331a-899d-a82a60b9f60c,ambulatory,185349003,Encounter for check up (procedure),85.55,85.57,68.46,,
9c6e1b9a-29f0-4e36-8a8e-f1e17a2d3e18,2023-02-14T23:31:19Z,2023-02-15T00:00:48Z,38cc48b8-cb44-1e20-32e8-5b7e5d4bae20,5018c664-e283-30eb-932a-529d9a19b3b5,e71d5f7a-0134-38a2-9e1a-8c95772d8d2e,df166300-5a78-3502-a46a-832842197811,ambulatory,185349003,Encounter for check up (procedure),85.55,90.87,40.87,103697008,Patient referral for dental care (procedure)
93a91e3f-5ff4-96c6-9a93-c95926218e4d,2024-09-15T17:11:07Z,2024-09-15T17:26:07Z,655a5138-756a-96c7-5817-488df07b7be7,e2eab39c-5195-34aa-b35f-e89e37cfed01,4821a85c-2835-3f14-b1ea-e32d21d0ca09,b046940f-1664-3047-bca7-dfa76be352a4,outpatient,185349003,Encounter for check up (procedure),85.55,301.25,0.00,,
c59a404f-85ae-b00f-a0f6-1d0e44c53a9f,2023-04-11T23:31:19Z,2023-04-12T00:19:28Z,38cc48b8-cb44-1e20-32e8-5b7e5d4bae20,69cb2157-b620-3c51-9c94-f516462d2d55,fb3749a4-6fcc-38f2-99d2-69b130e18e99,df166300-5a78-3502-a46a-832842197811,wellness,162673000,General examination of patient (procedure),136.80,1019.02,1019.02,,
6830b6f2-d123-8458-d29c-d79fa4924204,2024-09-22T17:11:07Z,2024-09-22T17:42:03Z,655a5138-756a-96c7-5817-488df07b7be7,e2eab39c-5195-34aa-b35f-e89e37cfed01,4821a85c-2835-3f14-b1ea-e32d21d0ca09,b046940f-1664-3047-bca7-dfa76be352a4,ambulatory,185349003,Encounter for check up (procedure),85.55,339.17,0.00,66383009,Gingivitis (disorder)
1ec304dd-bc19-6852-54b8-42673826178d,2025-09-06T06:22:54Z,2025-09-06T06:37:54Z,e75db126-8dde-60d4-e111-cc2b4a619726,18a96051-91f4-3cba-af96-056ea14dfee0,e366319b-0e59-3199-91d0-e635ccfa6ef2,b046940f-1664-3047-bca7-dfa76be352a4,ambulatory,424619006,Prenatal visit,142.58,6326.45,6326.45,72892002,Normal pregnancy
90ca5685-0ae9-5977-0f1f-9c281372231e,2025-12-06T01:17:30Z,2025-12-06T02:17:30Z,2e23caa4-d831-1f47-c522-0518bab7bd3d,5becf220-2978-3f33-bd38-9326947f85de,a787f9b7-26af-3ea9-a25a-c9ebcd04f256,a735bf55-83e9-331a-899d-a82a60b9f60c,emergency,50849002,Emergency room admission (procedure),146.18,937.28,749.81,,
839d9dc7-a51e-36da-6be3-3acb4332bc92,2023-06-15T11:58:50Z,2023-06-15T12:13:50Z,8192ac22-0995-7d3a-1b59-ad21fa05d67a,af8566eb-8918-3ec7-ba44-92b6a2cf8097,22d19a9b-e1d3-377f-a0fe-455cdd63850f,d31fccc3-1767-390d-966a-22a5156f4219,ambulatory,390906007,Follow-up encounter (procedure),85.55,85.55,68.44,59621000,Essential hypertension (disorder)
31e9a3b0-753d-4240-54ea-d4f8a53a2ab7,2025-04-13T17:11:07Z,2025-04-13T17:26:07Z,655a5138-756a-96c7-5817-488df07b7be7,af3871c3-2098-3051-bcb7-8a919e194a16,cbb231e7-c28c-36b1-8f5a-0e5fa0a156cf,b046940f-1664-3047-bca7-dfa76be352a4,wellness,410620009,Well child visit (procedure),136.80,272.80,0.00,,
532573be-d6d2-801b-d44e-11aa57259f03,2001-06-12T20:14:43Z,2001-06-12T21:35:14Z,aa377b5c-a450-4f4b-92ce-e7f26cee10da,0fab3c4e-a028-39a6-b15a-be5a88b6aa2a,e1aa7b3b-ea02-3ade-b757-6d2ee3d1c23f,e03e23c9-4df1-3eb6-a62d-f70f02301496,ambulatory,185349003,Encounter for check up (procedure),85.55,221.03,0.00,103697008,Patient referral for dental care (procedure)
46fb35e0-c32a-d929-71f7-9695d9a1f652,2024-04-02T02:48:04Z,2024-04-02T03:03:04Z,b0fc3374-c40b-8591-0cc4-d6ffc383e5a4,a079d416-e8fe-3286-8ef3-6d289d7b5ad9,fab8ee36-fe8b-31ad-8f13-5536087eb358,734afbd6-4794-363b-9bc0-6a3981533ed5,outpatient,185349003,Encounter for check up (procedure),85.55,672.75,538.19,,
80c42c24-5fda-71d0-1339-f24878fdbecb,2004-06-15T20:14:43Z,2004-06-15T20:45:04Z,aa377b5c-a450-4f4b-92ce-e7f26cee10da,e6cc6043-299a-3581-8f6b-b3b5d62c46ae,41beda17-109e-3471-bfe8-d935af968aad,e03e23c9-4df1-3eb6-a62d-f70f02301496,wellness,162673000,General examination of patient (procedure),136.80,1073.63,0.00,,
0661fbb6-1d6d-def6-21bd-530fb3755a82,2020-07-07T20:14:43Z,2020-07-07T21:14:18Z,aa377b5c-a450-4f4b-92ce-e7f26cee10da,e6cc6043-299a-3581-8f6b-b3b5d62c46ae,41beda17-109e-3471-bfe8-d935af968aad,e03e23c9-4df1-3eb6-a62d-f70f02301496,wellness,162673000,General examination of patient (procedure),136.80,1069.06,0.00,,
57515d60-6441-d029-8e2c-1f8e2ecc8e3e,2023-02-09T17:14:43Z,2023-02-09T17:29:43Z,aa377b5c-a450-4f4b-92ce-e7f26cee10da,0fab3c4e-a028-39a6-b15a-be5a88b6aa2a,e1aa7b3b-ea02-3ade-b757-6d2ee3d1c23f,e03e23c9-4df1-3eb6-a62d-f70f02301496,ambulatory,185345009,Encounter for symptom,85.55,85.55,0.00,43878008,Streptococcal sore throat (disorder)
a16b2355-bee6-68a7-8ece-da2ca144b371,2023-07-11T20:14:43Z,2023-07-11T21:08:28Z,aa377b5c-a450-4f4b-92ce-e7f26cee10da,e6cc6043-299a-3581-8f6b-b3b5d62c46ae,41beda17-109e-3471-bfe8-d935af968aad,e03e23c9-4df1-3eb6-a62d-f70f02301496,wellness,162673000,General examination of patient (procedure),136.80,778.78,0.00,,
e410d027-20fa-b254-86de-46682ad5d0a3,2025-09-13T06:22:54Z,2025-09-13T06:41:01Z,e75db126-8dde-60d4-e111-cc2b4a619726,18a96051-91f4-3cba-af96-056ea14dfee0,e366319b-0e59-3199-91d0-e635ccfa6ef2,b046940f-1664-3047-bca7-dfa76be352a4,ambulatory,185349003,Encounter for check up (procedure),85.55,109.69,109.69,,
52f3a9b7-1637-9b9f-9036-d33a7b82998c,2023-07-25T20:14:43Z,2023-07-25T21:53:05Z,aa377b5c-a450-4f4b-92ce-e7f26cee10da,0fab3c4e-a028-39a6-b15a-be5a88b6aa2a,e1aa7b3b-ea02-3ade-b757-6d2ee3d1c23f,e03e23c9-4df1-3eb6-a62d-f70f02301496,ambulatory,185349003,Encounter for check up (procedure),85.55,220.41,0.00,66383009,Gingivitis (disorder)
fcb35f24-4277-c450-6c92-765ff5a12368,2025-09-20T06:22:54Z,2025-09-20T07:22:54Z,e75db126-8dde-60d4-e111-cc2b4a619726,363631be-d437-3548-98c2-d10b909c1721,2ddb6b34-f6fb-3702-9e0e-19bfa8c8fb18,b046940f-1664-3047-bca7-dfa76be352a4,emergency,183460006,Obstetric emergency hospital admission,146.18,7593.61,7593.61,72892002,Normal pregnancy
b78ea08e-3b73-8235-8acb-035b0b998bb7,2025-11-01T06:22:54Z,2025-11-01T06:37:54Z,e75db126-8dde-60d4-e111-cc2b4a619726,18a96051-91f4-3cba-af96-056ea14dfee0,e366319b-0e59-3199-91d0-e635ccfa6ef2,b046940f-1664-3047-bca7-dfa76be352a4,ambulatory,169762003,Postnatal visit,142.58,1005.38,1005.38,,
e07e15eb-78a5-57e6-58cb-2197ca79226f,2024-02-25T03:02:35Z,2024-02-25T03:56:01Z,6c336b6f-4647-45ef-a6a6-3441b20657e2,9f2f60a6-87a4-3f45-b753-b63b5b7e9993,502b4fab-6395-365c-a7b7-9c235c5ecd4a,a735bf55-83e9-331a-899d-a82a60b9f60c,wellness,162673000,General examination of patient (procedure),136.80,778.78,623.02,,
5bc7c2ad-5b58-92ff-1ec5-5a498d8dbb44,2023-08-14T11:58:50Z,2023-08-14T12:13:50Z,8192ac22-0995-7d3a-1b59-ad21fa05d67a,af8566eb-8918-3ec7-ba44-92b6a2cf8097,22d19a9b-e1d3-377f-a0fe-455cdd63850f,d31fccc3-1767-390d-966a-22a5156f4219,virtual,390906007,Follow-up encounter (procedure),75.00,75.00,60.00,59621000,Essential hypertension (disorder)
7720f0da-848e-83c1-0cd5-de7bbae37647,2025-08-08T17:11:07Z,2025-08-08T17:26:07Z,655a5138-756a-96c7-5817-488df07b7be7,e2eab39c-5195-34aa-b35f-e89e37cfed01,4821a85c-2835-3f14-b1ea-e32d21d0ca09,b046940f-1664-3047-bca7-dfa76be352a4,ambulatory,394701000,Asthma follow-up,142.58,142.58,0.00,233678006,Childhood asthma
18bf796f-0b55-7491-246c-cbdd3fe0ff00,2015-08-06T03:37:49Z,2015-08-06T04:30:13Z,269dae0e-5e12-f290-fc7b-72f06ac733a2,b6eeaaf7-1683-3bcb-b6ee-81ce304636ef,0b928cfd-13c5-30a4-952b-72f5e14c37c9,e03e23c9-4df1-3eb6-a62d-f70f02301496,ambulatory,185349003,Encounter for check up (procedure),85.55,189.54,0.00,66383009,Gingivitis (disorder)
5b884f7c-246e-6625-ad99-ded849f4117d,2025-12-13T01:17:30Z,2025-12-13T01:49:18Z,2e23caa4-d831-1f47-c522-0518bab7bd3d,a14e698d-a9ba-3eae-9c8b-682ec726433d,158873e1-6ad5-3918-9e3d-6cc41f2eab01,a735bf55-83e9-331a-899d-a82a60b9f60c,urgentcare,702927004,Urgent care clinic (environment),142.58,1370.24,1096.18,,
f9945889-dcdd-84da-18b0-cda3a2f1a573,2024-07-04T13:06:04Z,2024-07-04T14:55:58Z,5e30f14c-15ab-b668-fb6f-03fb3c3f4e66,0fedae9f-701f-3317-9b2f-69aea2202cdc,7fc3c736-8e02-364d-a0cf-d2824bb9949a,734afbd6-4794-363b-9bc0-6a3981533ed5,ambulatory,185349003,Encounter for check up (procedure),85.55,456.47,365.17,,
b265eb63-d137-395f-c81d-12e079a8f834,2023-04-25T23:31:19Z,2023-04-26T00:01:07Z,38cc48b8-cb44-1e20-32e8-5b7e5d4bae20,5018c664-e283-30eb-932a-529d9a19b3b5,e71d5f7a-0134-38a2-9e1a-8c95772d8d2e,df166300-5a78-3502-a46a-832842197811,ambulatory,185349003,Encounter for check up (procedure),85.55,206.75,156.75,66383009,Gingivitis (disorder)
2774e8ea-bf06-86c7-9b14-98643ec2f3fe,2023-04-26T23:31:19Z,2023-04-26T23:46:19Z,38cc48b8-cb44-1e20-32e8-5b7e5d4bae20,5018c664-e283-30eb-932a-529d9a19b3b5,e71d5f7a-0134-38a2-9e1a-8c95772d8d2e,df166300-5a78-3502-a46a-832842197811,ambulatory,390906007,Follow-up encounter,85.55,234.71,184.71,55822004,Hyperlipidemia
b8d9b009-4b88-08e7-45c2-64e7a309d8d3,2025-11-08T06:22:54Z,2025-11-08T06:37:54Z,e75db126-8dde-60d4-e111-cc2b4a619726,ecd3b321-0a8a-3ce6-81f0-982dd77fce43,9be633aa-ab17-3b45-99cd-13fa29910e0d,b046940f-1664-3047-bca7-dfa76be352a4,outpatient,698314001,Consultation for treatment,142.58,142.58,142.58,389095005,Contraception care (regime/therapy)
65b86cfb-b585-17ff-367f-c7ffe9481175,2025-08-17T17:11:07Z,2025-08-17T17:26:07Z,655a5138-756a-96c7-5817-488df07b7be7,e2eab39c-5195-34aa-b35f-e89e37cfed01,4821a85c-2835-3f14-b1ea-e32d21d0ca09,b046940f-1664-3047-bca7-dfa76be352a4,outpatient,185349003,Encounter for check up (procedure),85.55,962.26,0.00,,
c6e07fd2-5fd8-051f-ab9a-cb0636611af3,2024-03-22T11:58:50Z,2024-03-22T12:38:10Z,8192ac22-0995-7d3a-1b59-ad21fa05d67a,471f7ca2-38f8-3080-8109-187c73ec0b1f,6d9e72a5-83a7-3b4b-990f-6f0b0cfd548e,d31fccc3-1767-390d-966a-22a5156f4219,wellness,162673000,General examination of patient (procedure),136.80,853.36,0.00,,
e7e37a8d-5e6b-e7fa-0a03-7286bb43ae8a,2022-07-16T03:37:49Z,2022-07-16T03:52:49Z,269dae0e-5e12-f290-fc7b-72f06ac733a2,b6eeaaf7-1683-3bcb-b6ee-81ce304636ef,0b928cfd-13c5-30a4-952b-72f5e14c37c9,e03e23c9-4df1-3eb6-a62d-f70f02301496,outpatient,698314001,Consultation for treatment,142.58,1250.85,0.00,389095005,Contraception care (regime/therapy)
7820a5c2-f9e8-1987-bc3c-759d426b612d,2024-09-08T13:48:26Z,2024-09-08T14:27:21Z,5e30f14c-15ab-b668-fb6f-03fb3c3f4e66,0fedae9f-701f-3317-9b2f-69aea2202cdc,7fc3c736-8e02-364d-a0cf-d2824bb9949a,734afbd6-4794-363b-9bc0-6a3981533ed5,ambulatory,185349003,Encounter for check up,85.55,15191.70,12153.36,68496003,Polyp of colon
bc78ff90-bff2-2744-cdc8-283910790a96,2025-06-26T13:06:04Z,2025-06-26T13:37:28Z,5e30f14c-15ab-b668-fb6f-03fb3c3f4e66,936ceb96-2b12-371f-aa68-ee02a9c06f4c,96cc72ee-77dd-3761-8730-4c299882ecca,734afbd6-4794-363b-9bc0-6a3981533ed5,wellness,162673000,General examination of patient (procedure),136.80,1306.27,222.63,,
997cc32c-af13-7f4d-bc04-4ff1b6d7f831,2024-03-10T03:02:35Z,2024-03-10T03:25:00Z,6c336b6f-4647-45ef-a6a6-3441b20657e2,0fedae9f-701f-3317-9b2f-69aea2202cdc,7fc3c736-8e02-364d-a0cf-d2824bb9949a,a735bf55-83e9-331a-899d-a82a60b9f60c,ambulatory,185349003,Encounter for check up (procedure),85.55,85.83,68.66,,
24315ec7-7b82-9859-2380-2abd2df48ca8,2022-09-08T03:37:49Z,2022-09-08T03:58:24Z,269dae0e-5e12-f290-fc7b-72f06ac733a2,f00601d0-d49e-30ed-bc3e-314379f2103e,87810ff8-33d1-3a64-9780-4c40f3f0043c,e03e23c9-4df1-3eb6-a62d-f70f02301496,wellness,410620009,Well child visit (procedure),136.80,914.78,0.00,,
6114a244-16ff-8bfa-bf8e-2a7c832c99e4,2024-07-20T03:33:48Z,2024-07-20T04:13:33Z,6c336b6f-4647-45ef-a6a6-3441b20657e2,0fedae9f-701f-3317-9b2f-69aea2202cdc,7fc3c736-8e02-364d-a0cf-d2824bb9949a,a735bf55-83e9-331a-899d-a82a60b9f60c,ambulatory,185349003,Encounter for check up,85.55,7882.83,6306.26,275978004,Screening for malignant neoplasm of colon (procedure)
b9bf4fe3-4a91-9717-d8e5-9b25719b8785,2025-03-02T03:02:35Z,2025-03-02T03:55:50Z,6c336b6f-4647-45ef-a6a6-3441b20657e2,9f2f60a6-87a4-3f45-b753-b63b5b7e9993,502b4fab-6395-365c-a7b7-9c235c5ecd4a,a735bf55-83e9-331a-899d-a82a60b9f60c,wellness,162673000,General examination of patient (procedure),136.80,704.20,378.05,,
3ee5f524-d216-9c70-e6d6-c82ebcff8592,2024-06-18T02:48:04Z,2024-06-18T03:21:13Z,b0fc3374-c40b-8591-0cc4-d6ffc383e5a4,a079d416-e8fe-3286-8ef3-6d289d7b5ad9,fab8ee36-fe8b-31ad-8f13-5536087eb358,734afbd6-4794-363b-9bc0-6a3981533ed5,outpatient,185349003,Encounter for check up (procedure),85.55,1092.39,873.90,,
8311dc4e-e7dd-c2ac-8412-6b5748f7b56d,2024-04-16T23:31:19Z,2024-04-17T00:04:31Z,38cc48b8-cb44-1e20-32e8-5b7e5d4bae20,69cb2157-b620-3c51-9c94-f516462d2d55,fb3749a4-6fcc-38f2-99d2-69b130e18e99,df166300-5a78-3502-a46a-832842197811,wellness,162673000,General examination of patient (procedure),136.80,785.58,685.58,,
6ce80a47-525c-8f0e-e987-a2c946036920,2023-01-26T03:37:49Z,2023-01-26T03:52:49Z,269dae0e-5e12-f290-fc7b-72f06ac733a2,b6eeaaf7-1683-3bcb-b6ee-81ce304636ef,0b928cfd-13c5-30a4-952b-72f5e14c37c9,e03e23c9-4df1-3eb6-a62d-f70f02301496,outpatient,308335008,Patient encounter procedure,142.58,4575.68,0.00,389095005,Contraception care (regime/therapy)
872d7b91-4403-d096-ebf5-9182b7218f31,2025-03-28T11:58:50Z,2025-03-28T12:39:02Z,8192ac22-0995-7d3a-1b59-ad21fa05d67a,471f7ca2-38f8-3080-8109-187c73ec0b1f,6d9e72a5-83a7-3b4b-990f-6f0b0cfd548e,d31fccc3-1767-390d-966a-22a5156f4219,wellness,162673000,General examination of patient (procedure),136.80,1441.62,0.00,,
b7236c63-9fe2-4c4e-e229-bd6948a4805e,2025-07-10T13:06:04Z,2025-07-10T13:35:06Z,5e30f14c-15ab-b668-fb6f-03fb3c3f4e66,0fedae9f-701f-3317-9b2f-69aea2202cdc,7fc3c736-8e02-364d-a0cf-d2824bb9949a,734afbd6-4794-363b-9bc0-6a3981533ed5,ambulatory,185349003,Encounter for check up (procedure),85.55,85.61,68.49,,
6370db1f-45e7-c5b1-056a-8472e716e8da,2017-01-29T18:40:51Z,2017-01-29T19:08:08Z,11a322cd-c96f-9aec-e8ca-559c636f977f,b242f971-3c74-3778-b148-81366c1e6a3f,e3c817c0-d42c-3575-993a-22a32b61b06f,26aab0cd-6aba-3e1b-ac5b-05c8867e762c,ambulatory,185349003,Encounter for check up (procedure),85.55,133.33,0.00,103697008,Patient referral for dental care (procedure)
771c5a91-8c7c-8982-59f9-048f2a0234b4,2021-02-14T18:40:51Z,2021-02-14T18:56:45Z,11a322cd-c96f-9aec-e8ca-559c636f977f,76baa51d-0d0f-359d-a07b-7b999a43d42e,93367dfa-197e-39cc-be16-fbe922fb7334,26aab0cd-6aba-3e1b-ac5b-05c8867e762c,wellness,410620009,Well child visit (procedure),136.80,704.20,0.00,,
6a79d2ac-9f39-83c5-1bc8-7708e6c76cc2,2022-02-27T18:40:51Z,2022-02-27T19:13:41Z,11a322cd-c96f-9aec-e8ca-559c636f977f,b242f971-3c74-3778-b148-81366c1e6a3f,e3c817c0-d42c-3575-993a-22a32b61b06f,26aab0cd-6aba-3e1b-ac5b-05c8867e762c,ambulatory,185349003,Encounter for check up (procedure),85.55,91.43,0.00,103697008,Patient referral for dental care (procedure)
d681eb43-6673-dae5-ffe4-39497f1bf23d,2006-05-20T05:59:49Z,2006-05-20T06:42:59Z,f3aa70e2-d777-e5ba-288f-aa5469241c9d,39104cad-5228-3e07-9b3e-3ad736b33d5d,8d29d629-4156-3be0-93d5-7cfe88bc96a5,8fa6c185-e44e-3e34-8bd8-39be8694f4ce,wellness,162673000,General examination of patient (procedure),136.80,704.20,0.00,,
37815a3b-e393-eeb2-226b-6480512931f8,2023-02-26T18:40:51Z,2023-02-26T18:55:51Z,11a322cd-c96f-9aec-e8ca-559c636f977f,76baa51d-0d0f-359d-a07b-7b999a43d42e,93367dfa-197e-39cc-be16-fbe922fb7334,26aab0cd-6aba-3e1b-ac5b-05c8867e762c,wellness,410620009,Well child visit (procedure),136.80,1751.26,0.00,,
881d5393-5b6b-df75-a874-6b7bb5ced3fd,2024-04-30T23:31:19Z,2024-05-01T00:04:05Z,38cc48b8-cb44-1e20-32e8-5b7e5d4bae20,5018c664-e283-30eb-932a-529d9a19b3b5,e71d5f7a-0134-38a2-9e1a-8c95772d8d2e,df166300-5a78-3502-a46a-832842197811,ambulatory,185349003,Encounter for check up (procedure),85.55,337.96,287.96,103697008,Patient referral for dental care (procedure)
a564387f-6b3a-2288-7f94-8172ead901e5,2025-12-20T01:17:30Z,2025-12-20T01:32:30Z,2e23caa4-d831-1f47-c522-0518bab7bd3d,a14e698d-a9ba-3eae-9c8b-682ec726433d,158873e1-6ad5-3918-9e3d-6cc41f2eab01,a735bf55-83e9-331a-899d-a82a60b9f60c,urgentcare,702927004,Urgent care clinic (environment),142.58,507.44,405.94,,
56c4483d-706f-acd7-b53b-56b3fad62b55,2023-03-04T05:35:14Z,2023-03-04T06:35:14Z,269dae0e-5e12-f290-fc7b-72f06ac733a2,fe30f2b4-9bc8-346e-afba-4455d1766545,349eeb51-6d5e-3651-8224-7f6a22564261,e03e23c9-4df1-3eb6-a62d-f70f02301496,emergency,50849002,Emergency room admission (procedure),146.18,4140.89,0.00,312608009,Laceration - injury (disorder)
7d61aee6-01db-a974-3311-39f214f11ccf,2023-03-26T05:37:49Z,2023-03-26T05:52:49Z,269dae0e-5e12-f290-fc7b-72f06ac733a2,b6eeaaf7-1683-3bcb-b6ee-81ce304636ef,0b928cfd-13c5-30a4-952b-72f5e14c37c9,e03e23c9-4df1-3eb6-a62d-f70f02301496,ambulatory,185345009,Encounter for symptom,85.55,3536.75,0.00,195662009,Acute viral pharyngitis (disorder)
b514ac01-4a04-3b93-5082-83556800eee7,2024-05-07T23:31:19Z,2024-05-07T23:46:19Z,38cc48b8-cb44-1e20-32e8-5b7e5d4bae20,5018c664-e283-30eb-932a-529d9a19b3b5,e71d5f7a-0134-38a2-9e1a-8c95772d8d2e,df166300-5a78-3502-a46a-832842197811,ambulatory,390906007,Follow-up encounter,85.55,234.71,184.71,55822004,Hyperlipidemia
aff9a9d9-2683-7e8d-13c1-7bbbe75f22b4,2023-04-27T03:37:49Z,2023-04-27T03:55:11Z,269dae0e-5e12-f290-fc7b-72f06ac733a2,b6eeaaf7-1683-3bcb-b6ee-81ce304636ef,0b928cfd-13c5-30a4-952b-72f5e14c37c9,e03e23c9-4df1-3eb6-a62d-f70f02301496,outpatient,308335008,Patient encounter procedure,142.58,1250.85,0.00,389095005,Contraception care (regime/therapy)
642e279a-8632-2afe-76fa-c19f14c9045c,2024-06-25T02:48:04Z,2024-06-25T03:03:04Z,b0fc3374-c40b-8591-0cc4-d6ffc383e5a4,a079d416-e8fe-3286-8ef3-6d289d7b5ad9,fab8ee36-fe8b-31ad-8f13-5536087eb358,734afbd6-4794-363b-9bc0-6a3981533ed5,wellness,162673000,General examination of patient (procedure),136.80,631.49,505.18,,
3748c091-fa6b-dce6-9937-8fc6568df468,2024-05-27T00:37:11Z,2024-05-27T01:19:25Z,38cc48b8-cb44-1e20-32e8-5b7e5d4bae20,5018c664-e283-30eb-932a-529d9a19b3b5,e71d5f7a-0134-38a2-9e1a-8c95772d8d2e,df166300-5a78-3502-a46a-832842197811,ambulatory,185349003,Encounter for check up,85.55,19091.66,19041.66,275978004,Screening for malignant neoplasm of colon (procedure)
0092ffad-8100-b8e3-2562-1dc53fdadfcc,2025-12-27T01:17:30Z,2025-12-27T02:02:08Z,2e23caa4-d831-1f47-c522-0518bab7bd3d,89171335-b9c0-3326-98d6-a837d432b9fd,ba15ec28-3753-3ed5-894f-21afa20d81df,a735bf55-83e9-331a-899d-a82a60b9f60c,outpatient,185349003,Encounter for check up (procedure),85.55,1339.58,1071.66,,
bb0fe731-a501-9f3d-8988-0a3e62646e72,2023-07-11T03:49:32Z,2023-07-11T04:04:32Z,269dae0e-5e12-f290-fc7b-72f06ac733a2,b6eeaaf7-1683-3bcb-b6ee-81ce304636ef,0b928cfd-13c5-30a4-952b-72f5e14c37c9,e03e23c9-4df1-3eb6-a62d-f70f02301496,outpatient,698314001,Consultation for treatment,142.58,142.58,0.00,389095005,Contraception care (regime/therapy)
d564d54c-57de-78e9-0a3e-f07ec736601f,2023-07-27T03:37:49Z,2023-07-27T03:53:57Z,269dae0e-5e12-f290-fc7b-72f06ac733a2,b6eeaaf7-1683-3bcb-b6ee-81ce304636ef,0b928cfd-13c5-30a4-952b-72f5e14c37c9,e03e23c9-4df1-3eb6-a62d-f70f02301496,outpatient,308335008,Patient encounter procedure,142.58,2138.39,0.00,389095005,Contraception care (regime/therapy)
35ac1da3-3849-7483-c184-1d0f490d4064,2023-09-14T03:37:49Z,2023-09-14T03:52:49Z,269dae0e-5e12-f290-fc7b-72f06ac733a2,f00601d0-d49e-30ed-bc3e-314379f2103e,87810ff8-33d1-3a64-9780-4c40f3f0043c,e03e23c9-4df1-3eb6-a62d-f70f02301496,wellness,410620009,Well child visit (procedure),136.80,704.20,0.00,,
cdac51da-a13d-9c1a-9506-eb54e748d76f,2023-09-28T03:37:49Z,2023-09-28T03:53:11Z,269dae0e-5e12-f290-fc7b-72f06ac733a2,b6eeaaf7-1683-3bcb-b6ee-81ce304636ef,0b928cfd-13c5-30a4-952b-72f5e14c37c9,e03e23c9-4df1-3eb6-a62d-f70f02301496,ambulatory,185349003,Encounter for check up (procedure),85.55,105.12,0.00,103697008,Patient referral for dental care (procedure)
0f5255d2-dde0-2bbd-1fbf-75e0d195795e,2023-03-05T18:40:51Z,2023-03-05T20:06:52Z,11a322cd-c96f-9aec-e8ca-559c636f977f,b242f971-3c74-3778-b148-81366c1e6a3f,e3c817c0-d42c-3575-993a-22a32b61b06f,26aab0cd-6aba-3e1b-ac5b-05c8867e762c,ambulatory,185349003,Encounter for check up (procedure),85.55,137.37,0.00,103697008,Patient referral for dental care (procedure)
15f74214-d8e3-fad1-8cf3-4e8aaa0c0f77,2016-06-04T05:59:49Z,2016-06-04T06:37:06Z,f3aa70e2-d777-e5ba-288f-aa5469241c9d,39104cad-5228-3e07-9b3e-3ad736b33d5d,8d29d629-4156-3be0-93d5-7cfe88bc96a5,8fa6c185-e44e-3e34-8bd8-39be8694f4ce,wellness,162673000,General examination of patient (procedure),136.80,778.78,778.78,,
b383e80a-8578-3222-e77e-4cc0557b6a75,2023-10-29T01:40:51Z,2023-10-29T01:55:51Z,11a322cd-c96f-9aec-e8ca-559c636f977f,b242f971-3c74-3778-b148-81366c1e6a3f,e3c817c0-d42c-3575-993a-22a32b61b06f,26aab0cd-6aba-3e1b-ac5b-05c8867e762c,ambulatory,185345009,Encounter for symptom,85.55,85.55,0.00,43878008,Streptococcal sore throat (disorder)
9c56169e-1397-4b4e-91ba-a9b6280350dd,2023-10-26T03:37:49Z,2023-10-26T03:55:46Z,269dae0e-5e12-f290-fc7b-72f06ac733a2,b6eeaaf7-1683-3bcb-b6ee-81ce304636ef,0b928cfd-13c5-30a4-952b-72f5e14c37c9,e03e23c9-4df1-3eb6-a62d-f70f02301496,outpatient,308335008,Patient encounter procedure,142.58,3568.67,0.00,389095005,Contraception care (regime/therapy)
d76fd78e-6690-a71c-2eb6-c1d529477cfd,2023-12-16T03:37:49Z,2023-12-16T05:09:22Z,269dae0e-5e12-f290-fc7b-72f06ac733a2,b6eeaaf7-1683-3bcb-b6ee-81ce304636ef,0b928cfd-13c5-30a4-952b-72f5e14c37c9,e03e23c9-4df1-3eb6-a62d-f70f02301496,ambulatory,185345009,Encounter for symptom,85.55,6031.85,0.00,307426000,Acute infective cystitis (disorder)
facff451-3cb8-41c5-9155-3017e0513f4c,1990-02-04T09:48:38Z,1990-02-04T10:48:38Z,fa8ebd26-039c-07a4-2810-447bb8e48f3e,609ec9f1-e806-3427-b912-9e3b2915521d,02b96b5f-329e-3727-9f96-bc79252cf1c0,e03e23c9-4df1-3eb6-a62d-f70f02301496,emergency,182813001,Emergency treatment (procedure),146.18,17478.72,0.00,196416002,Impacted molars
1c75c51e-1318-a1d1-9285-ee6e85f47a8e,2024-06-08T03:31:19Z,2024-06-08T03:46:19Z,38cc48b8-cb44-1e20-32e8-5b7e5d4bae20,5018c664-e283-30eb-932a-529d9a19b3b5,e71d5f7a-0134-38a2-9e1a-8c95772d8d2e,df166300-5a78-3502-a46a-832842197811,ambulatory,185345009,Encounter for symptom,85.55,85.55,0.00,10509002,Acute bronchitis (disorder)
ee0de892-3ad8-a2a2-2432-73813e3707f0,2024-06-18T23:31:19Z,2024-06-19T00:26:12Z,38cc48b8-cb44-1e20-32e8-5b7e5d4bae20,a25107f7-f4f5-36fc-98e4-f3e1b5875c91,a5670bc2-1db1-3c03-b142-764b8b4aaff0,df166300-5a78-3502-a46a-832842197811,urgentcare,702927004,Urgent care clinic (environment),142.58,871.06,775.89,,
fd839661-0d6b-6908-5493-0e687a72a65b,2025-06-20T11:58:50Z,2025-06-20T12:13:50Z,8192ac22-0995-7d3a-1b59-ad21fa05d67a,af8566eb-8918-3ec7-ba44-92b6a2cf8097,22d19a9b-e1d3-377f-a0fe-455cdd63850f,d31fccc3-1767-390d-966a-22a5156f4219,ambulatory,424441002,Prenatal initial visit,142.58,15254.74,12191.92,72892002,Normal pregnancy
36d1fe5c-a557-2587-5996-aea1126fd659,2024-01-13T03:40:51Z,2024-01-13T03:58:05Z,11a322cd-c96f-9aec-e8ca-559c636f977f,b242f971-3c74-3778-b148-81366c1e6a3f,e3c817c0-d42c-3575-993a-22a32b61b06f,26aab0cd-6aba-3e1b-ac5b-05c8867e762c,ambulatory,185345009,Encounter for symptom,85.55,179.03,0.00,10509002,Acute bronchitis (disorder)
92b22e42-929a-66e5-c994-fb655ec03177,2024-03-03T18:40:51Z,2024-03-03T18:55:51Z,11a322cd-c96f-9aec-e8ca-559c636f977f,76baa51d-0d0f-359d-a07b-7b999a43d42e,93367dfa-197e-39cc-be16-fbe922fb7334,26aab0cd-6aba-3e1b-ac5b-05c8867e762c,wellness,410620009,Well child visit (procedure),136.80,1055.90,0.00,,
b279c672-bd01-d368-8907-5a12c393a41c,2017-08-19T05:59:49Z,2017-08-19T07:12:51Z,f3aa70e2-d777-e5ba-288f-aa5469241c9d,125eccb3-d003-34ea-9bd8-360dff059782,0d435eda-ddad-369b-837e-8123a874e233,8fa6c185-e44e-3e34-8bd8-39be8694f4ce,ambulatory,185347001,Encounter for problem,85.55,1455.00,1455.00,271737000,Anemia (disorder)
dff09f37-56d4-8bf7-daea-5079b8e5a1d2,2017-10-30T07:12:51Z,2017-10-30T07:27:51Z,f3aa70e2-d777-e5ba-288f-aa5469241c9d,125eccb3-d003-34ea-9bd8-360dff059782,0d435eda-ddad-369b-837e-8123a874e233,8fa6c185-e44e-3e34-8bd8-39be8694f4ce,ambulatory,424619006,Prenatal visit,142.58,1005.38,1005.38,609496007,Complication occuring during pregnancy
d8c14142-ce74-a0dd-7b57-304a6ddcc94c,1990-05-10T09:48:38Z,1990-05-10T10:48:38Z,fa8ebd26-039c-07a4-2810-447bb8e48f3e,609ec9f1-e806-3427-b912-9e3b2915521d,02b96b5f-329e-3727-9f96-bc79252cf1c0,e03e23c9-4df1-3eb6-a62d-f70f02301496,emergency,183452005,Emergency hospital admission (procedure),87.71,87.71,0.00,82423001,Chronic pain
7c6d7153-b2e9-5bc3-4e3a-db635be36aa6,2024-06-25T23:31:19Z,2024-06-25T23:46:19Z,38cc48b8-cb44-1e20-32e8-5b7e5d4bae20,5018c664-e283-30eb-932a-529d9a19b3b5,e71d5f7a-0134-38a2-9e1a-8c95772d8d2e,df166300-5a78-3502-a46a-832842197811,outpatient,185349003,Encounter for check up (procedure),85.55,92.35,42.35,,
6cff72ad-9193-23a3-c484-433708b8f86f,2025-04-22T23:31:19Z,2025-04-23T00:15:29Z,38cc48b8-cb44-1e20-32e8-5b7e5d4bae20,69cb2157-b620-3c51-9c94-f516462d2d55,fb3749a4-6fcc-38f2-99d2-69b130e18e99,df166300-5a78-3502-a46a-832842197811,wellness,162673000,General examination of patient (procedure),136.80,785.58,785.58,,
ff848b10-c8ce-5172-4c09-acdbdd4b57ef,2025-08-24T17:11:07Z,2025-08-24T17:26:07Z,655a5138-756a-96c7-5817-488df07b7be7,e2eab39c-5195-34aa-b35f-e89e37cfed01,4821a85c-2835-3f14-b1ea-e32d21d0ca09,b046940f-1664-3047-bca7-dfa76be352a4,ambulatory,185345009,Encounter for symptom,85.55,85.55,0.00,10509002,Acute bronchitis (disorder)
9f65ee19-7b0e-e407-b0b3-8859adfc6383,2022-09-10T01:03:09Z,2022-09-10T01:18:09Z,086267ff-6e39-78b5-c0a2-1b60509bcd0b,6e517750-a29e-3170-a02b-5733ff523458,fddc63fd-046a-333f-af55-49b4428be968,df166300-5a78-3502-a46a-832842197811,wellness,410620009,Well child visit (procedure),136.80,272.80,172.80,,
3dfc9da2-40a8-d458-3ee3-22b1976c6a82,2023-09-16T01:03:09Z,2023-09-16T01:18:09Z,086267ff-6e39-78b5-c0a2-1b60509bcd0b,6e517750-a29e-3170-a02b-5733ff523458,fddc63fd-046a-333f-af55-49b4428be968,df166300-5a78-3502-a46a-832842197811,wellness,410620009,Well child visit (procedure),136.80,1186.78,1086.78,,
8075931f-fd7f-e650-f20f-2e1320c7b71c,2019-06-08T05:59:49Z,2019-06-08T06:53:00Z,f3aa70e2-d777-e5ba-288f-aa5469241c9d,39104cad-5228-3e07-9b3e-3ad736b33d5d,8d29d629-4156-3be0-93d5-7cfe88bc96a5,8fa6c185-e44e-3e34-8bd8-39be8694f4ce,wellness,162673000,General examination of patient (procedure),136.80,914.78,914.78,,
e3c22419-4fe6-33c3-1d76-7c32291c399c,1990-12-28T09:48:38Z,1990-12-28T10:20:15Z,fa8ebd26-039c-07a4-2810-447bb8e48f3e,01bb7b5c-f850-3c4e-a3f1-442d8273559a,e173ff88-7662-3f48-941f-7e61bd4ff31e,df166300-5a78-3502-a46a-832842197811,wellness,162673000,General examination of patient (procedure),136.80,961.72,911.72,,
0dd26f4b-cf78-0be8-b24f-5ff9fd4b739d,2020-11-07T05:59:49Z,2020-11-07T06:33:30Z,f3aa70e2-d777-e5ba-288f-aa5469241c9d,125eccb3-d003-34ea-9bd8-360dff059782,0d435eda-ddad-369b-837e-8123a874e233,8fa6c185-e44e-3e34-8bd8-39be8694f4ce,outpatient,185349003,Encounter for check up (procedure),85.55,652.95,0.00,,
ccf44402-b753-385f-d410-be1508009b99,1991-10-06T09:48:38Z,1991-10-06T10:48:38Z,fa8ebd26-039c-07a4-2810-447bb8e48f3e,609ec9f1-e806-3427-b912-9e3b2915521d,02b96b5f-329e-3727-9f96-bc79252cf1c0,df166300-5a78-3502-a46a-832842197811,emergency,182813001,Emergency treatment (procedure),146.18,146.18,96.18,124171000119105,Chronic intractable migraine without aura
01189827-ee89-b63f-6d3d-b20258512fc3,1995-01-06T09:48:38Z,1995-01-06T10:27:52Z,fa8ebd26-039c-07a4-2810-447bb8e48f3e,01bb7b5c-f850-3c4e-a3f1-442d8273559a,e173ff88-7662-3f48-941f-7e61bd4ff31e,e03e23c9-4df1-3eb6-a62d-f70f02301496,wellness,162673000,General examination of patient (procedure),136.80,1266.48,0.00,,
6ad9aae5-4737-f252-4598-2c9cd1f6044a,1995-01-20T09:48:38Z,1995-01-20T10:08:52Z,fa8ebd26-039c-07a4-2810-447bb8e48f3e,b8421363-9807-3b16-a146-95336eea5cfb,2b3ab230-9106-3268-9739-60e28d974da7,e03e23c9-4df1-3eb6-a62d-f70f02301496,ambulatory,185349003,Encounter for check up (procedure),85.55,90.95,0.00,66383009,Gingivitis (disorder)
69929ca8-0910-be4a-87b3-48c27874c56e,2022-06-11T05:59:49Z,2022-06-11T06:45:47Z,f3aa70e2-d777-e5ba-288f-aa5469241c9d,39104cad-5228-3e07-9b3e-3ad736b33d5d,8d29d629-4156-3be0-93d5-7cfe88bc96a5,8fa6c185-e44e-3e34-8bd8-39be8694f4ce,wellness,162673000,General examination of patient (procedure),136.80,853.36,0.00,,
9e9018fa-4383-6a7a-d864-758b63ed4fcb,2024-03-17T18:40:51Z,2024-03-17T19:05:34Z,11a322cd-c96f-9aec-e8ca-559c636f977f,b242f971-3c74-3778-b148-81366c1e6a3f,e3c817c0-d42c-3575-993a-22a32b61b06f,26aab0cd-6aba-3e1b-ac5b-05c8867e762c,ambulatory,185349003,Encounter for check up (procedure),85.55,259.83,0.00,66383009,Gingivitis (disorder)
2c068eaa-bf8c-afa2-3d59-04de9024dfe4,1997-12-03T09:48:38Z,1997-12-03T10:53:55Z,fa8ebd26-039c-07a4-2810-447bb8e48f3e,b8421363-9807-3b16-a146-95336eea5cfb,2b3ab230-9106-3268-9739-60e28d974da7,e03e23c9-4df1-3eb6-a62d-f70f02301496,ambulatory,185347001,Encounter for problem (procedure),85.55,516.95,0.00,6525002,Dependent drug abuse (disorder)
46ae34d6-04af-d2c8-77f4-778ba0fa46de,2023-12-16T11:09:22Z,2023-12-16T12:36:42Z,269dae0e-5e12-f290-fc7b-72f06ac733a2,b6eeaaf7-1683-3bcb-b6ee-81ce304636ef,0b928cfd-13c5-30a4-952b-72f5e14c37c9,e03e23c9-4df1-3eb6-a62d-f70f02301496,ambulatory,185345009,Encounter for symptom,85.55,9669.83,0.00,307426000,Acute infective cystitis (disorder)
67f8c279-8721-353a-c921-42ea97df6466,2023-07-08T05:59:49Z,2023-07-08T06:14:49Z,f3aa70e2-d777-e5ba-288f-aa5469241c9d,125eccb3-d003-34ea-9bd8-360dff059782,0d435eda-ddad-369b-837e-8123a874e233,8fa6c185-e44e-3e34-8bd8-39be8694f4ce,ambulatory,424441002,Prenatal initial visit,142.58,43597.40,27368.18,72892002,Normal pregnancy
333d3751-0272-fa5d-c3cd-4698afe601fc,2023-09-23T01:03:09Z,2023-09-23T03:59:38Z,086267ff-6e39-78b5-c0a2-1b60509bcd0b,9d0e702d-50a0-3f4c-9126-0951d560fd4b,9aaa9f1c-63ce-3416-a950-ab8c405add4e,df166300-5a78-3502-a46a-832842197811,ambulatory,185349003,Encounter for check up (procedure),85.55,147.04,97.04,66383009,Gingivitis (disorder)
4aca5051-0c81-108f-ce7c-1daa571c8ce5,2025-04-29T23:31:19Z,2025-04-29T23:46:19Z,38cc48b8-cb44-1e20-32e8-5b7e5d4bae20,5018c664-e283-30eb-932a-529d9a19b3b5,e71d5f7a-0134-38a2-9e1a-8c95772d8d2e,df166300-5a78-3502-a46a-832842197811,outpatient,185349003,Encounter for check up (procedure),85.55,301.25,251.25,,
186c9626-f645-5e9b-4194-75261cdf42e3,2007-01-19T09:48:38Z,2007-01-19T10:38:57Z,fa8ebd26-039c-07a4-2810-447bb8e48f3e,01bb7b5c-f850-3c4e-a3f1-442d8273559a,e173ff88-7662-3f48-941f-7e61bd4ff31e,e03e23c9-4df1-3eb6-a62d-f70f02301496,wellness,162673000,General examination of patient (procedure),136.80,1069.06,0.00,,
c5f7b409-6424-5fc7-2ba3-435194617b84,2008-07-18T09:48:38Z,2008-07-18T10:44:52Z,fa8ebd26-039c-07a4-2810-447bb8e48f3e,b8421363-9807-3b16-a146-95336eea5cfb,2b3ab230-9106-3268-9739-60e28d974da7,e03e23c9-4df1-3eb6-a62d-f70f02301496,outpatient,185349003,Encounter for check up (procedure),85.55,1017.81,0.00,,
3729b2b5-4c8d-9e44-1cf0-738e48b56fcb,2008-08-22T10:46:18Z,2008-08-23T10:46:18Z,fa8ebd26-039c-07a4-2810-447bb8e48f3e,b8421363-9807-3b16-a146-95336eea5cfb,2b3ab230-9106-3268-9739-60e28d974da7,e03e23c9-4df1-3eb6-a62d-f70f02301496,inpatient,305408004,Admission to surgical department,146.18,13537.81,0.00,183996000,Sterilization requested (situation)
43aadd74-ae17-b83f-759a-b7799e2cffa5,2025-05-06T23:31:19Z,2025-05-06T23:54:01Z,38cc48b8-cb44-1e20-32e8-5b7e5d4bae20,5018c664-e283-30eb-932a-529d9a19b3b5,e71d5f7a-0134-38a2-9e1a-8c95772d8d2e,df166300-5a78-3502-a46a-832842197811,ambulatory,185345009,Encounter for symptom,85.55,211.16,161.16,10509002,Acute bronchitis (disorder)
e8e87606-b390-8207-2c56-ca3247889e86,2023-12-04T01:03:09Z,2023-12-04T01:18:09Z,086267ff-6e39-78b5-c0a2-1b60509bcd0b,9d0e702d-50a0-3f4c-9126-0951d560fd4b,9aaa9f1c-63ce-3416-a950-ab8c405add4e,df166300-5a78-3502-a46a-832842197811,ambulatory,185345009,Encounter for symptom,85.55,85.55,35.55,43878008,Streptococcal sore throat (disorder)
b13c61aa-c8ab-95ce-4194-76e1bad6c9c2,2024-08-10T01:03:09Z,2024-08-10T01:18:09Z,086267ff-6e39-78b5-c0a2-1b60509bcd0b,9d0e702d-50a0-3f4c-9126-0951d560fd4b,9aaa9f1c-63ce-3416-a950-ab8c405add4e,df166300-5a78-3502-a46a-832842197811,ambulatory,185347001,Encounter for problem,85.55,85.55,35.55,192127007,Child attention deficit disorder
966880f1-33e8-7668-132b-e4bf02f83ed4,2024-07-02T02:48:04Z,2024-07-02T03:18:48Z,b0fc3374-c40b-8591-0cc4-d6ffc383e5a4,a079d416-e8fe-3286-8ef3-6d289d7b5ad9,fab8ee36-fe8b-31ad-8f13-5536087eb358,734afbd6-4794-363b-9bc0-6a3981533ed5,ambulatory,185349003,Encounter for check up (procedure),85.55,260.98,208.78,66383009,Gingivitis (disorder)
0f36f471-7257-b290-50c6-b65897866d5b,2024-07-09T02:48:04Z,2024-07-09T03:03:04Z,b0fc3374-c40b-8591-0cc4-d6ffc383e5a4,a079d416-e8fe-3286-8ef3-6d289d7b5ad9,fab8ee36-fe8b-31ad-8f13-5536087eb358,734afbd6-4794-363b-9bc0-6a3981533ed5,ambulatory,390906007,Follow-up encounter,85.55,234.71,187.76,55822004,Hyperlipidemia
89e5bc1f-931d-7619-82b1-5b8cbad62c97,2024-09-21T01:03:09Z,2024-09-21T01:29:23Z,086267ff-6e39-78b5-c0a2-1b60509bcd0b,6e517750-a29e-3170-a02b-5733ff523458,fddc63fd-046a-333f-af55-49b4428be968,df166300-5a78-3502-a46a-832842197811,wellness,410620009,Well child visit (procedure),136.80,840.20,740.20,,
d7c1195c-f283-7ebb-54eb-09991f058a2b,2025-07-08T11:58:50Z,2025-07-08T12:13:50Z,8192ac22-0995-7d3a-1b59-ad21fa05d67a,af8566eb-8918-3ec7-ba44-92b6a2cf8097,22d19a9b-e1d3-377f-a0fe-455cdd63850f,d31fccc3-1767-390d-966a-22a5156f4219,ambulatory,424619006,Prenatal visit,142.58,1005.38,804.30,156073000,Complete miscarriage (disorder)
c5a412b2-69bf-d134-28cc-5ac9f84657c7,2025-08-24T17:11:07Z,2025-08-24T17:31:26Z,655a5138-756a-96c7-5817-488df07b7be7,e2eab39c-5195-34aa-b35f-e89e37cfed01,4821a85c-2835-3f14-b1ea-e32d21d0ca09,b046940f-1664-3047-bca7-dfa76be352a4,ambulatory,185349003,Encounter for check up (procedure),85.55,220.13,0.00,103697008,Patient referral for dental care (procedure)
80f37bb0-d73d-14ac-8343-ced2bb2ec3ec,2024-04-14T18:40:51Z,2024-04-14T18:55:51Z,11a322cd-c96f-9aec-e8ca-559c636f977f,b242f971-3c74-3778-b148-81366c1e6a3f,e3c817c0-d42c-3575-993a-22a32b61b06f,26aab0cd-6aba-3e1b-ac5b-05c8867e762c,outpatient,33879002,Administration of vaccine to produce active immunity (procedure),142.58,278.58,0.00,,
ef66a23c-556a-6c39-e285-97f21327a0cc,2009-01-30T09:48:38Z,2009-01-30T10:40:43Z,fa8ebd26-039c-07a4-2810-447bb8e48f3e,01bb7b5c-f850-3c4e-a3f1-442d8273559a,e173ff88-7662-3f48-941f-7e61bd4ff31e,e03e23c9-4df1-3eb6-a62d-f70f02301496,wellness,162673000,General examination of patient (procedure),136.80,853.36,0.00,,
fa51c3b4-edd9-6ab0-4ef2-874f16cdf12c,2025-10-17T11:58:50Z,2025-10-17T12:13:50Z,8192ac22-0995-7d3a-1b59-ad21fa05d67a,af8566eb-8918-3ec7-ba44-92b6a2cf8097,22d19a9b-e1d3-377f-a0fe-455cdd63850f,d31fccc3-1767-390d-966a-22a5156f4219,ambulatory,424441002,Prenatal initial visit,142.58,18728.55,14982.84,72892002,Normal pregnancy
94139866-513c-4c8d-a296-f6c095b5510f,2025-05-07T23:31:19Z,2025-05-07T23:46:19Z,38cc48b8-cb44-1e20-32e8-5b7e5d4bae20,5018c664-e283-30eb-932a-529d9a19b3b5,e71d5f7a-0134-38a2-9e1a-8c95772d8d2e,df166300-5a78-3502-a46a-832842197811,ambulatory,390906007,Follow-up encounter,85.55,234.71,184.71,55822004,Hyperlipidemia
26e0c28f-8b14-e357-4277-b96f128541ce,2024-09-28T01:03:09Z,2024-09-28T02:03:09Z,086267ff-6e39-78b5-c0a2-1b60509bcd0b,9d0e702d-50a0-3f4c-9126-0951d560fd4b,9aaa9f1c-63ce-3416-a950-ab8c405add4e,df166300-5a78-3502-a46a-832842197811,ambulatory,185347001,Encounter for problem,85.55,11825.81,11775.81,192127007,Child attention deficit disorder
3edbb9f8-dbe6-55f5-9d47-6d28397cd4b1,2024-05-05T18:40:51Z,2024-05-05T18:55:51Z,11a322cd-c96f-9aec-e8ca-559c636f977f,b242f971-3c74-3778-b148-81366c1e6a3f,e3c817c0-d42c-3575-993a-22a32b61b06f,26aab0cd-6aba-3e1b-ac5b-05c8867e762c,outpatient,33879002,Administration of vaccine to produce active immunity (procedure),142.58,278.58,0.00,,
bb64613d-4ba6-7ef6-1b82-28b3213871aa,2024-10-05T01:03:09Z,2024-10-05T02:22:49Z,086267ff-6e39-78b5-c0a2-1b60509bcd0b,9d0e702d-50a0-3f4c-9126-0951d560fd4b,9aaa9f1c-63ce-3416-a950-ab8c405add4e,df166300-5a78-3502-a46a-832842197811,ambulatory,185349003,Encounter for check up (procedure),85.55,656.28,606.28,66383009,Gingivitis (disorder)
14768819-aace-8ce4-e880-c14249f03af5,2024-11-07T02:03:09Z,2024-11-07T03:03:09Z,086267ff-6e39-78b5-c0a2-1b60509bcd0b,9d0e702d-50a0-3f4c-9126-0951d560fd4b,9aaa9f1c-63ce-3416-a950-ab8c405add4e,df166300-5a78-3502-a46a-832842197811,ambulatory,185347001,Encounter for problem,85.55,15116.56,15066.56,192127007,Child attention deficit disorder
0253dca2-5b18-ae6f-a590-f89f4924ce8c,2024-01-25T03:37:49Z,2024-01-25T03:52:49Z,269dae0e-5e12-f290-fc7b-72f06ac733a2,b6eeaaf7-1683-3bcb-b6ee-81ce304636ef,0b928cfd-13c5-30a4-952b-72f5e14c37c9,e03e23c9-4df1-3eb6-a62d-f70f02301496,outpatient,308335008,Patient encounter procedure,142.58,1250.85,0.00,389095005,Contraception care (regime/therapy)
bdc8e38f-5f4a-9041-b898-b9d5b18783d6,2010-06-11T09:48:38Z,2010-06-11T10:36:34Z,fa8ebd26-039c-07a4-2810-447bb8e48f3e,7a3b8310-02eb-3c47-aa1b-3f55b3ed9de9,244055e0-08d1-3bd2-9e9d-cda820b8a709,e03e23c9-4df1-3eb6-a62d-f70f02301496,urgentcare,702927004,Urgent care clinic (environment),142.58,1167.64,0.00,,
355e4e12-8c73-f2e3-f55b-513c5080355e,2025-03-09T18:40:51Z,2025-03-09T18:55:51Z,11a322cd-c96f-9aec-e8ca-559c636f977f,76baa51d-0d0f-359d-a07b-7b999a43d42e,93367dfa-197e-39cc-be16-fbe922fb7334,26aab0cd-6aba-3e1b-ac5b-05c8867e762c,wellness,410620009,Well child visit (procedure),136.80,1451.36,0.00,,
7c0e1434-1bc2-dacd-1b86-00b56e6b3c0b,2013-09-17T12:15:43Z,2013-09-17T17:15:43Z,fa8ebd26-039c-07a4-2810-447bb8e48f3e,609ec9f1-e806-3427-b912-9e3b2915521d,02b96b5f-329e-3727-9f96-bc79252cf1c0,e03e23c9-4df1-3eb6-a62d-f70f02301496,emergency,50849002,Emergency room admission (procedure),146.18,146.18,0.00,55680006,Drug overdose
44ac4fac-9983-64dd-2b66-ec100c1c09bd,2020-06-19T09:48:38Z,2020-06-19T10:03:38Z,fa8ebd26-039c-07a4-2810-447bb8e48f3e,b8421363-9807-3b16-a146-95336eea5cfb,2b3ab230-9106-3268-9739-60e28d974da7,e03e23c9-4df1-3eb6-a62d-f70f02301496,ambulatory,185347001,Encounter for problem,85.55,85.55,0.00,239873007,Osteoarthritis of knee
5380489a-7c12-0c19-112d-d19da5e68752,2022-01-14T09:48:38Z,2022-01-14T10:43:08Z,fa8ebd26-039c-07a4-2810-447bb8e48f3e,b8421363-9807-3b16-a146-95336eea5cfb,2b3ab230-9106-3268-9739-60e28d974da7,e03e23c9-4df1-3eb6-a62d-f70f02301496,ambulatory,185349003,Encounter for check up (procedure),85.55,250.09,0.00,66383009,Gingivitis (disorder)
22b4295f-de69-d4b0-342c-95cf06164353,2022-09-16T09:48:38Z,2022-09-16T10:17:53Z,fa8ebd26-039c-07a4-2810-447bb8e48f3e,b8421363-9807-3b16-a146-95336eea5cfb,2b3ab230-9106-3268-9739-60e28d974da7,e03e23c9-4df1-3eb6-a62d-f70f02301496,ambulatory,185349003,Encounter for check up (procedure),85.55,143.51,0.00,66383009,Gingivitis (disorder)
c3d7ebb3-f1fd-d0da-bf86-f3809053378e,2022-11-11T09:48:38Z,2022-11-11T10:22:33Z,fa8ebd26-039c-07a4-2810-447bb8e48f3e,b8421363-9807-3b16-a146-95336eea5cfb,2b3ab230-9106-3268-9739-60e28d974da7,e03e23c9-4df1-3eb6-a62d-f70f02301496,ambulatory,185349003,Encounter for check up (procedure),85.55,474.34,0.00,103697008,Patient referral for dental care (procedure)
dfb4252f-c19a-f58c-5cef-a96a3be2d51b,2022-12-02T09:48:38Z,2022-12-02T10:30:26Z,fa8ebd26-039c-07a4-2810-447bb8e48f3e,7a3b8310-02eb-3c47-aa1b-3f55b3ed9de9,244055e0-08d1-3bd2-9e9d-cda820b8a709,e03e23c9-4df1-3eb6-a62d-f70f02301496,urgentcare,702927004,Urgent care clinic (environment),142.58,859.14,0.00,,
85189c0b-404a-7b56-24d8-e5808d370bc4,2024-04-25T03:37:49Z,2024-04-25T03:52:49Z,269dae0e-5e12-f290-fc7b-72f06ac733a2,b6eeaaf7-1683-3bcb-b6ee-81ce304636ef,0b928cfd-13c5-30a4-952b-72f5e14c37c9,e03e23c9-4df1-3eb6-a62d-f70f02301496,outpatient,308335008,Patient encounter procedure,142.58,1838.53,0.00,389095005,Contraception care (regime/therapy)
3a5d7764-190e-e645-c399-d6503d316ac5,2022-12-30T09:48:38Z,2022-12-30T10:36:25Z,fa8ebd26-039c-07a4-2810-447bb8e48f3e,7a3b8310-02eb-3c47-aa1b-3f55b3ed9de9,244055e0-08d1-3bd2-9e9d-cda820b8a709,e03e23c9-4df1-3eb6-a62d-f70f02301496,urgentcare,702927004,Urgent care clinic (environment),142.58,938.84,0.00,,
c65e986d-de6d-891b-03ba-c048c46afe67,2024-07-05T03:49:32Z,2024-07-05T04:04:32Z,269dae0e-5e12-f290-fc7b-72f06ac733a2,b6eeaaf7-1683-3bcb-b6ee-81ce304636ef,0b928cfd-13c5-30a4-952b-72f5e14c37c9,e03e23c9-4df1-3eb6-a62d-f70f02301496,outpatient,698314001,Consultation for treatment,142.58,142.58,0.00,389095005,Contraception care (regime/therapy)
9ad81761-da4a-05e9-3048-1fdce11fbf0a,2025-10-30T11:58:50Z,2025-10-30T12:13:50Z,8192ac22-0995-7d3a-1b59-ad21fa05d67a,af8566eb-8918-3ec7-ba44-92b6a2cf8097,22d19a9b-e1d3-377f-a0fe-455cdd63850f,d31fccc3-1767-390d-966a-22a5156f4219,ambulatory,270427003,Patient-initiated encounter,85.55,4444.98,3555.98,72892002,Normal pregnancy
de4989c9-4e58-f8cb-7ce6-5502ad49302d,2024-07-30T02:48:04Z,2024-07-30T03:48:04Z,b0fc3374-c40b-8591-0cc4-d6ffc383e5a4,a036cdf2-bbc5-3ffd-987f-56e437fd8b74,0115fc17-b7c1-3276-a2e9-b15f73f912b5,734afbd6-4794-363b-9bc0-6a3981533ed5,emergency,50849002,Emergency room admission (procedure),146.18,1017.02,813.60,,
d0b4289d-e91d-e74c-e296-1805bb2baba9,2024-12-10T03:03:09Z,2024-12-10T04:03:09Z,086267ff-6e39-78b5-c0a2-1b60509bcd0b,9d0e702d-50a0-3f4c-9126-0951d560fd4b,9aaa9f1c-63ce-3416-a950-ab8c405add4e,df166300-5a78-3502-a46a-832842197811,virtual,185347001,Encounter for problem,75.00,17789.31,17739.31,192127007,Child attention deficit disorder
8d535a28-4a35-4c5a-7563-d315983730e0,2025-11-11T11:58:50Z,2025-11-11T12:13:50Z,8192ac22-0995-7d3a-1b59-ad21fa05d67a,af8566eb-8918-3ec7-ba44-92b6a2cf8097,22d19a9b-e1d3-377f-a0fe-455cdd63850f,d31fccc3-1767-390d-966a-22a5156f4219,ambulatory,424619006,Prenatal visit,142.58,1443.68,1443.68,72892002,Normal pregnancy
8e498310-3e02-bf64-2da7-50d3cdf50f75,2025-01-20T04:03:09Z,2025-01-20T05:03:09Z,086267ff-6e39-78b5-c0a2-1b60509bcd0b,9d0e702d-50a0-3f4c-9126-0951d560fd4b,9aaa9f1c-63ce-3416-a950-ab8c405add4e,df166300-5a78-3502-a46a-832842197811,virtual,185347001,Encounter for problem,75.00,17789.31,17739.31,192127007,Child attention deficit disorder
c7164e1b-a5a8-5f0c-b9b1-32d603e6aabb,2023-01-06T09:48:38Z,2023-01-06T10:03:38Z,fa8ebd26-039c-07a4-2810-447bb8e48f3e,b8421363-9807-3b16-a146-95336eea5cfb,2b3ab230-9106-3268-9739-60e28d974da7,e03e23c9-4df1-3eb6-a62d-f70f02301496,outpatient,185349003,Encounter for check up (procedure),85.55,657.81,0.00,,
6a2bf965-cff3-6851-2c3c-07cd385fcf77,2025-03-23T18:40:51Z,2025-03-23T19:08:19Z,11a322cd-c96f-9aec-e8ca-559c636f977f,b242f971-3c74-3778-b148-81366c1e6a3f,e3c817c0-d42c-3575-993a-22a32b61b06f,26aab0cd-6aba-3e1b-ac5b-05c8867e762c,ambulatory,185349003,Encounter for check up (procedure),85.55,108.06,0.00,103697008,Patient referral for dental care (procedure)
9abe51bb-bdae-f35a-8a8c-60f73b73ae2e,2025-02-17T05:03:09Z,2025-02-17T06:03:09Z,086267ff-6e39-78b5-c0a2-1b60509bcd0b,9d0e702d-50a0-3f4c-9126-0951d560fd4b,9aaa9f1c-63ce-3416-a950-ab8c405add4e,df166300-5a78-3502-a46a-832842197811,ambulatory,185347001,Encounter for problem,85.55,5033.34,4983.34,192127007,Child attention deficit disorder
a277c5bc-7e39-02ff-3d3b-d66142cad2b1,2025-03-23T06:03:09Z,2025-03-23T07:03:09Z,086267ff-6e39-78b5-c0a2-1b60509bcd0b,9d0e702d-50a0-3f4c-9126-0951d560fd4b,9aaa9f1c-63ce-3416-a950-ab8c405add4e,df166300-5a78-3502-a46a-832842197811,ambulatory,185347001,Encounter for problem,85.55,7321.43,7271.43,192127007,Child attention deficit disorder
e81e15d8-2b7b-e3bf-03c9-af575547608a,2023-01-13T09:48:38Z,2023-01-13T10:09:56Z,fa8ebd26-039c-07a4-2810-447bb8e48f3e,b8421363-9807-3b16-a146-95336eea5cfb,2b3ab230-9106-3268-9739-60e28d974da7,e03e23c9-4df1-3eb6-a62d-f70f02301496,ambulatory,185349003,Encounter for check up (procedure),85.55,115.66,0.00,103697008,Patient referral for dental care (procedure)
e09258d4-682f-7fa2-6364-7996e9feded5,2024-07-25T03:37:49Z,2024-07-25T03:53:49Z,269dae0e-5e12-f290-fc7b-72f06ac733a2,b6eeaaf7-1683-3bcb-b6ee-81ce304636ef,0b928cfd-13c5-30a4-952b-72f5e14c37c9,e03e23c9-4df1-3eb6-a62d-f70f02301496,outpatient,308335008,Patient encounter procedure,142.58,2204.05,0.00,389095005,Contraception care (regime/therapy)
172be2c8-420c-2b08-ee32-a61edf4d4ad6,2025-04-22T07:03:09Z,2025-04-22T08:03:09Z,086267ff-6e39-78b5-c0a2-1b60509bcd0b,9d0e702d-50a0-3f4c-9126-0951d560fd4b,9aaa9f1c-63ce-3416-a950-ab8c405add4e,df166300-5a78-3502-a46a-832842197811,ambulatory,185347001,Encounter for problem,85.55,4514.12,4464.12,192127007,Child attention deficit disorder
0543051a-d532-5550-0adb-84dc4720085a,2025-05-30T08:03:09Z,2025-05-30T09:03:09Z,086267ff-6e39-78b5-c0a2-1b60509bcd0b,9d0e702d-50a0-3f4c-9126-0951d560fd4b,9aaa9f1c-63ce-3416-a950-ab8c405add4e,df166300-5a78-3502-a46a-832842197811,ambulatory,185347001,Encounter for problem,85.55,4514.12,4464.12,192127007,Child attention deficit disorder
4f5b9980-4f93-e960-6448-a2050615df60,2025-07-07T09:03:09Z,2025-07-07T10:03:09Z,086267ff-6e39-78b5-c0a2-1b60509bcd0b,9d0e702d-50a0-3f4c-9126-0951d560fd4b,9aaa9f1c-63ce-3416-a950-ab8c405add4e,df166300-5a78-3502-a46a-832842197811,ambulatory,185347001,Encounter for problem,85.55,4514.12,4464.12,192127007,Child attention deficit disorder
3f0fc087-8482-addd-ec4d-a73ca19e84a4,2025-08-17T10:03:09Z,2025-08-17T11:03:09Z,086267ff-6e39-78b5-c0a2-1b60509bcd0b,9d0e702d-50a0-3f4c-9126-0951d560fd4b,9aaa9f1c-63ce-3416-a950-ab8c405add4e,df166300-5a78-3502-a46a-832842197811,ambulatory,185347001,Encounter for problem,85.55,4514.12,4464.12,192127007,Child attention deficit disorder
3582331b-ee5f-53a2-d0b5-c8c15b935be7,2025-09-27T01:03:09Z,2025-09-27T01:18:09Z,086267ff-6e39-78b5-c0a2-1b60509bcd0b,6e517750-a29e-3170-a02b-5733ff523458,fddc63fd-046a-333f-af55-49b4428be968,df166300-5a78-3502-a46a-832842197811,wellness,410620009,Well child visit (procedure),136.80,840.20,740.20,,
416223aa-2927-06fa-e249-14610161e1e3,2023-02-24T09:48:38Z,2023-02-24T10:26:01Z,fa8ebd26-039c-07a4-2810-447bb8e48f3e,7a3b8310-02eb-3c47-aa1b-3f55b3ed9de9,244055e0-08d1-3bd2-9e9d-cda820b8a709,e03e23c9-4df1-3eb6-a62d-f70f02301496,urgentcare,702927004,Urgent care clinic (environment),142.58,1452.36,0.00,,
90b6d19a-cad8-d118-b609-64dcfcab9c66,2024-08-06T02:48:04Z,2024-08-06T03:03:04Z,b0fc3374-c40b-8591-0cc4-d6ffc383e5a4,0592d4e5-a0fb-3143-83cd-8e5a6b066a96,854cf485-9e58-36ee-ae3e-23d0a5582864,734afbd6-4794-363b-9bc0-6a3981533ed5,urgentcare,702927004,Urgent care clinic (environment),142.58,507.92,406.32,,
0f049862-8e48-894e-6a37-3585bd5a9ae7,2023-03-10T09:48:38Z,2023-03-10T10:18:35Z,fa8ebd26-039c-07a4-2810-447bb8e48f3e,b8421363-9807-3b16-a146-95336eea5cfb,2b3ab230-9106-3268-9739-60e28d974da7,e03e23c9-4df1-3eb6-a62d-f70f02301496,ambulatory,185349003,Encounter for check up (procedure),85.55,157.05,0.00,103697008,Patient referral for dental care (procedure)
4e3e2c84-e786-a882-7652-4840964154cd,2023-03-31T09:48:38Z,2023-03-31T10:37:54Z,fa8ebd26-039c-07a4-2810-447bb8e48f3e,b8421363-9807-3b16-a146-95336eea5cfb,2b3ab230-9106-3268-9739-60e28d974da7,e03e23c9-4df1-3eb6-a62d-f70f02301496,outpatient,185349003,Encounter for check up (procedure),85.55,881.81,0.00,,
62b80ed6-895d-45b2-2c89-7cb39856bd59,2024-08-31T03:37:49Z,2024-08-31T03:52:49Z,269dae0e-5e12-f290-fc7b-72f06ac733a2,b6eeaaf7-1683-3bcb-b6ee-81ce304636ef,0b928cfd-13c5-30a4-952b-72f5e14c37c9,e03e23c9-4df1-3eb6-a62d-f70f02301496,outpatient,185347001,Encounter for problem (procedure),85.55,85.55,0.00,82423001,Chronic pain (finding)
932feb8a-9e28-1f69-f5ae-91b86d445903,2024-09-19T03:37:49Z,2024-09-19T04:13:45Z,269dae0e-5e12-f290-fc7b-72f06ac733a2,f00601d0-d49e-30ed-bc3e-314379f2103e,87810ff8-33d1-3a64-9780-4c40f3f0043c,e03e23c9-4df1-3eb6-a62d-f70f02301496,wellness,162673000,General examination of patient (procedure),136.80,704.20,0.00,,
856960cc-22d9-281e-bc3c-d61b62340ad1,2023-08-05T05:59:49Z,2023-08-05T06:14:49Z,f3aa70e2-d777-e5ba-288f-aa5469241c9d,125eccb3-d003-34ea-9bd8-360dff059782,0d435eda-ddad-369b-837e-8123a874e233,8fa6c185-e44e-3e34-8bd8-39be8694f4ce,ambulatory,424619006,Prenatal visit,142.58,11964.09,11964.09,72892002,Normal pregnancy
4e5db239-c700-1ec8-cc8c-bfce5ea5b0d0,2023-09-02T05:59:49Z,2023-09-02T06:14:49Z,f3aa70e2-d777-e5ba-288f-aa5469241c9d,125eccb3-d003-34ea-9bd8-360dff059782,0d435eda-ddad-369b-837e-8123a874e233,8fa6c185-e44e-3e34-8bd8-39be8694f4ce,ambulatory,424619006,Prenatal visit,142.58,20006.75,20006.75,72892002,Normal pregnancy
f3b39b55-d807-e6ba-7fa1-bbfc2b8df8ce,2002-01-28T13:38:06Z,2002-01-28T14:30:58Z,2c9c8ffd-efa5-7893-7c99-cb682d6b28fc,4f59f709-8b84-3d27-a04b-c6b7b5544413,8594683a-0f79-3acf-aeff-bd86723c1ca7,e03e23c9-4df1-3eb6-a62d-f70f02301496,wellness,162673000,General examination of patient (procedure),136.80,1567.00,0.00,,
ba404e73-6612-1449-a45c-b732d522902c,2024-10-24T03:37:49Z,2024-10-24T03:52:49Z,269dae0e-5e12-f290-fc7b-72f06ac733a2,b6eeaaf7-1683-3bcb-b6ee-81ce304636ef,0b928cfd-13c5-30a4-952b-72f5e14c37c9,e03e23c9-4df1-3eb6-a62d-f70f02301496,outpatient,308335008,Patient encounter procedure,142.58,3126.12,0.00,389095005,Contraception care (regime/therapy)
f67b2d14-c71f-1bf5-ea02-44fc90e37d11,2025-10-04T01:03:09Z,2025-10-04T02:03:09Z,086267ff-6e39-78b5-c0a2-1b60509bcd0b,9d0e702d-50a0-3f4c-9126-0951d560fd4b,9aaa9f1c-63ce-3416-a950-ab8c405add4e,df166300-5a78-3502-a46a-832842197811,ambulatory,185347001,Encounter for problem,85.55,17799.86,17749.86,192127007,Child attention deficit disorder
a899cafd-eb40-326b-16a6-516539c62fbe,2023-09-30T05:59:49Z,2023-09-30T06:14:49Z,f3aa70e2-d777-e5ba-288f-aa5469241c9d,125eccb3-d003-34ea-9bd8-360dff059782,0d435eda-ddad-369b-837e-8123a874e233,8fa6c185-e44e-3e34-8bd8-39be8694f4ce,ambulatory,424619006,Prenatal visit,142.58,6923.06,6923.06,72892002,Normal pregnancy
f24c696e-4f90-e286-55b5-f81a6bd08bf6,2023-10-28T05:59:49Z,2023-10-28T06:14:49Z,f3aa70e2-d777-e5ba-288f-aa5469241c9d,125eccb3-d003-34ea-9bd8-360dff059782,0d435eda-ddad-369b-837e-8123a874e233,8fa6c185-e44e-3e34-8bd8-39be8694f4ce,ambulatory,424619006,Prenatal visit,142.58,4665.96,4665.96,72892002,Normal pregnancy
c9d42835-c5db-ba62-5afd-d626df4b4e81,2025-10-11T01:03:09Z,2025-10-11T01:18:09Z,086267ff-6e39-78b5-c0a2-1b60509bcd0b,9d0e702d-50a0-3f4c-9126-0951d560fd4b,9aaa9f1c-63ce-3416-a950-ab8c405add4e,df166300-5a78-3502-a46a-832842197811,ambulatory,185349003,Encounter for check up (procedure),85.55,89.78,39.78,66383009,Gingivitis (disorder)
1cbcb0b0-55f4-fc44-7f76-c80cdf792deb,2023-04-14T09:48:38Z,2023-04-14T10:25:04Z,fa8ebd26-039c-07a4-2810-447bb8e48f3e,b8421363-9807-3b16-a146-95336eea5cfb,2b3ab230-9106-3268-9739-60e28d974da7,e03e23c9-4df1-3eb6-a62d-f70f02301496,ambulatory,185349003,Encounter for check up (procedure),85.55,87.05,0.00,103697008,Patient referral for dental care (procedure)
721155ec-9989-03e5-0655-260eda84dbcb,2014-02-05T13:38:06Z,2014-02-05T13:53:06Z,2c9c8ffd-efa5-7893-7c99-cb682d6b28fc,b8421363-9807-3b16-a146-95336eea5cfb,2b3ab230-9106-3268-9739-60e28d974da7,8fa6c185-e44e-3e34-8bd8-39be8694f4ce,outpatient,185347001,Encounter for problem (procedure),85.55,85.55,0.00,82423001,Chronic pain (finding)
a7aae33c-2f32-e922-923b-9823b775b968,2025-11-08T02:03:09Z,2025-11-08T03:03:09Z,086267ff-6e39-78b5-c0a2-1b60509bcd0b,9d0e702d-50a0-3f4c-9126-0951d560fd4b,9aaa9f1c-63ce-3416-a950-ab8c405add4e,df166300-5a78-3502-a46a-832842197811,virtual,185347001,Encounter for problem,75.00,13720.47,13670.47,192127007,Child attention deficit disorder
670a6a26-39e5-d638-aefc-73c9d5040f05,2023-04-28T09:48:38Z,2023-04-28T10:35:30Z,fa8ebd26-039c-07a4-2810-447bb8e48f3e,b8421363-9807-3b16-a146-95336eea5cfb,2b3ab230-9106-3268-9739-60e28d974da7,e03e23c9-4df1-3eb6-a62d-f70f02301496,outpatient,185349003,Encounter for check up (procedure),85.55,1031.34,0.00,,
4777d49d-9f23-e751-f1e8-b29507b0b4f5,2024-08-13T02:48:04Z,2024-08-13T03:48:04Z,b0fc3374-c40b-8591-0cc4-d6ffc383e5a4,a036cdf2-bbc5-3ffd-987f-56e437fd8b74,0115fc17-b7c1-3276-a2e9-b15f73f912b5,734afbd6-4794-363b-9bc0-6a3981533ed5,emergency,50849002,Emergency room admission (procedure),146.18,801.32,641.04,,
cc1f1031-f88c-d8bf-a608-7a894b14ed1f,2023-11-25T05:59:49Z,2023-11-25T06:14:49Z,f3aa70e2-d777-e5ba-288f-aa5469241c9d,125eccb3-d003-34ea-9bd8-360dff059782,0d435eda-ddad-369b-837e-8123a874e233,8fa6c185-e44e-3e34-8bd8-39be8694f4ce,ambulatory,424619006,Prenatal visit,142.58,13128.84,13128.84,72892002,Normal pregnancy
7aa4a784-f605-7fc4-f193-08397300f146,2024-10-31T03:37:49Z,2024-10-31T03:52:49Z,269dae0e-5e12-f290-fc7b-72f06ac733a2,b6eeaaf7-1683-3bcb-b6ee-81ce304636ef,0b928cfd-13c5-30a4-952b-72f5e14c37c9,e03e23c9-4df1-3eb6-a62d-f70f02301496,ambulatory,390906007,Follow-up encounter (procedure),85.55,85.55,0.00,82423001,Chronic pain (finding)
77d8c543-cda9-ea5f-b6d1-9e032821842a,2014-11-27T13:38:06Z,2014-11-27T14:29:14Z,2c9c8ffd-efa5-7893-7c99-cb682d6b28fc,b8421363-9807-3b16-a146-95336eea5cfb,2b3ab230-9106-3268-9739-60e28d974da7,8fa6c185-e44e-3e34-8bd8-39be8694f4ce,ambulatory,185345009,Encounter for symptom (procedure),85.55,948.35,663.84,39898005,Sleep disorder (disorder)
a49edf49-8130-5907-9a0e-c14436f767c5,2014-12-25T15:20:17Z,2014-12-26T15:20:17Z,2c9c8ffd-efa5-7893-7c99-cb682d6b28fc,b8421363-9807-3b16-a146-95336eea5cfb,2b3ab230-9106-3268-9739-60e28d974da7,a735bf55-83e9-331a-899d-a82a60b9f60c,inpatient,185389009,Follow-up visit (procedure),87.71,970.89,776.71,39898005,Sleep disorder (disorder)
4d3f63d9-8575-23c1-67c2-6e9f0867de59,2025-01-23T03:37:49Z,2025-01-23T03:55:05Z,269dae0e-5e12-f290-fc7b-72f06ac733a2,b6eeaaf7-1683-3bcb-b6ee-81ce304636ef,0b928cfd-13c5-30a4-952b-72f5e14c37c9,e03e23c9-4df1-3eb6-a62d-f70f02301496,outpatient,308335008,Patient encounter procedure,142.58,1250.85,0.00,389095005,Contraception care (regime/therapy)
fbf3a0ba-70e0-efbc-5a8d-338ee1193466,2025-02-22T09:37:49Z,2025-02-22T09:52:49Z,269dae0e-5e12-f290-fc7b-72f06ac733a2,b6eeaaf7-1683-3bcb-b6ee-81ce304636ef,0b928cfd-13c5-30a4-952b-72f5e14c37c9,e03e23c9-4df1-3eb6-a62d-f70f02301496,ambulatory,390906007,Follow-up encounter (procedure),85.55,85.55,0.00,82423001,Chronic pain (finding)
a54cbcca-2538-25b1-7b7c-c226b7f50bdc,2025-04-24T03:37:49Z,2025-04-24T03:54:54Z,269dae0e-5e12-f290-fc7b-72f06ac733a2,b6eeaaf7-1683-3bcb-b6ee-81ce304636ef,0b928cfd-13c5-30a4-952b-72f5e14c37c9,e03e23c9-4df1-3eb6-a62d-f70f02301496,outpatient,308335008,Patient encounter procedure,142.58,2771.42,0.00,389095005,Contraception care (regime/therapy)
f05a3153-eb17-bb70-a24a-eb7c5f85207b,2025-06-30T03:49:32Z,2025-06-30T04:04:32Z,269dae0e-5e12-f290-fc7b-72f06ac733a2,b6eeaaf7-1683-3bcb-b6ee-81ce304636ef,0b928cfd-13c5-30a4-952b-72f5e14c37c9,e03e23c9-4df1-3eb6-a62d-f70f02301496,outpatient,698314001,Consultation for treatment,142.58,142.58,0.00,389095005,Contraception care (regime/therapy)
174f74c8-6ca4-41e0-76de-1fcf4d4a4cae,2025-07-24T03:37:49Z,2025-07-24T03:52:49Z,269dae0e-5e12-f290-fc7b-72f06ac733a2,b6eeaaf7-1683-3bcb-b6ee-81ce304636ef,0b928cfd-13c5-30a4-952b-72f5e14c37c9,e03e23c9-4df1-3eb6-a62d-f70f02301496,outpatient,308335008,Patient encounter procedure,142.58,4131.71,0.00,389095005,Contraception care (regime/therapy)
d443ae35-92b3-2d90-1c8f-f97f7648ee31,2025-09-25T03:37:49Z,2025-09-25T04:17:19Z,269dae0e-5e12-f290-fc7b-72f06ac733a2,f00601d0-d49e-30ed-bc3e-314379f2103e,87810ff8-33d1-3a64-9780-4c40f3f0043c,e03e23c9-4df1-3eb6-a62d-f70f02301496,wellness,162673000,General examination of patient (procedure),136.80,704.20,0.00,,
a176f29c-2669-57d8-9e59-d8bf43fabcc5,2023-05-19T09:48:38Z,2023-05-19T10:46:01Z,fa8ebd26-039c-07a4-2810-447bb8e48f3e,01bb7b5c-f850-3c4e-a3f1-442d8273559a,e173ff88-7662-3f48-941f-7e61bd4ff31e,e03e23c9-4df1-3eb6-a62d-f70f02301496,wellness,162673000,General examination of patient (procedure),136.80,989.36,0.00,,
9ea0267f-448a-6a0f-622b-1b5b16e605c3,2023-12-23T05:59:49Z,2023-12-23T06:14:49Z,f3aa70e2-d777-e5ba-288f-aa5469241c9d,125eccb3-d003-34ea-9bd8-360dff059782,0d435eda-ddad-369b-837e-8123a874e233,8fa6c185-e44e-3e34-8bd8-39be8694f4ce,ambulatory,424619006,Prenatal visit,142.58,11451.02,11451.02,72892002,Normal pregnancy
1dd76253-f106-157f-4fb2-068a2ec6ff8c,2015-02-16T13:38:06Z,2015-02-16T14:10:23Z,2c9c8ffd-efa5-7893-7c99-cb682d6b28fc,4f59f709-8b84-3d27-a04b-c6b7b5544413,8594683a-0f79-3acf-aeff-bd86723c1ca7,a735bf55-83e9-331a-899d-a82a60b9f60c,wellness,162673000,General examination of patient (procedure),136.80,1346.18,1076.94,,
3e81dd70-c00c-74b6-02f3-2d384a83dc69,2024-01-20T05:59:49Z,2024-01-20T06:14:49Z,f3aa70e2-d777-e5ba-288f-aa5469241c9d,125eccb3-d003-34ea-9bd8-360dff059782,0d435eda-ddad-369b-837e-8123a874e233,8fa6c185-e44e-3e34-8bd8-39be8694f4ce,ambulatory,424619006,Prenatal visit,142.58,7612.50,7612.50,72892002,Normal pregnancy
9fd6ce56-da1d-db3e-7c64-4d939d57793a,2020-03-16T13:38:06Z,2020-03-16T14:21:02Z,2c9c8ffd-efa5-7893-7c99-cb682d6b28fc,4f59f709-8b84-3d27-a04b-c6b7b5544413,8594683a-0f79-3acf-aeff-bd86723c1ca7,a735bf55-83e9-331a-899d-a82a60b9f60c,wellness,162673000,General examination of patient (procedure),136.80,1135.60,723.90,,
726e2d2f-39b6-0b91-ec8e-ba240f3db7d5,2025-10-23T03:37:49Z,2025-10-23T03:57:15Z,269dae0e-5e12-f290-fc7b-72f06ac733a2,b6eeaaf7-1683-3bcb-b6ee-81ce304636ef,0b928cfd-13c5-30a4-952b-72f5e14c37c9,e03e23c9-4df1-3eb6-a62d-f70f02301496,outpatient,308335008,Patient encounter procedure,142.58,1250.85,0.00,389095005,Contraception care (regime/therapy)
6923d0fd-0c8d-97f0-26f6-8ae62a02d8ec,2024-02-03T05:59:49Z,2024-02-03T06:14:49Z,f3aa70e2-d777-e5ba-288f-aa5469241c9d,125eccb3-d003-34ea-9bd8-360dff059782,0d435eda-ddad-369b-837e-8123a874e233,8fa6c185-e44e-3e34-8bd8-39be8694f4ce,ambulatory,424619006,Prenatal visit,142.58,17168.31,17168.31,72892002,Normal pregnancy
e2f9ae6b-952f-c7a4-eb89-2750f7f5e7f1,2024-02-10T05:59:49Z,2024-02-10T06:59:49Z,f3aa70e2-d777-e5ba-288f-aa5469241c9d,d4b9a3f0-210d-3e46-a2c7-e099658ac543,e41ac84e-924c-3fec-bb40-086aad616a30,8fa6c185-e44e-3e34-8bd8-39be8694f4ce,emergency,183460006,Obstetric emergency hospital admission,146.18,6874.57,6874.57,72892002,Normal pregnancy
7db66fba-1784-8ccb-3c54-20a2290964f1,2024-08-20T02:48:04Z,2024-08-20T03:03:04Z,b0fc3374-c40b-8591-0cc4-d6ffc383e5a4,0592d4e5-a0fb-3143-83cd-8e5a6b066a96,854cf485-9e58-36ee-ae3e-23d0a5582864,734afbd6-4794-363b-9bc0-6a3981533ed5,urgentcare,702927004,Urgent care clinic (environment),142.58,291.74,233.38,,
9a0843ec-d56f-4d82-9fba-1b77842bafc4,2022-03-28T13:38:06Z,2022-03-28T14:34:48Z,2c9c8ffd-efa5-7893-7c99-cb682d6b28fc,4f59f709-8b84-3d27-a04b-c6b7b5544413,8594683a-0f79-3acf-aeff-bd86723c1ca7,a735bf55-83e9-331a-899d-a82a60b9f60c,wellness,162673000,General examination of patient (procedure),136.80,1210.18,783.75,,
766e6f64-1350-d33c-ce32-2aa7ab4e6531,2024-03-23T05:59:49Z,2024-03-23T06:14:49Z,f3aa70e2-d777-e5ba-288f-aa5469241c9d,125eccb3-d003-34ea-9bd8-360dff059782,0d435eda-ddad-369b-837e-8123a874e233,8fa6c185-e44e-3e34-8bd8-39be8694f4ce,ambulatory,169762003,Postnatal visit,142.58,1005.38,1005.38,,
3e7206f3-ad0a-2999-7584-59c294c4875c,2024-06-22T05:59:49Z,2024-06-22T06:14:49Z,f3aa70e2-d777-e5ba-288f-aa5469241c9d,125eccb3-d003-34ea-9bd8-360dff059782,0d435eda-ddad-369b-837e-8123a874e233,8fa6c185-e44e-3e34-8bd8-39be8694f4ce,ambulatory,424441002,Prenatal initial visit,142.58,57274.43,36942.09,72892002,Normal pregnancy
26b84172-c861-28e6-8a3c-cf97ee92ef09,2023-04-03T13:38:06Z,2023-04-03T14:21:31Z,2c9c8ffd-efa5-7893-7c99-cb682d6b28fc,4f59f709-8b84-3d27-a04b-c6b7b5544413,8594683a-0f79-3acf-aeff-bd86723c1ca7,a735bf55-83e9-331a-899d-a82a60b9f60c,wellness,162673000,General examination of patient (procedure),136.80,1967.17,1389.35,,
e9ff21f8-0623-61a9-3ea0-394b99da1879,2023-05-26T09:48:38Z,2023-05-26T10:03:38Z,fa8ebd26-039c-07a4-2810-447bb8e48f3e,7a3b8310-02eb-3c47-aa1b-3f55b3ed9de9,244055e0-08d1-3bd2-9e9d-cda820b8a709,e03e23c9-4df1-3eb6-a62d-f70f02301496,urgentcare,702927004,Urgent care clinic (environment),142.58,291.74,0.00,,
ffbbe5ba-2593-de57-a4db-b6aa8a3879a8,2023-06-02T09:48:38Z,2023-06-02T10:45:10Z,fa8ebd26-039c-07a4-2810-447bb8e48f3e,b8421363-9807-3b16-a146-95336eea5cfb,2b3ab230-9106-3268-9739-60e28d974da7,e03e23c9-4df1-3eb6-a62d-f70f02301496,outpatient,185349003,Encounter for check up (procedure),85.55,981.31,0.00,,
13b14b07-4845-dd73-df4f-4cee1a5fb973,2023-06-09T09:48:38Z,2023-06-09T10:05:39Z,fa8ebd26-039c-07a4-2810-447bb8e48f3e,b8421363-9807-3b16-a146-95336eea5cfb,2b3ab230-9106-3268-9739-60e28d974da7,e03e23c9-4df1-3eb6-a62d-f70f02301496,ambulatory,185349003,Encounter for check up (procedure),85.55,233.64,0.00,103697008,Patient referral for dental care (procedure)
da1bc491-86be-ef4c-6ca6-7d636712db3a,2023-06-30T09:48:38Z,2023-06-30T10:46:48Z,fa8ebd26-039c-07a4-2810-447bb8e48f3e,b8421363-9807-3b16-a146-95336eea5cfb,2b3ab230-9106-3268-9739-60e28d974da7,e03e23c9-4df1-3eb6-a62d-f70f02301496,outpatient,185349003,Encounter for check up (procedure),85.55,666.11,0.00,,
74131b64-a507-6331-51e6-b8ba54bf10b9,2024-08-27T02:48:04Z,2024-08-27T03:23:38Z,b0fc3374-c40b-8591-0cc4-d6ffc383e5a4,a079d416-e8fe-3286-8ef3-6d289d7b5ad9,fab8ee36-fe8b-31ad-8f13-5536087eb358,734afbd6-4794-363b-9bc0-6a3981533ed5,outpatient,185349003,Encounter for check up (procedure),85.55,1357.98,1086.37,,
5f04e30d-50bc-7396-7d68-c63db2666492,2023-04-22T12:38:06Z,2023-04-22T12:53:06Z,2c9c8ffd-efa5-7893-7c99-cb682d6b28fc,b8421363-9807-3b16-a146-95336eea5cfb,2b3ab230-9106-3268-9739-60e28d974da7,a735bf55-83e9-331a-899d-a82a60b9f60c,ambulatory,185345009,Encounter for symptom,85.55,85.55,68.44,444814009,Viral sinusitis (disorder)
2ce8afc2-2a03-f0fd-58a0-288ee19fd58c,2024-07-20T05:59:49Z,2024-07-20T06:14:49Z,f3aa70e2-d777-e5ba-288f-aa5469241c9d,125eccb3-d003-34ea-9bd8-360dff059782,0d435eda-ddad-369b-837e-8123a874e233,8fa6c185-e44e-3e34-8bd8-39be8694f4ce,ambulatory,424619006,Prenatal visit,142.58,17857.47,17857.47,72892002,Normal pregnancy
5be8846c-d59d-8661-8029-6f4145c5a8ed,2024-04-08T13:38:06Z,2024-04-08T14:27:43Z,2c9c8ffd-efa5-7893-7c99-cb682d6b28fc,4f59f709-8b84-3d27-a04b-c6b7b5544413,8594683a-0f79-3acf-aeff-bd86723c1ca7,a735bf55-83e9-331a-899d-a82a60b9f60c,wellness,162673000,General examination of patient (procedure),136.80,1346.18,892.36,,
6684776f-0e48-e61a-2c5c-45416709efbb,2024-08-17T05:59:49Z,2024-08-17T06:14:49Z,f3aa70e2-d777-e5ba-288f-aa5469241c9d,125eccb3-d003-34ea-9bd8-360dff059782,0d435eda-ddad-369b-837e-8123a874e233,8fa6c185-e44e-3e34-8bd8-39be8694f4ce,ambulatory,424619006,Prenatal visit,142.58,12745.22,12745.22,72892002,Normal pregnancy
7bd03a1d-5f49-d56f-c871-e52e69f0822c,2024-09-14T05:59:49Z,2024-09-14T06:14:49Z,f3aa70e2-d777-e5ba-288f-aa5469241c9d,125eccb3-d003-34ea-9bd8-360dff059782,0d435eda-ddad-369b-837e-8123a874e233,8fa6c185-e44e-3e34-8bd8-39be8694f4ce,ambulatory,424619006,Prenatal visit,142.58,8569.31,8569.31,72892002,Normal pregnancy
90058c8f-9de0-6c12-5a82-dcf92ce3341a,2023-07-14T09:48:38Z,2023-07-14T11:25:35Z,fa8ebd26-039c-07a4-2810-447bb8e48f3e,b8421363-9807-3b16-a146-95336eea5cfb,2b3ab230-9106-3268-9739-60e28d974da7,e03e23c9-4df1-3eb6-a62d-f70f02301496,ambulatory,185349003,Encounter for check up (procedure),85.55,628.29,0.00,103697008,Patient referral for dental care (procedure)
01240078-e6ea-2e99-3315-920c4f73a3f4,2024-10-12T05:59:49Z,2024-10-12T06:14:49Z,f3aa70e2-d777-e5ba-288f-aa5469241c9d,125eccb3-d003-34ea-9bd8-360dff059782,0d435eda-ddad-369b-837e-8123a874e233,8fa6c185-e44e-3e34-8bd8-39be8694f4ce,ambulatory,424619006,Prenatal visit,142.58,6017.88,6017.88,72892002,Normal pregnancy
0c89de05-cba1-c3d2-9147-bcabf1b041cd,2023-07-28T09:48:38Z,2023-07-28T10:28:16Z,fa8ebd26-039c-07a4-2810-447bb8e48f3e,b8421363-9807-3b16-a146-95336eea5cfb,2b3ab230-9106-3268-9739-60e28d974da7,e03e23c9-4df1-3eb6-a62d-f70f02301496,outpatient,185349003,Encounter for check up (procedure),85.55,666.11,0.00,,
2a821086-458c-6903-36bd-5c8c6be46973,2024-11-09T05:59:49Z,2024-11-09T06:14:49Z,f3aa70e2-d777-e5ba-288f-aa5469241c9d,125eccb3-d003-34ea-9bd8-360dff059782,0d435eda-ddad-369b-837e-8123a874e233,8fa6c185-e44e-3e34-8bd8-39be8694f4ce,ambulatory,424619006,Prenatal visit,142.58,16953.99,16953.99,72892002,Normal pregnancy
0b926f34-a180-7aa4-2835-b5bcee60f606,2024-12-07T05:59:49Z,2024-12-07T06:14:49Z,f3aa70e2-d777-e5ba-288f-aa5469241c9d,125eccb3-d003-34ea-9bd8-360dff059782,0d435eda-ddad-369b-837e-8123a874e233,8fa6c185-e44e-3e34-8bd8-39be8694f4ce,ambulatory,424619006,Prenatal visit,142.58,4665.96,4665.96,72892002,Normal pregnancy
b1b5fb33-7a96-89c3-ad3f-47597f4858a2,2025-01-04T05:59:49Z,2025-01-04T06:14:49Z,f3aa70e2-d777-e5ba-288f-aa5469241c9d,125eccb3-d003-34ea-9bd8-360dff059782,0d435eda-ddad-369b-837e-8123a874e233,8fa6c185-e44e-3e34-8bd8-39be8694f4ce,ambulatory,424619006,Prenatal visit,142.58,7138.48,7138.48,72892002,Normal pregnancy
1945f001-213a-4894-6124-92907e504411,2025-04-14T13:38:06Z,2025-04-14T14:09:28Z,2c9c8ffd-efa5-7893-7c99-cb682d6b28fc,4f59f709-8b84-3d27-a04b-c6b7b5544413,8594683a-0f79-3acf-aeff-bd86723c1ca7,a735bf55-83e9-331a-899d-a82a60b9f60c,wellness,162673000,General examination of patient (procedure),136.80,1407.60,941.50,,
675507b5-a798-5b3e-ddd8-e6c833e8b67a,2025-01-18T05:59:49Z,2025-01-18T06:59:49Z,f3aa70e2-d777-e5ba-288f-aa5469241c9d,d4b9a3f0-210d-3e46-a2c7-e099658ac543,e41ac84e-924c-3fec-bb40-086aad616a30,8fa6c185-e44e-3e34-8bd8-39be8694f4ce,emergency,183460006,Obstetric emergency hospital admission,146.18,6566.53,6566.53,72892002,Normal pregnancy
20a593c4-5f98-580d-8b46-39b0646554b7,2023-08-25T09:48:38Z,2023-08-25T10:22:45Z,fa8ebd26-039c-07a4-2810-447bb8e48f3e,b8421363-9807-3b16-a146-95336eea5cfb,2b3ab230-9106-3268-9739-60e28d974da7,e03e23c9-4df1-3eb6-a62d-f70f02301496,outpatient,185349003,Encounter for check up (procedure),85.55,1528.91,0.00,,
e33e8b23-154f-c3ab-3780-b14b6caa5b2c,2025-03-01T05:59:49Z,2025-03-01T06:14:49Z,f3aa70e2-d777-e5ba-288f-aa5469241c9d,125eccb3-d003-34ea-9bd8-360dff059782,0d435eda-ddad-369b-837e-8123a874e233,8fa6c185-e44e-3e34-8bd8-39be8694f4ce,ambulatory,169762003,Postnatal visit,142.58,1005.38,1005.38,,
505a673b-0168-6f67-7fda-13d9a8b66576,2024-09-03T02:48:04Z,2024-09-03T03:27:09Z,b0fc3374-c40b-8591-0cc4-d6ffc383e5a4,a079d416-e8fe-3286-8ef3-6d289d7b5ad9,fab8ee36-fe8b-31ad-8f13-5536087eb358,734afbd6-4794-363b-9bc0-6a3981533ed5,ambulatory,185349003,Encounter for check up (procedure),85.55,115.25,92.20,66383009,Gingivitis (disorder)
3f8ecb39-7df0-c737-e9b1-59cb284fdc75,2025-03-25T05:59:49Z,2025-03-25T06:14:49Z,f3aa70e2-d777-e5ba-288f-aa5469241c9d,125eccb3-d003-34ea-9bd8-360dff059782,0d435eda-ddad-369b-837e-8123a874e233,8fa6c185-e44e-3e34-8bd8-39be8694f4ce,outpatient,698314001,Consultation for treatment,142.58,142.58,142.58,389095005,Contraception care (regime/therapy)
1472ef57-1f9f-488b-a7c9-0626ce10a6f3,2024-09-10T02:48:04Z,2024-09-10T03:03:04Z,b0fc3374-c40b-8591-0cc4-d6ffc383e5a4,a079d416-e8fe-3286-8ef3-6d289d7b5ad9,fab8ee36-fe8b-31ad-8f13-5536087eb358,734afbd6-4794-363b-9bc0-6a3981533ed5,ambulatory,185345009,Encounter for symptom,85.55,85.55,68.44,444814009,Viral sinusitis (disorder)
137671bb-75c9-b7ce-9ee4-5d3a76aaccdc,2025-04-28T13:38:06Z,2025-04-28T14:24:26Z,2c9c8ffd-efa5-7893-7c99-cb682d6b28fc,b8421363-9807-3b16-a146-95336eea5cfb,2b3ab230-9106-3268-9739-60e28d974da7,a735bf55-83e9-331a-899d-a82a60b9f60c,ambulatory,185349003,Encounter for check up (procedure),85.55,97.64,78.11,,
f2cfb24b-0cf4-9bbf-f748-caa7ec5f98cd,2024-09-17T02:48:04Z,2024-09-17T03:31:26Z,b0fc3374-c40b-8591-0cc4-d6ffc383e5a4,0592d4e5-a0fb-3143-83cd-8e5a6b066a96,854cf485-9e58-36ee-ae3e-23d0a5582864,734afbd6-4794-363b-9bc0-6a3981533ed5,urgentcare,702927004,Urgent care clinic (environment),142.58,1660.52,1328.40,,
35d65e92-b8c3-e427-6b34-b5c4a3d8c79f,2023-09-22T09:48:38Z,2023-09-22T10:26:22Z,fa8ebd26-039c-07a4-2810-447bb8e48f3e,b8421363-9807-3b16-a146-95336eea5cfb,2b3ab230-9106-3268-9739-60e28d974da7,e03e23c9-4df1-3eb6-a62d-f70f02301496,outpatient,185349003,Encounter for check up (procedure),85.55,666.11,0.00,,
a95d9c74-b9b7-8541-002b-b79476f05497,2025-06-14T05:59:49Z,2025-06-14T06:52:51Z,f3aa70e2-d777-e5ba-288f-aa5469241c9d,39104cad-5228-3e07-9b3e-3ad736b33d5d,8d29d629-4156-3be0-93d5-7cfe88bc96a5,8fa6c185-e44e-3e34-8bd8-39be8694f4ce,wellness,162673000,General examination of patient (procedure),136.80,1413.70,0.00,,
00ae4850-04d4-f68b-a13b-895b42efee2e,2023-10-06T09:48:38Z,2023-10-06T10:30:42Z,fa8ebd26-039c-07a4-2810-447bb8e48f3e,b8421363-9807-3b16-a146-95336eea5cfb,2b3ab230-9106-3268-9739-60e28d974da7,e03e23c9-4df1-3eb6-a62d-f70f02301496,ambulatory,185349003,Encounter for check up (procedure),85.55,139.38,0.00,66383009,Gingivitis (disorder)
cfe225d9-8227-ead5-64c7-90f674af3eca,2023-10-27T09:48:38Z,2023-10-27T10:21:06Z,fa8ebd26-039c-07a4-2810-447bb8e48f3e,b8421363-9807-3b16-a146-95336eea5cfb,2b3ab230-9106-3268-9739-60e28d974da7,e03e23c9-4df1-3eb6-a62d-f70f02301496,outpatient,185349003,Encounter for check up (procedure),85.55,666.11,0.00,,
450bf1e8-ddc8-9332-7eca-49357d125649,2025-06-28T05:59:49Z,2025-06-28T06:24:26Z,f3aa70e2-d777-e5ba-288f-aa5469241c9d,125eccb3-d003-34ea-9bd8-360dff059782,0d435eda-ddad-369b-837e-8123a874e233,8fa6c185-e44e-3e34-8bd8-39be8694f4ce,ambulatory,185349003,Encounter for check up (procedure),85.55,175.87,0.00,103697008,Patient referral for dental care (procedure)
cf984a78-285a-fd56-3d4d-5c3439cf67e6,2023-11-10T09:48:38Z,2023-11-10T10:13:27Z,fa8ebd26-039c-07a4-2810-447bb8e48f3e,b8421363-9807-3b16-a146-95336eea5cfb,2b3ab230-9106-3268-9739-60e28d974da7,e03e23c9-4df1-3eb6-a62d-f70f02301496,ambulatory,185349003,Encounter for check up (procedure),85.55,194.05,0.00,66383009,Gingivitis (disorder)
6511633c-0bd6-cb31-8068-07b0422ea69e,2023-11-24T09:48:38Z,2023-11-24T10:48:38Z,fa8ebd26-039c-07a4-2810-447bb8e48f3e,609ec9f1-e806-3427-b912-9e3b2915521d,02b96b5f-329e-3727-9f96-bc79252cf1c0,e03e23c9-4df1-3eb6-a62d-f70f02301496,emergency,50849002,Emergency room admission (procedure),146.18,862.74,0.00,,
289d8d58-fa84-843b-443c-41534715e840,2024-09-24T02:48:04Z,2024-09-24T03:03:04Z,b0fc3374-c40b-8591-0cc4-d6ffc383e5a4,0592d4e5-a0fb-3143-83cd-8e5a6b066a96,854cf485-9e58-36ee-ae3e-23d0a5582864,734afbd6-4794-363b-9bc0-6a3981533ed5,urgentcare,702927004,Urgent care clinic (environment),142.58,1009.98,807.97,,
912cf6e3-c390-4753-4f3d-b7534c2fd5bd,2023-12-01T09:48:38Z,2023-12-01T10:03:38Z,fa8ebd26-039c-07a4-2810-447bb8e48f3e,7a3b8310-02eb-3c47-aa1b-3f55b3ed9de9,244055e0-08d1-3bd2-9e9d-cda820b8a709,e03e23c9-4df1-3eb6-a62d-f70f02301496,urgentcare,702927004,Urgent care clinic (environment),142.58,688.30,0.00,,
a177944c-5045-5b63-cefe-2313d72c631e,2002-08-18T00:14:42Z,2002-08-18T00:47:58Z,4648829d-5074-bf90-1827-3b269e428b07,2e8b42f8-4300-30a9-a576-d513d1021a0a,ff0fca43-5077-311f-a074-2296b42c88e1,e03e23c9-4df1-3eb6-a62d-f70f02301496,wellness,162673000,General examination of patient (procedure),136.80,704.20,0.00,,
b30fb9df-ed84-afa1-c922-9de55e9cea64,2009-08-30T00:14:42Z,2009-08-30T00:50:57Z,4648829d-5074-bf90-1827-3b269e428b07,2e8b42f8-4300-30a9-a576-d513d1021a0a,ff0fca43-5077-311f-a074-2296b42c88e1,8fa6c185-e44e-3e34-8bd8-39be8694f4ce,wellness,162673000,General examination of patient (procedure),136.80,1064.92,0.00,,
4a97b9a9-228c-108f-6908-19e92ca181cb,2023-12-08T09:48:38Z,2023-12-08T10:30:28Z,fa8ebd26-039c-07a4-2810-447bb8e48f3e,7a3b8310-02eb-3c47-aa1b-3f55b3ed9de9,244055e0-08d1-3bd2-9e9d-cda820b8a709,e03e23c9-4df1-3eb6-a62d-f70f02301496,urgentcare,702927004,Urgent care clinic (environment),142.58,723.14,0.00,,
759de5ef-c458-d247-d4d3-feee6d69503d,2012-09-02T00:14:42Z,2012-09-02T00:51:08Z,4648829d-5074-bf90-1827-3b269e428b07,2e8b42f8-4300-30a9-a576-d513d1021a0a,ff0fca43-5077-311f-a074-2296b42c88e1,0133f751-9229-3cfd-815f-b6d4979bdd6a,wellness,162673000,General examination of patient (procedure),136.80,1606.21,0.00,,
d4bf7161-f93e-8f29-4b5e-3294e42faad0,2021-09-12T00:14:42Z,2021-09-12T01:06:25Z,4648829d-5074-bf90-1827-3b269e428b07,2e8b42f8-4300-30a9-a576-d513d1021a0a,ff0fca43-5077-311f-a074-2296b42c88e1,0133f751-9229-3cfd-815f-b6d4979bdd6a,wellness,162673000,General examination of patient (procedure),136.80,1075.86,0.00,,
4cbcdc9e-37af-fc7b-cb48-c1ed391ab4d8,2022-01-16T00:14:42Z,2022-01-16T01:05:08Z,4648829d-5074-bf90-1827-3b269e428b07,2836d9ac-c6a6-39d1-8f13-fdf0fc8928f4,ccbb6769-67dc-350d-9fa2-ec2a39db7151,0133f751-9229-3cfd-815f-b6d4979bdd6a,outpatient,185349003,Encounter for check up (procedure),85.55,734.33,440.60,,
3e672228-98ff-d76a-2ceb-d7cee891179c,2024-06-30T00:14:42Z,2024-06-30T00:50:26Z,4648829d-5074-bf90-1827-3b269e428b07,2e8b42f8-4300-30a9-a576-d513d1021a0a,ff0fca43-5077-311f-a074-2296b42c88e1,8fa6c185-e44e-3e34-8bd8-39be8694f4ce,wellness,162673000,General examination of patient (procedure),136.80,1854.67,0.00,,
8277f1d4-dd3d-9335-3e75-b59ae4d40e03,2023-12-15T09:48:38Z,2023-12-15T10:03:38Z,fa8ebd26-039c-07a4-2810-447bb8e48f3e,b8421363-9807-3b16-a146-95336eea5cfb,2b3ab230-9106-3268-9739-60e28d974da7,e03e23c9-4df1-3eb6-a62d-f70f02301496,outpatient,185349003,Encounter for check up (procedure),85.55,450.41,0.00,,
20d39127-a1aa-b50d-c60a-508da3faef65,2023-12-22T09:48:38Z,2023-12-22T10:23:14Z,fa8ebd26-039c-07a4-2810-447bb8e48f3e,7a3b8310-02eb-3c47-aa1b-3f55b3ed9de9,244055e0-08d1-3bd2-9e9d-cda820b8a709,e03e23c9-4df1-3eb6-a62d-f70f02301496,urgentcare,702927004,Urgent care clinic (environment),142.58,723.14,0.00,,
d0573979-d70c-7dbd-38be-5275d825816d,2024-10-01T02:48:04Z,2024-10-01T03:23:58Z,b0fc3374-c40b-8591-0cc4-d6ffc383e5a4,a079d416-e8fe-3286-8ef3-6d289d7b5ad9,fab8ee36-fe8b-31ad-8f13-5536087eb358,734afbd6-4794-363b-9bc0-6a3981533ed5,outpatient,185349003,Encounter for check up (procedure),85.55,740.69,592.54,,
04cc5342-7fcf-ac88-23b0-4735979d0350,2023-12-29T09:48:38Z,2023-12-29T10:03:38Z,fa8ebd26-039c-07a4-2810-447bb8e48f3e,7a3b8310-02eb-3c47-aa1b-3f55b3ed9de9,244055e0-08d1-3bd2-9e9d-cda820b8a709,e03e23c9-4df1-3eb6-a62d-f70f02301496,urgentcare,702927004,Urgent care clinic (environment),142.58,291.74,0.00,,
198b8a8a-e42f-c0da-e89f-2b2b9d214796,2024-01-05T09:48:38Z,2024-01-05T10:46:36Z,fa8ebd26-039c-07a4-2810-447bb8e48f3e,b8421363-9807-3b16-a146-95336eea5cfb,2b3ab230-9106-3268-9739-60e28d974da7,e03e23c9-4df1-3eb6-a62d-f70f02301496,outpatient,185349003,Encounter for check up (procedure),85.55,1175.47,0.00,,
554cb1d9-cd57-d0cc-44ea-5a3bb13433f1,2024-01-12T09:48:38Z,2024-01-12T10:17:35Z,fa8ebd26-039c-07a4-2810-447bb8e48f3e,b8421363-9807-3b16-a146-95336eea5cfb,2b3ab230-9106-3268-9739-60e28d974da7,e03e23c9-4df1-3eb6-a62d-f70f02301496,ambulatory,185349003,Encounter for check up (procedure),85.55,654.35,0.00,66383009,Gingivitis (disorder)
a02aa7e8-df50-8c4f-4f65-66f63b5d3e42,2024-01-19T09:48:38Z,2024-01-19T10:03:38Z,fa8ebd26-039c-07a4-2810-447bb8e48f3e,b8421363-9807-3b16-a146-95336eea5cfb,2b3ab230-9106-3268-9739-60e28d974da7,e03e23c9-4df1-3eb6-a62d-f70f02301496,ambulatory,185345009,Encounter for symptom,85.55,85.55,0.00,444814009,Viral sinusitis (disorder)
98561a02-f726-acc1-64dd-6e1e8103763d,2024-01-26T09:48:38Z,2024-01-26T10:29:50Z,fa8ebd26-039c-07a4-2810-447bb8e48f3e,7a3b8310-02eb-3c47-aa1b-3f55b3ed9de9,244055e0-08d1-3bd2-9e9d-cda820b8a709,e03e23c9-4df1-3eb6-a62d-f70f02301496,urgentcare,702927004,Urgent care clinic (environment),142.58,938.84,0.00,,
f44be2d5-b4a0-1cf1-387f-087e4cf633a5,2024-10-08T02:48:04Z,2024-10-08T03:17:52Z,b0fc3374-c40b-8591-0cc4-d6ffc383e5a4,a079d416-e8fe-3286-8ef3-6d289d7b5ad9,fab8ee36-fe8b-31ad-8f13-5536087eb358,734afbd6-4794-363b-9bc0-6a3981533ed5,ambulatory,185349003,Encounter for check up (procedure),85.55,85.70,0.00,103697008,Patient referral for dental care (procedure)
93f01d19-9d2e-955a-25ae-3cc239d6b7fa,2024-10-22T02:48:04Z,2024-10-22T03:30:41Z,b0fc3374-c40b-8591-0cc4-d6ffc383e5a4,a079d416-e8fe-3286-8ef3-6d289d7b5ad9,fab8ee36-fe8b-31ad-8f13-5536087eb358,734afbd6-4794-363b-9bc0-6a3981533ed5,outpatient,185349003,Encounter for check up (procedure),85.55,1927.49,979.90,,
8c988ddc-b59e-e2e6-6d24-0a05c36f4c08,2024-02-02T09:48:38Z,2024-02-02T10:03:38Z,fa8ebd26-039c-07a4-2810-447bb8e48f3e,b8421363-9807-3b16-a146-95336eea5cfb,2b3ab230-9106-3268-9739-60e28d974da7,e03e23c9-4df1-3eb6-a62d-f70f02301496,outpatient,185349003,Encounter for check up (procedure),85.55,234.71,0.00,,
d67e09e7-7b1b-fd45-0830-1a5ff2d32efe,2024-02-23T09:48:38Z,2024-02-23T10:30:12Z,fa8ebd26-039c-07a4-2810-447bb8e48f3e,b8421363-9807-3b16-a146-95336eea5cfb,2b3ab230-9106-3268-9739-60e28d974da7,e03e23c9-4df1-3eb6-a62d-f70f02301496,outpatient,185349003,Encounter for check up (procedure),85.55,666.11,0.00,,
000e0c9d-ffde-36c1-4577-bc3b9cad13d1,2024-10-22T02:50:20Z,2024-10-22T03:20:20Z,b0fc3374-c40b-8591-0cc4-d6ffc383e5a4,a079d416-e8fe-3286-8ef3-6d289d7b5ad9,fab8ee36-fe8b-31ad-8f13-5536087eb358,734afbd6-4794-363b-9bc0-6a3981533ed5,ambulatory,185345009,Encounter for symptom,85.55,3255.50,2604.40,315268008,Suspected prostate cancer (situation)
f71b7f49-fcfc-e6c7-6dd5-076e8c835fa9,2024-11-05T02:48:04Z,2024-11-05T03:12:51Z,b0fc3374-c40b-8591-0cc4-d6ffc383e5a4,a079d416-e8fe-3286-8ef3-6d289d7b5ad9,fab8ee36-fe8b-31ad-8f13-5536087eb358,734afbd6-4794-363b-9bc0-6a3981533ed5,ambulatory,185349003,Encounter for check up (procedure),85.55,152.17,121.74,103697008,Patient referral for dental care (procedure)
d81970df-63fd-4e80-90c0-a3e948e04873,2024-03-22T09:48:38Z,2024-03-22T10:30:47Z,fa8ebd26-039c-07a4-2810-447bb8e48f3e,b8421363-9807-3b16-a146-95336eea5cfb,2b3ab230-9106-3268-9739-60e28d974da7,e03e23c9-4df1-3eb6-a62d-f70f02301496,outpatient,185349003,Encounter for check up (procedure),85.55,666.11,0.00,,
57e91ec1-c9c0-b284-3548-63d35b6cc7bd,2025-03-07T02:48:04Z,2025-03-07T05:11:04Z,b0fc3374-c40b-8591-0cc4-d6ffc383e5a4,a079d416-e8fe-3286-8ef3-6d289d7b5ad9,fab8ee36-fe8b-31ad-8f13-5536087eb358,734afbd6-4794-363b-9bc0-6a3981533ed5,ambulatory,185347001,Encounter for problem (procedure),85.55,586.92,469.54,431857002,Chronic kidney disease stage 4 (disorder)
2499fd51-b0d5-daba-ad29-d281b0a06545,2025-03-07T05:11:04Z,2025-03-07T05:26:04Z,b0fc3374-c40b-8591-0cc4-d6ffc383e5a4,a079d416-e8fe-3286-8ef3-6d289d7b5ad9,fab8ee36-fe8b-31ad-8f13-5536087eb358,734afbd6-4794-363b-9bc0-6a3981533ed5,ambulatory,185347001,Encounter for problem (procedure),85.55,234.71,187.76,431857002,Chronic kidney disease stage 4 (disorder)
ec585c62-3610-9dc1-85c8-a9d912b15a83,2024-04-05T09:48:38Z,2024-04-05T10:55:58Z,fa8ebd26-039c-07a4-2810-447bb8e48f3e,b8421363-9807-3b16-a146-95336eea5cfb,2b3ab230-9106-3268-9739-60e28d974da7,e03e23c9-4df1-3eb6-a62d-f70f02301496,ambulatory,185349003,Encounter for check up (procedure),85.55,551.78,0.00,103697008,Patient referral for dental care (procedure)
b85c14a5-b18b-a2b7-ed3b-3c2ece88b986,2025-03-10T05:11:04Z,2025-03-10T07:18:04Z,b0fc3374-c40b-8591-0cc4-d6ffc383e5a4,a079d416-e8fe-3286-8ef3-6d289d7b5ad9,fab8ee36-fe8b-31ad-8f13-5536087eb358,734afbd6-4794-363b-9bc0-6a3981533ed5,ambulatory,185347001,Encounter for problem (procedure),85.55,768.58,614.86,431857002,Chronic kidney disease stage 4 (disorder)
3e30b278-c61d-68c0-2060-0d3a1cbc58d4,2024-04-19T09:48:38Z,2024-04-19T10:31:48Z,fa8ebd26-039c-07a4-2810-447bb8e48f3e,7a3b8310-02eb-3c47-aa1b-3f55b3ed9de9,244055e0-08d1-3bd2-9e9d-cda820b8a709,e03e23c9-4df1-3eb6-a62d-f70f02301496,urgentcare,702927004,Urgent care clinic (environment),142.58,938.84,0.00,,
2d8efd08-5b2a-89ea-af55-585f89480c50,2025-03-13T07:18:04Z,2025-03-13T11:05:04Z,b0fc3374-c40b-8591-0cc4-d6ffc383e5a4,a079d416-e8fe-3286-8ef3-6d289d7b5ad9,fab8ee36-fe8b-31ad-8f13-5536087eb358,734afbd6-4794-363b-9bc0-6a3981533ed5,ambulatory,185347001,Encounter for problem (procedure),85.55,567.33,453.86,431857002,Chronic kidney disease stage 4 (disorder)
272e1664-b5c4-a95a-7dd1-a3dce490b3ab,2025-03-16T11:05:04Z,2025-03-16T13:28:04Z,b0fc3374-c40b-8591-0cc4-d6ffc383e5a4,a079d416-e8fe-3286-8ef3-6d289d7b5ad9,fab8ee36-fe8b-31ad-8f13-5536087eb358,734afbd6-4794-363b-9bc0-6a3981533ed5,ambulatory,185347001,Encounter for problem (procedure),85.55,535.87,428.70,431857002,Chronic kidney disease stage 4 (disorder)
f8a355ee-cdb1-83a6-5484-d0979d45503e,2025-03-19T13:28:04Z,2025-03-19T16:23:04Z,b0fc3374-c40b-8591-0cc4-d6ffc383e5a4,a079d416-e8fe-3286-8ef3-6d289d7b5ad9,fab8ee36-fe8b-31ad-8f13-5536087eb358,734afbd6-4794-363b-9bc0-6a3981533ed5,ambulatory,185347001,Encounter for problem (procedure),85.55,535.87,428.70,431857002,Chronic kidney disease stage 4 (disorder)
c8ffac96-4493-9b17-cbbc-e103c8dc7dcb,2024-05-24T09:48:38Z,2024-05-24T10:31:39Z,fa8ebd26-039c-07a4-2810-447bb8e48f3e,01bb7b5c-f850-3c4e-a3f1-442d8273559a,e173ff88-7662-3f48-941f-7e61bd4ff31e,e03e23c9-4df1-3eb6-a62d-f70f02301496,wellness,162673000,General examination of patient (procedure),136.80,853.36,0.00,,
ed027be4-7026-f55d-e6de-cf2c914f669b,2025-03-22T16:23:04Z,2025-03-22T19:15:04Z,b0fc3374-c40b-8591-0cc4-d6ffc383e5a4,a079d416-e8fe-3286-8ef3-6d289d7b5ad9,fab8ee36-fe8b-31ad-8f13-5536087eb358,734afbd6-4794-363b-9bc0-6a3981533ed5,ambulatory,185347001,Encounter for problem (procedure),85.55,1791.03,1432.82,431857002,Chronic kidney disease stage 4 (disorder)
f5d124fe-2d09-3a2b-382b-3bb9ab07388e,2025-03-25T19:15:04Z,2025-03-25T22:09:04Z,b0fc3374-c40b-8591-0cc4-d6ffc383e5a4,a079d416-e8fe-3286-8ef3-6d289d7b5ad9,fab8ee36-fe8b-31ad-8f13-5536087eb358,734afbd6-4794-363b-9bc0-6a3981533ed5,ambulatory,185347001,Encounter for problem (procedure),85.55,535.87,428.70,431857002,Chronic kidney disease stage 4 (disorder)
ddefc87f-915f-c6fa-0be5-b8e137143e7a,2024-05-31T09:48:38Z,2024-05-31T10:03:38Z,fa8ebd26-039c-07a4-2810-447bb8e48f3e,b8421363-9807-3b16-a146-95336eea5cfb,2b3ab230-9106-3268-9739-60e28d974da7,e03e23c9-4df1-3eb6-a62d-f70f02301496,outpatient,185349003,Encounter for check up (procedure),85.55,234.71,0.00,,
7996c417-408f-0bd6-ab2c-33f675ced068,2025-03-28T22:09:04Z,2025-03-29T00:13:04Z,b0fc3374-c40b-8591-0cc4-d6ffc383e5a4,a079d416-e8fe-3286-8ef3-6d289d7b5ad9,fab8ee36-fe8b-31ad-8f13-5536087eb358,734afbd6-4794-363b-9bc0-6a3981533ed5,ambulatory,185347001,Encounter for problem (procedure),85.55,1017.53,814.02,431857002,Chronic kidney disease stage 4 (disorder)
d334a409-9934-13e0-5e95-5753ccacb306,2024-07-19T09:48:38Z,2024-07-19T10:25:09Z,fa8ebd26-039c-07a4-2810-447bb8e48f3e,b8421363-9807-3b16-a146-95336eea5cfb,2b3ab230-9106-3268-9739-60e28d974da7,e03e23c9-4df1-3eb6-a62d-f70f02301496,outpatient,185349003,Encounter for check up (procedure),85.55,1172.48,0.00,,
efaf8f03-59cb-99b9-fbc1-42c7a5cffc23,2025-04-01T00:13:04Z,2025-04-01T03:10:04Z,b0fc3374-c40b-8591-0cc4-d6ffc383e5a4,a079d416-e8fe-3286-8ef3-6d289d7b5ad9,fab8ee36-fe8b-31ad-8f13-5536087eb358,734afbd6-4794-363b-9bc0-6a3981533ed5,ambulatory,185347001,Encounter for problem (procedure),85.55,661.08,528.86,431857002,Chronic kidney disease stage 4 (disorder)
1c41a605-3309-3d4b-1367-68ebe7471c00,2025-04-04T03:10:04Z,2025-04-04T07:02:04Z,b0fc3374-c40b-8591-0cc4-d6ffc383e5a4,a079d416-e8fe-3286-8ef3-6d289d7b5ad9,fab8ee36-fe8b-31ad-8f13-5536087eb358,734afbd6-4794-363b-9bc0-6a3981533ed5,ambulatory,185347001,Encounter for problem (procedure),85.55,535.87,428.70,431857002,Chronic kidney disease stage 4 (disorder)
899e3b6f-0cdc-3fc1-9640-79009884ccb7,2024-08-30T10:55:58Z,2024-08-31T10:55:58Z,fa8ebd26-039c-07a4-2810-447bb8e48f3e,b8421363-9807-3b16-a146-95336eea5cfb,2b3ab230-9106-3268-9739-60e28d974da7,e03e23c9-4df1-3eb6-a62d-f70f02301496,inpatient,32485007,Hospital admission (procedure),146.18,951.37,0.00,66383009,Gingivitis (disorder)
2ee68a75-c3e9-f8d2-5aab-ff887f31ea87,2025-04-07T07:02:04Z,2025-04-07T11:01:04Z,b0fc3374-c40b-8591-0cc4-d6ffc383e5a4,a079d416-e8fe-3286-8ef3-6d289d7b5ad9,fab8ee36-fe8b-31ad-8f13-5536087eb358,734afbd6-4794-363b-9bc0-6a3981533ed5,ambulatory,185347001,Encounter for problem (procedure),85.55,1791.03,1432.82,431857002,Chronic kidney disease stage 4 (disorder)
db4a0a4e-34d1-f885-e1c9-d4617959dccc,2024-08-30T12:18:52Z,2024-08-30T12:58:46Z,fa8ebd26-039c-07a4-2810-447bb8e48f3e,b8421363-9807-3b16-a146-95336eea5cfb,2b3ab230-9106-3268-9739-60e28d974da7,e03e23c9-4df1-3eb6-a62d-f70f02301496,ambulatory,185349003,Encounter for check up (procedure),85.55,237.49,0.00,66383009,Gingivitis (disorder)
0a167028-dac8-22b1-542b-d29608a1c8bc,2025-04-07T11:01:04Z,2025-04-07T11:16:04Z,b0fc3374-c40b-8591-0cc4-d6ffc383e5a4,a079d416-e8fe-3286-8ef3-6d289d7b5ad9,fab8ee36-fe8b-31ad-8f13-5536087eb358,734afbd6-4794-363b-9bc0-6a3981533ed5,ambulatory,185347001,Encounter for problem (procedure),85.55,234.71,187.76,431857002,Chronic kidney disease stage 4 (disorder)
a20c1abf-06ee-2a27-ccbd-94cd1f3949f0,2024-10-18T09:48:38Z,2024-10-18T10:19:11Z,fa8ebd26-039c-07a4-2810-447bb8e48f3e,7a3b8310-02eb-3c47-aa1b-3f55b3ed9de9,244055e0-08d1-3bd2-9e9d-cda820b8a709,e03e23c9-4df1-3eb6-a62d-f70f02301496,urgentcare,702927004,Urgent care clinic (environment),142.58,938.84,0.00,,
9e57db96-715e-c15a-deff-9826360a71ad,2025-04-10T11:01:04Z,2025-04-10T13:52:04Z,b0fc3374-c40b-8591-0cc4-d6ffc383e5a4,a079d416-e8fe-3286-8ef3-6d289d7b5ad9,fab8ee36-fe8b-31ad-8f13-5536087eb358,734afbd6-4794-363b-9bc0-6a3981533ed5,ambulatory,185347001,Encounter for problem (procedure),85.55,1095.58,876.46,431857002,Chronic kidney disease stage 4 (disorder)
1acc8b6b-56bd-1132-9e02-1a27774330f0,2025-04-13T13:52:04Z,2025-04-13T17:05:04Z,b0fc3374-c40b-8591-0cc4-d6ffc383e5a4,a079d416-e8fe-3286-8ef3-6d289d7b5ad9,fab8ee36-fe8b-31ad-8f13-5536087eb358,734afbd6-4794-363b-9bc0-6a3981533ed5,ambulatory,185347001,Encounter for problem (procedure),85.55,535.87,428.70,431857002,Chronic kidney disease stage 4 (disorder)
2a577574-1227-9ecf-3ece-6e822a122ca5,2024-10-25T09:48:38Z,2024-10-25T10:03:38Z,fa8ebd26-039c-07a4-2810-447bb8e48f3e,b8421363-9807-3b16-a146-95336eea5cfb,2b3ab230-9106-3268-9739-60e28d974da7,e03e23c9-4df1-3eb6-a62d-f70f02301496,outpatient,185349003,Encounter for check up (procedure),85.55,234.71,0.00,,
9fd9b548-bcff-0308-a38e-8ec3f5a98648,2025-04-16T17:05:04Z,2025-04-16T19:24:04Z,b0fc3374-c40b-8591-0cc4-d6ffc383e5a4,a079d416-e8fe-3286-8ef3-6d289d7b5ad9,fab8ee36-fe8b-31ad-8f13-5536087eb358,734afbd6-4794-363b-9bc0-6a3981533ed5,ambulatory,185347001,Encounter for problem (procedure),85.55,807.13,645.70,431857002,Chronic kidney disease stage 4 (disorder)
ff0a7d70-f77f-007d-c93e-04e7d4b6b2bf,2024-11-15T09:48:38Z,2024-11-15T10:31:15Z,fa8ebd26-039c-07a4-2810-447bb8e48f3e,b8421363-9807-3b16-a146-95336eea5cfb,2b3ab230-9106-3268-9739-60e28d974da7,e03e23c9-4df1-3eb6-a62d-f70f02301496,outpatient,185349003,Encounter for check up (procedure),85.55,666.11,0.00,,
aab0e5d6-19a5-3bb5-9bfc-0c94054beafb,2025-04-19T19:24:04Z,2025-04-19T22:47:04Z,b0fc3374-c40b-8591-0cc4-d6ffc383e5a4,a079d416-e8fe-3286-8ef3-6d289d7b5ad9,fab8ee36-fe8b-31ad-8f13-5536087eb358,734afbd6-4794-363b-9bc0-6a3981533ed5,ambulatory,185347001,Encounter for problem (procedure),85.55,535.87,428.70,431857002,Chronic kidney disease stage 4 (disorder)
a5f2198a-6817-e9bb-86e0-1d725fea589a,2025-04-22T22:47:04Z,2025-04-23T02:22:04Z,b0fc3374-c40b-8591-0cc4-d6ffc383e5a4,a079d416-e8fe-3286-8ef3-6d289d7b5ad9,fab8ee36-fe8b-31ad-8f13-5536087eb358,734afbd6-4794-363b-9bc0-6a3981533ed5,ambulatory,185347001,Encounter for problem (procedure),85.55,535.87,428.70,431857002,Chronic kidney disease stage 4 (disorder)
97ac297e-77ec-117f-e1c4-8f6ee0d8ed78,2025-04-26T02:22:04Z,2025-04-26T04:58:04Z,b0fc3374-c40b-8591-0cc4-d6ffc383e5a4,a079d416-e8fe-3286-8ef3-6d289d7b5ad9,fab8ee36-fe8b-31ad-8f13-5536087eb358,734afbd6-4794-363b-9bc0-6a3981533ed5,ambulatory,185347001,Encounter for problem (procedure),85.55,535.87,428.70,431857002,Chronic kidney disease stage 4 (disorder)
97ec9914-c882-1b3a-c168-0b5ad491d4e2,2024-12-20T09:48:38Z,2024-12-20T10:41:36Z,fa8ebd26-039c-07a4-2810-447bb8e48f3e,7a3b8310-02eb-3c47-aa1b-3f55b3ed9de9,244055e0-08d1-3bd2-9e9d-cda820b8a709,e03e23c9-4df1-3eb6-a62d-f70f02301496,urgentcare,702927004,Urgent care clinic (environment),142.58,938.84,0.00,,
345b3e4d-9a80-d55f-74da-4a060f4c3aa7,2025-04-29T04:58:04Z,2025-04-29T08:52:04Z,b0fc3374-c40b-8591-0cc4-d6ffc383e5a4,a079d416-e8fe-3286-8ef3-6d289d7b5ad9,fab8ee36-fe8b-31ad-8f13-5536087eb358,734afbd6-4794-363b-9bc0-6a3981533ed5,ambulatory,185347001,Encounter for problem (procedure),85.55,535.87,428.70,431857002,Chronic kidney disease stage 4 (disorder)
5aae6508-b707-3805-432e-f9bbdf3cda76,2025-05-02T08:52:04Z,2025-05-02T11:52:04Z,b0fc3374-c40b-8591-0cc4-d6ffc383e5a4,a079d416-e8fe-3286-8ef3-6d289d7b5ad9,fab8ee36-fe8b-31ad-8f13-5536087eb358,734afbd6-4794-363b-9bc0-6a3981533ed5,ambulatory,185347001,Encounter for problem (procedure),85.55,535.87,428.70,431857002,Chronic kidney disease stage 4 (disorder)
3149275c-3b00-5afb-1098-4d69d77a9c0e,2025-05-05T11:52:04Z,2025-05-05T14:28:04Z,b0fc3374-c40b-8591-0cc4-d6ffc383e5a4,a079d416-e8fe-3286-8ef3-6d289d7b5ad9,fab8ee36-fe8b-31ad-8f13-5536087eb358,734afbd6-4794-363b-9bc0-6a3981533ed5,ambulatory,185347001,Encounter for problem (procedure),85.55,1791.03,1432.82,431857002,Chronic kidney disease stage 4 (disorder)
c438ae80-3dcb-99e5-b0ec-575f052d728c,2025-01-17T09:48:38Z,2025-01-17T10:22:55Z,fa8ebd26-039c-07a4-2810-447bb8e48f3e,7a3b8310-02eb-3c47-aa1b-3f55b3ed9de9,244055e0-08d1-3bd2-9e9d-cda820b8a709,e03e23c9-4df1-3eb6-a62d-f70f02301496,urgentcare,702927004,Urgent care clinic (environment),142.58,723.14,0.00,,
0bf60d0e-ee79-f3ec-c530-b6b1f1094de0,2025-05-08T14:28:04Z,2025-05-08T17:58:04Z,b0fc3374-c40b-8591-0cc4-d6ffc383e5a4,a079d416-e8fe-3286-8ef3-6d289d7b5ad9,fab8ee36-fe8b-31ad-8f13-5536087eb358,734afbd6-4794-363b-9bc0-6a3981533ed5,ambulatory,185347001,Encounter for problem (procedure),85.55,1791.03,1432.82,431857002,Chronic kidney disease stage 4 (disorder)
94ae56a1-8bef-a189-b980-74f4c769d7df,2025-01-31T09:48:38Z,2025-01-31T10:26:14Z,fa8ebd26-039c-07a4-2810-447bb8e48f3e,b8421363-9807-3b16-a146-95336eea5cfb,2b3ab230-9106-3268-9739-60e28d974da7,e03e23c9-4df1-3eb6-a62d-f70f02301496,ambulatory,185349003,Encounter for check up (procedure),85.55,97.06,0.00,66383009,Gingivitis (disorder)
53408fab-81de-7961-a51b-02a41e64df03,2025-02-14T09:48:38Z,2025-02-14T10:35:37Z,fa8ebd26-039c-07a4-2810-447bb8e48f3e,7a3b8310-02eb-3c47-aa1b-3f55b3ed9de9,244055e0-08d1-3bd2-9e9d-cda820b8a709,e03e23c9-4df1-3eb6-a62d-f70f02301496,urgentcare,702927004,Urgent care clinic (environment),142.58,938.84,0.00,,
71190314-dda3-1383-6752-d48ab129420f,2025-05-08T17:58:04Z,2025-05-08T18:13:04Z,b0fc3374-c40b-8591-0cc4-d6ffc383e5a4,a079d416-e8fe-3286-8ef3-6d289d7b5ad9,fab8ee36-fe8b-31ad-8f13-5536087eb358,734afbd6-4794-363b-9bc0-6a3981533ed5,ambulatory,185347001,Encounter for problem (procedure),85.55,234.71,187.76,431857002,Chronic kidney disease stage 4 (disorder)
56243701-24af-d0bd-2844-38fdb14d305b,2025-05-11T17:58:04Z,2025-05-11T20:34:04Z,b0fc3374-c40b-8591-0cc4-d6ffc383e5a4,a079d416-e8fe-3286-8ef3-6d289d7b5ad9,fab8ee36-fe8b-31ad-8f13-5536087eb358,734afbd6-4794-363b-9bc0-6a3981533ed5,ambulatory,185347001,Encounter for problem (procedure),85.55,535.87,428.70,431857002,Chronic kidney disease stage 4 (disorder)
c2300f1c-aacd-44d1-2940-43d9ab65d3d6,2025-02-28T09:48:38Z,2025-02-28T10:25:11Z,fa8ebd26-039c-07a4-2810-447bb8e48f3e,b8421363-9807-3b16-a146-95336eea5cfb,2b3ab230-9106-3268-9739-60e28d974da7,e03e23c9-4df1-3eb6-a62d-f70f02301496,ambulatory,185349003,Encounter for check up (procedure),85.55,117.71,0.00,103697008,Patient referral for dental care (procedure)
dc4dc48e-ecc5-649b-6a3f-b87445882924,2025-04-18T09:48:38Z,2025-04-18T10:47:35Z,fa8ebd26-039c-07a4-2810-447bb8e48f3e,7a3b8310-02eb-3c47-aa1b-3f55b3ed9de9,244055e0-08d1-3bd2-9e9d-cda820b8a709,e03e23c9-4df1-3eb6-a62d-f70f02301496,urgentcare,702927004,Urgent care clinic (environment),142.58,797.72,0.00,,
d0c30138-ee61-7d79-1c40-dc51284732cc,1980-08-21T15:53:30Z,1980-08-21T16:08:30Z,40bef2fb-ee47-4089-b99b-1c6bc43fe217,19a3afba-b409-3650-a0ab-f3faf6e391ef,8f4b687c-7466-3d60-b6fc-a313369440b4,26aab0cd-6aba-3e1b-ac5b-05c8867e762c,ambulatory,185345009,Encounter for symptom,85.55,92.93,0.00,36971009,Sinusitis (disorder)
03ae43dd-7637-f2e2-e070-8b79dde78ad9,1993-07-01T23:53:30Z,1993-07-02T00:39:51Z,40bef2fb-ee47-4089-b99b-1c6bc43fe217,34f0b10a-5e29-31de-a75e-e0bb03c0c0d4,7717172d-3a12-35fe-b11c-374aebcfa831,26aab0cd-6aba-3e1b-ac5b-05c8867e762c,wellness,162673000,General examination of patient (procedure),136.80,849.22,0.00,,
c82c4a89-4f69-5578-a0c2-17dbf23cc40b,1997-07-10T23:53:30Z,1997-07-11T00:28:40Z,40bef2fb-ee47-4089-b99b-1c6bc43fe217,34f0b10a-5e29-31de-a75e-e0bb03c0c0d4,7717172d-3a12-35fe-b11c-374aebcfa831,26aab0cd-6aba-3e1b-ac5b-05c8867e762c,wellness,162673000,General examination of patient (procedure),136.80,1125.36,0.00,,
492bd462-747e-bc6c-d75e-d88e2bd052d3,2000-07-13T23:53:30Z,2000-07-14T00:25:14Z,40bef2fb-ee47-4089-b99b-1c6bc43fe217,34f0b10a-5e29-31de-a75e-e0bb03c0c0d4,7717172d-3a12-35fe-b11c-374aebcfa831,26aab0cd-6aba-3e1b-ac5b-05c8867e762c,wellness,162673000,General examination of patient (procedure),136.80,1344.51,0.00,,
c73d45ce-91fa-d83d-6798-8508bb410620,2025-05-14T20:34:04Z,2025-05-14T22:34:04Z,b0fc3374-c40b-8591-0cc4-d6ffc383e5a4,a079d416-e8fe-3286-8ef3-6d289d7b5ad9,fab8ee36-fe8b-31ad-8f13-5536087eb358,734afbd6-4794-363b-9bc0-6a3981533ed5,ambulatory,185347001,Encounter for problem (procedure),85.55,535.87,428.70,431857002,Chronic kidney disease stage 4 (disorder)
e36677df-6fbd-9df4-be1e-06a97331d0be,2005-08-11T23:53:30Z,2005-08-12T00:40:59Z,40bef2fb-ee47-4089-b99b-1c6bc43fe217,34f0b10a-5e29-31de-a75e-e0bb03c0c0d4,7717172d-3a12-35fe-b11c-374aebcfa831,26aab0cd-6aba-3e1b-ac5b-05c8867e762c,wellness,162673000,General examination of patient (procedure),136.80,1075.86,0.00,,
136d31b4-35f8-40a1-8cd6-7195679fbcec,2008-08-28T23:53:30Z,2008-08-29T00:44:38Z,40bef2fb-ee47-4089-b99b-1c6bc43fe217,34f0b10a-5e29-31de-a75e-e0bb03c0c0d4,7717172d-3a12-35fe-b11c-374aebcfa831,26aab0cd-6aba-3e1b-ac5b-05c8867e762c,wellness,162673000,General examination of patient (procedure),136.80,873.32,0.00,,
162f8111-ba33-2e99-81d8-476a6baf38e1,2011-08-18T23:53:30Z,2011-08-19T00:40:34Z,40bef2fb-ee47-4089-b99b-1c6bc43fe217,a2cc09de-c1e2-3126-8c09-d49f95225281,577f859f-79ff-353d-8054-823676f97661,26aab0cd-6aba-3e1b-ac5b-05c8867e762c,outpatient,185349003,Encounter for check up (procedure),85.55,740.69,0.00,,
233589c6-c317-3a84-7c83-0d4aa0a88eb6,2025-05-17T22:34:04Z,2025-05-18T02:01:04Z,b0fc3374-c40b-8591-0cc4-d6ffc383e5a4,a079d416-e8fe-3286-8ef3-6d289d7b5ad9,fab8ee36-fe8b-31ad-8f13-5536087eb358,734afbd6-4794-363b-9bc0-6a3981533ed5,ambulatory,185347001,Encounter for problem (procedure),85.55,788.35,630.68,431857002,Chronic kidney disease stage 4 (disorder)
b0a433c4-39ab-3938-e8df-19c7ca7c7637,2014-02-01T23:53:30Z,2014-02-02T00:08:30Z,40bef2fb-ee47-4089-b99b-1c6bc43fe217,a2cc09de-c1e2-3126-8c09-d49f95225281,577f859f-79ff-353d-8054-823676f97661,26aab0cd-6aba-3e1b-ac5b-05c8867e762c,outpatient,185347001,Encounter for problem (procedure),85.55,85.55,0.00,82423001,Chronic pain (finding)
48345fb5-e80f-c308-fdee-d1a0210a9f3a,2025-05-02T09:48:38Z,2025-05-02T10:08:07Z,fa8ebd26-039c-07a4-2810-447bb8e48f3e,b8421363-9807-3b16-a146-95336eea5cfb,2b3ab230-9106-3268-9739-60e28d974da7,e03e23c9-4df1-3eb6-a62d-f70f02301496,ambulatory,185349003,Encounter for check up (procedure),85.55,1376.51,0.00,103697008,Patient referral for dental care (procedure)
528b0d26-f82d-4384-5956-05a1871af887,2025-05-16T09:48:38Z,2025-05-16T10:24:53Z,fa8ebd26-039c-07a4-2810-447bb8e48f3e,b8421363-9807-3b16-a146-95336eea5cfb,2b3ab230-9106-3268-9739-60e28d974da7,e03e23c9-4df1-3eb6-a62d-f70f02301496,outpatient,185349003,Encounter for check up (procedure),85.55,802.11,0.00,,
c3ad7ccd-7d7e-3994-c355-0ac2a6950e5d,2014-04-03T08:47:33Z,2014-04-03T09:02:33Z,40bef2fb-ee47-4089-b99b-1c6bc43fe217,19a3afba-b409-3650-a0ab-f3faf6e391ef,8f4b687c-7466-3d60-b6fc-a313369440b4,26aab0cd-6aba-3e1b-ac5b-05c8867e762c,ambulatory,390906007,Follow-up encounter (procedure),85.55,85.55,51.33,82423001,Chronic pain (finding)
5e99e9d5-5dfc-7ce2-9a95-7319779fcb30,2014-08-01T08:47:33Z,2014-08-01T09:02:33Z,40bef2fb-ee47-4089-b99b-1c6bc43fe217,19a3afba-b409-3650-a0ab-f3faf6e391ef,8f4b687c-7466-3d60-b6fc-a313369440b4,26aab0cd-6aba-3e1b-ac5b-05c8867e762c,ambulatory,390906007,Follow-up encounter (procedure),85.55,85.55,0.00,82423001,Chronic pain (finding)
1ee6fe24-9040-ab7f-1e24-682dc9ca6df0,2025-05-21T02:01:04Z,2025-05-21T05:23:04Z,b0fc3374-c40b-8591-0cc4-d6ffc383e5a4,a079d416-e8fe-3286-8ef3-6d289d7b5ad9,fab8ee36-fe8b-31ad-8f13-5536087eb358,734afbd6-4794-363b-9bc0-6a3981533ed5,ambulatory,185347001,Encounter for problem (procedure),85.55,535.87,428.70,431857002,Chronic kidney disease stage 4 (disorder)
e305dc3a-c9d5-1bf4-9088-2d0ed205d878,2018-10-18T23:53:30Z,2018-10-19T00:39:50Z,40bef2fb-ee47-4089-b99b-1c6bc43fe217,121b0ad1-1beb-3caa-9271-3d3f726bb727,8aef6b1f-14b0-3d54-8fc0-8a29e1ce6df6,a735bf55-83e9-331a-899d-a82a60b9f60c,urgentcare,702927004,Urgent care clinic (environment),142.58,797.72,638.16,,
b1bd06ad-7c54-12ad-0a0a-069385448cdd,2021-03-04T23:53:30Z,2021-03-05T00:38:49Z,40bef2fb-ee47-4089-b99b-1c6bc43fe217,121b0ad1-1beb-3caa-9271-3d3f726bb727,8aef6b1f-14b0-3d54-8fc0-8a29e1ce6df6,a735bf55-83e9-331a-899d-a82a60b9f60c,urgentcare,702927004,Urgent care clinic (environment),142.58,933.72,746.96,,
264476bf-ccc7-21b4-cf41-f5e3be791512,2025-05-30T09:48:38Z,2025-05-30T10:47:28Z,fa8ebd26-039c-07a4-2810-447bb8e48f3e,01bb7b5c-f850-3c4e-a3f1-442d8273559a,e173ff88-7662-3f48-941f-7e61bd4ff31e,e03e23c9-4df1-3eb6-a62d-f70f02301496,wellness,162673000,General examination of patient (procedure),136.80,717.36,0.00,,
2a1cf9e0-47c3-a400-4044-2d56c9aa19dc,2025-05-24T05:23:04Z,2025-05-24T07:50:04Z,b0fc3374-c40b-8591-0cc4-d6ffc383e5a4,a079d416-e8fe-3286-8ef3-6d289d7b5ad9,fab8ee36-fe8b-31ad-8f13-5536087eb358,734afbd6-4794-363b-9bc0-6a3981533ed5,ambulatory,185347001,Encounter for problem (procedure),85.55,711.55,569.24,431857002,Chronic kidney disease stage 4 (disorder)
98e1bfd3-4405-3989-414e-81428cca861b,2022-12-22T23:53:30Z,2022-12-23T00:40:21Z,40bef2fb-ee47-4089-b99b-1c6bc43fe217,a2cc09de-c1e2-3126-8c09-d49f95225281,577f859f-79ff-353d-8054-823676f97661,a735bf55-83e9-331a-899d-a82a60b9f60c,outpatient,185349003,Encounter for check up (procedure),85.55,740.69,592.54,,
265ce7c2-86df-c6ca-40a4-4af0e7cd6d84,2025-06-13T09:48:38Z,2025-06-13T10:40:31Z,fa8ebd26-039c-07a4-2810-447bb8e48f3e,7a3b8310-02eb-3c47-aa1b-3f55b3ed9de9,244055e0-08d1-3bd2-9e9d-cda820b8a709,e03e23c9-4df1-3eb6-a62d-f70f02301496,urgentcare,702927004,Urgent care clinic (environment),142.58,723.14,0.00,,
ee707c85-d5cf-fa2d-51de-e6759d18365f,2025-05-27T07:50:04Z,2025-05-27T10:00:04Z,b0fc3374-c40b-8591-0cc4-d6ffc383e5a4,a079d416-e8fe-3286-8ef3-6d289d7b5ad9,fab8ee36-fe8b-31ad-8f13-5536087eb358,734afbd6-4794-363b-9bc0-6a3981533ed5,ambulatory,185347001,Encounter for problem (procedure),85.55,535.87,428.70,431857002,Chronic kidney disease stage 4 (disorder)
deac7502-ce2d-e4fd-c4ec-2f8fca0c9b76,2023-03-09T23:53:30Z,2023-03-10T00:53:30Z,40bef2fb-ee47-4089-b99b-1c6bc43fe217,6d16a8e3-3569-38ab-afac-a2f8c1125085,b79c077e-a3de-36ae-b60c-962d8f1cf51c,a735bf55-83e9-331a-899d-a82a60b9f60c,emergency,50849002,Emergency room admission (procedure),146.18,1102.18,881.73,,
f43d1255-cfe0-de18-4da1-ca545edea690,2025-05-30T10:00:04Z,2025-05-30T13:41:04Z,b0fc3374-c40b-8591-0cc4-d6ffc383e5a4,a079d416-e8fe-3286-8ef3-6d289d7b5ad9,fab8ee36-fe8b-31ad-8f13-5536087eb358,734afbd6-4794-363b-9bc0-6a3981533ed5,ambulatory,185347001,Encounter for problem (procedure),85.55,535.87,428.70,431857002,Chronic kidney disease stage 4 (disorder)
1b8a9dc0-3a90-22f5-840b-b0655d882f9e,2025-06-20T09:48:38Z,2025-06-20T10:36:06Z,fa8ebd26-039c-07a4-2810-447bb8e48f3e,b8421363-9807-3b16-a146-95336eea5cfb,2b3ab230-9106-3268-9739-60e28d974da7,e03e23c9-4df1-3eb6-a62d-f70f02301496,ambulatory,185349003,Encounter for check up (procedure),85.55,548.48,0.00,103697008,Patient referral for dental care (procedure)
21063784-b7a7-9e5b-b84d-eabaa0d1a07a,2025-07-18T09:48:38Z,2025-07-18T10:22:24Z,fa8ebd26-039c-07a4-2810-447bb8e48f3e,7a3b8310-02eb-3c47-aa1b-3f55b3ed9de9,244055e0-08d1-3bd2-9e9d-cda820b8a709,e03e23c9-4df1-3eb6-a62d-f70f02301496,urgentcare,702927004,Urgent care clinic (environment),142.58,868.16,0.00,,
1c9d251e-ed5b-bc64-3a16-b9df385be312,2025-06-02T13:41:04Z,2025-06-02T15:46:04Z,b0fc3374-c40b-8591-0cc4-d6ffc383e5a4,a079d416-e8fe-3286-8ef3-6d289d7b5ad9,fab8ee36-fe8b-31ad-8f13-5536087eb358,734afbd6-4794-363b-9bc0-6a3981533ed5,ambulatory,185347001,Encounter for problem (procedure),85.55,817.02,653.62,431857002,Chronic kidney disease stage 4 (disorder)
b410f31b-977d-c7cc-d906-7e7c0ac4dfb5,2025-06-05T15:46:04Z,2025-06-05T18:16:04Z,b0fc3374-c40b-8591-0cc4-d6ffc383e5a4,a079d416-e8fe-3286-8ef3-6d289d7b5ad9,fab8ee36-fe8b-31ad-8f13-5536087eb358,734afbd6-4794-363b-9bc0-6a3981533ed5,ambulatory,185347001,Encounter for problem (procedure),85.55,535.87,428.70,431857002,Chronic kidney disease stage 4 (disorder)
4725d635-0163-8bdc-2904-3b2933216e6d,2025-06-08T18:16:04Z,2025-06-08T22:07:04Z,b0fc3374-c40b-8591-0cc4-d6ffc383e5a4,a079d416-e8fe-3286-8ef3-6d289d7b5ad9,fab8ee36-fe8b-31ad-8f13-5536087eb358,734afbd6-4794-363b-9bc0-6a3981533ed5,ambulatory,185347001,Encounter for problem (procedure),85.55,535.87,428.70,431857002,Chronic kidney disease stage 4 (disorder)
b237ad3a-9f27-9a43-9e50-74e4cc8e6d7d,2023-03-16T23:53:30Z,2023-03-17T00:08:30Z,40bef2fb-ee47-4089-b99b-1c6bc43fe217,121b0ad1-1beb-3caa-9271-3d3f726bb727,8aef6b1f-14b0-3d54-8fc0-8a29e1ce6df6,a735bf55-83e9-331a-899d-a82a60b9f60c,urgentcare,702927004,Urgent care clinic (environment),142.58,507.44,405.94,,
57cd5575-14de-af61-5d7c-fd90f36fc05a,2025-08-01T09:48:38Z,2025-08-01T10:19:22Z,fa8ebd26-039c-07a4-2810-447bb8e48f3e,b8421363-9807-3b16-a146-95336eea5cfb,2b3ab230-9106-3268-9739-60e28d974da7,e03e23c9-4df1-3eb6-a62d-f70f02301496,ambulatory,185349003,Encounter for check up (procedure),85.55,176.80,0.00,103697008,Patient referral for dental care (procedure)
716ec4f4-72e8-34b3-7922-15586290007f,2025-08-15T09:48:38Z,2025-08-15T10:34:58Z,fa8ebd26-039c-07a4-2810-447bb8e48f3e,b8421363-9807-3b16-a146-95336eea5cfb,2b3ab230-9106-3268-9739-60e28d974da7,e03e23c9-4df1-3eb6-a62d-f70f02301496,outpatient,185349003,Encounter for check up (procedure),85.55,740.69,0.00,,
e63f1bc5-9e10-51e3-7e6c-50aec16e27cb,2025-06-08T22:07:04Z,2025-06-08T22:22:04Z,b0fc3374-c40b-8591-0cc4-d6ffc383e5a4,a079d416-e8fe-3286-8ef3-6d289d7b5ad9,fab8ee36-fe8b-31ad-8f13-5536087eb358,734afbd6-4794-363b-9bc0-6a3981533ed5,ambulatory,185347001,Encounter for problem (procedure),85.55,234.71,187.76,431857002,Chronic kidney disease stage 4 (disorder)
4f9221c1-e788-affa-2bb6-ad9caa709655,2025-06-11T22:07:04Z,2025-06-12T00:27:04Z,b0fc3374-c40b-8591-0cc4-d6ffc383e5a4,a079d416-e8fe-3286-8ef3-6d289d7b5ad9,fab8ee36-fe8b-31ad-8f13-5536087eb358,734afbd6-4794-363b-9bc0-6a3981533ed5,ambulatory,185347001,Encounter for problem (procedure),85.55,1791.03,1432.82,431857002,Chronic kidney disease stage 4 (disorder)
21cb3b6f-5c7e-a2a3-1be7-f8a97d0979f0,2025-06-15T00:27:04Z,2025-06-15T02:56:04Z,b0fc3374-c40b-8591-0cc4-d6ffc383e5a4,a079d416-e8fe-3286-8ef3-6d289d7b5ad9,fab8ee36-fe8b-31ad-8f13-5536087eb358,734afbd6-4794-363b-9bc0-6a3981533ed5,ambulatory,185347001,Encounter for problem (procedure),85.55,537.46,429.97,431857002,Chronic kidney disease stage 4 (disorder)
542706ae-4035-1e05-184b-7090354431d1,2023-03-23T23:53:30Z,2023-03-24T00:53:30Z,40bef2fb-ee47-4089-b99b-1c6bc43fe217,6d16a8e3-3569-38ab-afac-a2f8c1125085,b79c077e-a3de-36ae-b60c-962d8f1cf51c,a735bf55-83e9-331a-899d-a82a60b9f60c,emergency,50849002,Emergency room admission (procedure),146.18,801.32,641.04,,
07fd481a-ec65-7a17-8809-c6501dbdbffc,2025-08-29T09:48:38Z,2025-08-29T10:43:01Z,fa8ebd26-039c-07a4-2810-447bb8e48f3e,b8421363-9807-3b16-a146-95336eea5cfb,2b3ab230-9106-3268-9739-60e28d974da7,e03e23c9-4df1-3eb6-a62d-f70f02301496,ambulatory,185349003,Encounter for check up (procedure),85.55,94.16,0.00,66383009,Gingivitis (disorder)
50b5e229-fb90-7aba-8d0a-b9374f39893d,2025-09-12T09:48:38Z,2025-09-12T10:26:14Z,fa8ebd26-039c-07a4-2810-447bb8e48f3e,b8421363-9807-3b16-a146-95336eea5cfb,2b3ab230-9106-3268-9739-60e28d974da7,e03e23c9-4df1-3eb6-a62d-f70f02301496,outpatient,185349003,Encounter for check up (procedure),85.55,956.39,0.00,,
ad68eaef-5dcf-ed08-6366-1d71601e71a7,2025-06-18T02:56:04Z,2025-06-18T05:49:04Z,b0fc3374-c40b-8591-0cc4-d6ffc383e5a4,a079d416-e8fe-3286-8ef3-6d289d7b5ad9,fab8ee36-fe8b-31ad-8f13-5536087eb358,734afbd6-4794-363b-9bc0-6a3981533ed5,ambulatory,185347001,Encounter for problem (procedure),85.55,535.87,428.70,431857002,Chronic kidney disease stage 4 (disorder)
7e806db9-04a7-4521-ace6-45f14cfcf8d3,2025-06-21T05:49:04Z,2025-06-21T08:52:04Z,b0fc3374-c40b-8591-0cc4-d6ffc383e5a4,a079d416-e8fe-3286-8ef3-6d289d7b5ad9,fab8ee36-fe8b-31ad-8f13-5536087eb358,734afbd6-4794-363b-9bc0-6a3981533ed5,ambulatory,185347001,Encounter for problem (procedure),85.55,1457.64,1166.11,431857002,Chronic kidney disease stage 4 (disorder)
57a26aa3-5132-bb8f-69bb-9d470fddf43e,2025-10-05T11:14:03Z,2025-10-17T11:14:03Z,fa8ebd26-039c-07a4-2810-447bb8e48f3e,b8421363-9807-3b16-a146-95336eea5cfb,2b3ab230-9106-3268-9739-60e28d974da7,e03e23c9-4df1-3eb6-a62d-f70f02301496,inpatient,56876005,Drug rehabilitation and detoxification,146.18,146.18,0.00,6525002,Dependent drug abuse (disorder)
0c27af07-53a7-bf66-e873-2f80427de3e4,2025-10-31T09:48:38Z,2025-10-31T10:23:36Z,fa8ebd26-039c-07a4-2810-447bb8e48f3e,7a3b8310-02eb-3c47-aa1b-3f55b3ed9de9,244055e0-08d1-3bd2-9e9d-cda820b8a709,e03e23c9-4df1-3eb6-a62d-f70f02301496,urgentcare,702927004,Urgent care clinic (environment),142.58,797.72,0.00,,
4874c0e7-5488-cfaa-0931-8d905d4b9f6b,2025-07-01T02:48:04Z,2025-07-01T03:21:36Z,b0fc3374-c40b-8591-0cc4-d6ffc383e5a4,a079d416-e8fe-3286-8ef3-6d289d7b5ad9,fab8ee36-fe8b-31ad-8f13-5536087eb358,734afbd6-4794-363b-9bc0-6a3981533ed5,wellness,162673000,General examination of patient (procedure),136.80,1002.52,802.00,,
9982a54e-9b06-d04b-b37e-0cdc02eac4ff,2023-03-30T23:53:30Z,2023-03-31T00:53:30Z,40bef2fb-ee47-4089-b99b-1c6bc43fe217,6d16a8e3-3569-38ab-afac-a2f8c1125085,b79c077e-a3de-36ae-b60c-962d8f1cf51c,a735bf55-83e9-331a-899d-a82a60b9f60c,emergency,50849002,Emergency room admission (procedure),146.18,511.04,408.82,,
5628f6f0-c95d-57ae-ff8c-455c698622c5,2025-11-14T09:48:38Z,2025-11-14T10:20:21Z,fa8ebd26-039c-07a4-2810-447bb8e48f3e,b8421363-9807-3b16-a146-95336eea5cfb,2b3ab230-9106-3268-9739-60e28d974da7,e03e23c9-4df1-3eb6-a62d-f70f02301496,outpatient,185349003,Encounter for check up (procedure),85.55,740.69,0.00,,
1b1aee46-37d1-eb74-efaa-9d78551afc02,2025-11-21T09:48:38Z,2025-11-21T10:25:39Z,fa8ebd26-039c-07a4-2810-447bb8e48f3e,b8421363-9807-3b16-a146-95336eea5cfb,2b3ab230-9106-3268-9739-60e28d974da7,e03e23c9-4df1-3eb6-a62d-f70f02301496,ambulatory,185349003,Encounter for check up (procedure),85.55,241.49,0.00,66383009,Gingivitis (disorder)
ad73c7f6-5c8a-a86c-d4ce-3033574ba033,2025-11-28T09:48:38Z,2025-11-28T10:49:25Z,fa8ebd26-039c-07a4-2810-447bb8e48f3e,b8421363-9807-3b16-a146-95336eea5cfb,2b3ab230-9106-3268-9739-60e28d974da7,e03e23c9-4df1-3eb6-a62d-f70f02301496,ambulatory,185347001,Encounter for problem (procedure),85.55,516.95,0.00,6525002,Dependent drug abuse (disorder)
78dba14d-fa5d-022e-61a0-039a6d28087a,2023-04-06T23:53:30Z,2023-04-07T00:44:21Z,40bef2fb-ee47-4089-b99b-1c6bc43fe217,121b0ad1-1beb-3caa-9271-3d3f726bb727,8aef6b1f-14b0-3d54-8fc0-8a29e1ce6df6,a735bf55-83e9-331a-899d-a82a60b9f60c,urgentcare,702927004,Urgent care clinic (environment),142.58,797.72,638.16,,
69a99495-034b-d27e-ab06-cf654272ddb4,2025-12-12T09:48:38Z,2025-12-12T10:35:03Z,fa8ebd26-039c-07a4-2810-447bb8e48f3e,b8421363-9807-3b16-a146-95336eea5cfb,2b3ab230-9106-3268-9739-60e28d974da7,e03e23c9-4df1-3eb6-a62d-f70f02301496,outpatient,185349003,Encounter for check up (procedure),85.55,740.69,0.00,,
4f8fa785-6a9b-8d1d-b906-b5cd8df64a9f,2025-07-08T02:48:04Z,2025-07-08T06:27:04Z,b0fc3374-c40b-8591-0cc4-d6ffc383e5a4,a079d416-e8fe-3286-8ef3-6d289d7b5ad9,fab8ee36-fe8b-31ad-8f13-5536087eb358,734afbd6-4794-363b-9bc0-6a3981533ed5,ambulatory,185347001,Encounter for problem (procedure),85.55,1464.69,1464.69,431857002,Chronic kidney disease stage 4 (disorder)
707de03e-a468-5a60-dcd8-82fbe7a77e95,2025-07-11T06:27:04Z,2025-07-11T08:55:04Z,b0fc3374-c40b-8591-0cc4-d6ffc383e5a4,a079d416-e8fe-3286-8ef3-6d289d7b5ad9,fab8ee36-fe8b-31ad-8f13-5536087eb358,734afbd6-4794-363b-9bc0-6a3981533ed5,ambulatory,185347001,Encounter for problem (procedure),85.55,1791.03,1791.03,431857002,Chronic kidney disease stage 4 (disorder)
8c15da2a-3fb0-dda9-50cb-6d0216d00d64,2025-07-11T08:55:04Z,2025-07-11T09:10:04Z,b0fc3374-c40b-8591-0cc4-d6ffc383e5a4,a079d416-e8fe-3286-8ef3-6d289d7b5ad9,fab8ee36-fe8b-31ad-8f13-5536087eb358,734afbd6-4794-363b-9bc0-6a3981533ed5,ambulatory,185347001,Encounter for problem (procedure),85.55,234.71,234.71,431857002,Chronic kidney disease stage 4 (disorder)
a2d1bc8e-1dc7-d2fd-c636-24cf7fa6b21f,2025-07-14T08:55:04Z,2025-07-14T11:04:04Z,b0fc3374-c40b-8591-0cc4-d6ffc383e5a4,a079d416-e8fe-3286-8ef3-6d289d7b5ad9,fab8ee36-fe8b-31ad-8f13-5536087eb358,734afbd6-4794-363b-9bc0-6a3981533ed5,ambulatory,185347001,Encounter for problem (procedure),85.55,535.87,535.87,431857002,Chronic kidney disease stage 4 (disorder)
9d66635e-041c-22e2-a064-0c9b31436c54,2025-07-15T02:48:04Z,2025-07-15T03:25:53Z,b0fc3374-c40b-8591-0cc4-d6ffc383e5a4,a079d416-e8fe-3286-8ef3-6d289d7b5ad9,fab8ee36-fe8b-31ad-8f13-5536087eb358,734afbd6-4794-363b-9bc0-6a3981533ed5,ambulatory,185347001,Encounter for problem (procedure),85.55,666.11,666.11,431857002,Chronic kidney disease stage 4 (disorder)
7ce1185f-657a-bfee-7ab7-c4a9c44d175e,2023-04-13T23:53:30Z,2023-04-14T00:08:30Z,40bef2fb-ee47-4089-b99b-1c6bc43fe217,a2cc09de-c1e2-3126-8c09-d49f95225281,577f859f-79ff-353d-8054-823676f97661,a735bf55-83e9-331a-899d-a82a60b9f60c,outpatient,185349003,Encounter for check up (procedure),85.55,234.71,187.76,,
b1d1d450-bb9e-92a5-bfe3-29bc816d4752,2025-07-22T02:48:04Z,2025-07-22T03:03:04Z,b0fc3374-c40b-8591-0cc4-d6ffc383e5a4,a079d416-e8fe-3286-8ef3-6d289d7b5ad9,fab8ee36-fe8b-31ad-8f13-5536087eb358,734afbd6-4794-363b-9bc0-6a3981533ed5,ambulatory,390906007,Follow-up encounter,85.55,234.71,234.71,55822004,Hyperlipidemia
5e834e82-148b-dae6-f182-d10fbbb2cfc9,2023-04-20T23:53:30Z,2023-04-21T00:53:30Z,40bef2fb-ee47-4089-b99b-1c6bc43fe217,6d16a8e3-3569-38ab-afac-a2f8c1125085,b79c077e-a3de-36ae-b60c-962d8f1cf51c,a735bf55-83e9-331a-899d-a82a60b9f60c,emergency,50849002,Emergency room admission (procedure),146.18,1230.25,984.18,,
02527921-89f3-0bc2-1921-c0c4c0bef7c4,2025-07-29T02:48:04Z,2025-07-29T03:16:47Z,b0fc3374-c40b-8591-0cc4-d6ffc383e5a4,a079d416-e8fe-3286-8ef3-6d289d7b5ad9,fab8ee36-fe8b-31ad-8f13-5536087eb358,734afbd6-4794-363b-9bc0-6a3981533ed5,ambulatory,185349003,Encounter for check up (procedure),85.55,87.42,87.42,66383009,Gingivitis (disorder)
cf9ca5a5-82b1-3245-ffbf-e4f9ef239247,2025-08-05T02:48:04Z,2025-08-05T06:09:04Z,b0fc3374-c40b-8591-0cc4-d6ffc383e5a4,a079d416-e8fe-3286-8ef3-6d289d7b5ad9,fab8ee36-fe8b-31ad-8f13-5536087eb358,734afbd6-4794-363b-9bc0-6a3981533ed5,ambulatory,185347001,Encounter for problem (procedure),85.55,1020.85,1020.85,431857002,Chronic kidney disease stage 4 (disorder)
7ac79d85-066d-5790-5e25-6910cce61647,2025-08-08T06:09:04Z,2025-08-08T08:34:04Z,b0fc3374-c40b-8591-0cc4-d6ffc383e5a4,a079d416-e8fe-3286-8ef3-6d289d7b5ad9,fab8ee36-fe8b-31ad-8f13-5536087eb358,734afbd6-4794-363b-9bc0-6a3981533ed5,ambulatory,185347001,Encounter for problem (procedure),85.55,535.87,535.87,431857002,Chronic kidney disease stage 4 (disorder)
e03a9a97-dd5e-5bf4-6d93-90a5dac12ba9,2025-08-11T08:34:04Z,2025-08-11T12:29:04Z,b0fc3374-c40b-8591-0cc4-d6ffc383e5a4,a079d416-e8fe-3286-8ef3-6d289d7b5ad9,fab8ee36-fe8b-31ad-8f13-5536087eb358,734afbd6-4794-363b-9bc0-6a3981533ed5,ambulatory,185347001,Encounter for problem (procedure),85.55,535.87,535.87,431857002,Chronic kidney disease stage 4 (disorder)
650e54e9-74ea-eb2f-4447-097ad9e6bd5a,2025-08-11T12:29:04Z,2025-08-11T12:44:04Z,b0fc3374-c40b-8591-0cc4-d6ffc383e5a4,a079d416-e8fe-3286-8ef3-6d289d7b5ad9,fab8ee36-fe8b-31ad-8f13-5536087eb358,734afbd6-4794-363b-9bc0-6a3981533ed5,ambulatory,185347001,Encounter for problem (procedure),85.55,234.71,234.71,431857002,Chronic kidney disease stage 4 (disorder)
6693e116-6ac7-13dc-d199-eedc49a89da8,2025-08-14T12:29:04Z,2025-08-14T15:55:04Z,b0fc3374-c40b-8591-0cc4-d6ffc383e5a4,a079d416-e8fe-3286-8ef3-6d289d7b5ad9,fab8ee36-fe8b-31ad-8f13-5536087eb358,734afbd6-4794-363b-9bc0-6a3981533ed5,ambulatory,185347001,Encounter for problem (procedure),85.55,704.26,704.26,431857002,Chronic kidney disease stage 4 (disorder)
d3cdaf81-f187-9586-de76-f6e32abd6569,2025-08-17T15:55:04Z,2025-08-17T19:07:04Z,b0fc3374-c40b-8591-0cc4-d6ffc383e5a4,a079d416-e8fe-3286-8ef3-6d289d7b5ad9,fab8ee36-fe8b-31ad-8f13-5536087eb358,734afbd6-4794-363b-9bc0-6a3981533ed5,ambulatory,185347001,Encounter for problem (procedure),85.55,1791.03,1791.03,431857002,Chronic kidney disease stage 4 (disorder)
5c6256aa-f739-ef5a-780e-ec6154f3c783,2025-08-20T19:07:04Z,2025-08-20T22:31:04Z,b0fc3374-c40b-8591-0cc4-d6ffc383e5a4,a079d416-e8fe-3286-8ef3-6d289d7b5ad9,fab8ee36-fe8b-31ad-8f13-5536087eb358,734afbd6-4794-363b-9bc0-6a3981533ed5,ambulatory,185347001,Encounter for problem (procedure),85.55,1123.86,1123.86,431857002,Chronic kidney disease stage 4 (disorder)
edfe5822-3c25-c2d8-cf77-bfca2196dd18,2023-04-27T23:53:30Z,2023-04-28T00:08:30Z,40bef2fb-ee47-4089-b99b-1c6bc43fe217,121b0ad1-1beb-3caa-9271-3d3f726bb727,8aef6b1f-14b0-3d54-8fc0-8a29e1ce6df6,a735bf55-83e9-331a-899d-a82a60b9f60c,urgentcare,702927004,Urgent care clinic (environment),142.58,546.92,437.52,,
70af32a1-2f67-46f6-33df-1f69aea1f95c,2025-08-23T22:31:04Z,2025-08-24T00:50:04Z,b0fc3374-c40b-8591-0cc4-d6ffc383e5a4,a079d416-e8fe-3286-8ef3-6d289d7b5ad9,fab8ee36-fe8b-31ad-8f13-5536087eb358,734afbd6-4794-363b-9bc0-6a3981533ed5,ambulatory,185347001,Encounter for problem (procedure),85.55,1791.03,1791.03,431857002,Chronic kidney disease stage 4 (disorder)
97f96e83-3b8a-4ed0-e3e6-b54202a5f974,2025-08-27T00:50:04Z,2025-08-27T04:37:04Z,b0fc3374-c40b-8591-0cc4-d6ffc383e5a4,a079d416-e8fe-3286-8ef3-6d289d7b5ad9,fab8ee36-fe8b-31ad-8f13-5536087eb358,734afbd6-4794-363b-9bc0-6a3981533ed5,ambulatory,185347001,Encounter for problem (procedure),85.55,1131.93,1131.93,431857002,Chronic kidney disease stage 4 (disorder)
31e3e8a9-7279-3f6e-20c6-520e2b0c9614,2025-08-30T04:37:04Z,2025-08-30T07:47:04Z,b0fc3374-c40b-8591-0cc4-d6ffc383e5a4,a079d416-e8fe-3286-8ef3-6d289d7b5ad9,fab8ee36-fe8b-31ad-8f13-5536087eb358,734afbd6-4794-363b-9bc0-6a3981533ed5,ambulatory,185347001,Encounter for problem (procedure),85.55,665.42,665.42,431857002,Chronic kidney disease stage 4 (disorder)
516c87c0-5b66-f26e-72a3-5ec694516f53,2025-09-02T07:47:04Z,2025-09-02T10:03:04Z,b0fc3374-c40b-8591-0cc4-d6ffc383e5a4,a079d416-e8fe-3286-8ef3-6d289d7b5ad9,fab8ee36-fe8b-31ad-8f13-5536087eb358,734afbd6-4794-363b-9bc0-6a3981533ed5,ambulatory,185347001,Encounter for problem (procedure),85.55,535.87,535.87,431857002,Chronic kidney disease stage 4 (disorder)
0789fcba-8c26-9723-ba23-6d8e79050a6d,2025-09-05T10:03:04Z,2025-09-05T12:25:04Z,b0fc3374-c40b-8591-0cc4-d6ffc383e5a4,a079d416-e8fe-3286-8ef3-6d289d7b5ad9,fab8ee36-fe8b-31ad-8f13-5536087eb358,734afbd6-4794-363b-9bc0-6a3981533ed5,ambulatory,185347001,Encounter for problem (procedure),85.55,703.52,703.52,431857002,Chronic kidney disease stage 4 (disorder)
f7ec5a4b-e9e5-912d-5408-e8d5c571cd1e,2025-09-08T12:25:04Z,2025-09-08T15:17:04Z,b0fc3374-c40b-8591-0cc4-d6ffc383e5a4,a079d416-e8fe-3286-8ef3-6d289d7b5ad9,fab8ee36-fe8b-31ad-8f13-5536087eb358,734afbd6-4794-363b-9bc0-6a3981533ed5,ambulatory,185347001,Encounter for problem (procedure),85.55,612.39,612.39,431857002,Chronic kidney disease stage 4 (disorder)
453db45b-01bc-c8a1-d26f-af4f6a7e28db,2023-05-04T23:53:30Z,2023-05-05T00:41:40Z,40bef2fb-ee47-4089-b99b-1c6bc43fe217,121b0ad1-1beb-3caa-9271-3d3f726bb727,8aef6b1f-14b0-3d54-8fc0-8a29e1ce6df6,a735bf55-83e9-331a-899d-a82a60b9f60c,urgentcare,702927004,Urgent care clinic (environment),142.58,797.72,638.16,,
d65d2fde-c37c-4bc2-2f4b-c79845bc0c9a,2025-09-11T15:17:04Z,2025-09-11T19:01:04Z,b0fc3374-c40b-8591-0cc4-d6ffc383e5a4,a079d416-e8fe-3286-8ef3-6d289d7b5ad9,fab8ee36-fe8b-31ad-8f13-5536087eb358,734afbd6-4794-363b-9bc0-6a3981533ed5,ambulatory,185347001,Encounter for problem (procedure),85.55,995.71,995.71,431857002,Chronic kidney disease stage 4 (disorder)
4f4073e6-c1d0-7405-5eb9-de8822385f0f,2025-09-11T19:01:04Z,2025-09-11T19:16:04Z,b0fc3374-c40b-8591-0cc4-d6ffc383e5a4,a079d416-e8fe-3286-8ef3-6d289d7b5ad9,fab8ee36-fe8b-31ad-8f13-5536087eb358,734afbd6-4794-363b-9bc0-6a3981533ed5,ambulatory,185347001,Encounter for problem (procedure),85.55,234.71,234.71,431857002,Chronic kidney disease stage 4 (disorder)
50c069e3-3b79-ea1a-2725-c5b6ee056ded,2025-09-14T19:01:04Z,2025-09-14T21:46:04Z,b0fc3374-c40b-8591-0cc4-d6ffc383e5a4,a079d416-e8fe-3286-8ef3-6d289d7b5ad9,fab8ee36-fe8b-31ad-8f13-5536087eb358,734afbd6-4794-363b-9bc0-6a3981533ed5,ambulatory,185347001,Encounter for problem (procedure),85.55,1334.99,1334.99,431857002,Chronic kidney disease stage 4 (disorder)
5c5cbce0-53bb-b479-d10b-e552b95c5ac4,2025-09-17T21:46:04Z,2025-09-18T01:16:04Z,b0fc3374-c40b-8591-0cc4-d6ffc383e5a4,a079d416-e8fe-3286-8ef3-6d289d7b5ad9,fab8ee36-fe8b-31ad-8f13-5536087eb358,734afbd6-4794-363b-9bc0-6a3981533ed5,ambulatory,185347001,Encounter for problem (procedure),85.55,1791.03,1791.03,431857002,Chronic kidney disease stage 4 (disorder)
60e96c6c-b344-b471-f0e9-886d95d3ccdf,2025-09-21T01:16:04Z,2025-09-21T04:16:04Z,b0fc3374-c40b-8591-0cc4-d6ffc383e5a4,a079d416-e8fe-3286-8ef3-6d289d7b5ad9,fab8ee36-fe8b-31ad-8f13-5536087eb358,734afbd6-4794-363b-9bc0-6a3981533ed5,ambulatory,185347001,Encounter for problem (procedure),85.55,546.30,546.30,431857002,Chronic kidney disease stage 4 (disorder)
503b3e8b-5d00-6996-3961-2bbe6a40c489,2025-09-24T04:16:04Z,2025-09-24T06:20:04Z,b0fc3374-c40b-8591-0cc4-d6ffc383e5a4,a079d416-e8fe-3286-8ef3-6d289d7b5ad9,fab8ee36-fe8b-31ad-8f13-5536087eb358,734afbd6-4794-363b-9bc0-6a3981533ed5,ambulatory,185347001,Encounter for problem (procedure),85.55,1182.34,1182.34,431857002,Chronic kidney disease stage 4 (disorder)
1ea2f6a3-4267-f9ad-81dd-c93455005bf0,2025-09-27T06:20:04Z,2025-09-27T09:55:04Z,b0fc3374-c40b-8591-0cc4-d6ffc383e5a4,a079d416-e8fe-3286-8ef3-6d289d7b5ad9,fab8ee36-fe8b-31ad-8f13-5536087eb358,734afbd6-4794-363b-9bc0-6a3981533ed5,ambulatory,185347001,Encounter for problem (procedure),85.55,535.87,535.87,431857002,Chronic kidney disease stage 4 (disorder)
dba62059-6139-81e8-c041-500be15d1787,2025-09-30T09:55:04Z,2025-09-30T13:50:04Z,b0fc3374-c40b-8591-0cc4-d6ffc383e5a4,a079d416-e8fe-3286-8ef3-6d289d7b5ad9,fab8ee36-fe8b-31ad-8f13-5536087eb358,734afbd6-4794-363b-9bc0-6a3981533ed5,ambulatory,185347001,Encounter for problem (procedure),85.55,535.87,535.87,431857002,Chronic kidney disease stage 4 (disorder)
8b8dd1d7-03c6-4b09-4dae-8845049b74fc,2023-05-11T23:53:30Z,2023-05-12T00:08:30Z,40bef2fb-ee47-4089-b99b-1c6bc43fe217,121b0ad1-1beb-3caa-9271-3d3f726bb727,8aef6b1f-14b0-3d54-8fc0-8a29e1ce6df6,a735bf55-83e9-331a-899d-a82a60b9f60c,urgentcare,702927004,Urgent care clinic (environment),142.58,507.44,405.94,,
b9f42c3d-a655-346b-2bdc-c37380fa0ec8,2025-10-03T13:50:04Z,2025-10-03T17:35:04Z,b0fc3374-c40b-8591-0cc4-d6ffc383e5a4,a079d416-e8fe-3286-8ef3-6d289d7b5ad9,fab8ee36-fe8b-31ad-8f13-5536087eb358,734afbd6-4794-363b-9bc0-6a3981533ed5,ambulatory,185347001,Encounter for problem (procedure),85.55,535.87,535.87,431857002,Chronic kidney disease stage 4 (disorder)
b594c0d2-893f-1223-7bb1-1041b5cad741,2025-10-06T17:35:04Z,2025-10-06T20:11:04Z,b0fc3374-c40b-8591-0cc4-d6ffc383e5a4,a079d416-e8fe-3286-8ef3-6d289d7b5ad9,fab8ee36-fe8b-31ad-8f13-5536087eb358,734afbd6-4794-363b-9bc0-6a3981533ed5,ambulatory,185347001,Encounter for problem (procedure),85.55,1021.11,1021.11,431857002,Chronic kidney disease stage 4 (disorder)
4e9fa866-e174-baab-57f0-14467f46055c,2025-10-09T20:11:04Z,2025-10-09T23:40:04Z,b0fc3374-c40b-8591-0cc4-d6ffc383e5a4,a079d416-e8fe-3286-8ef3-6d289d7b5ad9,fab8ee36-fe8b-31ad-8f13-5536087eb358,734afbd6-4794-363b-9bc0-6a3981533ed5,ambulatory,185347001,Encounter for problem (procedure),85.55,535.87,0.00,431857002,Chronic kidney disease stage 4 (disorder)
3718826a-7296-fabe-3401-50fa70acd6bd,2025-10-12T23:40:04Z,2025-10-13T03:07:04Z,b0fc3374-c40b-8591-0cc4-d6ffc383e5a4,a079d416-e8fe-3286-8ef3-6d289d7b5ad9,fab8ee36-fe8b-31ad-8f13-5536087eb358,734afbd6-4794-363b-9bc0-6a3981533ed5,ambulatory,185347001,Encounter for problem (procedure),85.55,1524.64,529.34,431857002,Chronic kidney disease stage 4 (disorder)
ca6baa7a-ca9e-c3e2-d67c-8a62719429cf,2025-10-13T03:07:04Z,2025-10-13T03:22:04Z,b0fc3374-c40b-8591-0cc4-d6ffc383e5a4,a079d416-e8fe-3286-8ef3-6d289d7b5ad9,fab8ee36-fe8b-31ad-8f13-5536087eb358,734afbd6-4794-363b-9bc0-6a3981533ed5,ambulatory,185347001,Encounter for problem (procedure),85.55,234.71,187.76,431857002,Chronic kidney disease stage 4 (disorder)
acb955ae-cbd1-e37b-0dbe-9bc4136ea726,2023-05-18T23:53:30Z,2023-05-19T00:52:34Z,40bef2fb-ee47-4089-b99b-1c6bc43fe217,121b0ad1-1beb-3caa-9271-3d3f726bb727,8aef6b1f-14b0-3d54-8fc0-8a29e1ce6df6,a735bf55-83e9-331a-899d-a82a60b9f60c,urgentcare,702927004,Urgent care clinic (environment),142.58,797.72,638.16,,
cb24db49-f0a9-b81e-6ac5-f588a997a8f8,2025-10-16T03:07:04Z,2025-10-16T06:47:04Z,b0fc3374-c40b-8591-0cc4-d6ffc383e5a4,a079d416-e8fe-3286-8ef3-6d289d7b5ad9,fab8ee36-fe8b-31ad-8f13-5536087eb358,734afbd6-4794-363b-9bc0-6a3981533ed5,ambulatory,185347001,Encounter for problem (procedure),85.55,720.20,576.16,431857002,Chronic kidney disease stage 4 (disorder)
9d958a3d-0e03-f50d-59f4-a457a7f555f5,2025-10-19T06:47:04Z,2025-10-19T09:30:04Z,b0fc3374-c40b-8591-0cc4-d6ffc383e5a4,a079d416-e8fe-3286-8ef3-6d289d7b5ad9,fab8ee36-fe8b-31ad-8f13-5536087eb358,734afbd6-4794-363b-9bc0-6a3981533ed5,ambulatory,185347001,Encounter for problem (procedure),85.55,535.87,428.70,431857002,Chronic kidney disease stage 4 (disorder)
f542bb53-7f88-b934-1d67-5584aa61397c,2025-10-22T09:30:04Z,2025-10-22T12:14:04Z,b0fc3374-c40b-8591-0cc4-d6ffc383e5a4,a079d416-e8fe-3286-8ef3-6d289d7b5ad9,fab8ee36-fe8b-31ad-8f13-5536087eb358,734afbd6-4794-363b-9bc0-6a3981533ed5,ambulatory,185347001,Encounter for problem (procedure),85.55,535.87,428.70,431857002,Chronic kidney disease stage 4 (disorder)
940a0cdf-88ff-8bb9-8b14-8ad9d3548b14,2025-10-25T12:14:04Z,2025-10-25T14:22:04Z,b0fc3374-c40b-8591-0cc4-d6ffc383e5a4,a079d416-e8fe-3286-8ef3-6d289d7b5ad9,fab8ee36-fe8b-31ad-8f13-5536087eb358,734afbd6-4794-363b-9bc0-6a3981533ed5,ambulatory,185347001,Encounter for problem (procedure),85.55,1392.27,1113.82,431857002,Chronic kidney disease stage 4 (disorder)
e713167d-7bbb-c422-625c-48f6e8da1908,2025-10-28T14:22:04Z,2025-10-28T17:19:04Z,b0fc3374-c40b-8591-0cc4-d6ffc383e5a4,a079d416-e8fe-3286-8ef3-6d289d7b5ad9,fab8ee36-fe8b-31ad-8f13-5536087eb358,734afbd6-4794-363b-9bc0-6a3981533ed5,ambulatory,185347001,Encounter for problem (procedure),85.55,1367.45,1093.96,431857002,Chronic kidney disease stage 4 (disorder)
c3c5b8e1-ed75-60dd-4486-eca61f616b38,2023-05-25T23:53:30Z,2023-05-26T00:08:30Z,40bef2fb-ee47-4089-b99b-1c6bc43fe217,121b0ad1-1beb-3caa-9271-3d3f726bb727,8aef6b1f-14b0-3d54-8fc0-8a29e1ce6df6,a735bf55-83e9-331a-899d-a82a60b9f60c,urgentcare,702927004,Urgent care clinic (environment),142.58,291.74,233.38,,
c19f14f1-954d-8e22-b8c9-3e52616d93bf,1929-10-19T01:40:18Z,1929-10-19T01:55:18Z,beaac03f-cf1c-3505-9eae-d1dba7abfcf0,a6964d47-8af0-3df2-b99d-d8414eb1cfa3,1e7e6183-8666-3962-99a3-2f0f98b9df7e,df166300-5a78-3502-a46a-832842197811,ambulatory,185345009,Encounter for symptom,85.55,92.93,14.03,75498004,Acute bacterial sinusitis (disorder)
52a31df4-eab0-8b5b-18b9-e07f203d85a1,2025-10-31T17:19:04Z,2025-10-31T20:55:04Z,b0fc3374-c40b-8591-0cc4-d6ffc383e5a4,a079d416-e8fe-3286-8ef3-6d289d7b5ad9,fab8ee36-fe8b-31ad-8f13-5536087eb358,734afbd6-4794-363b-9bc0-6a3981533ed5,ambulatory,185347001,Encounter for problem (procedure),85.55,535.87,428.70,431857002,Chronic kidney disease stage 4 (disorder)
b58012c9-182d-a3ef-dec9-d5d87a4723fb,1941-03-12T16:40:18Z,1941-03-12T18:05:18Z,beaac03f-cf1c-3505-9eae-d1dba7abfcf0,d9b71ccf-6649-3555-9e99-44eac0af257f,34922409-94c7-325c-bf31-779939af18f5,df166300-5a78-3502-a46a-832842197811,emergency,50849002,Emergency room admission (procedure),146.18,1008.98,958.98,125605004,Fracture of bone (disorder)
eb52d106-c943-a3d0-82cb-cc504f16359f,1943-02-10T16:40:18Z,1943-02-10T17:39:03Z,beaac03f-cf1c-3505-9eae-d1dba7abfcf0,4705a8fd-19cd-32c1-8b3e-34bcfe84d0bd,95e71205-f63b-3e56-adf3-99bc2c9f4550,df166300-5a78-3502-a46a-832842197811,wellness,162673000,General examination of patient (procedure),136.80,928.92,778.92,,
c416d54b-4d04-a55e-c7d5-d78aefa20395,1943-02-17T16:40:18Z,1943-02-17T17:55:02Z,beaac03f-cf1c-3505-9eae-d1dba7abfcf0,a6964d47-8af0-3df2-b99d-d8414eb1cfa3,1e7e6183-8666-3962-99a3-2f0f98b9df7e,df166300-5a78-3502-a46a-832842197811,ambulatory,185347001,Encounter for problem,85.55,1599.50,1549.50,271737000,Anemia (disorder)
c207e99f-adb1-7414-014c-7da53247d0cc,2025-11-03T20:55:04Z,2025-11-04T00:52:04Z,b0fc3374-c40b-8591-0cc4-d6ffc383e5a4,a079d416-e8fe-3286-8ef3-6d289d7b5ad9,fab8ee36-fe8b-31ad-8f13-5536087eb358,734afbd6-4794-363b-9bc0-6a3981533ed5,ambulatory,185347001,Encounter for problem (procedure),85.55,535.87,428.70,431857002,Chronic kidney disease stage 4 (disorder)
9167336b-2df0-9c67-e9a5-50525833c1d1,1951-01-07T16:40:18Z,1951-01-07T16:55:18Z,beaac03f-cf1c-3505-9eae-d1dba7abfcf0,a6964d47-8af0-3df2-b99d-d8414eb1cfa3,1e7e6183-8666-3962-99a3-2f0f98b9df7e,df166300-5a78-3502-a46a-832842197811,ambulatory,424619006,Prenatal visit,142.58,1005.38,955.38,35999006,Blighted ovum
ef53431d-de19-3274-77cf-8f48a6f3b107,2023-06-01T23:53:30Z,2023-06-02T00:26:33Z,40bef2fb-ee47-4089-b99b-1c6bc43fe217,121b0ad1-1beb-3caa-9271-3d3f726bb727,8aef6b1f-14b0-3d54-8fc0-8a29e1ce6df6,a735bf55-83e9-331a-899d-a82a60b9f60c,urgentcare,702927004,Urgent care clinic (environment),142.58,1197.85,958.26,,
2b17704d-9c33-3ef8-9b7c-9dbf9474ba73,1962-12-26T16:40:18Z,1962-12-26T17:40:18Z,beaac03f-cf1c-3505-9eae-d1dba7abfcf0,d9b71ccf-6649-3555-9e99-44eac0af257f,34922409-94c7-325c-bf31-779939af18f5,df166300-5a78-3502-a46a-832842197811,emergency,50849002,Emergency room admission (procedure),146.18,4356.39,4206.39,,
cdc52a91-3082-eb0b-75cf-532ab0117e32,1965-12-29T16:40:18Z,1965-12-29T17:16:22Z,beaac03f-cf1c-3505-9eae-d1dba7abfcf0,4705a8fd-19cd-32c1-8b3e-34bcfe84d0bd,95e71205-f63b-3e56-adf3-99bc2c9f4550,d18ef2e6-ef40-324c-be54-34a5ee865625,wellness,162673000,General examination of patient (procedure),136.80,4835.79,4800.79,,
f2ce08da-63a3-c768-3a24-c8c355249ec5,2025-11-07T00:52:04Z,2025-11-07T04:42:04Z,b0fc3374-c40b-8591-0cc4-d6ffc383e5a4,a079d416-e8fe-3286-8ef3-6d289d7b5ad9,fab8ee36-fe8b-31ad-8f13-5536087eb358,734afbd6-4794-363b-9bc0-6a3981533ed5,ambulatory,185347001,Encounter for problem (procedure),85.55,680.06,544.05,431857002,Chronic kidney disease stage 4 (disorder)
3295b7d1-a780-b25f-0afe-c48ac664d26f,1967-01-04T16:40:18Z,1967-01-04T17:20:46Z,beaac03f-cf1c-3505-9eae-d1dba7abfcf0,4705a8fd-19cd-32c1-8b3e-34bcfe84d0bd,95e71205-f63b-3e56-adf3-99bc2c9f4550,d18ef2e6-ef40-324c-be54-34a5ee865625,wellness,162673000,General examination of patient (procedure),136.80,4131.31,4096.31,,
87a4be9b-ce3f-ca4d-931e-d612f06b0b44,1972-02-16T16:40:18Z,1972-02-16T21:59:35Z,beaac03f-cf1c-3505-9eae-d1dba7abfcf0,a6964d47-8af0-3df2-b99d-d8414eb1cfa3,1e7e6183-8666-3962-99a3-2f0f98b9df7e,d18ef2e6-ef40-324c-be54-34a5ee865625,ambulatory,185349003,Encounter for check up (procedure),85.55,1746.51,1711.51,,
14655855-4e31-1787-bd23-e96c0a6b07ec,1974-11-13T16:40:18Z,1974-11-13T23:33:29Z,beaac03f-cf1c-3505-9eae-d1dba7abfcf0,a6964d47-8af0-3df2-b99d-d8414eb1cfa3,1e7e6183-8666-3962-99a3-2f0f98b9df7e,df166300-5a78-3502-a46a-832842197811,ambulatory,185349003,Encounter for check up (procedure),85.55,2382.64,2332.64,,
34eb644b-3a74-37a0-a32d-92552c59b7f6,1981-03-25T16:40:18Z,1981-03-25T17:25:13Z,beaac03f-cf1c-3505-9eae-d1dba7abfcf0,4705a8fd-19cd-32c1-8b3e-34bcfe84d0bd,95e71205-f63b-3e56-adf3-99bc2c9f4550,df166300-5a78-3502-a46a-832842197811,wellness,162673000,General examination of patient (procedure),136.80,9092.36,9042.36,,
913951f7-4c80-8190-303d-17a7808fd7a9,2025-11-10T04:42:04Z,2025-11-10T06:53:04Z,b0fc3374-c40b-8591-0cc4-d6ffc383e5a4,a079d416-e8fe-3286-8ef3-6d289d7b5ad9,fab8ee36-fe8b-31ad-8f13-5536087eb358,734afbd6-4794-363b-9bc0-6a3981533ed5,ambulatory,185347001,Encounter for problem (procedure),85.55,535.87,428.70,431857002,Chronic kidney disease stage 4 (disorder)
b9981e3d-cc67-1d0c-3c8b-c2a481bfe464,1982-03-31T16:40:18Z,1982-03-31T17:29:37Z,beaac03f-cf1c-3505-9eae-d1dba7abfcf0,4705a8fd-19cd-32c1-8b3e-34bcfe84d0bd,95e71205-f63b-3e56-adf3-99bc2c9f4550,d18ef2e6-ef40-324c-be54-34a5ee865625,wellness,162673000,General examination of patient (procedure),136.80,7760.42,7725.42,,
a0908814-0a88-6fed-95e4-43e20e7cf95b,1983-04-06T16:40:18Z,1983-04-06T17:27:26Z,beaac03f-cf1c-3505-9eae-d1dba7abfcf0,4705a8fd-19cd-32c1-8b3e-34bcfe84d0bd,95e71205-f63b-3e56-adf3-99bc2c9f4550,a735bf55-83e9-331a-899d-a82a60b9f60c,wellness,162673000,General examination of patient (procedure),136.80,8764.63,7011.69,,
294f6135-d393-4754-0bae-c170a1b22032,1983-04-20T16:40:18Z,1983-04-20T16:55:18Z,beaac03f-cf1c-3505-9eae-d1dba7abfcf0,a6964d47-8af0-3df2-b99d-d8414eb1cfa3,1e7e6183-8666-3962-99a3-2f0f98b9df7e,a735bf55-83e9-331a-899d-a82a60b9f60c,ambulatory,185349003,Encounter for check up (procedure),85.55,105.98,84.78,,
667a149c-6093-b66b-eeaf-b003d02e4130,2025-11-13T06:53:04Z,2025-11-13T10:45:04Z,b0fc3374-c40b-8591-0cc4-d6ffc383e5a4,a079d416-e8fe-3286-8ef3-6d289d7b5ad9,fab8ee36-fe8b-31ad-8f13-5536087eb358,734afbd6-4794-363b-9bc0-6a3981533ed5,ambulatory,185347001,Encounter for problem (procedure),85.55,535.87,428.70,431857002,Chronic kidney disease stage 4 (disorder)
f156a4cc-7c58-3b82-0cc5-321ed86b18f3,1984-04-11T16:40:18Z,1984-04-11T17:24:37Z,beaac03f-cf1c-3505-9eae-d1dba7abfcf0,4705a8fd-19cd-32c1-8b3e-34bcfe84d0bd,95e71205-f63b-3e56-adf3-99bc2c9f4550,d18ef2e6-ef40-324c-be54-34a5ee865625,wellness,162673000,General examination of patient (procedure),136.80,4212.69,4177.69,,
e216f163-e296-907c-ff2b-43b4fd073987,1985-04-17T16:40:18Z,1985-04-17T17:27:28Z,beaac03f-cf1c-3505-9eae-d1dba7abfcf0,4705a8fd-19cd-32c1-8b3e-34bcfe84d0bd,95e71205-f63b-3e56-adf3-99bc2c9f4550,d18ef2e6-ef40-324c-be54-34a5ee865625,wellness,162673000,General examination of patient (procedure),136.80,8013.45,7978.45,,
db3c18a6-25b4-6c42-102f-f77fa685bfed,2025-11-13T10:45:04Z,2025-11-13T11:00:04Z,b0fc3374-c40b-8591-0cc4-d6ffc383e5a4,a079d416-e8fe-3286-8ef3-6d289d7b5ad9,fab8ee36-fe8b-31ad-8f13-5536087eb358,734afbd6-4794-363b-9bc0-6a3981533ed5,ambulatory,185347001,Encounter for problem (procedure),85.55,234.71,187.76,431857002,Chronic kidney disease stage 4 (disorder)
1d8f8fac-8447-6dc8-cf75-b8b8256ef172,2023-06-08T23:53:30Z,2023-06-09T00:08:30Z,40bef2fb-ee47-4089-b99b-1c6bc43fe217,a2cc09de-c1e2-3126-8c09-d49f95225281,577f859f-79ff-353d-8054-823676f97661,a735bf55-83e9-331a-899d-a82a60b9f60c,outpatient,185349003,Encounter for check up (procedure),85.55,234.71,187.76,,
e9b957fe-9d9e-89d6-d6f6-80bf7366f170,2025-11-16T10:45:04Z,2025-11-16T12:51:04Z,b0fc3374-c40b-8591-0cc4-d6ffc383e5a4,a079d416-e8fe-3286-8ef3-6d289d7b5ad9,fab8ee36-fe8b-31ad-8f13-5536087eb358,734afbd6-4794-363b-9bc0-6a3981533ed5,ambulatory,185347001,Encounter for problem (procedure),85.55,1791.03,1432.82,431857002,Chronic kidney disease stage 4 (disorder)
624df23a-1f3c-ff39-34bc-bb559a54bb06,1986-04-23T16:40:18Z,1986-04-23T17:13:19Z,beaac03f-cf1c-3505-9eae-d1dba7abfcf0,4705a8fd-19cd-32c1-8b3e-34bcfe84d0bd,95e71205-f63b-3e56-adf3-99bc2c9f4550,a735bf55-83e9-331a-899d-a82a60b9f60c,wellness,162673000,General examination of patient (procedure),136.80,13508.08,10806.46,,
a93f59b3-7e83-3958-2e56-fe050d3ad431,2025-11-19T12:51:04Z,2025-11-19T16:38:04Z,b0fc3374-c40b-8591-0cc4-d6ffc383e5a4,a079d416-e8fe-3286-8ef3-6d289d7b5ad9,fab8ee36-fe8b-31ad-8f13-5536087eb358,734afbd6-4794-363b-9bc0-6a3981533ed5,ambulatory,185347001,Encounter for problem (procedure),85.55,535.87,428.70,431857002,Chronic kidney disease stage 4 (disorder)
df2c9793-ec11-20e4-36e1-2483a2b0dfeb,2023-06-15T23:53:30Z,2023-06-16T00:09:25Z,40bef2fb-ee47-4089-b99b-1c6bc43fe217,19a3afba-b409-3650-a0ab-f3faf6e391ef,8f4b687c-7466-3d60-b6fc-a313369440b4,a735bf55-83e9-331a-899d-a82a60b9f60c,ambulatory,185345009,Encounter for symptom,85.55,414.87,331.90,10509002,Acute bronchitis (disorder)
d1d979c7-43cc-160f-50f0-95b341aab968,2023-06-22T23:53:30Z,2023-06-23T00:31:08Z,40bef2fb-ee47-4089-b99b-1c6bc43fe217,19a3afba-b409-3650-a0ab-f3faf6e391ef,8f4b687c-7466-3d60-b6fc-a313369440b4,a735bf55-83e9-331a-899d-a82a60b9f60c,ambulatory,185349003,Encounter for check up (procedure),85.55,238.96,191.17,,
f115d8f5-6a17-993c-c668-f40609596d52,2025-11-22T16:38:04Z,2025-11-22T19:24:04Z,b0fc3374-c40b-8591-0cc4-d6ffc383e5a4,a079d416-e8fe-3286-8ef3-6d289d7b5ad9,fab8ee36-fe8b-31ad-8f13-5536087eb358,734afbd6-4794-363b-9bc0-6a3981533ed5,ambulatory,185347001,Encounter for problem (procedure),85.55,535.87,428.70,431857002,Chronic kidney disease stage 4 (disorder)
c8827edb-43eb-0502-834e-123ec8cf3cd0,2023-06-29T23:53:30Z,2023-06-30T00:28:48Z,40bef2fb-ee47-4089-b99b-1c6bc43fe217,19a3afba-b409-3650-a0ab-f3faf6e391ef,8f4b687c-7466-3d60-b6fc-a313369440b4,a735bf55-83e9-331a-899d-a82a60b9f60c,ambulatory,185345009,Encounter for symptom (procedure),85.55,948.35,758.68,39898005,Sleep disorder (disorder)
6298a13d-0ba1-22be-46d0-5d4b93882341,2023-07-20T00:28:48Z,2023-07-20T01:21:01Z,40bef2fb-ee47-4089-b99b-1c6bc43fe217,19a3afba-b409-3650-a0ab-f3faf6e391ef,8f4b687c-7466-3d60-b6fc-a313369440b4,a735bf55-83e9-331a-899d-a82a60b9f60c,ambulatory,185345009,Encounter for symptom (procedure),85.55,948.35,758.68,39898005,Sleep disorder (disorder)
8d36353d-3dc8-89c6-3e56-be78288b6d33,1987-04-29T16:40:18Z,1987-04-29T17:23:41Z,beaac03f-cf1c-3505-9eae-d1dba7abfcf0,4705a8fd-19cd-32c1-8b3e-34bcfe84d0bd,95e71205-f63b-3e56-adf3-99bc2c9f4550,df166300-5a78-3502-a46a-832842197811,wellness,162673000,General examination of patient (procedure),136.80,14944.47,14877.11,,
062ca2c4-14d7-cee0-ddfa-cf45b2fc4673,2025-11-25T19:24:04Z,2025-11-25T21:27:04Z,b0fc3374-c40b-8591-0cc4-d6ffc383e5a4,a079d416-e8fe-3286-8ef3-6d289d7b5ad9,fab8ee36-fe8b-31ad-8f13-5536087eb358,734afbd6-4794-363b-9bc0-6a3981533ed5,ambulatory,185347001,Encounter for problem (procedure),85.55,795.98,636.78,431857002,Chronic kidney disease stage 4 (disorder)
c8e9d37b-7dab-f674-520b-8595dbb9f0e0,2023-08-03T01:21:01Z,2023-08-04T01:21:01Z,40bef2fb-ee47-4089-b99b-1c6bc43fe217,d0894f6b-78d7-338d-82ad-b63de4d40014,06c075c2-c733-3de3-a271-a0e2d5889ba4,a735bf55-83e9-331a-899d-a82a60b9f60c,inpatient,185347001,Encounter for problem (procedure),87.71,978.94,783.15,39898005,Sleep disorder (disorder)
f6b1dcad-5b4c-12e1-dc57-bb7bdff5ac73,2025-11-28T21:27:04Z,2025-11-29T00:34:04Z,b0fc3374-c40b-8591-0cc4-d6ffc383e5a4,a079d416-e8fe-3286-8ef3-6d289d7b5ad9,fab8ee36-fe8b-31ad-8f13-5536087eb358,734afbd6-4794-363b-9bc0-6a3981533ed5,ambulatory,185347001,Encounter for problem (procedure),85.55,1791.03,1432.82,431857002,Chronic kidney disease stage 4 (disorder)
c289be07-1db8-3aa4-1cb2-0ec39e2f245e,2023-10-19T23:53:30Z,2023-10-20T00:26:18Z,40bef2fb-ee47-4089-b99b-1c6bc43fe217,a2cc09de-c1e2-3126-8c09-d49f95225281,577f859f-79ff-353d-8054-823676f97661,a735bf55-83e9-331a-899d-a82a60b9f60c,outpatient,185349003,Encounter for check up (procedure),85.55,1172.09,937.66,,
274db3b1-fa6a-9708-c854-3aca10cff0da,2025-12-02T00:34:04Z,2025-12-02T03:20:04Z,b0fc3374-c40b-8591-0cc4-d6ffc383e5a4,a079d416-e8fe-3286-8ef3-6d289d7b5ad9,fab8ee36-fe8b-31ad-8f13-5536087eb358,734afbd6-4794-363b-9bc0-6a3981533ed5,ambulatory,185347001,Encounter for problem (procedure),85.55,1343.36,1074.69,431857002,Chronic kidney disease stage 4 (disorder)
667b44f2-fcc7-a163-bb58-37d2cf916f96,2025-12-05T03:20:04Z,2025-12-05T06:33:04Z,b0fc3374-c40b-8591-0cc4-d6ffc383e5a4,a079d416-e8fe-3286-8ef3-6d289d7b5ad9,fab8ee36-fe8b-31ad-8f13-5536087eb358,734afbd6-4794-363b-9bc0-6a3981533ed5,ambulatory,185347001,Encounter for problem (procedure),85.55,653.99,523.19,431857002,Chronic kidney disease stage 4 (disorder)
d023164d-1cb6-c249-ec0c-364286dccc46,1987-05-13T16:40:18Z,1987-05-13T17:56:11Z,beaac03f-cf1c-3505-9eae-d1dba7abfcf0,a6964d47-8af0-3df2-b99d-d8414eb1cfa3,1e7e6183-8666-3962-99a3-2f0f98b9df7e,df166300-5a78-3502-a46a-832842197811,ambulatory,185349003,Encounter for check up (procedure),85.55,625.89,575.89,,
dabc199c-0c33-81f9-63b9-ec41b78b3c19,2025-12-08T06:33:04Z,2025-12-08T09:11:04Z,b0fc3374-c40b-8591-0cc4-d6ffc383e5a4,a079d416-e8fe-3286-8ef3-6d289d7b5ad9,fab8ee36-fe8b-31ad-8f13-5536087eb358,734afbd6-4794-363b-9bc0-6a3981533ed5,ambulatory,185347001,Encounter for problem (procedure),85.55,1080.08,864.06,431857002,Chronic kidney disease stage 4 (disorder)
1361fae4-8c30-e944-f8dc-7467ec9ac786,1987-05-20T16:40:18Z,1987-05-20T16:55:18Z,beaac03f-cf1c-3505-9eae-d1dba7abfcf0,a6964d47-8af0-3df2-b99d-d8414eb1cfa3,1e7e6183-8666-3962-99a3-2f0f98b9df7e,df166300-5a78-3502-a46a-832842197811,ambulatory,185345009,Encounter for symptom,85.55,85.55,35.55,444814009,Viral sinusitis (disorder)
e860b7d2-59cb-d2cb-c874-2de82d25ff8d,1987-05-27T16:40:18Z,1987-05-27T17:17:39Z,beaac03f-cf1c-3505-9eae-d1dba7abfcf0,a6964d47-8af0-3df2-b99d-d8414eb1cfa3,1e7e6183-8666-3962-99a3-2f0f98b9df7e,df166300-5a78-3502-a46a-832842197811,outpatient,185349003,Encounter for check up (procedure),85.55,5883.91,5833.91,,
d980c88d-237d-ee1b-c41d-457180662c8d,2023-11-16T23:53:30Z,2023-11-17T00:40:28Z,40bef2fb-ee47-4089-b99b-1c6bc43fe217,a2cc09de-c1e2-3126-8c09-d49f95225281,577f859f-79ff-353d-8054-823676f97661,a735bf55-83e9-331a-899d-a82a60b9f60c,outpatient,185349003,Encounter for check up (procedure),85.55,1382.67,1106.12,,
6bfe69f5-ad1e-f285-3027-00f10873dc61,2025-12-11T09:11:04Z,2025-12-11T12:09:04Z,b0fc3374-c40b-8591-0cc4-d6ffc383e5a4,a079d416-e8fe-3286-8ef3-6d289d7b5ad9,fab8ee36-fe8b-31ad-8f13-5536087eb358,734afbd6-4794-363b-9bc0-6a3981533ed5,ambulatory,185347001,Encounter for problem (procedure),85.55,1481.32,1185.06,431857002,Chronic kidney disease stage 4 (disorder)
4cdd9d7f-8b0f-3814-7e78-2ba7e0f92322,2025-12-14T12:09:04Z,2025-12-14T15:49:04Z,b0fc3374-c40b-8591-0cc4-d6ffc383e5a4,a079d416-e8fe-3286-8ef3-6d289d7b5ad9,fab8ee36-fe8b-31ad-8f13-5536087eb358,734afbd6-4794-363b-9bc0-6a3981533ed5,ambulatory,185347001,Encounter for problem (procedure),85.55,1791.03,1432.82,431857002,Chronic kidney disease stage 4 (disorder)
71f9aa4c-4613-f555-42f5-762e6c5249a2,2025-12-14T15:49:04Z,2025-12-14T16:04:04Z,b0fc3374-c40b-8591-0cc4-d6ffc383e5a4,a079d416-e8fe-3286-8ef3-6d289d7b5ad9,fab8ee36-fe8b-31ad-8f13-5536087eb358,734afbd6-4794-363b-9bc0-6a3981533ed5,ambulatory,185347001,Encounter for problem (procedure),85.55,234.71,187.76,431857002,Chronic kidney disease stage 4 (disorder)
c272291c-61e1-d706-49d0-a680de4a4e83,1987-06-10T16:40:18Z,1987-06-10T17:28:14Z,beaac03f-cf1c-3505-9eae-d1dba7abfcf0,a6964d47-8af0-3df2-b99d-d8414eb1cfa3,1e7e6183-8666-3962-99a3-2f0f98b9df7e,df166300-5a78-3502-a46a-832842197811,ambulatory,185349003,Encounter for check up (procedure),85.55,442.67,392.67,,
d96b9ca7-c526-b8dd-d9d3-8e0f2a7a7526,2025-12-17T15:49:04Z,2025-12-17T18:08:04Z,b0fc3374-c40b-8591-0cc4-d6ffc383e5a4,a079d416-e8fe-3286-8ef3-6d289d7b5ad9,fab8ee36-fe8b-31ad-8f13-5536087eb358,734afbd6-4794-363b-9bc0-6a3981533ed5,ambulatory,185347001,Encounter for problem (procedure),85.55,535.87,428.70,431857002,Chronic kidney disease stage 4 (disorder)
260e2966-54eb-ef04-80e0-6da69e4fec23,1987-12-30T16:40:18Z,1987-12-30T17:33:30Z,beaac03f-cf1c-3505-9eae-d1dba7abfcf0,a6964d47-8af0-3df2-b99d-d8414eb1cfa3,1e7e6183-8666-3962-99a3-2f0f98b9df7e,d18ef2e6-ef40-324c-be54-34a5ee865625,outpatient,185349003,Encounter for check up (procedure),85.55,6741.63,6706.63,,
e993a68f-76b2-f60b-fb29-c62bcb7be437,2025-12-20T18:08:04Z,2025-12-20T21:34:04Z,b0fc3374-c40b-8591-0cc4-d6ffc383e5a4,a079d416-e8fe-3286-8ef3-6d289d7b5ad9,fab8ee36-fe8b-31ad-8f13-5536087eb358,734afbd6-4794-363b-9bc0-6a3981533ed5,ambulatory,185347001,Encounter for problem (procedure),85.55,1791.03,1432.82,431857002,Chronic kidney disease stage 4 (disorder)
2fd5c257-1c01-4a9d-074d-0725ef2de958,2023-11-23T23:53:30Z,2023-11-24T00:08:30Z,40bef2fb-ee47-4089-b99b-1c6bc43fe217,34f0b10a-5e29-31de-a75e-e0bb03c0c0d4,7717172d-3a12-35fe-b11c-374aebcfa831,a735bf55-83e9-331a-899d-a82a60b9f60c,wellness,162673000,General examination of patient (procedure),136.80,501.66,401.32,,
72ef28cd-68a5-b3c6-a22f-90e46d7fd474,2025-12-23T21:34:04Z,2025-12-24T00:11:04Z,b0fc3374-c40b-8591-0cc4-d6ffc383e5a4,a079d416-e8fe-3286-8ef3-6d289d7b5ad9,fab8ee36-fe8b-31ad-8f13-5536087eb358,734afbd6-4794-363b-9bc0-6a3981533ed5,ambulatory,185347001,Encounter for problem (procedure),85.55,535.87,428.70,431857002,Chronic kidney disease stage 4 (disorder)
6ce99e8a-652a-5c24-59f4-673dc76a8b24,2025-12-27T00:11:04Z,2025-12-27T03:53:04Z,b0fc3374-c40b-8591-0cc4-d6ffc383e5a4,a079d416-e8fe-3286-8ef3-6d289d7b5ad9,fab8ee36-fe8b-31ad-8f13-5536087eb358,734afbd6-4794-363b-9bc0-6a3981533ed5,ambulatory,185347001,Encounter for problem (procedure),85.55,535.87,428.70,431857002,Chronic kidney disease stage 4 (disorder)
0e05a5f0-5379-09b1-d5ce-57c7ebf06cf6,1988-01-13T16:40:18Z,1988-01-13T17:22:42Z,beaac03f-cf1c-3505-9eae-d1dba7abfcf0,a6964d47-8af0-3df2-b99d-d8414eb1cfa3,1e7e6183-8666-3962-99a3-2f0f98b9df7e,d18ef2e6-ef40-324c-be54-34a5ee865625,outpatient,185349003,Encounter for check up (procedure),85.55,13679.93,13644.93,,
43b26466-a410-a2a0-fa3c-3836d67f22ab,2023-11-30T23:53:30Z,2023-12-01T00:34:53Z,40bef2fb-ee47-4089-b99b-1c6bc43fe217,19a3afba-b409-3650-a0ab-f3faf6e391ef,8f4b687c-7466-3d60-b6fc-a313369440b4,a735bf55-83e9-331a-899d-a82a60b9f60c,ambulatory,185349003,Encounter for check up (procedure),85.55,121.45,97.16,,
13871c2e-91e5-ed1a-2b17-cc65a7ec12cd,2024-04-11T23:53:30Z,2024-04-12T00:32:35Z,40bef2fb-ee47-4089-b99b-1c6bc43fe217,121b0ad1-1beb-3caa-9271-3d3f726bb727,8aef6b1f-14b0-3d54-8fc0-8a29e1ce6df6,a735bf55-83e9-331a-899d-a82a60b9f60c,urgentcare,702927004,Urgent care clinic (environment),142.58,1444.82,1155.84,,
42f5f785-fab2-5159-1276-d345f41aa16a,1988-01-20T16:40:18Z,1988-01-20T17:24:04Z,beaac03f-cf1c-3505-9eae-d1dba7abfcf0,a6964d47-8af0-3df2-b99d-d8414eb1cfa3,1e7e6183-8666-3962-99a3-2f0f98b9df7e,d18ef2e6-ef40-324c-be54-34a5ee865625,ambulatory,185349003,Encounter for check up (procedure),85.55,144.94,109.94,,
c685fe4a-aa73-f666-2ec5-8dcb34e9eef0,1988-02-24T16:40:18Z,1988-02-24T17:12:47Z,beaac03f-cf1c-3505-9eae-d1dba7abfcf0,7b7ce654-a413-37d1-9d34-97240c0ac580,70689406-5000-3e58-982b-fb96061540ac,d18ef2e6-ef40-324c-be54-34a5ee865625,urgentcare,702927004,Urgent care clinic (environment),142.58,15925.20,15890.20,,
82de023c-0186-55a5-94ea-ec9441b19fc8,1988-03-09T16:40:18Z,1988-03-09T17:03:34Z,beaac03f-cf1c-3505-9eae-d1dba7abfcf0,a6964d47-8af0-3df2-b99d-d8414eb1cfa3,1e7e6183-8666-3962-99a3-2f0f98b9df7e,d18ef2e6-ef40-324c-be54-34a5ee865625,ambulatory,185349003,Encounter for check up (procedure),85.55,89.46,54.46,,
f16f51cd-85f1-a1ad-5a09-3c5627912b5e,1988-03-23T16:40:18Z,1988-03-23T17:20:08Z,beaac03f-cf1c-3505-9eae-d1dba7abfcf0,a6964d47-8af0-3df2-b99d-d8414eb1cfa3,1e7e6183-8666-3962-99a3-2f0f98b9df7e,d18ef2e6-ef40-324c-be54-34a5ee865625,outpatient,185349003,Encounter for check up (procedure),85.55,6026.27,5991.27,,
99d22961-9d41-1092-8127-9c8469f0662b,2024-04-25T23:53:30Z,2024-04-26T01:55:10Z,40bef2fb-ee47-4089-b99b-1c6bc43fe217,19a3afba-b409-3650-a0ab-f3faf6e391ef,8f4b687c-7466-3d60-b6fc-a313369440b4,a735bf55-83e9-331a-899d-a82a60b9f60c,ambulatory,185349003,Encounter for check up (procedure),85.55,443.09,354.48,,
1f642a6d-a224-bf4c-e9b4-b1555437977d,2024-06-13T23:53:30Z,2024-06-14T00:46:42Z,40bef2fb-ee47-4089-b99b-1c6bc43fe217,a2cc09de-c1e2-3126-8c09-d49f95225281,577f859f-79ff-353d-8054-823676f97661,a735bf55-83e9-331a-899d-a82a60b9f60c,outpatient,185349003,Encounter for check up (procedure),85.55,1172.09,937.66,,
dba2a7a1-704f-8e27-f414-8e36fbc3b92b,1988-03-30T16:40:18Z,1988-03-30T16:55:18Z,beaac03f-cf1c-3505-9eae-d1dba7abfcf0,a6964d47-8af0-3df2-b99d-d8414eb1cfa3,1e7e6183-8666-3962-99a3-2f0f98b9df7e,d18ef2e6-ef40-324c-be54-34a5ee865625,outpatient,185349003,Encounter for check up (procedure),85.55,5230.01,5195.01,,
182d6425-e110-82fd-31ac-f3b8285edddc,1988-04-06T16:40:18Z,1988-04-06T17:07:18Z,beaac03f-cf1c-3505-9eae-d1dba7abfcf0,a6964d47-8af0-3df2-b99d-d8414eb1cfa3,1e7e6183-8666-3962-99a3-2f0f98b9df7e,d18ef2e6-ef40-324c-be54-34a5ee865625,ambulatory,185349003,Encounter for check up (procedure),85.55,85.88,50.88,,
555a37f9-e4af-dcf7-4bf5-328eba553f26,1988-05-04T16:40:18Z,1988-05-04T17:19:31Z,beaac03f-cf1c-3505-9eae-d1dba7abfcf0,4705a8fd-19cd-32c1-8b3e-34bcfe84d0bd,95e71205-f63b-3e56-adf3-99bc2c9f4550,d18ef2e6-ef40-324c-be54-34a5ee865625,wellness,162673000,General examination of patient (procedure),136.80,16615.42,16580.42,,
cef93f14-71c2-232d-3b98-d1bd4da71e2c,2024-10-10T23:53:30Z,2024-10-11T00:28:48Z,40bef2fb-ee47-4089-b99b-1c6bc43fe217,a2cc09de-c1e2-3126-8c09-d49f95225281,577f859f-79ff-353d-8054-823676f97661,a735bf55-83e9-331a-899d-a82a60b9f60c,outpatient,185349003,Encounter for check up (procedure),85.55,1387.79,1110.22,,
58f961d3-8ec6-776c-08b6-2679a80621c5,1988-06-15T16:40:18Z,1988-06-15T17:36:36Z,beaac03f-cf1c-3505-9eae-d1dba7abfcf0,a6964d47-8af0-3df2-b99d-d8414eb1cfa3,1e7e6183-8666-3962-99a3-2f0f98b9df7e,d18ef2e6-ef40-324c-be54-34a5ee865625,outpatient,185349003,Encounter for check up (procedure),85.55,6384.25,6349.25,,
6ebc8d9b-28b3-e85a-3b00-6f1940ee21a0,2024-10-24T23:53:30Z,2024-10-25T00:11:17Z,40bef2fb-ee47-4089-b99b-1c6bc43fe217,19a3afba-b409-3650-a0ab-f3faf6e391ef,8f4b687c-7466-3d60-b6fc-a313369440b4,a735bf55-83e9-331a-899d-a82a60b9f60c,ambulatory,185349003,Encounter for check up (procedure),85.55,86.83,69.46,,
d094f434-1235-d404-937d-28704818e5e7,2024-11-07T23:53:30Z,2024-11-08T00:51:31Z,40bef2fb-ee47-4089-b99b-1c6bc43fe217,a2cc09de-c1e2-3126-8c09-d49f95225281,577f859f-79ff-353d-8054-823676f97661,a735bf55-83e9-331a-899d-a82a60b9f60c,outpatient,185349003,Encounter for check up (procedure),85.55,1387.79,1110.22,,
5b4ba62a-a60b-b53e-88c0-d6dac2bbc1f6,1988-07-27T16:40:18Z,1988-07-27T17:37:49Z,beaac03f-cf1c-3505-9eae-d1dba7abfcf0,a6964d47-8af0-3df2-b99d-d8414eb1cfa3,1e7e6183-8666-3962-99a3-2f0f98b9df7e,d18ef2e6-ef40-324c-be54-34a5ee865625,outpatient,185349003,Encounter for check up (procedure),85.55,16126.81,16091.81,,
c94d47f0-b1a9-cfdc-1a18-acca209291bf,1988-08-10T16:40:18Z,1988-08-10T17:02:52Z,beaac03f-cf1c-3505-9eae-d1dba7abfcf0,a6964d47-8af0-3df2-b99d-d8414eb1cfa3,1e7e6183-8666-3962-99a3-2f0f98b9df7e,d18ef2e6-ef40-324c-be54-34a5ee865625,ambulatory,185349003,Encounter for check up (procedure),85.55,85.60,50.60,,
f04d564d-312e-0fbe-52f4-ad0470f12429,2024-11-21T23:53:30Z,2024-11-22T00:29:26Z,40bef2fb-ee47-4089-b99b-1c6bc43fe217,19a3afba-b409-3650-a0ab-f3faf6e391ef,8f4b687c-7466-3d60-b6fc-a313369440b4,a735bf55-83e9-331a-899d-a82a60b9f60c,ambulatory,185349003,Encounter for check up (procedure),85.55,99.61,79.69,,
593ab330-65bb-b8fb-e0d9-511337a77bb6,1988-08-24T16:40:18Z,1988-08-24T17:30:43Z,beaac03f-cf1c-3505-9eae-d1dba7abfcf0,a6964d47-8af0-3df2-b99d-d8414eb1cfa3,1e7e6183-8666-3962-99a3-2f0f98b9df7e,d18ef2e6-ef40-324c-be54-34a5ee865625,outpatient,185349003,Encounter for check up (procedure),85.55,5810.57,5775.57,,
1964bea4-5ed5-f8e6-e019-17f3213473a0,2024-12-05T23:53:30Z,2024-12-06T00:42:31Z,40bef2fb-ee47-4089-b99b-1c6bc43fe217,34f0b10a-5e29-31de-a75e-e0bb03c0c0d4,7717172d-3a12-35fe-b11c-374aebcfa831,a735bf55-83e9-331a-899d-a82a60b9f60c,wellness,162673000,General examination of patient (procedure),136.80,1359.34,1087.46,,
8817e26f-9663-8339-0023-08f5dae0a47e,1988-08-31T16:40:18Z,1988-09-09T13:40:18Z,beaac03f-cf1c-3505-9eae-d1dba7abfcf0,f6ba791e-fe68-3596-bef4-60751db6a60e,2d3f06fe-e324-3585-abe6-47ec7a4fa5fd,d18ef2e6-ef40-324c-be54-34a5ee865625,hospice,305336008,Admission to hospice (procedure),137.53,5314.33,5279.33,87433001,Pulmonary emphysema (disorder)
22193ca1-de26-4b34-ade4-730afffd6a0c,1988-09-14T16:40:18Z,1988-09-14T16:55:18Z,beaac03f-cf1c-3505-9eae-d1dba7abfcf0,4705a8fd-19cd-32c1-8b3e-34bcfe84d0bd,95e71205-f63b-3e56-adf3-99bc2c9f4550,d18ef2e6-ef40-324c-be54-34a5ee865625,wellness,308646001,Death Certification,136.80,211.38,176.38,87433001,Pulmonary emphysema (disorder)
225a7a1e-c833-3100-36c3-840254329668,2024-12-12T23:53:30Z,2024-12-13T00:08:30Z,40bef2fb-ee47-4089-b99b-1c6bc43fe217,121b0ad1-1beb-3caa-9271-3d3f726bb727,8aef6b1f-14b0-3d54-8fc0-8a29e1ce6df6,a735bf55-83e9-331a-899d-a82a60b9f60c,urgentcare,702927004,Urgent care clinic (environment),142.58,291.74,233.38,,
1d3d132a-205b-9229-6090-64ed37091f6d,2024-12-19T23:53:30Z,2024-12-20T00:45:05Z,40bef2fb-ee47-4089-b99b-1c6bc43fe217,121b0ad1-1beb-3caa-9271-3d3f726bb727,8aef6b1f-14b0-3d54-8fc0-8a29e1ce6df6,a735bf55-83e9-331a-899d-a82a60b9f60c,urgentcare,702927004,Urgent care clinic (environment),142.58,797.72,638.16,,
ffcd304e-5db6-56e8-21b7-6e36fa0f88a3,2024-12-26T23:53:30Z,2024-12-27T00:08:30Z,40bef2fb-ee47-4089-b99b-1c6bc43fe217,a2cc09de-c1e2-3126-8c09-d49f95225281,577f859f-79ff-353d-8054-823676f97661,a735bf55-83e9-331a-899d-a82a60b9f60c,outpatient,185349003,Encounter for check up (procedure),85.55,1216.66,973.32,,
ec8733f4-e6c6-eaf6-adf5-0d94f1d4f811,2025-01-02T23:53:30Z,2025-01-03T01:59:13Z,40bef2fb-ee47-4089-b99b-1c6bc43fe217,19a3afba-b409-3650-a0ab-f3faf6e391ef,8f4b687c-7466-3d60-b6fc-a313369440b4,a735bf55-83e9-331a-899d-a82a60b9f60c,ambulatory,185349003,Encounter for check up (procedure),85.55,629.61,503.69,,
8de27d68-dea5-84ec-ac9a-05edcdbbfcb3,2025-01-09T23:53:30Z,2025-01-10T00:08:30Z,40bef2fb-ee47-4089-b99b-1c6bc43fe217,19a3afba-b409-3650-a0ab-f3faf6e391ef,8f4b687c-7466-3d60-b6fc-a313369440b4,a735bf55-83e9-331a-899d-a82a60b9f60c,ambulatory,185345009,Encounter for symptom,85.55,85.55,68.44,195662009,Acute viral pharyngitis (disorder)
81a7822c-8348-af0f-592e-5ad185f3530d,2025-01-16T23:53:30Z,2025-01-17T00:49:17Z,40bef2fb-ee47-4089-b99b-1c6bc43fe217,121b0ad1-1beb-3caa-9271-3d3f726bb727,8aef6b1f-14b0-3d54-8fc0-8a29e1ce6df6,a735bf55-83e9-331a-899d-a82a60b9f60c,urgentcare,702927004,Urgent care clinic (environment),142.58,1211.85,969.47,,
9964125b-1724-05fa-591c-cb315d139e6d,2025-01-23T23:53:30Z,2025-01-24T00:22:01Z,40bef2fb-ee47-4089-b99b-1c6bc43fe217,121b0ad1-1beb-3caa-9271-3d3f726bb727,8aef6b1f-14b0-3d54-8fc0-8a29e1ce6df6,a735bf55-83e9-331a-899d-a82a60b9f60c,urgentcare,702927004,Urgent care clinic (environment),142.58,1032.18,825.73,,
b40ae2e5-63a1-8144-849b-604b28cc703d,2025-05-08T23:53:30Z,2025-05-09T00:34:36Z,40bef2fb-ee47-4089-b99b-1c6bc43fe217,19a3afba-b409-3650-a0ab-f3faf6e391ef,8f4b687c-7466-3d60-b6fc-a313369440b4,a735bf55-83e9-331a-899d-a82a60b9f60c,ambulatory,185349003,Encounter for check up,85.55,9971.15,7790.52,275978004,Screening for malignant neoplasm of colon (procedure)
391b39f9-e17b-cb4d-1d5f-8bbbfeaf0d04,2025-06-05T23:53:30Z,2025-06-06T00:37:03Z,40bef2fb-ee47-4089-b99b-1c6bc43fe217,121b0ad1-1beb-3caa-9271-3d3f726bb727,8aef6b1f-14b0-3d54-8fc0-8a29e1ce6df6,a735bf55-83e9-331a-899d-a82a60b9f60c,urgentcare,702927004,Urgent care clinic (environment),142.58,2053.62,1642.88,,
707b7f92-fdfc-e02e-924b-971f78366a60,2025-06-19T23:53:30Z,2025-06-20T00:34:28Z,40bef2fb-ee47-4089-b99b-1c6bc43fe217,19a3afba-b409-3650-a0ab-f3faf6e391ef,8f4b687c-7466-3d60-b6fc-a313369440b4,a735bf55-83e9-331a-899d-a82a60b9f60c,ambulatory,185349003,Encounter for check up (procedure),85.55,85.55,68.44,,
ebbc2d71-e3cd-bd85-4e2f-53e3a1a4ff09,2025-10-09T23:53:30Z,2025-10-10T00:45:08Z,40bef2fb-ee47-4089-b99b-1c6bc43fe217,a2cc09de-c1e2-3126-8c09-d49f95225281,577f859f-79ff-353d-8054-823676f97661,a735bf55-83e9-331a-899d-a82a60b9f60c,outpatient,185349003,Encounter for check up (procedure),85.55,1387.79,1110.22,,
4671227c-5ca3-208d-6f8e-8c91b4d8b7e7,2025-10-23T23:53:30Z,2025-10-24T00:20:27Z,40bef2fb-ee47-4089-b99b-1c6bc43fe217,19a3afba-b409-3650-a0ab-f3faf6e391ef,8f4b687c-7466-3d60-b6fc-a313369440b4,a735bf55-83e9-331a-899d-a82a60b9f60c,ambulatory,185349003,Encounter for check up (procedure),85.55,93.27,74.62,,
defe4420-4d97-758f-6864-4c5da01c1cf2,2025-11-06T23:53:30Z,2025-11-07T00:48:14Z,40bef2fb-ee47-4089-b99b-1c6bc43fe217,a2cc09de-c1e2-3126-8c09-d49f95225281,577f859f-79ff-353d-8054-823676f97661,a735bf55-83e9-331a-899d-a82a60b9f60c,outpatient,185349003,Encounter for check up (procedure),85.55,740.69,592.54,,
3501a503-d43c-6206-cce0-79790a47a1f3,2025-11-20T23:53:30Z,2025-11-21T00:29:05Z,40bef2fb-ee47-4089-b99b-1c6bc43fe217,19a3afba-b409-3650-a0ab-f3faf6e391ef,8f4b687c-7466-3d60-b6fc-a313369440b4,a735bf55-83e9-331a-899d-a82a60b9f60c,ambulatory,185349003,Encounter for check up (procedure),85.55,85.60,68.48,,
cb6c44e1-08fd-45d9-b8ea-3099e2fb479a,2025-12-04T23:53:30Z,2025-12-05T00:39:37Z,40bef2fb-ee47-4089-b99b-1c6bc43fe217,121b0ad1-1beb-3caa-9271-3d3f726bb727,8aef6b1f-14b0-3d54-8fc0-8a29e1ce6df6,a735bf55-83e9-331a-899d-a82a60b9f60c,urgentcare,702927004,Urgent care clinic (environment),142.58,1501.12,1200.88,,
a437d6c2-946b-2d75-1a09-dbf8620e2d0d,2025-12-11T23:53:30Z,2025-12-12T00:08:30Z,40bef2fb-ee47-4089-b99b-1c6bc43fe217,34f0b10a-5e29-31de-a75e-e0bb03c0c0d4,7717172d-3a12-35fe-b11c-374aebcfa831,a735bf55-83e9-331a-899d-a82a60b9f60c,wellness,162673000,General examination of patient (procedure),136.80,501.66,401.32,,
2d5274e2-864e-045f-ac5c-d32edc2b9574,2025-12-18T23:53:30Z,2025-12-19T00:46:18Z,40bef2fb-ee47-4089-b99b-1c6bc43fe217,19a3afba-b409-3650-a0ab-f3faf6e391ef,8f4b687c-7466-3d60-b6fc-a313369440b4,a735bf55-83e9-331a-899d-a82a60b9f60c,ambulatory,185349003,Encounter for check up (procedure),85.55,97.80,78.24,,
fd7ba685-20a4-ef81-2176-2f174a668364,1943-02-10T16:40:18Z,1943-02-10T17:34:24Z,ecd26e97-b8db-9816-9345-5a1f5db14984,25c85bcc-7e25-36bc-89e8-08e0d473db23,82a921c3-7aad-3ef1-bc6a-7eee2c0fd2b3,df166300-5a78-3502-a46a-832842197811,wellness,162673000,General examination of patient (procedure),136.80,783.90,633.90,,
cf2e801d-7a53-998f-510a-564e587d16fb,1950-04-02T17:33:31Z,1950-04-03T17:33:31Z,ecd26e97-b8db-9816-9345-5a1f5db14984,a6964d47-8af0-3df2-b99d-d8414eb1cfa3,1e7e6183-8666-3962-99a3-2f0f98b9df7e,df166300-5a78-3502-a46a-832842197811,inpatient,305408004,Admission to surgical department,146.18,13537.81,13487.81,183996000,Sterilization requested (situation)
58910a15-e8e3-a026-49f9-3ad5799238d8,1953-02-25T16:40:18Z,1953-02-25T17:17:43Z,ecd26e97-b8db-9816-9345-5a1f5db14984,25c85bcc-7e25-36bc-89e8-08e0d473db23,82a921c3-7aad-3ef1-bc6a-7eee2c0fd2b3,df166300-5a78-3502-a46a-832842197811,wellness,162673000,General examination of patient (procedure),136.80,778.78,628.78,,
5cef1ce0-3cd7-1b2c-a6af-4e5df70510e5,1954-12-08T16:40:18Z,1954-12-08T17:37:08Z,ecd26e97-b8db-9816-9345-5a1f5db14984,a6964d47-8af0-3df2-b99d-d8414eb1cfa3,1e7e6183-8666-3962-99a3-2f0f98b9df7e,df166300-5a78-3502-a46a-832842197811,outpatient,185349003,Encounter for check up (procedure),85.55,1297.08,1247.08,,
f1c34b48-4edf-2579-1508-ee5420329756,1975-06-07T21:40:18Z,1975-06-07T21:55:18Z,ecd26e97-b8db-9816-9345-5a1f5db14984,a6964d47-8af0-3df2-b99d-d8414eb1cfa3,1e7e6183-8666-3962-99a3-2f0f98b9df7e,df166300-5a78-3502-a46a-832842197811,ambulatory,185345009,Encounter for symptom,85.55,92.93,42.93,36971009,Sinusitis (disorder)
48466f9b-b66a-3b73-6b12-1cddd5e199ea,1980-12-26T17:22:47Z,1980-12-26T19:18:47Z,ecd26e97-b8db-9816-9345-5a1f5db14984,f6ba791e-fe68-3596-bef4-60751db6a60e,2d3f06fe-e324-3585-abe6-47ec7a4fa5fd,df166300-5a78-3502-a46a-832842197811,emergency,50849002,Emergency room admission (procedure),146.18,8272.21,8122.21,125605004,Fracture of bone (disorder)
84703821-c343-2e34-45cc-c2684f0a3376,1984-02-08T16:40:18Z,1984-02-08T17:10:44Z,ecd26e97-b8db-9816-9345-5a1f5db14984,25c85bcc-7e25-36bc-89e8-08e0d473db23,82a921c3-7aad-3ef1-bc6a-7eee2c0fd2b3,df166300-5a78-3502-a46a-832842197811,wellness,162673000,General examination of patient (procedure),136.80,778.78,628.78,,
033af3e8-da76-efee-0db7-c6f5ac2721dd,1986-02-19T16:40:18Z,1986-02-19T17:17:06Z,ecd26e97-b8db-9816-9345-5a1f5db14984,25c85bcc-7e25-36bc-89e8-08e0d473db23,82a921c3-7aad-3ef1-bc6a-7eee2c0fd2b3,df166300-5a78-3502-a46a-832842197811,wellness,162673000,General examination of patient (procedure),136.80,704.20,554.20,,
1951681f-a8cc-a1e2-359d-ba64c97f7957,1987-02-25T16:40:18Z,1987-02-25T17:32:32Z,ecd26e97-b8db-9816-9345-5a1f5db14984,25c85bcc-7e25-36bc-89e8-08e0d473db23,82a921c3-7aad-3ef1-bc6a-7eee2c0fd2b3,df166300-5a78-3502-a46a-832842197811,wellness,162673000,General examination of patient (procedure),136.80,853.36,703.36,,
506b376f-e397-96a5-992f-e737c36b0c27,1987-12-07T16:40:18Z,1987-12-09T08:01:20Z,ecd26e97-b8db-9816-9345-5a1f5db14984,a6964d47-8af0-3df2-b99d-d8414eb1cfa3,1e7e6183-8666-3962-99a3-2f0f98b9df7e,df166300-5a78-3502-a46a-832842197811,ambulatory,185345009,Encounter for symptom (procedure),85.55,4391.69,4341.69,254837009,Malignant neoplasm of breast (disorder)
1c9ae945-413f-f429-69be-6a87f381892e,1988-01-26T02:54:57Z,1988-01-26T05:25:16Z,ecd26e97-b8db-9816-9345-5a1f5db14984,a6964d47-8af0-3df2-b99d-d8414eb1cfa3,1e7e6183-8666-3962-99a3-2f0f98b9df7e,d18ef2e6-ef40-324c-be54-34a5ee865625,ambulatory,185347001,Encounter for problem,85.55,516.95,481.95,254837009,Malignant neoplasm of breast (disorder)
138f45cd-fba5-3afd-7df7-884897c544ba,1988-02-14T06:25:16Z,1988-02-14T09:59:14Z,ecd26e97-b8db-9816-9345-5a1f5db14984,a6964d47-8af0-3df2-b99d-d8414eb1cfa3,1e7e6183-8666-3962-99a3-2f0f98b9df7e,d18ef2e6-ef40-324c-be54-34a5ee865625,ambulatory,185347001,Encounter for problem,85.55,516.95,481.95,254837009,Malignant neoplasm of breast (disorder)
179537ad-fb09-e96a-c846-7ffb618d402d,1988-03-02T16:40:18Z,1988-03-02T17:18:18Z,ecd26e97-b8db-9816-9345-5a1f5db14984,25c85bcc-7e25-36bc-89e8-08e0d473db23,82a921c3-7aad-3ef1-bc6a-7eee2c0fd2b3,d18ef2e6-ef40-324c-be54-34a5ee865625,wellness,162673000,General examination of patient (procedure),136.80,1567.00,1532.00,,
7c6d61aa-373f-7fe4-b128-48f3c954b2e6,1988-03-05T05:59:14Z,1988-03-05T08:33:08Z,ecd26e97-b8db-9816-9345-5a1f5db14984,a6964d47-8af0-3df2-b99d-d8414eb1cfa3,1e7e6183-8666-3962-99a3-2f0f98b9df7e,d18ef2e6-ef40-324c-be54-34a5ee865625,ambulatory,185347001,Encounter for problem,85.55,516.95,481.95,254837009,Malignant neoplasm of breast (disorder)
a5390342-c8a3-a02d-d2c3-00aa0ca98c47,1988-03-26T23:33:08Z,1988-03-27T00:09:11Z,ecd26e97-b8db-9816-9345-5a1f5db14984,a6964d47-8af0-3df2-b99d-d8414eb1cfa3,1e7e6183-8666-3962-99a3-2f0f98b9df7e,d18ef2e6-ef40-324c-be54-34a5ee865625,ambulatory,185347001,Encounter for problem,85.55,516.95,481.95,254837009,Malignant neoplasm of breast (disorder)
fbd14cd4-dce9-1740-3751-9d2287e14df9,1988-04-15T17:09:11Z,1988-04-15T20:31:35Z,ecd26e97-b8db-9816-9345-5a1f5db14984,a6964d47-8af0-3df2-b99d-d8414eb1cfa3,1e7e6183-8666-3962-99a3-2f0f98b9df7e,d18ef2e6-ef40-324c-be54-34a5ee865625,ambulatory,185347001,Encounter for problem,85.55,516.95,481.95,254837009,Malignant neoplasm of breast (disorder)
6e86f5d7-8c57-366b-dc9a-699e47c55ff2,1988-05-06T11:31:35Z,1988-05-06T13:50:29Z,ecd26e97-b8db-9816-9345-5a1f5db14984,a6964d47-8af0-3df2-b99d-d8414eb1cfa3,1e7e6183-8666-3962-99a3-2f0f98b9df7e,d18ef2e6-ef40-324c-be54-34a5ee865625,ambulatory,185347001,Encounter for problem,85.55,516.95,481.95,254837009,Malignant neoplasm of breast (disorder)
f54bb7d0-2e6e-83bd-5172-064040555323,1988-05-07T16:40:18Z,1988-05-07T16:55:18Z,ecd26e97-b8db-9816-9345-5a1f5db14984,a6964d47-8af0-3df2-b99d-d8414eb1cfa3,1e7e6183-8666-3962-99a3-2f0f98b9df7e,d18ef2e6-ef40-324c-be54-34a5ee865625,ambulatory,185347001,Encounter for problem,85.55,85.55,50.55,95417003,Primary fibromyalgia syndrome
a6e1143c-7a4a-6ef6-2a91-6ff56ceb149d,1988-05-20T13:50:29Z,1988-05-22T18:13:51Z,ecd26e97-b8db-9816-9345-5a1f5db14984,a6964d47-8af0-3df2-b99d-d8414eb1cfa3,1e7e6183-8666-3962-99a3-2f0f98b9df7e,d18ef2e6-ef40-324c-be54-34a5ee865625,inpatient,185347001,Encounter for problem,87.71,47170.60,47135.60,254837009,Malignant neoplasm of breast (disorder)
c32311a3-69bf-ac16-eff1-5c58f155d6bf,1988-06-02T03:13:51Z,1988-06-02T03:44:19Z,ecd26e97-b8db-9816-9345-5a1f5db14984,a6964d47-8af0-3df2-b99d-d8414eb1cfa3,1e7e6183-8666-3962-99a3-2f0f98b9df7e,d18ef2e6-ef40-324c-be54-34a5ee865625,ambulatory,185347001,Encounter for problem,85.55,516.95,481.95,254837009,Malignant neoplasm of breast (disorder)
67afb0ff-2326-d04b-ecef-6c01b25cc169,1988-06-03T09:10:19Z,1988-06-03T09:42:05Z,ecd26e97-b8db-9816-9345-5a1f5db14984,a6964d47-8af0-3df2-b99d-d8414eb1cfa3,1e7e6183-8666-3962-99a3-2f0f98b9df7e,d18ef2e6-ef40-324c-be54-34a5ee865625,ambulatory,185347001,Encounter for problem,85.55,516.95,481.95,254837009,Malignant neoplasm of breast (disorder)
6e0076ec-2775-c8db-74e8-b08d3f6467af,1988-06-04T13:44:05Z,1988-06-04T14:15:19Z,ecd26e97-b8db-9816-9345-5a1f5db14984,a6964d47-8af0-3df2-b99d-d8414eb1cfa3,1e7e6183-8666-3962-99a3-2f0f98b9df7e,d18ef2e6-ef40-324c-be54-34a5ee865625,ambulatory,185347001,Encounter for problem,85.55,516.95,481.95,254837009,Malignant neoplasm of breast (disorder)
e490a579-0c47-971e-afc5-03a7e1d07bd2,1988-06-05T21:28:19Z,1988-06-05T21:55:14Z,ecd26e97-b8db-9816-9345-5a1f5db14984,a6964d47-8af0-3df2-b99d-d8414eb1cfa3,1e7e6183-8666-3962-99a3-2f0f98b9df7e,d18ef2e6-ef40-324c-be54-34a5ee865625,ambulatory,185347001,Encounter for problem,85.55,516.95,481.95,254837009,Malignant neoplasm of breast (disorder)
eac9a64b-86c6-d92f-b8a7-f867e1350836,1988-06-07T06:35:14Z,1988-06-07T07:12:42Z,ecd26e97-b8db-9816-9345-5a1f5db14984,a6964d47-8af0-3df2-b99d-d8414eb1cfa3,1e7e6183-8666-3962-99a3-2f0f98b9df7e,d18ef2e6-ef40-324c-be54-34a5ee865625,ambulatory,185347001,Encounter for problem,85.55,516.95,481.95,254837009,Malignant neoplasm of breast (disorder)
2f60ed4d-7a4d-0ff6-fef4-67458d55ff6a,1988-06-08T17:05:42Z,1988-06-08T17:27:47Z,ecd26e97-b8db-9816-9345-5a1f5db14984,a6964d47-8af0-3df2-b99d-d8414eb1cfa3,1e7e6183-8666-3962-99a3-2f0f98b9df7e,d18ef2e6-ef40-324c-be54-34a5ee865625,ambulatory,185347001,Encounter for problem,85.55,516.95,481.95,254837009,Malignant neoplasm of breast (disorder)
9f1f78fc-e15f-3455-084b-1ebf3ecb706b,1988-06-10T02:40:47Z,1988-06-10T02:56:00Z,ecd26e97-b8db-9816-9345-5a1f5db14984,a6964d47-8af0-3df2-b99d-d8414eb1cfa3,1e7e6183-8666-3962-99a3-2f0f98b9df7e,d18ef2e6-ef40-324c-be54-34a5ee865625,ambulatory,185347001,Encounter for problem,85.55,516.95,481.95,254837009,Malignant neoplasm of breast (disorder)
b2a27f08-8d7b-2aae-d665-903983dc953d,1988-06-11T13:33:00Z,1988-06-11T14:06:24Z,ecd26e97-b8db-9816-9345-5a1f5db14984,a6964d47-8af0-3df2-b99d-d8414eb1cfa3,1e7e6183-8666-3962-99a3-2f0f98b9df7e,d18ef2e6-ef40-324c-be54-34a5ee865625,ambulatory,185347001,Encounter for problem,85.55,516.95,481.95,254837009,Malignant neoplasm of breast (disorder)
c9e82219-88a8-6621-a15d-364ddb0f0035,1988-06-13T01:19:24Z,1988-06-13T01:56:24Z,ecd26e97-b8db-9816-9345-5a1f5db14984,a6964d47-8af0-3df2-b99d-d8414eb1cfa3,1e7e6183-8666-3962-99a3-2f0f98b9df7e,d18ef2e6-ef40-324c-be54-34a5ee865625,ambulatory,185347001,Encounter for problem,85.55,516.95,481.95,254837009,Malignant neoplasm of breast (disorder)
38e90580-4010-1191-0678-ba871731378f,1988-06-14T09:34:24Z,1988-06-14T09:49:37Z,ecd26e97-b8db-9816-9345-5a1f5db14984,a6964d47-8af0-3df2-b99d-d8414eb1cfa3,1e7e6183-8666-3962-99a3-2f0f98b9df7e,d18ef2e6-ef40-324c-be54-34a5ee865625,ambulatory,185347001,Encounter for problem,85.55,516.95,481.95,254837009,Malignant neoplasm of breast (disorder)
40d0cba1-5ede-9c26-e209-ee61f326b88d,1988-06-15T15:26:37Z,1988-06-15T15:51:24Z,ecd26e97-b8db-9816-9345-5a1f5db14984,a6964d47-8af0-3df2-b99d-d8414eb1cfa3,1e7e6183-8666-3962-99a3-2f0f98b9df7e,d18ef2e6-ef40-324c-be54-34a5ee865625,ambulatory,185347001,Encounter for problem,85.55,516.95,481.95,254837009,Malignant neoplasm of breast (disorder)
0b97f35f-e275-1282-ad22-7b18d3575de3,1988-06-16T16:13:24Z,1988-06-16T16:39:44Z,ecd26e97-b8db-9816-9345-5a1f5db14984,a6964d47-8af0-3df2-b99d-d8414eb1cfa3,1e7e6183-8666-3962-99a3-2f0f98b9df7e,d18ef2e6-ef40-324c-be54-34a5ee865625,ambulatory,185347001,Encounter for problem,85.55,516.95,481.95,254837009,Malignant neoplasm of breast (disorder)
8a26c7b5-efb6-e368-22c6-8829aaa06287,1988-06-18T00:46:44Z,1988-06-18T01:09:33Z,ecd26e97-b8db-9816-9345-5a1f5db14984,a6964d47-8af0-3df2-b99d-d8414eb1cfa3,1e7e6183-8666-3962-99a3-2f0f98b9df7e,d18ef2e6-ef40-324c-be54-34a5ee865625,ambulatory,185347001,Encounter for problem,85.55,516.95,481.95,254837009,Malignant neoplasm of breast (disorder)
c342b153-18b2-04f7-f8c2-66d6a6487c81,1988-06-19T13:03:33Z,1988-06-19T13:40:44Z,ecd26e97-b8db-9816-9345-5a1f5db14984,a6964d47-8af0-3df2-b99d-d8414eb1cfa3,1e7e6183-8666-3962-99a3-2f0f98b9df7e,d18ef2e6-ef40-324c-be54-34a5ee865625,ambulatory,185347001,Encounter for problem,85.55,516.95,481.95,254837009,Malignant neoplasm of breast (disorder)
ecdeeefa-fe68-4762-e8c8-8158105533a3,1988-06-20T14:36:44Z,1988-06-20T14:59:03Z,ecd26e97-b8db-9816-9345-5a1f5db14984,a6964d47-8af0-3df2-b99d-d8414eb1cfa3,1e7e6183-8666-3962-99a3-2f0f98b9df7e,d18ef2e6-ef40-324c-be54-34a5ee865625,ambulatory,185347001,Encounter for problem,85.55,516.95,481.95,254837009,Malignant neoplasm of breast (disorder)
83537f8c-93bf-c45b-9aef-28e5ba3762f9,1988-06-21T22:51:03Z,1988-06-21T23:28:23Z,ecd26e97-b8db-9816-9345-5a1f5db14984,a6964d47-8af0-3df2-b99d-d8414eb1cfa3,1e7e6183-8666-3962-99a3-2f0f98b9df7e,d18ef2e6-ef40-324c-be54-34a5ee865625,ambulatory,185347001,Encounter for problem,85.55,516.95,481.95,254837009,Malignant neoplasm of breast (disorder)
db6142d3-d48e-dc39-27af-c5d335fdbf1e,1988-06-23T07:29:23Z,1988-06-23T08:02:01Z,ecd26e97-b8db-9816-9345-5a1f5db14984,a6964d47-8af0-3df2-b99d-d8414eb1cfa3,1e7e6183-8666-3962-99a3-2f0f98b9df7e,d18ef2e6-ef40-324c-be54-34a5ee865625,ambulatory,185347001,Encounter for problem,85.55,516.95,481.95,254837009,Malignant neoplasm of breast (disorder)
c6c703af-1b5a-0746-3ef6-2fe3f1e2f0ac,1988-06-24T17:06:01Z,1988-06-24T17:35:40Z,ecd26e97-b8db-9816-9345-5a1f5db14984,a6964d47-8af0-3df2-b99d-d8414eb1cfa3,1e7e6183-8666-3962-99a3-2f0f98b9df7e,d18ef2e6-ef40-324c-be54-34a5ee865625,ambulatory,185347001,Encounter for problem,85.55,516.95,481.95,254837009,Malignant neoplasm of breast (disorder)
80c04bb9-a755-3d4b-b72c-52d6f73aa412,1988-06-26T01:28:40Z,1988-06-26T01:46:55Z,ecd26e97-b8db-9816-9345-5a1f5db14984,a6964d47-8af0-3df2-b99d-d8414eb1cfa3,1e7e6183-8666-3962-99a3-2f0f98b9df7e,d18ef2e6-ef40-324c-be54-34a5ee865625,ambulatory,185347001,Encounter for problem,85.55,516.95,481.95,254837009,Malignant neoplasm of breast (disorder)
db21a951-5bd8-2464-9791-7c1398cac631,1988-06-27T05:27:55Z,1988-06-27T05:55:45Z,ecd26e97-b8db-9816-9345-5a1f5db14984,a6964d47-8af0-3df2-b99d-d8414eb1cfa3,1e7e6183-8666-3962-99a3-2f0f98b9df7e,d18ef2e6-ef40-324c-be54-34a5ee865625,ambulatory,185347001,Encounter for problem,85.55,516.95,481.95,254837009,Malignant neoplasm of breast (disorder)
860f7e54-48fc-ab3c-433d-e1d716a3162b,1988-06-28T12:42:45Z,1988-06-28T13:08:42Z,ecd26e97-b8db-9816-9345-5a1f5db14984,a6964d47-8af0-3df2-b99d-d8414eb1cfa3,1e7e6183-8666-3962-99a3-2f0f98b9df7e,d18ef2e6-ef40-324c-be54-34a5ee865625,ambulatory,185347001,Encounter for problem,85.55,516.95,481.95,254837009,Malignant neoplasm of breast (disorder)
635e8133-4299-8000-13c2-55a690e66ccf,1988-06-29T15:11:42Z,1988-06-29T15:34:08Z,ecd26e97-b8db-9816-9345-5a1f5db14984,a6964d47-8af0-3df2-b99d-d8414eb1cfa3,1e7e6183-8666-3962-99a3-2f0f98b9df7e,d18ef2e6-ef40-324c-be54-34a5ee865625,ambulatory,185347001,Encounter for problem,85.55,516.95,481.95,254837009,Malignant neoplasm of breast (disorder)
49b3f58c-7244-8130-d6d1-5e5c1ac95256,1988-06-30T16:20:08Z,1988-06-30T16:53:04Z,ecd26e97-b8db-9816-9345-5a1f5db14984,a6964d47-8af0-3df2-b99d-d8414eb1cfa3,1e7e6183-8666-3962-99a3-2f0f98b9df7e,d18ef2e6-ef40-324c-be54-34a5ee865625,ambulatory,185347001,Encounter for problem,85.55,516.95,481.95,254837009,Malignant neoplasm of breast (disorder)
e989e570-f0eb-7f4b-0f7f-4d14213e9a58,1988-07-01T21:13:04Z,1988-07-01T21:50:31Z,ecd26e97-b8db-9816-9345-5a1f5db14984,a6964d47-8af0-3df2-b99d-d8414eb1cfa3,1e7e6183-8666-3962-99a3-2f0f98b9df7e,d18ef2e6-ef40-324c-be54-34a5ee865625,ambulatory,185347001,Encounter for problem,85.55,516.95,481.95,254837009,Malignant neoplasm of breast (disorder)
d2f734d3-1664-bb52-f199-dbd3d0b6ffe0,1988-07-02T23:13:31Z,1988-07-02T23:37:26Z,ecd26e97-b8db-9816-9345-5a1f5db14984,a6964d47-8af0-3df2-b99d-d8414eb1cfa3,1e7e6183-8666-3962-99a3-2f0f98b9df7e,d18ef2e6-ef40-324c-be54-34a5ee865625,ambulatory,185347001,Encounter for problem,85.55,516.95,481.95,254837009,Malignant neoplasm of breast (disorder)
5fd0ca86-1831-843b-7d1e-e05188056a61,1988-07-04T06:58:26Z,1988-07-04T07:36:10Z,ecd26e97-b8db-9816-9345-5a1f5db14984,a6964d47-8af0-3df2-b99d-d8414eb1cfa3,1e7e6183-8666-3962-99a3-2f0f98b9df7e,d18ef2e6-ef40-324c-be54-34a5ee865625,ambulatory,185347001,Encounter for problem,85.55,516.95,481.95,254837009,Malignant neoplasm of breast (disorder)
89ae68aa-9ae5-198f-565e-79eef2d718d3,1988-07-05T09:28:10Z,1988-07-05T10:06:31Z,ecd26e97-b8db-9816-9345-5a1f5db14984,a6964d47-8af0-3df2-b99d-d8414eb1cfa3,1e7e6183-8666-3962-99a3-2f0f98b9df7e,d18ef2e6-ef40-324c-be54-34a5ee865625,ambulatory,185347001,Encounter for problem,85.55,516.95,481.95,254837009,Malignant neoplasm of breast (disorder)
e7dcc744-dc6e-a061-f172-dc7646107262,1988-07-06T13:47:31Z,1988-07-06T14:08:23Z,ecd26e97-b8db-9816-9345-5a1f5db14984,a6964d47-8af0-3df2-b99d-d8414eb1cfa3,1e7e6183-8666-3962-99a3-2f0f98b9df7e,d18ef2e6-ef40-324c-be54-34a5ee865625,ambulatory,185347001,Encounter for problem,85.55,516.95,481.95,254837009,Malignant neoplasm of breast (disorder)
41360d4f-6782-0259-1218-aa48005adbfc,1988-07-08T01:20:23Z,1988-07-08T01:58:37Z,ecd26e97-b8db-9816-9345-5a1f5db14984,a6964d47-8af0-3df2-b99d-d8414eb1cfa3,1e7e6183-8666-3962-99a3-2f0f98b9df7e,d18ef2e6-ef40-324c-be54-34a5ee865625,ambulatory,185347001,Encounter for problem,85.55,516.95,481.95,254837009,Malignant neoplasm of breast (disorder)
bd6d951a-c331-6f03-f467-b0f613315d2e,1988-07-09T13:22:37Z,1988-07-09T13:39:11Z,ecd26e97-b8db-9816-9345-5a1f5db14984,a6964d47-8af0-3df2-b99d-d8414eb1cfa3,1e7e6183-8666-3962-99a3-2f0f98b9df7e,d18ef2e6-ef40-324c-be54-34a5ee865625,ambulatory,185347001,Encounter for problem,85.55,516.95,481.95,254837009,Malignant neoplasm of breast (disorder)
74303a57-f0e0-959b-2aae-7ec442574c75,1988-07-10T19:35:11Z,1988-07-10T20:05:18Z,ecd26e97-b8db-9816-9345-5a1f5db14984,a6964d47-8af0-3df2-b99d-d8414eb1cfa3,1e7e6183-8666-3962-99a3-2f0f98b9df7e,d18ef2e6-ef40-324c-be54-34a5ee865625,ambulatory,185347001,Encounter for problem,85.55,516.95,481.95,254837009,Malignant neoplasm of breast (disorder)
218e7425-f69f-f196-e74b-7df605219dcc,1988-07-12T05:02:18Z,1988-07-12T05:35:35Z,ecd26e97-b8db-9816-9345-5a1f5db14984,a6964d47-8af0-3df2-b99d-d8414eb1cfa3,1e7e6183-8666-3962-99a3-2f0f98b9df7e,d18ef2e6-ef40-324c-be54-34a5ee865625,ambulatory,185347001,Encounter for problem,85.55,516.95,481.95,254837009,Malignant neoplasm of breast (disorder)
df056892-5fb0-259e-60a2-cb78fc37e3b8,1988-07-13T10:47:35Z,1988-07-13T11:02:48Z,ecd26e97-b8db-9816-9345-5a1f5db14984,a6964d47-8af0-3df2-b99d-d8414eb1cfa3,1e7e6183-8666-3962-99a3-2f0f98b9df7e,d18ef2e6-ef40-324c-be54-34a5ee865625,ambulatory,185347001,Encounter for problem,85.55,516.95,481.95,254837009,Malignant neoplasm of breast (disorder)
c0cb227e-34d4-b7b3-7d08-d7687dc8990f,1988-07-14T14:54:48Z,1988-07-14T15:25:57Z,ecd26e97-b8db-9816-9345-5a1f5db14984,a6964d47-8af0-3df2-b99d-d8414eb1cfa3,1e7e6183-8666-3962-99a3-2f0f98b9df7e,d18ef2e6-ef40-324c-be54-34a5ee865625,ambulatory,185347001,Encounter for problem,85.55,516.95,481.95,254837009,Malignant neoplasm of breast (disorder)
5507c5c1-2c4c-ee04-31bc-8d570797b4eb,1988-07-19T13:25:57Z,1988-07-19T13:40:57Z,ecd26e97-b8db-9816-9345-5a1f5db14984,a6964d47-8af0-3df2-b99d-d8414eb1cfa3,1e7e6183-8666-3962-99a3-2f0f98b9df7e,d18ef2e6-ef40-324c-be54-34a5ee865625,ambulatory,185347001,Encounter for problem,85.55,85.55,50.55,254837009,Malignant neoplasm of breast (disorder)
8ac1ec28-17bc-79d9-c02d-9e1ea5f80c7b,1988-10-27T13:25:57Z,1988-10-27T14:06:20Z,ecd26e97-b8db-9816-9345-5a1f5db14984,a6964d47-8af0-3df2-b99d-d8414eb1cfa3,1e7e6183-8666-3962-99a3-2f0f98b9df7e,d18ef2e6-ef40-324c-be54-34a5ee865625,ambulatory,439740005,Postoperative follow-up visit (procedure),142.58,573.98,538.98,254837009,Malignant neoplasm of breast (disorder)
e8ed75d7-588d-f312-e511-75f66550d9e7,1989-02-08T14:06:20Z,1989-02-08T14:44:40Z,ecd26e97-b8db-9816-9345-5a1f5db14984,a6964d47-8af0-3df2-b99d-d8414eb1cfa3,1e7e6183-8666-3962-99a3-2f0f98b9df7e,d18ef2e6-ef40-324c-be54-34a5ee865625,ambulatory,439740005,Postoperative follow-up visit (procedure),142.58,573.98,538.98,254837009,Malignant neoplasm of breast (disorder)
7790cec2-59ef-66f8-194a-6ac46fa2767d,1989-03-08T16:40:18Z,1989-03-08T17:34:59Z,ecd26e97-b8db-9816-9345-5a1f5db14984,25c85bcc-7e25-36bc-89e8-08e0d473db23,82a921c3-7aad-3ef1-bc6a-7eee2c0fd2b3,d18ef2e6-ef40-324c-be54-34a5ee865625,wellness,162673000,General examination of patient (procedure),136.80,1180.27,1145.27,,
3472f2d5-878b-de77-d52a-308e2823517e,1989-03-22T16:40:18Z,1989-03-22T17:13:16Z,ecd26e97-b8db-9816-9345-5a1f5db14984,a6964d47-8af0-3df2-b99d-d8414eb1cfa3,1e7e6183-8666-3962-99a3-2f0f98b9df7e,d18ef2e6-ef40-324c-be54-34a5ee865625,ambulatory,185349003,Encounter for check up (procedure),85.55,89.74,54.74,,
12d0ac13-ea4b-bbd9-6ed0-83a43e427b8b,1989-05-25T14:44:40Z,1989-05-25T15:22:34Z,ecd26e97-b8db-9816-9345-5a1f5db14984,a6964d47-8af0-3df2-b99d-d8414eb1cfa3,1e7e6183-8666-3962-99a3-2f0f98b9df7e,d18ef2e6-ef40-324c-be54-34a5ee865625,ambulatory,439740005,Postoperative follow-up visit (procedure),142.58,573.98,538.98,254837009,Malignant neoplasm of breast (disorder)
cbe08502-5f08-6a5e-b34a-0d2124dc5dd6,1989-05-25T15:22:34Z,1989-05-25T15:44:50Z,ecd26e97-b8db-9816-9345-5a1f5db14984,a6964d47-8af0-3df2-b99d-d8414eb1cfa3,1e7e6183-8666-3962-99a3-2f0f98b9df7e,d18ef2e6-ef40-324c-be54-34a5ee865625,ambulatory,410410006,Screening surveillance (regime/therapy),142.58,211.60,176.60,254837009,Malignant neoplasm of breast (disorder)
1b540081-870b-a43b-6151-c542d0e6c3e5,1989-05-25T15:44:50Z,1989-05-25T16:08:12Z,ecd26e97-b8db-9816-9345-5a1f5db14984,a6964d47-8af0-3df2-b99d-d8414eb1cfa3,1e7e6183-8666-3962-99a3-2f0f98b9df7e,d18ef2e6-ef40-324c-be54-34a5ee865625,ambulatory,310061009,Gynecology service (qualifier value),142.58,1712.24,1677.24,254837009,Malignant neoplasm of breast (disorder)
e5a62891-d173-d425-6811-92ed28c8c45f,1989-09-03T16:08:12Z,1989-09-03T16:45:04Z,ecd26e97-b8db-9816-9345-5a1f5db14984,a6964d47-8af0-3df2-b99d-d8414eb1cfa3,1e7e6183-8666-3962-99a3-2f0f98b9df7e,d18ef2e6-ef40-324c-be54-34a5ee865625,ambulatory,439740005,Postoperative follow-up visit (procedure),142.58,573.98,538.98,254837009,Malignant neoplasm of breast (disorder)
9ecb2611-e74b-f618-cf19-000e887fb50d,1989-12-12T16:45:04Z,1989-12-12T17:21:23Z,ecd26e97-b8db-9816-9345-5a1f5db14984,a6964d47-8af0-3df2-b99d-d8414eb1cfa3,1e7e6183-8666-3962-99a3-2f0f98b9df7e,d18ef2e6-ef40-324c-be54-34a5ee865625,ambulatory,439740005,Postoperative follow-up visit (procedure),142.58,573.98,538.98,254837009,Malignant neoplasm of breast (disorder)
e050df1b-b65f-f182-b7df-6aead4e86ae5,1989-12-20T16:40:18Z,1990-01-10T16:55:18Z,ecd26e97-b8db-9816-9345-5a1f5db14984,f6ba791e-fe68-3596-bef4-60751db6a60e,2d3f06fe-e324-3585-abe6-47ec7a4fa5fd,d18ef2e6-ef40-324c-be54-34a5ee865625,hospice,305336008,Admission to hospice (procedure),137.53,11353.93,11318.93,254837009,Malignant neoplasm of breast (disorder)
e62e861e-a1de-126f-258e-d3cb4082313c,1990-03-14T16:40:18Z,1990-03-14T17:37:30Z,ecd26e97-b8db-9816-9345-5a1f5db14984,25c85bcc-7e25-36bc-89e8-08e0d473db23,82a921c3-7aad-3ef1-bc6a-7eee2c0fd2b3,d18ef2e6-ef40-324c-be54-34a5ee865625,wellness,162673000,General examination of patient (procedure),136.80,778.78,743.78,,
b8f0252b-2418-f8a1-e4d5-f1b0aa295acd,1990-04-10T17:21:23Z,1990-04-10T18:03:10Z,ecd26e97-b8db-9816-9345-5a1f5db14984,a6964d47-8af0-3df2-b99d-d8414eb1cfa3,1e7e6183-8666-3962-99a3-2f0f98b9df7e,d18ef2e6-ef40-324c-be54-34a5ee865625,ambulatory,439740005,Postoperative follow-up visit (procedure),142.58,573.98,538.98,254837009,Malignant neoplasm of breast (disorder)
12b9044e-dfcf-854a-eca5-09bf67298d2c,1990-04-10T18:03:10Z,1990-04-10T18:22:29Z,ecd26e97-b8db-9816-9345-5a1f5db14984,a6964d47-8af0-3df2-b99d-d8414eb1cfa3,1e7e6183-8666-3962-99a3-2f0f98b9df7e,d18ef2e6-ef40-324c-be54-34a5ee865625,ambulatory,410410006,Screening surveillance (regime/therapy),142.58,325.49,290.49,254837009,Malignant neoplasm of breast (disorder)
0576da46-bfff-29cd-f60c-c86ccdc30538,1990-04-10T18:22:29Z,1990-04-10T18:53:21Z,ecd26e97-b8db-9816-9345-5a1f5db14984,a6964d47-8af0-3df2-b99d-d8414eb1cfa3,1e7e6183-8666-3962-99a3-2f0f98b9df7e,d18ef2e6-ef40-324c-be54-34a5ee865625,ambulatory,310061009,Gynecology service (qualifier value),142.58,3701.88,3666.88,254837009,Malignant neoplasm of breast (disorder)
a1b7e96f-887c-29d8-de59-ace4d5407692,1990-04-10T16:40:18Z,1990-04-10T17:40:18Z,ecd26e97-b8db-9816-9345-5a1f5db14984,f6ba791e-fe68-3596-bef4-60751db6a60e,2d3f06fe-e324-3585-abe6-47ec7a4fa5fd,d18ef2e6-ef40-324c-be54-34a5ee865625,emergency,182813001,Emergency treatment (procedure),146.18,146.18,111.18,124171000119105,Chronic intractable migraine without aura
29b884c2-ba03-8c45-5cd5-64157ea3e944,1990-06-23T16:40:18Z,1990-06-23T17:40:18Z,ecd26e97-b8db-9816-9345-5a1f5db14984,f6ba791e-fe68-3596-bef4-60751db6a60e,2d3f06fe-e324-3585-abe6-47ec7a4fa5fd,d18ef2e6-ef40-324c-be54-34a5ee865625,emergency,182813001,Emergency treatment (procedure),146.18,146.18,111.18,124171000119105,Chronic intractable migraine without aura
893b7bae-0f2c-2f0d-a50a-61499ebc8f26,1990-07-18T18:53:21Z,1990-07-18T19:27:43Z,ecd26e97-b8db-9816-9345-5a1f5db14984,a6964d47-8af0-3df2-b99d-d8414eb1cfa3,1e7e6183-8666-3962-99a3-2f0f98b9df7e,d18ef2e6-ef40-324c-be54-34a5ee865625,ambulatory,439740005,Postoperative follow-up visit (procedure),142.58,573.98,538.98,254837009,Malignant neoplasm of breast (disorder)
0f1b7867-abc8-133d-78ba-3164060378b6,1990-09-24T16:40:18Z,1990-09-24T17:40:18Z,ecd26e97-b8db-9816-9345-5a1f5db14984,f6ba791e-fe68-3596-bef4-60751db6a60e,2d3f06fe-e324-3585-abe6-47ec7a4fa5fd,d18ef2e6-ef40-324c-be54-34a5ee865625,emergency,182813001,Emergency treatment (procedure),146.18,13279.00,13244.00,196416002,Impacted molars
536b52d8-13fd-92d6-ec92-17e455500400,1990-11-10T19:27:43Z,1990-11-10T20:01:32Z,ecd26e97-b8db-9816-9345-5a1f5db14984,a6964d47-8af0-3df2-b99d-d8414eb1cfa3,1e7e6183-8666-3962-99a3-2f0f98b9df7e,d18ef2e6-ef40-324c-be54-34a5ee865625,ambulatory,439740005,Postoperative follow-up visit (procedure),142.58,573.98,538.98,254837009,Malignant neoplasm of breast (disorder)
a09e794c-b425-dcf7-1318-150839eba4e9,1990-12-12T16:40:18Z,1991-01-08T03:01:20Z,ecd26e97-b8db-9816-9345-5a1f5db14984,f6ba791e-fe68-3596-bef4-60751db6a60e,2d3f06fe-e324-3585-abe6-47ec7a4fa5fd,d18ef2e6-ef40-324c-be54-34a5ee865625,hospice,305336008,Admission to hospice (procedure),137.53,11353.93,11318.93,254837009,Malignant neoplasm of breast (disorder)
e6a925d1-204d-8fb8-39ef-3450eefc38b9,1991-01-09T16:40:18Z,1991-01-09T16:55:18Z,ecd26e97-b8db-9816-9345-5a1f5db14984,25c85bcc-7e25-36bc-89e8-08e0d473db23,82a921c3-7aad-3ef1-bc6a-7eee2c0fd2b3,d18ef2e6-ef40-324c-be54-34a5ee865625,wellness,308646001,Death Certification,136.80,211.38,176.38,254837009,Malignant neoplasm of breast (disorder)
6f0e979b-c314-e68f-dde7-91cbda3a4669,1943-02-10T16:40:18Z,1943-02-10T17:26:49Z,63464afa-15f9-0c7e-f70f-50b0437f2c5a,25c85bcc-7e25-36bc-89e8-08e0d473db23,82a921c3-7aad-3ef1-bc6a-7eee2c0fd2b3,df166300-5a78-3502-a46a-832842197811,wellness,162673000,General examination of patient (procedure),136.80,568.20,418.20,,
f721779e-78a5-61e5-42be-fe1bd26fe4d7,1946-10-10T16:40:18Z,1946-10-10T16:55:18Z,63464afa-15f9-0c7e-f70f-50b0437f2c5a,845fbd9b-2d1c-39a8-8261-28ae40e4fab2,67b1afa3-cbff-316b-9918-b97a0a95e398,df166300-5a78-3502-a46a-832842197811,ambulatory,424619006,Prenatal visit,142.58,1005.38,955.38,156073000,Complete miscarriage (disorder)
6b1ec4e6-15c7-a671-f50d-6d48ad8240a2,1956-02-29T16:40:18Z,1956-02-29T17:37:24Z,63464afa-15f9-0c7e-f70f-50b0437f2c5a,25c85bcc-7e25-36bc-89e8-08e0d473db23,82a921c3-7aad-3ef1-bc6a-7eee2c0fd2b3,df166300-5a78-3502-a46a-832842197811,wellness,162673000,General examination of patient (procedure),136.80,778.78,628.78,,
dd5c2f79-acc6-da5b-ad0b-b3078a9210cf,1977-04-04T16:40:18Z,1977-04-04T16:55:18Z,63464afa-15f9-0c7e-f70f-50b0437f2c5a,845fbd9b-2d1c-39a8-8261-28ae40e4fab2,67b1afa3-cbff-316b-9918-b97a0a95e398,df166300-5a78-3502-a46a-832842197811,ambulatory,185347001,Encounter for problem,85.55,85.55,35.55,239872002,Osteoarthritis of hip
b3516040-fbbd-3397-bce3-0a6172af6cea,1990-03-21T16:40:18Z,1990-03-21T17:16:20Z,63464afa-15f9-0c7e-f70f-50b0437f2c5a,25c85bcc-7e25-36bc-89e8-08e0d473db23,82a921c3-7aad-3ef1-bc6a-7eee2c0fd2b3,d18ef2e6-ef40-324c-be54-34a5ee865625,wellness,162673000,General examination of patient (procedure),136.80,1039.71,1004.71,,
3c852c57-28c0-d20d-103d-d08e54012b9e,1990-03-25T16:40:18Z,1990-03-25T17:40:18Z,63464afa-15f9-0c7e-f70f-50b0437f2c5a,f6ba791e-fe68-3596-bef4-60751db6a60e,2d3f06fe-e324-3585-abe6-47ec7a4fa5fd,d18ef2e6-ef40-324c-be54-34a5ee865625,emergency,182813001,Emergency treatment (procedure),146.18,146.18,111.18,124171000119105,Chronic intractable migraine without aura
5f70b553-801d-f5b8-5126-36f0683c5eed,1990-12-04T16:40:18Z,1990-12-04T17:40:18Z,63464afa-15f9-0c7e-f70f-50b0437f2c5a,f6ba791e-fe68-3596-bef4-60751db6a60e,2d3f06fe-e324-3585-abe6-47ec7a4fa5fd,d18ef2e6-ef40-324c-be54-34a5ee865625,emergency,183452005,Emergency hospital admission (procedure),87.71,87.71,52.71,82423001,Chronic pain
11cb6208-255b-4659-e228-37196de9e3ac,1991-04-03T16:40:18Z,1991-04-03T17:40:18Z,63464afa-15f9-0c7e-f70f-50b0437f2c5a,f6ba791e-fe68-3596-bef4-60751db6a60e,2d3f06fe-e324-3585-abe6-47ec7a4fa5fd,d18ef2e6-ef40-324c-be54-34a5ee865625,emergency,182813001,Emergency treatment (procedure),146.18,10787.52,10752.52,196416002,Impacted molars
4529b126-9bf8-5945-d8ce-b54f687313de,1994-09-22T16:40:18Z,1994-09-22T17:40:47Z,63464afa-15f9-0c7e-f70f-50b0437f2c5a,845fbd9b-2d1c-39a8-8261-28ae40e4fab2,67b1afa3-cbff-316b-9918-b97a0a95e398,a735bf55-83e9-331a-899d-a82a60b9f60c,ambulatory,185347001,Encounter for problem (procedure),85.55,516.95,413.56,6525002,Dependent drug abuse (disorder)
9e87b295-5b1a-df8a-6b0c-32bdac6ed408,1997-11-01T23:02:16Z,1997-11-02T00:02:16Z,63464afa-15f9-0c7e-f70f-50b0437f2c5a,f6ba791e-fe68-3596-bef4-60751db6a60e,2d3f06fe-e324-3585-abe6-47ec7a4fa5fd,d18ef2e6-ef40-324c-be54-34a5ee865625,emergency,50849002,Emergency room admission (procedure),146.18,146.18,111.18,55680006,Drug overdose
98e81886-3c35-967d-3683-a5255494a327,1999-05-12T16:40:18Z,1999-05-12T17:15:02Z,63464afa-15f9-0c7e-f70f-50b0437f2c5a,25c85bcc-7e25-36bc-89e8-08e0d473db23,82a921c3-7aad-3ef1-bc6a-7eee2c0fd2b3,d18ef2e6-ef40-324c-be54-34a5ee865625,wellness,162673000,General examination of patient (procedure),136.80,1303.16,1268.16,,
c1debda5-95ad-0740-696b-cff7a14cfd0d,2000-04-15T16:40:18Z,2000-04-15T16:55:18Z,63464afa-15f9-0c7e-f70f-50b0437f2c5a,845fbd9b-2d1c-39a8-8261-28ae40e4fab2,67b1afa3-cbff-316b-9918-b97a0a95e398,d18ef2e6-ef40-324c-be54-34a5ee865625,ambulatory,316744009,Office Visit,85.55,85.55,50.55,26929004,Alzheimer's disease (disorder)
e46ccd96-a207-d09e-6e44-a72ab39aca82,2001-12-19T16:40:18Z,2001-12-19T17:20:21Z,63464afa-15f9-0c7e-f70f-50b0437f2c5a,845fbd9b-2d1c-39a8-8261-28ae40e4fab2,67b1afa3-cbff-316b-9918-b97a0a95e398,d18ef2e6-ef40-324c-be54-34a5ee865625,outpatient,185349003,Encounter for check up (procedure),85.55,1016.68,981.68,,
74df1309-1dbc-ca76-1550-1bdf1d1c3edf,2001-12-26T16:40:18Z,2001-12-26T17:14:03Z,63464afa-15f9-0c7e-f70f-50b0437f2c5a,845fbd9b-2d1c-39a8-8261-28ae40e4fab2,67b1afa3-cbff-316b-9918-b97a0a95e398,d18ef2e6-ef40-324c-be54-34a5ee865625,ambulatory,185349003,Encounter for check up (procedure),85.55,314.26,279.26,,
033e1753-0d87-19f9-898f-bab1998127e2,2002-04-23T16:40:18Z,2002-04-23T17:10:18Z,63464afa-15f9-0c7e-f70f-50b0437f2c5a,74ab949d-17ac-3309-83a0-13b4405c66aa,8d32509a-2844-3440-aac1-59efe106054b,d18ef2e6-ef40-324c-be54-34a5ee865625,ambulatory,185347001,Encounter for problem (procedure),85.55,516.95,481.95,111287006,Tricuspid valve regurgitation (disorder)
8fbe6b23-4af0-6829-38ca-d6e2b59ad871,2002-05-29T16:40:18Z,2002-05-29T17:40:10Z,63464afa-15f9-0c7e-f70f-50b0437f2c5a,25c85bcc-7e25-36bc-89e8-08e0d473db23,82a921c3-7aad-3ef1-bc6a-7eee2c0fd2b3,d18ef2e6-ef40-324c-be54-34a5ee865625,wellness,162673000,General examination of patient (procedure),136.80,717.36,682.36,,
8507e4ca-8cc0-263d-3fd0-b30e3805e50c,2002-11-28T16:40:18Z,2002-11-28T16:55:18Z,63464afa-15f9-0c7e-f70f-50b0437f2c5a,74ab949d-17ac-3309-83a0-13b4405c66aa,8d32509a-2844-3440-aac1-59efe106054b,d18ef2e6-ef40-324c-be54-34a5ee865625,ambulatory,185347001,Encounter for problem (procedure),85.55,85.55,50.55,60573004,Aortic valve stenosis (disorder)
f9487e42-478a-5a3c-403b-568c66104e9d,2003-01-26T10:03:50Z,2003-01-26T10:18:50Z,63464afa-15f9-0c7e-f70f-50b0437f2c5a,845fbd9b-2d1c-39a8-8261-28ae40e4fab2,67b1afa3-cbff-316b-9918-b97a0a95e398,d18ef2e6-ef40-324c-be54-34a5ee865625,ambulatory,185345009,Encounter for symptom,85.55,85.55,50.55,10509002,Acute bronchitis (disorder)
9c2c05d9-10a9-b87f-ec6a-ff3a37b75af7,2003-02-05T16:40:18Z,2003-02-05T17:18:39Z,63464afa-15f9-0c7e-f70f-50b0437f2c5a,7b7ce654-a413-37d1-9d34-97240c0ac580,70689406-5000-3e58-982b-fb96061540ac,d18ef2e6-ef40-324c-be54-34a5ee865625,urgentcare,702927004,Urgent care clinic (environment),142.58,709.98,674.98,,
9e5e3486-d169-c2df-0452-a3a173eaff2f,2003-02-12T16:40:18Z,2003-02-12T16:55:18Z,63464afa-15f9-0c7e-f70f-50b0437f2c5a,7b7ce654-a413-37d1-9d34-97240c0ac580,70689406-5000-3e58-982b-fb96061540ac,d18ef2e6-ef40-324c-be54-34a5ee865625,urgentcare,702927004,Urgent care clinic (environment),142.58,142.58,107.58,,
79891bb9-7dd4-63ce-c509-499e94f08adb,2003-02-19T16:40:18Z,2003-02-19T18:15:24Z,63464afa-15f9-0c7e-f70f-50b0437f2c5a,845fbd9b-2d1c-39a8-8261-28ae40e4fab2,67b1afa3-cbff-316b-9918-b97a0a95e398,d18ef2e6-ef40-324c-be54-34a5ee865625,ambulatory,185349003,Encounter for check up (procedure),85.55,181.34,146.34,,
9339c960-d9cf-a09e-e862-24fde65edb32,2003-06-04T16:40:18Z,2003-06-04T17:35:55Z,63464afa-15f9-0c7e-f70f-50b0437f2c5a,25c85bcc-7e25-36bc-89e8-08e0d473db23,82a921c3-7aad-3ef1-bc6a-7eee2c0fd2b3,d18ef2e6-ef40-324c-be54-34a5ee865625,wellness,162673000,General examination of patient (procedure),136.80,568.20,533.20,,
7b3bb8c2-fb07-3936-0899-a6752c0c74ef,2003-07-16T16:40:18Z,2003-07-16T17:24:19Z,63464afa-15f9-0c7e-f70f-50b0437f2c5a,7b7ce654-a413-37d1-9d34-97240c0ac580,70689406-5000-3e58-982b-fb96061540ac,d18ef2e6-ef40-324c-be54-34a5ee865625,urgentcare,702927004,Urgent care clinic (environment),142.58,709.98,674.98,,
caf75a3f-f56f-2a07-a3c1-28b43f565370,2003-07-23T16:40:18Z,2003-07-23T16:55:18Z,63464afa-15f9-0c7e-f70f-50b0437f2c5a,845fbd9b-2d1c-39a8-8261-28ae40e4fab2,67b1afa3-cbff-316b-9918-b97a0a95e398,d18ef2e6-ef40-324c-be54-34a5ee865625,outpatient,185349003,Encounter for check up (procedure),85.55,85.55,50.55,,
a9afe63b-8138-4af5-da55-d3f50cd98b12,2003-07-30T16:40:18Z,2003-07-30T16:55:18Z,63464afa-15f9-0c7e-f70f-50b0437f2c5a,845fbd9b-2d1c-39a8-8261-28ae40e4fab2,67b1afa3-cbff-316b-9918-b97a0a95e398,d18ef2e6-ef40-324c-be54-34a5ee865625,ambulatory,185345009,Encounter for symptom,85.55,85.55,50.55,444814009,Viral sinusitis (disorder)
db536469-a424-960f-da42-ffe448bda3b5,2003-09-13T16:40:18Z,2003-09-13T16:55:18Z,63464afa-15f9-0c7e-f70f-50b0437f2c5a,845fbd9b-2d1c-39a8-8261-28ae40e4fab2,67b1afa3-cbff-316b-9918-b97a0a95e398,d18ef2e6-ef40-324c-be54-34a5ee865625,ambulatory,316744009,Office Visit,85.55,85.55,50.55,26929004,Alzheimer's disease (disorder)
e95252d6-2339-527d-4bf9-c6d8ae5b2f86,2003-10-12T02:33:40Z,2003-10-12T03:55:40Z,63464afa-15f9-0c7e-f70f-50b0437f2c5a,845fbd9b-2d1c-39a8-8261-28ae40e4fab2,67b1afa3-cbff-316b-9918-b97a0a95e398,d18ef2e6-ef40-324c-be54-34a5ee865625,ambulatory,185347001,Encounter for problem (procedure),85.55,516.95,481.95,6525002,Dependent drug abuse (disorder)
53cfae17-51c7-c966-4871-2169c09a5f51,2003-11-11T03:55:40Z,2003-11-11T04:57:11Z,63464afa-15f9-0c7e-f70f-50b0437f2c5a,845fbd9b-2d1c-39a8-8261-28ae40e4fab2,67b1afa3-cbff-316b-9918-b97a0a95e398,d18ef2e6-ef40-324c-be54-34a5ee865625,ambulatory,185347001,Encounter for problem (procedure),85.55,516.95,481.95,6525002,Dependent drug abuse (disorder)
ff122e84-9be0-38c7-b3d7-f35835fb4b78,2003-12-11T04:57:11Z,2003-12-11T06:23:18Z,63464afa-15f9-0c7e-f70f-50b0437f2c5a,845fbd9b-2d1c-39a8-8261-28ae40e4fab2,67b1afa3-cbff-316b-9918-b97a0a95e398,d18ef2e6-ef40-324c-be54-34a5ee865625,ambulatory,185347001,Encounter for problem (procedure),85.55,516.95,481.95,6525002,Dependent drug abuse (disorder)
d5a3c8c0-ece7-b33c-2fc7-59dff43a79a1,2004-01-10T06:23:18Z,2004-01-10T07:47:30Z,63464afa-15f9-0c7e-f70f-50b0437f2c5a,845fbd9b-2d1c-39a8-8261-28ae40e4fab2,67b1afa3-cbff-316b-9918-b97a0a95e398,a735bf55-83e9-331a-899d-a82a60b9f60c,ambulatory,185347001,Encounter for problem (procedure),85.55,516.95,227.16,6525002,Dependent drug abuse (disorder)
c8a52dda-3355-9051-2748-2879e9a4b81d,2004-02-16T07:47:30Z,2004-02-16T12:47:30Z,63464afa-15f9-0c7e-f70f-50b0437f2c5a,f6ba791e-fe68-3596-bef4-60751db6a60e,2d3f06fe-e324-3585-abe6-47ec7a4fa5fd,a735bf55-83e9-331a-899d-a82a60b9f60c,emergency,50849002,Emergency room admission (procedure),146.18,146.18,116.94,55680006,Drug overdose
2e05c51b-13b3-71a3-4fec-5e821426db1c,2004-04-26T12:47:30Z,2004-04-26T14:00:16Z,63464afa-15f9-0c7e-f70f-50b0437f2c5a,845fbd9b-2d1c-39a8-8261-28ae40e4fab2,67b1afa3-cbff-316b-9918-b97a0a95e398,a735bf55-83e9-331a-899d-a82a60b9f60c,ambulatory,185347001,Encounter for problem (procedure),85.55,516.95,413.56,6525002,Dependent drug abuse (disorder)
fe7cc3d8-9537-afe2-ee6a-dced2aa60338,2004-05-26T14:00:16Z,2004-05-26T15:19:44Z,63464afa-15f9-0c7e-f70f-50b0437f2c5a,845fbd9b-2d1c-39a8-8261-28ae40e4fab2,67b1afa3-cbff-316b-9918-b97a0a95e398,a735bf55-83e9-331a-899d-a82a60b9f60c,ambulatory,185347001,Encounter for problem (procedure),85.55,516.95,413.56,6525002,Dependent drug abuse (disorder)
9493fd36-646d-fc5f-9e8a-c1997b227f85,2004-06-09T16:40:18Z,2004-06-09T17:30:30Z,63464afa-15f9-0c7e-f70f-50b0437f2c5a,25c85bcc-7e25-36bc-89e8-08e0d473db23,82a921c3-7aad-3ef1-bc6a-7eee2c0fd2b3,a735bf55-83e9-331a-899d-a82a60b9f60c,wellness,162673000,General examination of patient (procedure),136.80,568.20,454.56,,
97f288f3-15a0-0fd1-f54a-694b5105963e,2004-06-16T16:40:18Z,2004-06-16T17:35:48Z,63464afa-15f9-0c7e-f70f-50b0437f2c5a,74ab949d-17ac-3309-83a0-13b4405c66aa,8d32509a-2844-3440-aac1-59efe106054b,a735bf55-83e9-331a-899d-a82a60b9f60c,ambulatory,185347001,Encounter for problem (procedure),85.55,516.95,413.56,414545008,Ischemic heart disease (disorder)
e0306cf8-c2eb-2f0c-90ed-bb6def19753b,2004-06-19T16:35:48Z,2004-06-19T21:41:23Z,63464afa-15f9-0c7e-f70f-50b0437f2c5a,74ab949d-17ac-3309-83a0-13b4405c66aa,8d32509a-2844-3440-aac1-59efe106054b,a735bf55-83e9-331a-899d-a82a60b9f60c,ambulatory,185347001,Encounter for problem (procedure),85.55,1444.46,1155.57,414545008,Ischemic heart disease (disorder)
34010a16-03e4-b6cd-9c50-e87e93b03b4f,2004-06-22T08:41:23Z,2004-06-22T09:46:48Z,63464afa-15f9-0c7e-f70f-50b0437f2c5a,74ab949d-17ac-3309-83a0-13b4405c66aa,8d32509a-2844-3440-aac1-59efe106054b,a735bf55-83e9-331a-899d-a82a60b9f60c,ambulatory,185347001,Encounter for problem (procedure),85.55,11592.08,9273.66,414545008,Ischemic heart disease (disorder)
40c0d518-93b5-1ccb-37b3-64b7f1f2409a,2004-06-30T16:40:18Z,2004-06-30T17:26:21Z,63464afa-15f9-0c7e-f70f-50b0437f2c5a,845fbd9b-2d1c-39a8-8261-28ae40e4fab2,67b1afa3-cbff-316b-9918-b97a0a95e398,a735bf55-83e9-331a-899d-a82a60b9f60c,ambulatory,185349003,Encounter for check up (procedure),85.55,86.40,69.12,,
6bc94ea0-1e6c-2575-5e50-f8a0dcd59341,2004-07-07T16:40:18Z,2004-07-07T17:56:06Z,63464afa-15f9-0c7e-f70f-50b0437f2c5a,845fbd9b-2d1c-39a8-8261-28ae40e4fab2,67b1afa3-cbff-316b-9918-b97a0a95e398,a735bf55-83e9-331a-899d-a82a60b9f60c,ambulatory,185347001,Encounter for problem (procedure),85.55,516.95,413.56,6525002,Dependent drug abuse (disorder)
40715333-9f92-5a82-cfa0-eaf7121764b5,2004-10-01T17:56:06Z,2004-10-21T17:56:06Z,63464afa-15f9-0c7e-f70f-50b0437f2c5a,845fbd9b-2d1c-39a8-8261-28ae40e4fab2,67b1afa3-cbff-316b-9918-b97a0a95e398,a735bf55-83e9-331a-899d-a82a60b9f60c,inpatient,56876005,Drug rehabilitation and detoxification,146.18,146.18,116.94,6525002,Dependent drug abuse (disorder)
bd870ad5-9583-f34e-eab1-ccce7b0aedc1,2005-02-24T17:56:06Z,2005-02-24T19:07:17Z,63464afa-15f9-0c7e-f70f-50b0437f2c5a,845fbd9b-2d1c-39a8-8261-28ae40e4fab2,67b1afa3-cbff-316b-9918-b97a0a95e398,d18ef2e6-ef40-324c-be54-34a5ee865625,ambulatory,185347001,Encounter for problem (procedure),85.55,516.95,481.95,6525002,Dependent drug abuse (disorder)
3d8a9445-66a0-1f04-b6dd-32edeea7affe,2005-03-26T19:07:17Z,2005-03-26T20:33:34Z,63464afa-15f9-0c7e-f70f-50b0437f2c5a,845fbd9b-2d1c-39a8-8261-28ae40e4fab2,67b1afa3-cbff-316b-9918-b97a0a95e398,d18ef2e6-ef40-324c-be54-34a5ee865625,ambulatory,185347001,Encounter for problem (procedure),85.55,516.95,481.95,6525002,Dependent drug abuse (disorder)
518600fb-7f83-7137-6325-63a96b0f57d1,2005-06-15T16:40:18Z,2005-06-15T17:38:34Z,63464afa-15f9-0c7e-f70f-50b0437f2c5a,25c85bcc-7e25-36bc-89e8-08e0d473db23,82a921c3-7aad-3ef1-bc6a-7eee2c0fd2b3,d18ef2e6-ef40-324c-be54-34a5ee865625,wellness,162673000,General examination of patient (procedure),136.80,1103.86,1068.86,,
a34ca1ed-336a-d319-cb6e-8f92c7d91a1e,2005-08-01T20:33:34Z,2005-08-01T21:36:21Z,63464afa-15f9-0c7e-f70f-50b0437f2c5a,845fbd9b-2d1c-39a8-8261-28ae40e4fab2,67b1afa3-cbff-316b-9918-b97a0a95e398,d18ef2e6-ef40-324c-be54-34a5ee865625,ambulatory,185347001,Encounter for problem (procedure),85.55,516.95,481.95,6525002,Dependent drug abuse (disorder)
cefb167d-8841-b328-6bde-b05f9826f567,2005-08-31T21:36:21Z,2005-08-31T22:59:27Z,63464afa-15f9-0c7e-f70f-50b0437f2c5a,845fbd9b-2d1c-39a8-8261-28ae40e4fab2,67b1afa3-cbff-316b-9918-b97a0a95e398,d18ef2e6-ef40-324c-be54-34a5ee865625,ambulatory,185347001,Encounter for problem (procedure),85.55,516.95,481.95,6525002,Dependent drug abuse (disorder)
9b05898a-c767-159e-4985-23b428a32e50,2005-09-30T22:59:27Z,2005-10-01T00:18:48Z,63464afa-15f9-0c7e-f70f-50b0437f2c5a,845fbd9b-2d1c-39a8-8261-28ae40e4fab2,67b1afa3-cbff-316b-9918-b97a0a95e398,d18ef2e6-ef40-324c-be54-34a5ee865625,ambulatory,185347001,Encounter for problem (procedure),85.55,516.95,481.95,6525002,Dependent drug abuse (disorder)
802803dc-0d5b-63e0-3c12-2c01ea5ac8a2,2005-11-02T16:40:18Z,2005-11-02T16:55:18Z,63464afa-15f9-0c7e-f70f-50b0437f2c5a,25c85bcc-7e25-36bc-89e8-08e0d473db23,82a921c3-7aad-3ef1-bc6a-7eee2c0fd2b3,d18ef2e6-ef40-324c-be54-34a5ee865625,wellness,308646001,Death Certification,136.80,211.38,176.38,26929004,Alzheimer's disease (disorder)
2482d456-d55f-3ebc-c0e3-c327852d3c8f,1926-03-24T06:21:18Z,1926-03-24T06:36:18Z,3a95299b-cc07-06dd-6ec3-a4762608a16c,a6964d47-8af0-3df2-b99d-d8414eb1cfa3,1e7e6183-8666-3962-99a3-2f0f98b9df7e,df166300-5a78-3502-a46a-832842197811,ambulatory,185347001,Encounter for problem,85.55,85.55,35.55,735971005,Fish (substance)
0f69ee93-22a8-8dc0-680b-be246ebc05dd,1926-04-04T12:40:18Z,1926-04-04T12:55:18Z,3a95299b-cc07-06dd-6ec3-a4762608a16c,a6964d47-8af0-3df2-b99d-d8414eb1cfa3,1e7e6183-8666-3962-99a3-2f0f98b9df7e,df166300-5a78-3502-a46a-832842197811,ambulatory,185347001,Encounter for problem,85.55,85.55,35.55,419199007,Allergy to substance (finding)
ee32e5ca-34e7-96ae-a242-35352059316b,1930-10-14T23:40:18Z,1930-10-14T23:55:18Z,3a95299b-cc07-06dd-6ec3-a4762608a16c,a6964d47-8af0-3df2-b99d-d8414eb1cfa3,1e7e6183-8666-3962-99a3-2f0f98b9df7e,df166300-5a78-3502-a46a-832842197811,ambulatory,185345009,Encounter for symptom,85.55,92.93,42.93,75498004,Acute bacterial sinusitis (disorder)
3697545c-abd1-ae06-3d8a-1646cd55f4ce,1943-02-10T16:40:18Z,1943-02-10T17:25:11Z,3a95299b-cc07-06dd-6ec3-a4762608a16c,25c85bcc-7e25-36bc-89e8-08e0d473db23,82a921c3-7aad-3ef1-bc6a-7eee2c0fd2b3,df166300-5a78-3502-a46a-832842197811,wellness,162673000,General examination of patient (procedure),136.80,1108.85,958.85,,
cb6172b3-9f2c-e05c-094b-b5b05ca5ccf2,1944-02-16T16:40:18Z,1944-02-16T17:14:29Z,3a95299b-cc07-06dd-6ec3-a4762608a16c,25c85bcc-7e25-36bc-89e8-08e0d473db23,82a921c3-7aad-3ef1-bc6a-7eee2c0fd2b3,df166300-5a78-3502-a46a-832842197811,wellness,162673000,General examination of patient (procedure),136.80,783.90,633.90,,
d05619b1-3402-ec02-40df-5db39ac7d4ee,1947-03-05T16:40:18Z,1947-03-05T17:10:59Z,3a95299b-cc07-06dd-6ec3-a4762608a16c,25c85bcc-7e25-36bc-89e8-08e0d473db23,82a921c3-7aad-3ef1-bc6a-7eee2c0fd2b3,df166300-5a78-3502-a46a-832842197811,wellness,162673000,General examination of patient (procedure),136.80,704.20,554.20,,
ed4c149d-0e8e-afb2-f2f7-f87b9034a543,1957-05-01T16:40:18Z,1957-05-01T17:24:38Z,3a95299b-cc07-06dd-6ec3-a4762608a16c,25c85bcc-7e25-36bc-89e8-08e0d473db23,82a921c3-7aad-3ef1-bc6a-7eee2c0fd2b3,df166300-5a78-3502-a46a-832842197811,wellness,162673000,General examination of patient (procedure),136.80,1515.71,1365.71,,
9fc7329a-1d44-f7d5-7c9b-565f9e0c5cac,1958-05-07T16:40:18Z,1958-05-07T17:19:55Z,3a95299b-cc07-06dd-6ec3-a4762608a16c,25c85bcc-7e25-36bc-89e8-08e0d473db23,82a921c3-7aad-3ef1-bc6a-7eee2c0fd2b3,df166300-5a78-3502-a46a-832842197811,wellness,162673000,General examination of patient (procedure),136.80,1464.00,1414.00,,
efd1e66f-3a77-178d-c7a7-8b0705501703,1960-05-18T16:40:18Z,1960-05-18T17:26:35Z,3a95299b-cc07-06dd-6ec3-a4762608a16c,25c85bcc-7e25-36bc-89e8-08e0d473db23,82a921c3-7aad-3ef1-bc6a-7eee2c0fd2b3,df166300-5a78-3502-a46a-832842197811,wellness,162673000,General examination of patient (procedure),136.80,860.16,710.16,,
9ae147f7-86ee-0b98-ae24-734fdf5f8072,1961-05-24T16:40:18Z,1961-05-24T17:13:13Z,3a95299b-cc07-06dd-6ec3-a4762608a16c,25c85bcc-7e25-36bc-89e8-08e0d473db23,82a921c3-7aad-3ef1-bc6a-7eee2c0fd2b3,df166300-5a78-3502-a46a-832842197811,wellness,162673000,General examination of patient (procedure),136.80,1143.64,993.64,,
96bbe465-ad85-fc66-e368-213828c7181c,1962-05-30T16:40:18Z,1962-05-30T17:11:54Z,3a95299b-cc07-06dd-6ec3-a4762608a16c,25c85bcc-7e25-36bc-89e8-08e0d473db23,82a921c3-7aad-3ef1-bc6a-7eee2c0fd2b3,df166300-5a78-3502-a46a-832842197811,wellness,162673000,General examination of patient (procedure),136.80,860.16,710.16,,
d72b73f1-90ea-170c-e642-f7e063731e48,1964-04-07T16:40:18Z,1964-04-07T16:55:18Z,3a95299b-cc07-06dd-6ec3-a4762608a16c,a6964d47-8af0-3df2-b99d-d8414eb1cfa3,1e7e6183-8666-3962-99a3-2f0f98b9df7e,df166300-5a78-3502-a46a-832842197811,ambulatory,424619006,Prenatal visit,142.58,1005.38,955.38,35999006,Blighted ovum
28d59d8a-2827-b745-9491-33c0d3c7c0b2,1967-06-28T16:40:18Z,1967-06-28T17:16:09Z,3a95299b-cc07-06dd-6ec3-a4762608a16c,25c85bcc-7e25-36bc-89e8-08e0d473db23,82a921c3-7aad-3ef1-bc6a-7eee2c0fd2b3,df166300-5a78-3502-a46a-832842197811,wellness,162673000,General examination of patient (procedure),136.80,1146.52,996.52,,
907571eb-0a6d-237f-88db-dd7ac1b6e896,1967-07-11T12:32:04Z,1967-07-11T18:16:13Z,3a95299b-cc07-06dd-6ec3-a4762608a16c,74ab949d-17ac-3309-83a0-13b4405c66aa,8d32509a-2844-3440-aac1-59efe106054b,df166300-5a78-3502-a46a-832842197811,ambulatory,185347001,Encounter for problem (procedure),85.55,1444.46,1394.46,414545008,Ischemic heart disease (disorder)
86fcf05e-9673-2380-32fa-a6029228115d,1967-07-31T21:32:46Z,1967-08-01T02:49:50Z,3a95299b-cc07-06dd-6ec3-a4762608a16c,74ab949d-17ac-3309-83a0-13b4405c66aa,8d32509a-2844-3440-aac1-59efe106054b,df166300-5a78-3502-a46a-832842197811,ambulatory,32485007,Hospital admission (procedure),142.58,3959.50,3909.50,274531002,Abnormal findings diagnostic imaging heart+coronary circulat (finding)
61d96c8d-66ae-1d7d-e7cc-25f85df644be,1978-08-30T16:40:18Z,1978-08-30T17:29:19Z,3a95299b-cc07-06dd-6ec3-a4762608a16c,25c85bcc-7e25-36bc-89e8-08e0d473db23,82a921c3-7aad-3ef1-bc6a-7eee2c0fd2b3,df166300-5a78-3502-a46a-832842197811,wellness,162673000,General examination of patient (procedure),136.80,860.16,710.16,,
f3e05f71-4bdf-6edd-6e84-3482a9bf0091,1990-04-03T16:40:18Z,1990-04-03T17:40:18Z,3a95299b-cc07-06dd-6ec3-a4762608a16c,f6ba791e-fe68-3596-bef4-60751db6a60e,2d3f06fe-e324-3585-abe6-47ec7a4fa5fd,d18ef2e6-ef40-324c-be54-34a5ee865625,emergency,183452005,Emergency hospital admission (procedure),87.71,87.71,52.71,82423001,Chronic pain
9560f357-af74-3e3f-01e5-243aaf92ce04,1990-06-21T16:40:18Z,1990-06-21T17:40:18Z,3a95299b-cc07-06dd-6ec3-a4762608a16c,f6ba791e-fe68-3596-bef4-60751db6a60e,2d3f06fe-e324-3585-abe6-47ec7a4fa5fd,d18ef2e6-ef40-324c-be54-34a5ee865625,emergency,182813001,Emergency treatment (procedure),146.18,11269.79,11234.79,196416002,Impacted molars
07ac5cf4-f2e9-42a6-02f7-fa60022deb03,1990-08-04T16:40:18Z,1990-08-04T17:40:18Z,3a95299b-cc07-06dd-6ec3-a4762608a16c,f6ba791e-fe68-3596-bef4-60751db6a60e,2d3f06fe-e324-3585-abe6-47ec7a4fa5fd,d18ef2e6-ef40-324c-be54-34a5ee865625,emergency,182813001,Emergency treatment (procedure),146.18,146.18,111.18,124171000119105,Chronic intractable migraine without aura
db318646-c7ea-e29c-b248-5ff57a043cbe,1991-01-28T16:40:18Z,1991-01-28T18:40:18Z,3a95299b-cc07-06dd-6ec3-a4762608a16c,f6ba791e-fe68-3596-bef4-60751db6a60e,2d3f06fe-e324-3585-abe6-47ec7a4fa5fd,d18ef2e6-ef40-324c-be54-34a5ee865625,emergency,50849002,Emergency room admission (procedure),146.18,146.18,111.18,55680006,Drug overdose
d973aacc-1903-fcc4-fb78-fac06708c209,1991-07-08T18:40:18Z,1991-07-08T19:59:13Z,3a95299b-cc07-06dd-6ec3-a4762608a16c,a6964d47-8af0-3df2-b99d-d8414eb1cfa3,1e7e6183-8666-3962-99a3-2f0f98b9df7e,d18ef2e6-ef40-324c-be54-34a5ee865625,ambulatory,185347001,Encounter for problem (procedure),85.55,516.95,481.95,6525002,Dependent drug abuse (disorder)
74d15c27-1a27-363a-290c-677def86072a,1994-11-30T16:40:18Z,1994-11-30T17:37:55Z,3a95299b-cc07-06dd-6ec3-a4762608a16c,25c85bcc-7e25-36bc-89e8-08e0d473db23,82a921c3-7aad-3ef1-bc6a-7eee2c0fd2b3,df166300-5a78-3502-a46a-832842197811,wellness,162673000,General examination of patient (procedure),136.80,853.36,803.36,,
9815c662-ac17-e279-7789-a64561f4656b,2001-09-19T16:40:18Z,2001-09-19T17:07:59Z,3a95299b-cc07-06dd-6ec3-a4762608a16c,a6964d47-8af0-3df2-b99d-d8414eb1cfa3,1e7e6183-8666-3962-99a3-2f0f98b9df7e,d18ef2e6-ef40-324c-be54-34a5ee865625,ambulatory,185349003,Encounter for check up (procedure),85.55,500.26,465.26,,
ceded763-decf-a1db-f669-930458b44ef3,2004-03-03T16:40:18Z,2004-03-03T17:02:23Z,3a95299b-cc07-06dd-6ec3-a4762608a16c,a6964d47-8af0-3df2-b99d-d8414eb1cfa3,1e7e6183-8666-3962-99a3-2f0f98b9df7e,d18ef2e6-ef40-324c-be54-34a5ee865625,ambulatory,185349003,Encounter for check up (procedure),85.55,249.20,214.20,,
950222c4-530f-a1c7-e4e9-6cc307abf2ea,2004-12-29T16:40:18Z,2004-12-29T17:19:16Z,3a95299b-cc07-06dd-6ec3-a4762608a16c,a6964d47-8af0-3df2-b99d-d8414eb1cfa3,1e7e6183-8666-3962-99a3-2f0f98b9df7e,d18ef2e6-ef40-324c-be54-34a5ee865625,outpatient,185349003,Encounter for check up (procedure),85.55,11152.12,11117.12,,
a86455bc-4612-3721-18e9-9f6c45b05ba4,2005-01-12T16:40:18Z,2005-01-12T17:47:04Z,3a95299b-cc07-06dd-6ec3-a4762608a16c,a6964d47-8af0-3df2-b99d-d8414eb1cfa3,1e7e6183-8666-3962-99a3-2f0f98b9df7e,d18ef2e6-ef40-324c-be54-34a5ee865625,ambulatory,185349003,Encounter for check up (procedure),85.55,228.16,193.16,,
62d8135a-9e5f-6fea-0ca5-1b1080704a95,2005-03-09T16:40:18Z,2005-03-09T18:42:31Z,3a95299b-cc07-06dd-6ec3-a4762608a16c,a6964d47-8af0-3df2-b99d-d8414eb1cfa3,1e7e6183-8666-3962-99a3-2f0f98b9df7e,d18ef2e6-ef40-324c-be54-34a5ee865625,ambulatory,185349003,Encounter for check up (procedure),85.55,606.28,571.28,,
250428a0-c7cf-df2c-d5e9-15139a356436,2006-03-01T16:40:18Z,2006-03-01T17:22:53Z,3a95299b-cc07-06dd-6ec3-a4762608a16c,25c85bcc-7e25-36bc-89e8-08e0d473db23,82a921c3-7aad-3ef1-bc6a-7eee2c0fd2b3,d18ef2e6-ef40-324c-be54-34a5ee865625,wellness,162673000,General examination of patient (procedure),136.80,1153.40,1153.40,,
2dc6caf5-1216-ca5a-74f6-7a43cb88f636,2007-08-04T16:40:18Z,2007-08-04T16:55:18Z,3a95299b-cc07-06dd-6ec3-a4762608a16c,a6964d47-8af0-3df2-b99d-d8414eb1cfa3,1e7e6183-8666-3962-99a3-2f0f98b9df7e,d18ef2e6-ef40-324c-be54-34a5ee865625,ambulatory,316744009,Office Visit,85.55,85.55,50.55,26929004,Alzheimer's disease (disorder)
87e6cc34-7a48-d384-a51a-0ef12dd2de42,2007-10-31T16:40:18Z,2007-10-31T17:33:53Z,3a95299b-cc07-06dd-6ec3-a4762608a16c,a6964d47-8af0-3df2-b99d-d8414eb1cfa3,1e7e6183-8666-3962-99a3-2f0f98b9df7e,d18ef2e6-ef40-324c-be54-34a5ee865625,outpatient,185349003,Encounter for check up (procedure),85.55,666.11,631.11,,
0197c00d-9fdd-35c9-2662-dcd55f875037,2007-11-04T16:40:18Z,2007-11-04T17:15:46Z,3a95299b-cc07-06dd-6ec3-a4762608a16c,74ab949d-17ac-3309-83a0-13b4405c66aa,8d32509a-2844-3440-aac1-59efe106054b,d18ef2e6-ef40-324c-be54-34a5ee865625,ambulatory,185347001,Encounter for problem,85.55,4828.82,4793.82,88805009,Chronic congestive heart failure (disorder)
735e273e-ee60-7d52-749f-c31a13700653,2007-11-28T16:40:18Z,2007-11-28T17:10:18Z,3a95299b-cc07-06dd-6ec3-a4762608a16c,74ab949d-17ac-3309-83a0-13b4405c66aa,8d32509a-2844-3440-aac1-59efe106054b,d18ef2e6-ef40-324c-be54-34a5ee865625,ambulatory,185347001,Encounter for problem,85.55,795.53,760.53,88805009,Chronic congestive heart failure (disorder)
47c1ad42-efd5-fb8a-c825-0bf9c6b4af71,2008-03-12T16:40:18Z,2008-03-12T17:23:08Z,3a95299b-cc07-06dd-6ec3-a4762608a16c,25c85bcc-7e25-36bc-89e8-08e0d473db23,82a921c3-7aad-3ef1-bc6a-7eee2c0fd2b3,d18ef2e6-ef40-324c-be54-34a5ee865625,wellness,162673000,General examination of patient (procedure),136.80,717.36,717.36,,
c9a787c5-27b5-ff06-ab38-b242eedcc19d,2008-05-26T16:40:18Z,2008-05-26T17:40:18Z,3a95299b-cc07-06dd-6ec3-a4762608a16c,74ab949d-17ac-3309-83a0-13b4405c66aa,8d32509a-2844-3440-aac1-59efe106054b,d18ef2e6-ef40-324c-be54-34a5ee865625,emergency,185347001,Encounter for Problem,87.71,4681.19,4646.19,88805009,Chronic congestive heart failure (disorder)
022178b0-74f9-b26b-4cca-bb911f849230,2008-05-26T16:40:18Z,2008-06-17T17:45:29Z,3a95299b-cc07-06dd-6ec3-a4762608a16c,74ab949d-17ac-3309-83a0-13b4405c66aa,8d32509a-2844-3440-aac1-59efe106054b,d18ef2e6-ef40-324c-be54-34a5ee865625,inpatient,305351004,Admission to intensive care unit (procedure),146.18,31438.23,31403.23,88805009,Chronic congestive heart failure (disorder)
66fa519b-e738-043f-49cb-dc7b02975d4c,2008-06-15T19:14:44Z,2008-06-15T20:23:09Z,3a95299b-cc07-06dd-6ec3-a4762608a16c,a6964d47-8af0-3df2-b99d-d8414eb1cfa3,1e7e6183-8666-3962-99a3-2f0f98b9df7e,d18ef2e6-ef40-324c-be54-34a5ee865625,ambulatory,185347001,Encounter for problem (procedure),85.55,516.95,481.95,6525002,Dependent drug abuse (disorder)
f6b24572-c286-35a4-165a-9b5d873aa718,2008-06-18T17:45:29Z,2008-06-18T18:00:29Z,3a95299b-cc07-06dd-6ec3-a4762608a16c,74ab949d-17ac-3309-83a0-13b4405c66aa,8d32509a-2844-3440-aac1-59efe106054b,d18ef2e6-ef40-324c-be54-34a5ee865625,ambulatory,448337001,Telemedicine consultation with patient,142.58,142.58,107.58,88805009,Chronic congestive heart failure (disorder)
48a0847c-97d5-113c-c1b1-793f7b9c7a41,2008-06-20T17:45:29Z,2008-06-20T18:00:29Z,3a95299b-cc07-06dd-6ec3-a4762608a16c,74ab949d-17ac-3309-83a0-13b4405c66aa,8d32509a-2844-3440-aac1-59efe106054b,d18ef2e6-ef40-324c-be54-34a5ee865625,ambulatory,448337001,Telemedicine consultation with patient,142.58,142.58,107.58,88805009,Chronic congestive heart failure (disorder)
0bf73f02-3d2d-75e7-1a4f-04335ea21567,2008-06-21T17:45:29Z,2008-06-21T18:00:29Z,3a95299b-cc07-06dd-6ec3-a4762608a16c,74ab949d-17ac-3309-83a0-13b4405c66aa,8d32509a-2844-3440-aac1-59efe106054b,d18ef2e6-ef40-324c-be54-34a5ee865625,ambulatory,448337001,Telemedicine consultation with patient,142.58,142.58,107.58,88805009,Chronic congestive heart failure (disorder)
b52fe130-5e18-8aab-8bb8-295466b792fa,2008-06-23T17:45:29Z,2008-06-23T18:00:29Z,3a95299b-cc07-06dd-6ec3-a4762608a16c,74ab949d-17ac-3309-83a0-13b4405c66aa,8d32509a-2844-3440-aac1-59efe106054b,d18ef2e6-ef40-324c-be54-34a5ee865625,ambulatory,448337001,Telemedicine consultation with patient,142.58,142.58,107.58,88805009,Chronic congestive heart failure (disorder)
7c8f2824-c6b2-3b69-8ec4-b0f466684377,2008-06-26T17:45:29Z,2008-06-26T18:00:29Z,3a95299b-cc07-06dd-6ec3-a4762608a16c,74ab949d-17ac-3309-83a0-13b4405c66aa,8d32509a-2844-3440-aac1-59efe106054b,d18ef2e6-ef40-324c-be54-34a5ee865625,ambulatory,448337001,Telemedicine consultation with patient,142.58,142.58,107.58,88805009,Chronic congestive heart failure (disorder)
da58ded5-74ff-ff12-ce07-9fdd9db6f094,2008-06-27T17:45:29Z,2008-06-27T18:00:29Z,3a95299b-cc07-06dd-6ec3-a4762608a16c,74ab949d-17ac-3309-83a0-13b4405c66aa,8d32509a-2844-3440-aac1-59efe106054b,d18ef2e6-ef40-324c-be54-34a5ee865625,ambulatory,448337001,Telemedicine consultation with patient,142.58,142.58,107.58,88805009,Chronic congestive heart failure (disorder)
7d355a8c-472e-9bf8-0d08-222fb4efe99b,2008-06-29T17:45:29Z,2008-06-29T18:00:29Z,3a95299b-cc07-06dd-6ec3-a4762608a16c,74ab949d-17ac-3309-83a0-13b4405c66aa,8d32509a-2844-3440-aac1-59efe106054b,d18ef2e6-ef40-324c-be54-34a5ee865625,ambulatory,448337001,Telemedicine consultation with patient,142.58,142.58,107.58,88805009,Chronic congestive heart failure (disorder)
c12166b4-08e2-ff4d-f22a-74fcd7a14f43,2008-07-02T17:45:29Z,2008-07-02T18:00:29Z,3a95299b-cc07-06dd-6ec3-a4762608a16c,74ab949d-17ac-3309-83a0-13b4405c66aa,8d32509a-2844-3440-aac1-59efe106054b,d18ef2e6-ef40-324c-be54-34a5ee865625,ambulatory,448337001,Telemedicine consultation with patient,142.58,142.58,107.58,88805009,Chronic congestive heart failure (disorder)
66cda42f-fcf3-d545-bf01-514d431bf397,2008-07-05T17:45:29Z,2008-07-05T18:00:29Z,3a95299b-cc07-06dd-6ec3-a4762608a16c,74ab949d-17ac-3309-83a0-13b4405c66aa,8d32509a-2844-3440-aac1-59efe106054b,d18ef2e6-ef40-324c-be54-34a5ee865625,ambulatory,448337001,Telemedicine consultation with patient,142.58,142.58,107.58,88805009,Chronic congestive heart failure (disorder)
1f35cf9b-cef8-5da4-5e01-b0edefa872b5,2008-07-09T17:45:29Z,2008-07-09T18:00:29Z,3a95299b-cc07-06dd-6ec3-a4762608a16c,74ab949d-17ac-3309-83a0-13b4405c66aa,8d32509a-2844-3440-aac1-59efe106054b,d18ef2e6-ef40-324c-be54-34a5ee865625,ambulatory,448337001,Telemedicine consultation with patient,142.58,142.58,107.58,88805009,Chronic congestive heart failure (disorder)
3faef992-6202-1de3-4c23-92d3d0bd69f7,2008-07-11T17:45:29Z,2008-07-11T18:00:29Z,3a95299b-cc07-06dd-6ec3-a4762608a16c,74ab949d-17ac-3309-83a0-13b4405c66aa,8d32509a-2844-3440-aac1-59efe106054b,d18ef2e6-ef40-324c-be54-34a5ee865625,ambulatory,448337001,Telemedicine consultation with patient,142.58,142.58,107.58,88805009,Chronic congestive heart failure (disorder)
2a0d65ca-433e-e4b4-1bd4-ae4d1ef507e0,2008-07-13T17:45:29Z,2008-07-13T18:00:29Z,3a95299b-cc07-06dd-6ec3-a4762608a16c,74ab949d-17ac-3309-83a0-13b4405c66aa,8d32509a-2844-3440-aac1-59efe106054b,d18ef2e6-ef40-324c-be54-34a5ee865625,ambulatory,448337001,Telemedicine consultation with patient,142.58,142.58,107.58,88805009,Chronic congestive heart failure (disorder)
1c07773f-d378-0685-aab4-c893ffa1e1b1,2008-07-14T17:45:29Z,2008-07-14T18:00:29Z,3a95299b-cc07-06dd-6ec3-a4762608a16c,74ab949d-17ac-3309-83a0-13b4405c66aa,8d32509a-2844-3440-aac1-59efe106054b,d18ef2e6-ef40-324c-be54-34a5ee865625,ambulatory,448337001,Telemedicine consultation with patient,142.58,142.58,107.58,88805009,Chronic congestive heart failure (disorder)
fe9c42f3-400c-bc57-36d1-c9c7768dd0b7,2008-07-15T17:45:29Z,2008-07-15T18:00:29Z,3a95299b-cc07-06dd-6ec3-a4762608a16c,74ab949d-17ac-3309-83a0-13b4405c66aa,8d32509a-2844-3440-aac1-59efe106054b,d18ef2e6-ef40-324c-be54-34a5ee865625,ambulatory,448337001,Telemedicine consultation with patient,142.58,142.58,107.58,88805009,Chronic congestive heart failure (disorder)
74057188-4a39-2ebf-8965-b5fd2cfd1e36,2008-07-15T20:23:09Z,2008-07-15T21:40:00Z,3a95299b-cc07-06dd-6ec3-a4762608a16c,a6964d47-8af0-3df2-b99d-d8414eb1cfa3,1e7e6183-8666-3962-99a3-2f0f98b9df7e,d18ef2e6-ef40-324c-be54-34a5ee865625,ambulatory,185347001,Encounter for problem (procedure),85.55,516.95,481.95,6525002,Dependent drug abuse (disorder)
307aab4b-775b-1f1e-6851-16164aa0fb90,2008-07-16T17:45:29Z,2008-07-16T18:00:29Z,3a95299b-cc07-06dd-6ec3-a4762608a16c,74ab949d-17ac-3309-83a0-13b4405c66aa,8d32509a-2844-3440-aac1-59efe106054b,d18ef2e6-ef40-324c-be54-34a5ee865625,ambulatory,448337001,Telemedicine consultation with patient,142.58,142.58,107.58,88805009,Chronic congestive heart failure (disorder)
d81bbf4e-2765-6f2d-2810-0f4b637eb322,2008-07-19T17:45:29Z,2008-07-19T18:00:29Z,3a95299b-cc07-06dd-6ec3-a4762608a16c,74ab949d-17ac-3309-83a0-13b4405c66aa,8d32509a-2844-3440-aac1-59efe106054b,d18ef2e6-ef40-324c-be54-34a5ee865625,ambulatory,448337001,Telemedicine consultation with patient,142.58,142.58,107.58,88805009,Chronic congestive heart failure (disorder)
9b9d2da4-fe8a-79fb-0a68-176da672217b,2008-07-20T17:45:29Z,2008-07-20T18:00:29Z,3a95299b-cc07-06dd-6ec3-a4762608a16c,74ab949d-17ac-3309-83a0-13b4405c66aa,8d32509a-2844-3440-aac1-59efe106054b,d18ef2e6-ef40-324c-be54-34a5ee865625,ambulatory,448337001,Telemedicine consultation with patient,142.58,142.58,107.58,88805009,Chronic congestive heart failure (disorder)
f23ddc14-93b0-7059-7a95-4874b1803028,2008-07-21T17:45:29Z,2008-07-21T18:00:29Z,3a95299b-cc07-06dd-6ec3-a4762608a16c,74ab949d-17ac-3309-83a0-13b4405c66aa,8d32509a-2844-3440-aac1-59efe106054b,d18ef2e6-ef40-324c-be54-34a5ee865625,ambulatory,448337001,Telemedicine consultation with patient,142.58,142.58,107.58,88805009,Chronic congestive heart failure (disorder)
4cae4221-b363-73cf-2462-4e9df7c1a59a,2008-07-22T17:45:29Z,2008-07-22T18:00:29Z,3a95299b-cc07-06dd-6ec3-a4762608a16c,74ab949d-17ac-3309-83a0-13b4405c66aa,8d32509a-2844-3440-aac1-59efe106054b,d18ef2e6-ef40-324c-be54-34a5ee865625,ambulatory,448337001,Telemedicine consultation with patient,142.58,142.58,107.58,88805009,Chronic congestive heart failure (disorder)
50ec6c78-caca-deea-9460-6524c8d8ac80,2008-07-30T16:40:18Z,2008-07-30T17:26:05Z,3a95299b-cc07-06dd-6ec3-a4762608a16c,a6964d47-8af0-3df2-b99d-d8414eb1cfa3,1e7e6183-8666-3962-99a3-2f0f98b9df7e,d18ef2e6-ef40-324c-be54-34a5ee865625,outpatient,185349003,Encounter for check up (procedure),85.55,1017.81,982.81,,
0f7c24b9-2174-ac19-976b-40faaa97f745,2008-08-06T16:40:18Z,2008-08-06T16:55:18Z,3a95299b-cc07-06dd-6ec3-a4762608a16c,74ab949d-17ac-3309-83a0-13b4405c66aa,8d32509a-2844-3440-aac1-59efe106054b,d18ef2e6-ef40-324c-be54-34a5ee865625,ambulatory,448337001,Telemedicine consultation with patient,142.58,142.58,107.58,88805009,Chronic congestive heart failure (disorder)
22889dba-ab8a-cc6c-d065-dc489e2b3e55,2008-08-09T16:40:18Z,2008-08-09T16:55:18Z,3a95299b-cc07-06dd-6ec3-a4762608a16c,74ab949d-17ac-3309-83a0-13b4405c66aa,8d32509a-2844-3440-aac1-59efe106054b,d18ef2e6-ef40-324c-be54-34a5ee865625,ambulatory,448337001,Telemedicine consultation with patient,142.58,142.58,107.58,88805009,Chronic congestive heart failure (disorder)
e92b0b2a-965e-9917-7b25-4d53f19f325a,2008-08-11T16:40:18Z,2008-08-11T16:55:18Z,3a95299b-cc07-06dd-6ec3-a4762608a16c,74ab949d-17ac-3309-83a0-13b4405c66aa,8d32509a-2844-3440-aac1-59efe106054b,d18ef2e6-ef40-324c-be54-34a5ee865625,ambulatory,448337001,Telemedicine consultation with patient,142.58,142.58,107.58,88805009,Chronic congestive heart failure (disorder)
6476e26f-27a3-ccb0-c2aa-a9f5fe7eb938,2008-08-12T16:40:18Z,2008-08-12T16:55:18Z,3a95299b-cc07-06dd-6ec3-a4762608a16c,74ab949d-17ac-3309-83a0-13b4405c66aa,8d32509a-2844-3440-aac1-59efe106054b,d18ef2e6-ef40-324c-be54-34a5ee865625,ambulatory,448337001,Telemedicine consultation with patient,142.58,142.58,107.58,88805009,Chronic congestive heart failure (disorder)
f5d3861b-0138-e801-ef78-cadec1e57659,2008-08-13T16:40:18Z,2008-08-13T16:56:37Z,3a95299b-cc07-06dd-6ec3-a4762608a16c,a6964d47-8af0-3df2-b99d-d8414eb1cfa3,1e7e6183-8666-3962-99a3-2f0f98b9df7e,d18ef2e6-ef40-324c-be54-34a5ee865625,ambulatory,185349003,Encounter for check up (procedure),85.55,323.98,288.98,,
a7d36991-fcc8-cf88-a48a-46ba04f5f148,2008-08-27T16:40:18Z,2008-08-27T17:11:45Z,3a95299b-cc07-06dd-6ec3-a4762608a16c,a6964d47-8af0-3df2-b99d-d8414eb1cfa3,1e7e6183-8666-3962-99a3-2f0f98b9df7e,d18ef2e6-ef40-324c-be54-34a5ee865625,outpatient,185349003,Encounter for check up (procedure),85.55,881.81,846.81,,
7d39f46d-8326-699f-63b7-956690110295,2008-09-03T16:40:18Z,2008-09-03T16:55:18Z,3a95299b-cc07-06dd-6ec3-a4762608a16c,74ab949d-17ac-3309-83a0-13b4405c66aa,8d32509a-2844-3440-aac1-59efe106054b,d18ef2e6-ef40-324c-be54-34a5ee865625,ambulatory,448337001,Telemedicine consultation with patient,142.58,142.58,107.58,88805009,Chronic congestive heart failure (disorder)
629664ce-ffcf-0b90-175a-7b3df8030409,2008-09-08T16:40:18Z,2008-09-08T16:55:18Z,3a95299b-cc07-06dd-6ec3-a4762608a16c,74ab949d-17ac-3309-83a0-13b4405c66aa,8d32509a-2844-3440-aac1-59efe106054b,d18ef2e6-ef40-324c-be54-34a5ee865625,ambulatory,448337001,Telemedicine consultation with patient,142.58,142.58,107.58,88805009,Chronic congestive heart failure (disorder)
b03a771b-0a59-2f65-9cdc-ecf66415031e,2008-09-10T16:40:18Z,2008-09-10T17:05:24Z,3a95299b-cc07-06dd-6ec3-a4762608a16c,a6964d47-8af0-3df2-b99d-d8414eb1cfa3,1e7e6183-8666-3962-99a3-2f0f98b9df7e,d18ef2e6-ef40-324c-be54-34a5ee865625,ambulatory,185349003,Encounter for check up (procedure),85.55,85.90,50.90,,
74c01768-5c40-74f4-6d03-2a9ef445ed19,2008-09-24T16:40:18Z,2008-09-24T16:55:18Z,3a95299b-cc07-06dd-6ec3-a4762608a16c,74ab949d-17ac-3309-83a0-13b4405c66aa,8d32509a-2844-3440-aac1-59efe106054b,d18ef2e6-ef40-324c-be54-34a5ee865625,ambulatory,448337001,Telemedicine consultation with patient,142.58,142.58,107.58,88805009,Chronic congestive heart failure (disorder)
51bcd540-96fe-2db2-e03e-d695fd67f7ca,2008-09-25T16:40:18Z,2008-09-25T16:55:18Z,3a95299b-cc07-06dd-6ec3-a4762608a16c,74ab949d-17ac-3309-83a0-13b4405c66aa,8d32509a-2844-3440-aac1-59efe106054b,d18ef2e6-ef40-324c-be54-34a5ee865625,ambulatory,448337001,Telemedicine consultation with patient,142.58,142.58,107.58,88805009,Chronic congestive heart failure (disorder)
86ed933a-6fad-bdb5-eae1-cf233e216ddd,2008-09-27T16:40:18Z,2008-09-27T16:55:18Z,3a95299b-cc07-06dd-6ec3-a4762608a16c,74ab949d-17ac-3309-83a0-13b4405c66aa,8d32509a-2844-3440-aac1-59efe106054b,d18ef2e6-ef40-324c-be54-34a5ee865625,ambulatory,448337001,Telemedicine consultation with patient,142.58,142.58,107.58,88805009,Chronic congestive heart failure (disorder)
773e3a57-d5d3-a2e7-bdd9-c7d7638452e5,2008-09-29T16:40:18Z,2008-09-29T16:55:18Z,3a95299b-cc07-06dd-6ec3-a4762608a16c,74ab949d-17ac-3309-83a0-13b4405c66aa,8d32509a-2844-3440-aac1-59efe106054b,d18ef2e6-ef40-324c-be54-34a5ee865625,ambulatory,448337001,Telemedicine consultation with patient,142.58,142.58,107.58,88805009,Chronic congestive heart failure (disorder)
21958845-4556-99d2-e55f-57cbbac88ad9,2008-09-30T16:40:18Z,2008-09-30T16:55:18Z,3a95299b-cc07-06dd-6ec3-a4762608a16c,74ab949d-17ac-3309-83a0-13b4405c66aa,8d32509a-2844-3440-aac1-59efe106054b,d18ef2e6-ef40-324c-be54-34a5ee865625,ambulatory,448337001,Telemedicine consultation with patient,142.58,142.58,107.58,88805009,Chronic congestive heart failure (disorder)
7c9a60cc-e0c8-f9e2-c38b-1a22108558bf,2008-10-01T16:40:18Z,2008-10-01T16:55:18Z,3a95299b-cc07-06dd-6ec3-a4762608a16c,74ab949d-17ac-3309-83a0-13b4405c66aa,8d32509a-2844-3440-aac1-59efe106054b,d18ef2e6-ef40-324c-be54-34a5ee865625,ambulatory,448337001,Telemedicine consultation with patient,142.58,142.58,107.58,88805009,Chronic congestive heart failure (disorder)
a5ab463d-7c67-29f5-205f-fd887a50c833,2008-10-02T16:40:18Z,2008-10-02T16:55:18Z,3a95299b-cc07-06dd-6ec3-a4762608a16c,74ab949d-17ac-3309-83a0-13b4405c66aa,8d32509a-2844-3440-aac1-59efe106054b,d18ef2e6-ef40-324c-be54-34a5ee865625,ambulatory,448337001,Telemedicine consultation with patient,142.58,142.58,107.58,88805009,Chronic congestive heart failure (disorder)
1cfbdc35-d8e4-8c3f-b928-2642291dcec5,2008-10-03T16:40:18Z,2008-10-03T16:55:18Z,3a95299b-cc07-06dd-6ec3-a4762608a16c,74ab949d-17ac-3309-83a0-13b4405c66aa,8d32509a-2844-3440-aac1-59efe106054b,d18ef2e6-ef40-324c-be54-34a5ee865625,ambulatory,448337001,Telemedicine consultation with patient,142.58,142.58,107.58,88805009,Chronic congestive heart failure (disorder)
60238e17-2265-4124-0652-613fb8e27062,2008-10-04T16:40:18Z,2008-10-04T16:55:18Z,3a95299b-cc07-06dd-6ec3-a4762608a16c,74ab949d-17ac-3309-83a0-13b4405c66aa,8d32509a-2844-3440-aac1-59efe106054b,d18ef2e6-ef40-324c-be54-34a5ee865625,ambulatory,448337001,Telemedicine consultation with patient,142.58,142.58,107.58,88805009,Chronic congestive heart failure (disorder)
9750f226-fb7a-a37d-addb-13098e6fb8ca,2008-10-05T16:40:18Z,2008-10-05T16:55:18Z,3a95299b-cc07-06dd-6ec3-a4762608a16c,74ab949d-17ac-3309-83a0-13b4405c66aa,8d32509a-2844-3440-aac1-59efe106054b,d18ef2e6-ef40-324c-be54-34a5ee865625,ambulatory,448337001,Telemedicine consultation with patient,142.58,142.58,107.58,88805009,Chronic congestive heart failure (disorder)
670258db-d0bc-a8e2-487b-4973532f6b48,2008-10-06T16:40:18Z,2008-10-06T16:55:18Z,3a95299b-cc07-06dd-6ec3-a4762608a16c,74ab949d-17ac-3309-83a0-13b4405c66aa,8d32509a-2844-3440-aac1-59efe106054b,d18ef2e6-ef40-324c-be54-34a5ee865625,ambulatory,448337001,Telemedicine consultation with patient,142.58,142.58,107.58,88805009,Chronic congestive heart failure (disorder)
2acf1b89-9c49-5813-8659-01189e59e387,2008-10-07T16:40:18Z,2008-10-07T16:55:18Z,3a95299b-cc07-06dd-6ec3-a4762608a16c,74ab949d-17ac-3309-83a0-13b4405c66aa,8d32509a-2844-3440-aac1-59efe106054b,d18ef2e6-ef40-324c-be54-34a5ee865625,ambulatory,448337001,Telemedicine consultation with patient,142.58,142.58,107.58,88805009,Chronic congestive heart failure (disorder)
05260b52-b9b7-c65b-40a7-c26e2f891504,2008-10-08T16:40:18Z,2008-10-08T17:10:18Z,3a95299b-cc07-06dd-6ec3-a4762608a16c,74ab949d-17ac-3309-83a0-13b4405c66aa,8d32509a-2844-3440-aac1-59efe106054b,d18ef2e6-ef40-324c-be54-34a5ee865625,ambulatory,185347001,Encounter for problem,85.55,1672.68,1637.68,88805009,Chronic congestive heart failure (disorder)
27cbcd03-a84d-6d7a-107f-c2523e4b615a,2008-10-02T21:40:00Z,2008-10-18T21:40:00Z,3a95299b-cc07-06dd-6ec3-a4762608a16c,a6964d47-8af0-3df2-b99d-d8414eb1cfa3,1e7e6183-8666-3962-99a3-2f0f98b9df7e,d18ef2e6-ef40-324c-be54-34a5ee865625,inpatient,56876005,Drug rehabilitation and detoxification,146.18,146.18,111.18,6525002,Dependent drug abuse (disorder)
75eed59e-4f49-af83-4f38-deb7d43193ee,2008-10-29T16:40:18Z,2008-10-29T17:18:32Z,3a95299b-cc07-06dd-6ec3-a4762608a16c,a6964d47-8af0-3df2-b99d-d8414eb1cfa3,1e7e6183-8666-3962-99a3-2f0f98b9df7e,d18ef2e6-ef40-324c-be54-34a5ee865625,outpatient,185349003,Encounter for check up (procedure),85.55,666.11,631.11,,
3f20c711-96d8-e099-651b-3a0c2e180136,2008-11-01T21:40:00Z,2008-11-01T22:49:16Z,3a95299b-cc07-06dd-6ec3-a4762608a16c,a6964d47-8af0-3df2-b99d-d8414eb1cfa3,1e7e6183-8666-3962-99a3-2f0f98b9df7e,d18ef2e6-ef40-324c-be54-34a5ee865625,ambulatory,185347001,Encounter for problem (procedure),85.55,516.95,481.95,6525002,Dependent drug abuse (disorder)
3539feee-6185-e610-1cf3-c0dc2cccb22f,2008-12-01T22:49:16Z,2008-12-01T23:52:03Z,3a95299b-cc07-06dd-6ec3-a4762608a16c,a6964d47-8af0-3df2-b99d-d8414eb1cfa3,1e7e6183-8666-3962-99a3-2f0f98b9df7e,d18ef2e6-ef40-324c-be54-34a5ee865625,ambulatory,185347001,Encounter for problem (procedure),85.55,516.95,481.95,6525002,Dependent drug abuse (disorder)
421d5dd9-e182-b39c-e9b4-3d70d2cec904,2008-12-24T16:40:18Z,2008-12-24T17:19:31Z,3a95299b-cc07-06dd-6ec3-a4762608a16c,a6964d47-8af0-3df2-b99d-d8414eb1cfa3,1e7e6183-8666-3962-99a3-2f0f98b9df7e,d18ef2e6-ef40-324c-be54-34a5ee865625,outpatient,185349003,Encounter for check up (procedure),85.55,666.11,631.11,,
224eab22-0d23-b6cb-64c2-0121da1aa4b7,2008-12-31T23:52:03Z,2009-01-01T00:56:49Z,3a95299b-cc07-06dd-6ec3-a4762608a16c,a6964d47-8af0-3df2-b99d-d8414eb1cfa3,1e7e6183-8666-3962-99a3-2f0f98b9df7e,d18ef2e6-ef40-324c-be54-34a5ee865625,ambulatory,185347001,Encounter for problem (procedure),85.55,516.95,481.95,6525002,Dependent drug abuse (disorder)
56113b0d-a79a-eb0f-c001-148b73560555,2009-01-28T16:40:18Z,2009-01-28T17:27:26Z,3a95299b-cc07-06dd-6ec3-a4762608a16c,a6964d47-8af0-3df2-b99d-d8414eb1cfa3,1e7e6183-8666-3962-99a3-2f0f98b9df7e,d18ef2e6-ef40-324c-be54-34a5ee865625,outpatient,185349003,Encounter for check up (procedure),85.55,881.81,846.81,,
2b01734a-fdc6-d3c5-2fbc-0f5f95701139,2009-03-18T16:40:18Z,2009-03-18T17:33:55Z,3a95299b-cc07-06dd-6ec3-a4762608a16c,25c85bcc-7e25-36bc-89e8-08e0d473db23,82a921c3-7aad-3ef1-bc6a-7eee2c0fd2b3,d18ef2e6-ef40-324c-be54-34a5ee865625,wellness,162673000,General examination of patient (procedure),136.80,717.36,717.36,,
e261f291-95d6-819c-8efe-3ca5c9319cb2,2009-04-06T16:40:18Z,2009-04-06T17:10:18Z,3a95299b-cc07-06dd-6ec3-a4762608a16c,74ab949d-17ac-3309-83a0-13b4405c66aa,8d32509a-2844-3440-aac1-59efe106054b,d18ef2e6-ef40-324c-be54-34a5ee865625,ambulatory,185347001,Encounter for problem,85.55,1258.64,1223.64,88805009,Chronic congestive heart failure (disorder)
f1845981-3e5a-a673-233a-bdc63aad3dd8,2009-07-12T16:40:18Z,2009-07-12T16:55:18Z,3a95299b-cc07-06dd-6ec3-a4762608a16c,a6964d47-8af0-3df2-b99d-d8414eb1cfa3,1e7e6183-8666-3962-99a3-2f0f98b9df7e,d18ef2e6-ef40-324c-be54-34a5ee865625,ambulatory,316744009,Office Visit,85.55,85.55,50.55,26929004,Alzheimer's disease (disorder)
60110519-a30f-03cf-6198-25af352f060a,2009-10-03T16:40:18Z,2009-10-03T17:10:18Z,3a95299b-cc07-06dd-6ec3-a4762608a16c,74ab949d-17ac-3309-83a0-13b4405c66aa,8d32509a-2844-3440-aac1-59efe106054b,d18ef2e6-ef40-324c-be54-34a5ee865625,ambulatory,185347001,Encounter for problem,85.55,1451.49,1416.49,88805009,Chronic congestive heart failure (disorder)
b3c6bc91-0bf7-6817-3163-23db3016b4ae,2009-10-21T16:40:18Z,2009-10-21T17:20:17Z,3a95299b-cc07-06dd-6ec3-a4762608a16c,a6964d47-8af0-3df2-b99d-d8414eb1cfa3,1e7e6183-8666-3962-99a3-2f0f98b9df7e,d18ef2e6-ef40-324c-be54-34a5ee865625,outpatient,185349003,Encounter for check up (procedure),85.55,802.11,767.11,,
2fb0bc58-2a17-9006-1624-0bf932dccf38,2009-12-12T00:56:49Z,2009-12-17T00:56:49Z,3a95299b-cc07-06dd-6ec3-a4762608a16c,a6964d47-8af0-3df2-b99d-d8414eb1cfa3,1e7e6183-8666-3962-99a3-2f0f98b9df7e,d18ef2e6-ef40-324c-be54-34a5ee865625,inpatient,56876005,Drug rehabilitation and detoxification,146.18,146.18,111.18,6525002,Dependent drug abuse (disorder)
0efcc8cf-0e6d-a4e9-5b00-85e328e3dc9f,2009-12-30T16:40:18Z,2009-12-30T17:29:52Z,3a95299b-cc07-06dd-6ec3-a4762608a16c,a6964d47-8af0-3df2-b99d-d8414eb1cfa3,1e7e6183-8666-3962-99a3-2f0f98b9df7e,d18ef2e6-ef40-324c-be54-34a5ee865625,outpatient,185349003,Encounter for check up (procedure),85.55,666.11,631.11,,
17497d2e-44c5-4276-c729-4921f579bb03,2010-01-06T16:40:18Z,2010-01-28T16:55:18Z,3a95299b-cc07-06dd-6ec3-a4762608a16c,f6ba791e-fe68-3596-bef4-60751db6a60e,2d3f06fe-e324-3585-abe6-47ec7a4fa5fd,d18ef2e6-ef40-324c-be54-34a5ee865625,hospice,305336008,Admission to hospice (procedure),137.53,11785.33,11750.33,26929004,Alzheimer's disease (disorder)
013dcfbf-dd4f-0d1b-5bdc-ef3758598b16,2010-02-10T16:40:18Z,2010-02-10T17:24:26Z,3a95299b-cc07-06dd-6ec3-a4762608a16c,a6964d47-8af0-3df2-b99d-d8414eb1cfa3,1e7e6183-8666-3962-99a3-2f0f98b9df7e,d18ef2e6-ef40-324c-be54-34a5ee865625,outpatient,185349003,Encounter for check up (procedure),85.55,666.11,631.11,,
632c7e06-a972-054b-8f2e-3f3d85dfbaa9,2010-03-24T16:40:18Z,2010-03-24T17:14:16Z,3a95299b-cc07-06dd-6ec3-a4762608a16c,25c85bcc-7e25-36bc-89e8-08e0d473db23,82a921c3-7aad-3ef1-bc6a-7eee2c0fd2b3,d18ef2e6-ef40-324c-be54-34a5ee865625,wellness,162673000,General examination of patient (procedure),136.80,1580.16,1580.16,,
84faa8e7-74dd-84cb-6349-efa651710f4c,2010-03-31T16:40:18Z,2010-03-31T16:55:18Z,3a95299b-cc07-06dd-6ec3-a4762608a16c,a6964d47-8af0-3df2-b99d-d8414eb1cfa3,1e7e6183-8666-3962-99a3-2f0f98b9df7e,d18ef2e6-ef40-324c-be54-34a5ee865625,outpatient,185349003,Encounter for check up (procedure),85.55,948.35,913.35,,
54eb239e-0d42-8509-55f7-93ed48d7ffb6,2010-04-01T16:40:18Z,2010-04-01T17:40:18Z,3a95299b-cc07-06dd-6ec3-a4762608a16c,74ab949d-17ac-3309-83a0-13b4405c66aa,8d32509a-2844-3440-aac1-59efe106054b,d18ef2e6-ef40-324c-be54-34a5ee865625,emergency,185347001,Encounter for Problem,87.71,6700.46,6665.46,88805009,Chronic congestive heart failure (disorder)
3adec16a-54eb-4372-6296-018381718cdd,2010-04-01T16:40:18Z,2010-04-11T17:15:46Z,3a95299b-cc07-06dd-6ec3-a4762608a16c,74ab949d-17ac-3309-83a0-13b4405c66aa,8d32509a-2844-3440-aac1-59efe106054b,d18ef2e6-ef40-324c-be54-34a5ee865625,inpatient,305351004,Admission to intensive care unit (procedure),146.18,14327.48,14292.48,88805009,Chronic congestive heart failure (disorder)
7891c00e-2a4d-5dcc-0aa0-9604b2c08379,2010-04-12T17:15:46Z,2010-04-12T17:30:46Z,3a95299b-cc07-06dd-6ec3-a4762608a16c,74ab949d-17ac-3309-83a0-13b4405c66aa,8d32509a-2844-3440-aac1-59efe106054b,d18ef2e6-ef40-324c-be54-34a5ee865625,ambulatory,448337001,Telemedicine consultation with patient,142.58,142.58,107.58,88805009,Chronic congestive heart failure (disorder)
254aa71b-69ec-0f8a-e575-b9d24e1ca549,2010-04-13T17:15:46Z,2010-04-13T17:30:46Z,3a95299b-cc07-06dd-6ec3-a4762608a16c,74ab949d-17ac-3309-83a0-13b4405c66aa,8d32509a-2844-3440-aac1-59efe106054b,d18ef2e6-ef40-324c-be54-34a5ee865625,ambulatory,448337001,Telemedicine consultation with patient,142.58,142.58,107.58,88805009,Chronic congestive heart failure (disorder)
6a7828bf-b0b8-ea89-b13d-a0b85531a364,2010-04-14T16:40:18Z,2010-04-14T17:09:08Z,3a95299b-cc07-06dd-6ec3-a4762608a16c,a6964d47-8af0-3df2-b99d-d8414eb1cfa3,1e7e6183-8666-3962-99a3-2f0f98b9df7e,d18ef2e6-ef40-324c-be54-34a5ee865625,ambulatory,185349003,Encounter for check up (procedure),85.55,85.66,50.66,,
1d6b70e5-1ce5-2a9c-802b-95ec34d8de67,2010-04-21T16:40:18Z,2010-04-21T17:56:12Z,3a95299b-cc07-06dd-6ec3-a4762608a16c,a6964d47-8af0-3df2-b99d-d8414eb1cfa3,1e7e6183-8666-3962-99a3-2f0f98b9df7e,d18ef2e6-ef40-324c-be54-34a5ee865625,ambulatory,185347001,Encounter for problem (procedure),85.55,516.95,481.95,6525002,Dependent drug abuse (disorder)
a83440df-469c-3a5e-481c-51f2c43de9ad,2010-05-05T16:40:18Z,2010-05-05T17:10:42Z,3a95299b-cc07-06dd-6ec3-a4762608a16c,a6964d47-8af0-3df2-b99d-d8414eb1cfa3,1e7e6183-8666-3962-99a3-2f0f98b9df7e,d18ef2e6-ef40-324c-be54-34a5ee865625,outpatient,185349003,Encounter for check up (procedure),85.55,1270.00,1235.00,,
c06ff733-ddf8-737a-a82a-45208b7871a2,2010-05-12T16:40:18Z,2010-05-12T16:55:18Z,3a95299b-cc07-06dd-6ec3-a4762608a16c,74ab949d-17ac-3309-83a0-13b4405c66aa,8d32509a-2844-3440-aac1-59efe106054b,d18ef2e6-ef40-324c-be54-34a5ee865625,ambulatory,448337001,Telemedicine consultation with patient,142.58,142.58,107.58,88805009,Chronic congestive heart failure (disorder)
977f14da-ade9-467c-1a42-d57ea83ea23e,2010-05-16T16:40:18Z,2010-05-16T16:55:18Z,3a95299b-cc07-06dd-6ec3-a4762608a16c,74ab949d-17ac-3309-83a0-13b4405c66aa,8d32509a-2844-3440-aac1-59efe106054b,d18ef2e6-ef40-324c-be54-34a5ee865625,ambulatory,448337001,Telemedicine consultation with patient,142.58,142.58,107.58,88805009,Chronic congestive heart failure (disorder)
c0735a53-2322-da30-920f-7092e6aec980,2010-05-17T16:40:18Z,2010-05-17T16:55:18Z,3a95299b-cc07-06dd-6ec3-a4762608a16c,74ab949d-17ac-3309-83a0-13b4405c66aa,8d32509a-2844-3440-aac1-59efe106054b,d18ef2e6-ef40-324c-be54-34a5ee865625,ambulatory,448337001,Telemedicine consultation with patient,142.58,142.58,107.58,88805009,Chronic congestive heart failure (disorder)
1a051fe1-cb14-464c-aa72-ed9e57098773,2010-05-18T16:40:18Z,2010-05-18T16:55:18Z,3a95299b-cc07-06dd-6ec3-a4762608a16c,74ab949d-17ac-3309-83a0-13b4405c66aa,8d32509a-2844-3440-aac1-59efe106054b,d18ef2e6-ef40-324c-be54-34a5ee865625,ambulatory,448337001,Telemedicine consultation with patient,142.58,142.58,107.58,88805009,Chronic congestive heart failure (disorder)
aee240d5-e448-bab3-95d4-e4a6bf2a07ca,2010-05-19T16:40:18Z,2010-05-19T16:55:18Z,3a95299b-cc07-06dd-6ec3-a4762608a16c,74ab949d-17ac-3309-83a0-13b4405c66aa,8d32509a-2844-3440-aac1-59efe106054b,d18ef2e6-ef40-324c-be54-34a5ee865625,ambulatory,448337001,Telemedicine consultation with patient,142.58,142.58,107.58,88805009,Chronic congestive heart failure (disorder)
e38b5026-8d0d-910d-42d5-4f39c5b8765e,2010-05-21T16:40:18Z,2010-05-21T16:55:18Z,3a95299b-cc07-06dd-6ec3-a4762608a16c,74ab949d-17ac-3309-83a0-13b4405c66aa,8d32509a-2844-3440-aac1-59efe106054b,d18ef2e6-ef40-324c-be54-34a5ee865625,ambulatory,448337001,Telemedicine consultation with patient,142.58,142.58,107.58,88805009,Chronic congestive heart failure (disorder)
569e2e55-b2c4-01c3-5d75-1af3746d4c5b,2010-05-23T16:40:18Z,2010-05-23T16:55:18Z,3a95299b-cc07-06dd-6ec3-a4762608a16c,74ab949d-17ac-3309-83a0-13b4405c66aa,8d32509a-2844-3440-aac1-59efe106054b,d18ef2e6-ef40-324c-be54-34a5ee865625,ambulatory,448337001,Telemedicine consultation with patient,142.58,142.58,107.58,88805009,Chronic congestive heart failure (disorder)
e1af653b-45af-60ff-5e0f-7c38da806629,2010-05-24T16:40:18Z,2010-05-24T16:55:18Z,3a95299b-cc07-06dd-6ec3-a4762608a16c,74ab949d-17ac-3309-83a0-13b4405c66aa,8d32509a-2844-3440-aac1-59efe106054b,d18ef2e6-ef40-324c-be54-34a5ee865625,ambulatory,448337001,Telemedicine consultation with patient,142.58,142.58,107.58,88805009,Chronic congestive heart failure (disorder)
c3cd7ebf-8a53-7487-40c0-0a204a23d7c3,2010-05-25T16:40:18Z,2010-05-25T16:55:18Z,3a95299b-cc07-06dd-6ec3-a4762608a16c,74ab949d-17ac-3309-83a0-13b4405c66aa,8d32509a-2844-3440-aac1-59efe106054b,d18ef2e6-ef40-324c-be54-34a5ee865625,ambulatory,448337001,Telemedicine consultation with patient,142.58,142.58,107.58,88805009,Chronic congestive heart failure (disorder)
95d279bb-511a-ac1f-478b-9724b5e4f6e3,2010-05-21T17:56:12Z,2010-05-21T19:06:33Z,3a95299b-cc07-06dd-6ec3-a4762608a16c,a6964d47-8af0-3df2-b99d-d8414eb1cfa3,1e7e6183-8666-3962-99a3-2f0f98b9df7e,d18ef2e6-ef40-324c-be54-34a5ee865625,ambulatory,185347001,Encounter for problem (procedure),85.55,516.95,481.95,6525002,Dependent drug abuse (disorder)
009d8c1f-064c-b1c2-7915-a9728dfd9e88,2010-05-29T16:40:18Z,2010-05-29T16:55:18Z,3a95299b-cc07-06dd-6ec3-a4762608a16c,74ab949d-17ac-3309-83a0-13b4405c66aa,8d32509a-2844-3440-aac1-59efe106054b,d18ef2e6-ef40-324c-be54-34a5ee865625,ambulatory,448337001,Telemedicine consultation with patient,142.58,142.58,107.58,88805009,Chronic congestive heart failure (disorder)
1d5ff646-b04e-2836-5329-c1a145116671,2010-05-30T16:40:18Z,2010-05-30T16:55:18Z,3a95299b-cc07-06dd-6ec3-a4762608a16c,74ab949d-17ac-3309-83a0-13b4405c66aa,8d32509a-2844-3440-aac1-59efe106054b,d18ef2e6-ef40-324c-be54-34a5ee865625,ambulatory,448337001,Telemedicine consultation with patient,142.58,142.58,107.58,88805009,Chronic congestive heart failure (disorder)
f698e752-6d0e-2039-e567-3d51821aba4f,2010-05-31T16:40:18Z,2010-05-31T17:40:18Z,3a95299b-cc07-06dd-6ec3-a4762608a16c,74ab949d-17ac-3309-83a0-13b4405c66aa,8d32509a-2844-3440-aac1-59efe106054b,d18ef2e6-ef40-324c-be54-34a5ee865625,emergency,185347001,Encounter for Problem,87.71,13777.11,13742.11,88805009,Chronic congestive heart failure (disorder)
815ab189-5b64-9eac-7afc-54caa5dc0073,2010-05-31T16:40:18Z,2010-06-03T17:35:45Z,3a95299b-cc07-06dd-6ec3-a4762608a16c,74ab949d-17ac-3309-83a0-13b4405c66aa,8d32509a-2844-3440-aac1-59efe106054b,d18ef2e6-ef40-324c-be54-34a5ee865625,inpatient,305351004,Admission to intensive care unit (procedure),146.18,5551.35,5516.35,88805009,Chronic congestive heart failure (disorder)
fc515924-9f47-22a5-90fb-960d9cecf60c,2010-06-05T17:35:45Z,2010-06-05T17:50:45Z,3a95299b-cc07-06dd-6ec3-a4762608a16c,74ab949d-17ac-3309-83a0-13b4405c66aa,8d32509a-2844-3440-aac1-59efe106054b,d18ef2e6-ef40-324c-be54-34a5ee865625,ambulatory,448337001,Telemedicine consultation with patient,142.58,142.58,107.58,88805009,Chronic congestive heart failure (disorder)
cacddde9-74ab-35b2-bb4c-1b8871acc586,2010-06-08T17:35:45Z,2010-06-08T17:50:45Z,3a95299b-cc07-06dd-6ec3-a4762608a16c,74ab949d-17ac-3309-83a0-13b4405c66aa,8d32509a-2844-3440-aac1-59efe106054b,d18ef2e6-ef40-324c-be54-34a5ee865625,ambulatory,448337001,Telemedicine consultation with patient,142.58,142.58,107.58,88805009,Chronic congestive heart failure (disorder)
db0e71a6-0719-5de6-55b0-df4e937c9d87,2010-06-09T17:35:45Z,2010-06-09T17:50:45Z,3a95299b-cc07-06dd-6ec3-a4762608a16c,74ab949d-17ac-3309-83a0-13b4405c66aa,8d32509a-2844-3440-aac1-59efe106054b,d18ef2e6-ef40-324c-be54-34a5ee865625,ambulatory,448337001,Telemedicine consultation with patient,142.58,142.58,107.58,88805009,Chronic congestive heart failure (disorder)
c08b56b0-d5f8-7e8a-1eee-8d5186c329fe,2010-06-10T17:35:45Z,2010-06-10T17:50:45Z,3a95299b-cc07-06dd-6ec3-a4762608a16c,74ab949d-17ac-3309-83a0-13b4405c66aa,8d32509a-2844-3440-aac1-59efe106054b,d18ef2e6-ef40-324c-be54-34a5ee865625,ambulatory,448337001,Telemedicine consultation with patient,142.58,142.58,107.58,88805009,Chronic congestive heart failure (disorder)
05a8f71b-a6c7-4514-5322-8b294532e134,2010-06-11T17:35:45Z,2010-06-11T17:50:45Z,3a95299b-cc07-06dd-6ec3-a4762608a16c,74ab949d-17ac-3309-83a0-13b4405c66aa,8d32509a-2844-3440-aac1-59efe106054b,d18ef2e6-ef40-324c-be54-34a5ee865625,ambulatory,448337001,Telemedicine consultation with patient,142.58,142.58,107.58,88805009,Chronic congestive heart failure (disorder)
cf9e4ca1-1459-47f1-4e14-211bf2904638,2010-06-12T17:35:45Z,2010-06-12T18:05:45Z,3a95299b-cc07-06dd-6ec3-a4762608a16c,74ab949d-17ac-3309-83a0-13b4405c66aa,8d32509a-2844-3440-aac1-59efe106054b,d18ef2e6-ef40-324c-be54-34a5ee865625,ambulatory,185347001,Encounter for problem,85.55,1925.98,1890.98,88805009,Chronic congestive heart failure (disorder)
2fd45ed1-4d58-b7a2-8bc6-274df9d2e8c3,2010-06-20T19:06:33Z,2010-06-20T20:16:31Z,3a95299b-cc07-06dd-6ec3-a4762608a16c,a6964d47-8af0-3df2-b99d-d8414eb1cfa3,1e7e6183-8666-3962-99a3-2f0f98b9df7e,d18ef2e6-ef40-324c-be54-34a5ee865625,ambulatory,185347001,Encounter for problem (procedure),85.55,516.95,481.95,6525002,Dependent drug abuse (disorder)
0ac25fd4-9e4f-c51d-1b1c-39d3892a8f71,2010-10-20T16:40:18Z,2010-11-16T13:35:45Z,3a95299b-cc07-06dd-6ec3-a4762608a16c,f6ba791e-fe68-3596-bef4-60751db6a60e,2d3f06fe-e324-3585-abe6-47ec7a4fa5fd,d18ef2e6-ef40-324c-be54-34a5ee865625,hospice,305336008,Admission to hospice (procedure),137.53,11353.93,11318.93,26929004,Alzheimer's disease (disorder)
46ff3e74-be8d-e7ff-a98b-c0f178a7f638,2010-11-17T16:40:18Z,2010-11-17T16:55:18Z,3a95299b-cc07-06dd-6ec3-a4762608a16c,25c85bcc-7e25-36bc-89e8-08e0d473db23,82a921c3-7aad-3ef1-bc6a-7eee2c0fd2b3,d18ef2e6-ef40-324c-be54-34a5ee865625,wellness,308646001,Death Certification,136.80,211.38,211.38,88805009,Chronic congestive heart failure (disorder)
6023d7b1-cae2-3b84-a817-c1695bc59593,1943-02-10T16:40:18Z,1943-02-10T17:33:04Z,446beed7-5197-c2e7-1dee-140e3a1f9193,4705a8fd-19cd-32c1-8b3e-34bcfe84d0bd,95e71205-f63b-3e56-adf3-99bc2c9f4550,df166300-5a78-3502-a46a-832842197811,wellness,162673000,General examination of patient (procedure),136.80,963.34,813.34,,
142de7c8-94e8-d2a2-d87c-56ff8a51f42a,1950-02-22T16:40:18Z,1950-02-22T17:33:59Z,446beed7-5197-c2e7-1dee-140e3a1f9193,4705a8fd-19cd-32c1-8b3e-34bcfe84d0bd,95e71205-f63b-3e56-adf3-99bc2c9f4550,df166300-5a78-3502-a46a-832842197811,wellness,162673000,General examination of patient (procedure),136.80,1681.78,1531.78,,
9a90ff78-7b93-7ea8-632e-cf489973f490,1950-03-01T16:40:18Z,1950-03-01T18:04:27Z,446beed7-5197-c2e7-1dee-140e3a1f9193,a6964d47-8af0-3df2-b99d-d8414eb1cfa3,1e7e6183-8666-3962-99a3-2f0f98b9df7e,df166300-5a78-3502-a46a-832842197811,ambulatory,185347001,Encounter for problem,85.55,990.92,940.92,271737000,Anemia (disorder)
5b931253-433b-bf98-7f2c-8caa70911221,1950-04-14T17:26:53Z,1950-04-15T17:26:53Z,446beed7-5197-c2e7-1dee-140e3a1f9193,a6964d47-8af0-3df2-b99d-d8414eb1cfa3,1e7e6183-8666-3962-99a3-2f0f98b9df7e,df166300-5a78-3502-a46a-832842197811,inpatient,305408004,Admission to surgical department,146.18,3817.64,3767.64,183996000,Sterilization requested (situation)
d40cff50-d56e-1690-5fe8-0746aee37976,1959-03-04T16:40:18Z,1959-03-04T17:25:11Z,446beed7-5197-c2e7-1dee-140e3a1f9193,4705a8fd-19cd-32c1-8b3e-34bcfe84d0bd,95e71205-f63b-3e56-adf3-99bc2c9f4550,df166300-5a78-3502-a46a-832842197811,wellness,162673000,General examination of patient (procedure),136.80,927.94,777.94,,
945819e4-e76f-48a1-015f-a5c22a0ed8e0,1971-01-06T16:40:18Z,1971-01-06T17:16:13Z,446beed7-5197-c2e7-1dee-140e3a1f9193,4705a8fd-19cd-32c1-8b3e-34bcfe84d0bd,95e71205-f63b-3e56-adf3-99bc2c9f4550,df166300-5a78-3502-a46a-832842197811,wellness,162673000,General examination of patient (procedure),136.80,934.74,784.74,,
d24f10ac-8ab7-c4f3-f62e-55ff8c05cfa3,1990-05-15T16:40:18Z,1990-05-15T17:40:18Z,446beed7-5197-c2e7-1dee-140e3a1f9193,d9b71ccf-6649-3555-9e99-44eac0af257f,34922409-94c7-325c-bf31-779939af18f5,df166300-5a78-3502-a46a-832842197811,emergency,182813001,Emergency treatment (procedure),146.18,146.18,96.18,124171000119105,Chronic intractable migraine without aura
95d19386-edfd-1cfb-f8ed-63f2ca525ee2,1990-11-23T16:40:18Z,1990-11-23T17:40:18Z,446beed7-5197-c2e7-1dee-140e3a1f9193,d9b71ccf-6649-3555-9e99-44eac0af257f,34922409-94c7-325c-bf31-779939af18f5,df166300-5a78-3502-a46a-832842197811,emergency,182813001,Emergency treatment (procedure),146.18,5308.14,5258.14,196416002,Impacted molars
f3e26b88-7272-0b84-c148-0e2eff8d5c51,1991-09-02T16:40:18Z,1991-09-02T17:40:18Z,446beed7-5197-c2e7-1dee-140e3a1f9193,d9b71ccf-6649-3555-9e99-44eac0af257f,34922409-94c7-325c-bf31-779939af18f5,d18ef2e6-ef40-324c-be54-34a5ee865625,emergency,183452005,Emergency hospital admission (procedure),87.71,87.71,52.71,82423001,Chronic pain
5acd2818-d64a-94aa-80a0-c579d457f6e9,1993-05-12T16:40:18Z,1993-05-12T17:20:14Z,446beed7-5197-c2e7-1dee-140e3a1f9193,4705a8fd-19cd-32c1-8b3e-34bcfe84d0bd,95e71205-f63b-3e56-adf3-99bc2c9f4550,d18ef2e6-ef40-324c-be54-34a5ee865625,wellness,162673000,General examination of patient (procedure),136.80,785.58,750.58,,
848f57ef-d048-d8bf-ac33-61b5d684a2cd,1997-06-04T16:40:18Z,1997-06-04T17:35:57Z,446beed7-5197-c2e7-1dee-140e3a1f9193,4705a8fd-19cd-32c1-8b3e-34bcfe84d0bd,95e71205-f63b-3e56-adf3-99bc2c9f4550,d18ef2e6-ef40-324c-be54-34a5ee865625,wellness,162673000,General examination of patient (procedure),136.80,1648.38,1613.38,,
fc9d301a-74e2-c76d-de38-62f336196833,1997-06-14T16:23:56Z,1997-06-14T21:50:50Z,446beed7-5197-c2e7-1dee-140e3a1f9193,74ab949d-17ac-3309-83a0-13b4405c66aa,8d32509a-2844-3440-aac1-59efe106054b,d18ef2e6-ef40-324c-be54-34a5ee865625,ambulatory,185347001,Encounter for problem (procedure),85.55,1444.46,1409.46,414545008,Ischemic heart disease (disorder)
b1446884-f6cc-219a-ec6e-79fecc42ee7f,1997-07-10T16:40:18Z,1997-07-18T16:40:18Z,446beed7-5197-c2e7-1dee-140e3a1f9193,a6964d47-8af0-3df2-b99d-d8414eb1cfa3,1e7e6183-8666-3962-99a3-2f0f98b9df7e,d18ef2e6-ef40-324c-be54-34a5ee865625,inpatient,56876005,Drug rehabilitation and detoxification,146.18,146.18,111.18,6525002,Dependent drug abuse (disorder)
c6153b5c-1508-ad4a-a020-155eec07ef3d,2000-10-19T00:32:47Z,2000-10-19T16:32:47Z,446beed7-5197-c2e7-1dee-140e3a1f9193,d9b71ccf-6649-3555-9e99-44eac0af257f,34922409-94c7-325c-bf31-779939af18f5,df166300-5a78-3502-a46a-832842197811,emergency,50849002,Emergency room admission (procedure),146.18,146.18,96.18,55680006,Drug overdose
50781227-0a04-3ff1-1517-81a6f51f7442,2004-02-13T16:40:18Z,2004-02-13T16:55:18Z,446beed7-5197-c2e7-1dee-140e3a1f9193,a6964d47-8af0-3df2-b99d-d8414eb1cfa3,1e7e6183-8666-3962-99a3-2f0f98b9df7e,d18ef2e6-ef40-324c-be54-34a5ee865625,ambulatory,185345009,Encounter for symptom,85.55,92.93,57.93,36971009,Sinusitis (disorder)
b2994b41-085c-c24b-1d91-dca88f3a46cd,2005-07-20T16:40:18Z,2005-07-20T17:27:20Z,446beed7-5197-c2e7-1dee-140e3a1f9193,4705a8fd-19cd-32c1-8b3e-34bcfe84d0bd,95e71205-f63b-3e56-adf3-99bc2c9f4550,d18ef2e6-ef40-324c-be54-34a5ee865625,wellness,162673000,General examination of patient (procedure),136.80,11760.86,11725.86,,
7cdfb6fe-c231-b261-e21c-89bce02c0ee9,2015-09-16T16:40:18Z,2015-09-16T17:20:31Z,446beed7-5197-c2e7-1dee-140e3a1f9193,4705a8fd-19cd-32c1-8b3e-34bcfe84d0bd,95e71205-f63b-3e56-adf3-99bc2c9f4550,d18ef2e6-ef40-324c-be54-34a5ee865625,wellness,162673000,General examination of patient (procedure),136.80,1018.14,1018.14,,
6966ce4b-18e6-1839-7ebc-cb8fb6f57e4e,2019-10-23T16:40:18Z,2019-10-23T17:18:07Z,446beed7-5197-c2e7-1dee-140e3a1f9193,a6964d47-8af0-3df2-b99d-d8414eb1cfa3,1e7e6183-8666-3962-99a3-2f0f98b9df7e,d18ef2e6-ef40-324c-be54-34a5ee865625,ambulatory,185349003,Encounter for check up (procedure),85.55,215.86,180.86,,
eda3cd4d-4ba7-4bc0-275f-99d7b5ec9f3e,2021-10-20T16:40:18Z,2021-10-20T17:28:30Z,446beed7-5197-c2e7-1dee-140e3a1f9193,4705a8fd-19cd-32c1-8b3e-34bcfe84d0bd,95e71205-f63b-3e56-adf3-99bc2c9f4550,d18ef2e6-ef40-324c-be54-34a5ee865625,wellness,162673000,General examination of patient (procedure),136.80,860.16,860.16,,
cff8bfe5-0453-7352-634e-766b6c9d33d4,2022-10-26T16:40:18Z,2022-10-26T17:36:38Z,446beed7-5197-c2e7-1dee-140e3a1f9193,4705a8fd-19cd-32c1-8b3e-34bcfe84d0bd,95e71205-f63b-3e56-adf3-99bc2c9f4550,d18ef2e6-ef40-324c-be54-34a5ee865625,wellness,162673000,General examination of patient (procedure),136.80,1069.06,1069.06,,
922959c5-00ed-4099-d96f-d304a63d6859,2023-01-31T20:22:49Z,2023-01-31T21:37:45Z,446beed7-5197-c2e7-1dee-140e3a1f9193,a6964d47-8af0-3df2-b99d-d8414eb1cfa3,1e7e6183-8666-3962-99a3-2f0f98b9df7e,a735bf55-83e9-331a-899d-a82a60b9f60c,ambulatory,185347001,Encounter for problem (procedure),85.55,516.95,413.56,6525002,Dependent drug abuse (disorder)
b7a342cf-f67c-7617-de63-0a01c281218c,2023-03-02T21:37:45Z,2023-03-02T22:59:21Z,446beed7-5197-c2e7-1dee-140e3a1f9193,a6964d47-8af0-3df2-b99d-d8414eb1cfa3,1e7e6183-8666-3962-99a3-2f0f98b9df7e,a735bf55-83e9-331a-899d-a82a60b9f60c,ambulatory,185347001,Encounter for problem (procedure),85.55,516.95,413.56,6525002,Dependent drug abuse (disorder)
ef5b63b2-693e-7b08-5701-261329f86d5e,2023-04-01T22:59:21Z,2023-04-02T00:23:31Z,446beed7-5197-c2e7-1dee-140e3a1f9193,a6964d47-8af0-3df2-b99d-d8414eb1cfa3,1e7e6183-8666-3962-99a3-2f0f98b9df7e,a735bf55-83e9-331a-899d-a82a60b9f60c,ambulatory,185347001,Encounter for problem (procedure),85.55,516.95,413.56,6525002,Dependent drug abuse (disorder)
09a19c22-5fae-eec5-cc33-3e26b77410c5,2023-05-02T00:23:31Z,2023-05-02T01:27:11Z,446beed7-5197-c2e7-1dee-140e3a1f9193,a6964d47-8af0-3df2-b99d-d8414eb1cfa3,1e7e6183-8666-3962-99a3-2f0f98b9df7e,a735bf55-83e9-331a-899d-a82a60b9f60c,ambulatory,185347001,Encounter for problem (procedure),85.55,516.95,413.56,6525002,Dependent drug abuse (disorder)
fcbfd550-4fd0-da4b-1d7e-63426c158351,2023-06-01T01:27:11Z,2023-06-01T02:52:47Z,446beed7-5197-c2e7-1dee-140e3a1f9193,a6964d47-8af0-3df2-b99d-d8414eb1cfa3,1e7e6183-8666-3962-99a3-2f0f98b9df7e,a735bf55-83e9-331a-899d-a82a60b9f60c,ambulatory,185347001,Encounter for problem (procedure),85.55,516.95,413.56,6525002,Dependent drug abuse (disorder)
9e39dab8-3c49-15ef-c48e-0da586fc6b93,2023-07-01T02:52:47Z,2023-07-01T04:18:20Z,446beed7-5197-c2e7-1dee-140e3a1f9193,a6964d47-8af0-3df2-b99d-d8414eb1cfa3,1e7e6183-8666-3962-99a3-2f0f98b9df7e,a735bf55-83e9-331a-899d-a82a60b9f60c,ambulatory,185347001,Encounter for problem (procedure),85.55,516.95,413.56,6525002,Dependent drug abuse (disorder)
2eaa288f-6e7e-1dde-113b-77b70bfa11bb,2023-08-21T04:18:20Z,2023-09-10T04:18:20Z,446beed7-5197-c2e7-1dee-140e3a1f9193,a6964d47-8af0-3df2-b99d-d8414eb1cfa3,1e7e6183-8666-3962-99a3-2f0f98b9df7e,a735bf55-83e9-331a-899d-a82a60b9f60c,inpatient,56876005,Drug rehabilitation and detoxification,146.18,146.18,116.94,6525002,Dependent drug abuse (disorder)
c94a5fd7-237a-5ec2-b60b-cbe5c88bb801,2023-11-01T16:40:18Z,2023-11-01T17:34:11Z,446beed7-5197-c2e7-1dee-140e3a1f9193,4705a8fd-19cd-32c1-8b3e-34bcfe84d0bd,95e71205-f63b-3e56-adf3-99bc2c9f4550,a735bf55-83e9-331a-899d-a82a60b9f60c,wellness,162673000,General examination of patient (procedure),136.80,1501.51,1201.20,,
25845bfa-2332-e69c-15fb-ca08efb18421,2023-11-15T16:40:18Z,2023-11-15T16:57:51Z,446beed7-5197-c2e7-1dee-140e3a1f9193,a6964d47-8af0-3df2-b99d-d8414eb1cfa3,1e7e6183-8666-3962-99a3-2f0f98b9df7e,a735bf55-83e9-331a-899d-a82a60b9f60c,ambulatory,185349003,Encounter for check up (procedure),85.55,356.76,285.41,,
67819a9a-5bfe-297a-b68c-abbdc3b5d3a7,2024-09-01T04:18:20Z,2024-09-01T05:46:05Z,446beed7-5197-c2e7-1dee-140e3a1f9193,a6964d47-8af0-3df2-b99d-d8414eb1cfa3,1e7e6183-8666-3962-99a3-2f0f98b9df7e,df166300-5a78-3502-a46a-832842197811,ambulatory,185347001,Encounter for problem (procedure),85.55,516.95,366.95,6525002,Dependent drug abuse (disorder)
0d43c9d5-28da-a2c0-460a-13e486bb6424,2024-10-01T05:46:05Z,2024-10-01T07:00:40Z,446beed7-5197-c2e7-1dee-140e3a1f9193,a6964d47-8af0-3df2-b99d-d8414eb1cfa3,1e7e6183-8666-3962-99a3-2f0f98b9df7e,df166300-5a78-3502-a46a-832842197811,ambulatory,185347001,Encounter for problem (procedure),85.55,516.95,466.95,6525002,Dependent drug abuse (disorder)
4e9b9020-0677-f98f-dbd7-7163d7a1f37b,2024-11-06T16:40:18Z,2024-11-06T17:18:37Z,446beed7-5197-c2e7-1dee-140e3a1f9193,4705a8fd-19cd-32c1-8b3e-34bcfe84d0bd,95e71205-f63b-3e56-adf3-99bc2c9f4550,df166300-5a78-3502-a46a-832842197811,wellness,162673000,General examination of patient (procedure),136.80,1015.02,1015.02,,
7fc896b1-1269-410b-bfb7-9f08cd466e76,2024-11-20T16:40:18Z,2024-11-20T19:26:06Z,446beed7-5197-c2e7-1dee-140e3a1f9193,a6964d47-8af0-3df2-b99d-d8414eb1cfa3,1e7e6183-8666-3962-99a3-2f0f98b9df7e,df166300-5a78-3502-a46a-832842197811,ambulatory,185349003,Encounter for check up (procedure),85.55,301.34,251.34,,
9c20f286-ad1e-c2e2-4838-c2808b84e090,2024-11-21T07:00:40Z,2024-11-21T09:00:40Z,446beed7-5197-c2e7-1dee-140e3a1f9193,d9b71ccf-6649-3555-9e99-44eac0af257f,34922409-94c7-325c-bf31-779939af18f5,df166300-5a78-3502-a46a-832842197811,emergency,50849002,Emergency room admission (procedure),146.18,146.18,96.18,55680006,Drug overdose
0965d6fd-8bbe-1a9b-782d-3ce2f5b887f6,2024-12-05T09:00:40Z,2024-12-05T10:17:29Z,446beed7-5197-c2e7-1dee-140e3a1f9193,a6964d47-8af0-3df2-b99d-d8414eb1cfa3,1e7e6183-8666-3962-99a3-2f0f98b9df7e,df166300-5a78-3502-a46a-832842197811,ambulatory,185347001,Encounter for problem (procedure),85.55,516.95,466.95,6525002,Dependent drug abuse (disorder)
3b9f4ca9-e876-7ba0-3c2c-ba781433e334,2024-12-25T16:40:18Z,2024-12-25T17:29:08Z,446beed7-5197-c2e7-1dee-140e3a1f9193,a6964d47-8af0-3df2-b99d-d8414eb1cfa3,1e7e6183-8666-3962-99a3-2f0f98b9df7e,d18ef2e6-ef40-324c-be54-34a5ee865625,outpatient,185349003,Encounter for check up (procedure),85.55,598.33,563.33,,
68177e82-4fef-9a69-c5c2-e25fcd5ee07b,2025-01-01T16:40:18Z,2025-01-01T16:55:18Z,446beed7-5197-c2e7-1dee-140e3a1f9193,a6964d47-8af0-3df2-b99d-d8414eb1cfa3,1e7e6183-8666-3962-99a3-2f0f98b9df7e,d18ef2e6-ef40-324c-be54-34a5ee865625,ambulatory,185345009,Encounter for symptom,85.55,85.55,50.55,444814009,Viral sinusitis (disorder)
76487fea-428c-511a-542a-e00da621856d,2025-01-04T10:17:29Z,2025-01-04T11:23:48Z,446beed7-5197-c2e7-1dee-140e3a1f9193,a6964d47-8af0-3df2-b99d-d8414eb1cfa3,1e7e6183-8666-3962-99a3-2f0f98b9df7e,d18ef2e6-ef40-324c-be54-34a5ee865625,ambulatory,185347001,Encounter for problem (procedure),85.55,516.95,481.95,6525002,Dependent drug abuse (disorder)
fa6dc0a5-172f-0fac-2858-9de7ac1be4cd,2025-02-03T11:23:48Z,2025-02-03T12:28:52Z,446beed7-5197-c2e7-1dee-140e3a1f9193,a6964d47-8af0-3df2-b99d-d8414eb1cfa3,1e7e6183-8666-3962-99a3-2f0f98b9df7e,d18ef2e6-ef40-324c-be54-34a5ee865625,ambulatory,185347001,Encounter for problem (procedure),85.55,516.95,481.95,6525002,Dependent drug abuse (disorder)
b63990ed-da56-2774-680c-df507be768e1,2025-03-05T12:28:52Z,2025-03-05T13:34:37Z,446beed7-5197-c2e7-1dee-140e3a1f9193,a6964d47-8af0-3df2-b99d-d8414eb1cfa3,1e7e6183-8666-3962-99a3-2f0f98b9df7e,d18ef2e6-ef40-324c-be54-34a5ee865625,ambulatory,185347001,Encounter for problem (procedure),85.55,516.95,481.95,6525002,Dependent drug abuse (disorder)
3bc5e673-d932-7042-e334-c37adce06580,2025-04-04T13:34:37Z,2025-04-04T15:02:30Z,446beed7-5197-c2e7-1dee-140e3a1f9193,a6964d47-8af0-3df2-b99d-d8414eb1cfa3,1e7e6183-8666-3962-99a3-2f0f98b9df7e,d18ef2e6-ef40-324c-be54-34a5ee865625,ambulatory,185347001,Encounter for problem (procedure),85.55,516.95,481.95,6525002,Dependent drug abuse (disorder)
484584a8-626c-39e4-1451-e964a0913132,2025-04-09T21:03:53Z,2025-04-09T22:03:53Z,446beed7-5197-c2e7-1dee-140e3a1f9193,d9b71ccf-6649-3555-9e99-44eac0af257f,34922409-94c7-325c-bf31-779939af18f5,d18ef2e6-ef40-324c-be54-34a5ee865625,emergency,50849002,Emergency room admission (procedure),146.18,146.18,111.18,384709000,Sprain (morphologic abnormality)
292431dc-6eb1-2cd5-ba58-9dc3170cd841,2025-05-04T15:02:30Z,2025-05-04T16:27:31Z,446beed7-5197-c2e7-1dee-140e3a1f9193,a6964d47-8af0-3df2-b99d-d8414eb1cfa3,1e7e6183-8666-3962-99a3-2f0f98b9df7e,d18ef2e6-ef40-324c-be54-34a5ee865625,ambulatory,185347001,Encounter for problem (procedure),85.55,516.95,481.95,6525002,Dependent drug abuse (disorder)
c8caf1ff-4449-6cd0-ff63-6977c7f3cfdd,2025-06-03T16:27:31Z,2025-06-03T17:55:21Z,446beed7-5197-c2e7-1dee-140e3a1f9193,a6964d47-8af0-3df2-b99d-d8414eb1cfa3,1e7e6183-8666-3962-99a3-2f0f98b9df7e,d18ef2e6-ef40-324c-be54-34a5ee865625,ambulatory,185347001,Encounter for problem (procedure),85.55,516.95,481.95,6525002,Dependent drug abuse (disorder)
4b1263b7-0dd1-1a9c-fe83-fe56a9cc71fa,2025-11-12T16:40:18Z,2025-11-12T17:27:49Z,446beed7-5197-c2e7-1dee-140e3a1f9193,4705a8fd-19cd-32c1-8b3e-34bcfe84d0bd,95e71205-f63b-3e56-adf3-99bc2c9f4550,d18ef2e6-ef40-324c-be54-34a5ee865625,wellness,162673000,General examination of patient (procedure),136.80,1075.86,1075.86,,
951cc4a1-cb34-c0f0-3640-82307d5bc59a,2025-11-26T16:40:18Z,2025-11-26T18:35:43Z,446beed7-5197-c2e7-1dee-140e3a1f9193,a6964d47-8af0-3df2-b99d-d8414eb1cfa3,1e7e6183-8666-3962-99a3-2f0f98b9df7e,d18ef2e6-ef40-324c-be54-34a5ee865625,ambulatory,185349003,Encounter for check up (procedure),85.55,322.61,287.61,,
