START,STOP,PATIENT,PAYER,ENCOUNTER,CODE,DESCRIPTION,BASE_COST,PAYER_COVERAGE,DISPENSES,TOTALCOST,REASONCODE,REASONDESCRIPTION
2022-12-02T06:51:25Z,2023-11-27T06:51:25Z,39a59f42-5a52-886d-844b-183228219521,b046940f-1664-3047-bca7-dfa76be352a4,164eeb2f-ddaa-1a87-5c49-b535764d9e4f,748856,Yaz 28 Day Pack,229.32,0.00,12,2751.84,,
2022-12-19T16:19:59Z,2023-01-19T16:19:59Z,069b5064-ff05-2225-3995-f32685518bc6,26aab0cd-6aba-3e1b-ac5b-05c8867e762c,7642fe6c-e63e-069b-0da8-b4fabf2422df,849574,Naproxen sodium 220 MG Oral Tablet,91.72,91.72,1,91.72,,
2023-04-05T11:51:25Z,2023-04-30T11:51:25Z,39a59f42-5a52-886d-844b-183228219521,b046940f-1664-3047-bca7-dfa76be352a4,3ff80468-9f73-86b7-5879-3e82feffb2f4,562251,Amoxicillin 250 MG / Clavulanate 125 MG Oral Tablet,550.00,0.00,1,550.00,75498004,Acute bacterial sinusitis (disorder)
2024-01-29T07:39:13Z,2024-02-17T07:39:13Z,1f84d0f1-976e-1a46-e50e-f5d3d421f41a,26aab0cd-6aba-3e1b-ac5b-05c8867e762c,b417c4b6-1c7b-619d-fece-cf5fa7d93def,313782,Acetaminophen 325 MG Oral Tablet,113.07,0.00,1,113.07,10509002,Acute bronchitis (disorder)
2025-12-10T05:33:01Z,,8c85983a-a538-522f-bce0-03678b0fc7ce,b046940f-1664-3047-bca7-dfa76be352a4,09dbdb8a-23e1-ab01-9725-e8e64868ca40,198405,Ibuprofen 100 MG Oral Tablet,286.75,0.00,1,286.75,,
2024-11-21T06:51:25Z,2025-11-20T01:36:47Z,39a59f42-5a52-886d-844b-183228219521,b046940f-1664-3047-bca7-dfa76be352a4,211f468d-8957-7801-e341-7da823fa3cfe,1856546,Kyleena 19.5 MG Intrauterine System,11.19,0.00,12,134.28,,
1995-12-20T17:01:40Z,,b300716e-ae67-8d6f-d694-51d801881ce0,e03e23c9-4df1-3eb6-a62d-f70f02301496,16f6c0d3-bc81-1aa3-00eb-0f9db25d006d,1049630,diphenhydrAMINE Hydrochloride 25 MG Oral Tablet,74.65,0.00,365,27247.25,,
1995-12-20T17:01:40Z,,b300716e-ae67-8d6f-d694-51d801881ce0,e03e23c9-4df1-3eb6-a62d-f70f02301496,16f6c0d3-bc81-1aa3-00eb-0f9db25d006d,1870230,NDA020800 0.3 ML Epinephrine 1 MG/ML Auto-Injector,37.76,0.00,365,13782.40,,
2022-11-13T09:30:06Z,2023-11-19T09:30:06Z,b300716e-ae67-8d6f-d694-51d801881ce0,8fa6c185-e44e-3e34-8bd8-39be8694f4ce,a6dc2887-eefe-359b-3589-afa17e539f8e,896001,120 ACTUAT fluticasone propionate 0.11 MG/ACTUAT Metered Dose Inhaler [Flovent],129.94,0.00,1,129.94,233678006,Childhood asthma
2022-11-13T09:30:06Z,2023-11-19T09:30:06Z,b300716e-ae67-8d6f-d694-51d801881ce0,8fa6c185-e44e-3e34-8bd8-39be8694f4ce,a6dc2887-eefe-359b-3589-afa17e539f8e,314076,lisinopril 10 MG Oral Tablet,0.91,0.00,4,3.64,59621000,Essential hypertension (disorder)
2022-11-13T09:30:06Z,2023-11-19T09:30:06Z,b300716e-ae67-8d6f-d694-51d801881ce0,8fa6c185-e44e-3e34-8bd8-39be8694f4ce,a6dc2887-eefe-359b-3589-afa17e539f8e,308136,amLODIPine 2.5 MG Oral Tablet,0.91,0.00,4,3.64,59621000,Essential hypertension (disorder)
2022-11-13T09:30:06Z,2023-11-19T09:30:06Z,b300716e-ae67-8d6f-d694-51d801881ce0,8fa6c185-e44e-3e34-8bd8-39be8694f4ce,a6dc2887-eefe-359b-3589-afa17e539f8e,630208,albuterol 0.83 MG/ML Inhalation Solution,129.94,0.00,1,129.94,233678006,Childhood asthma
2023-11-19T09:30:06Z,2024-11-24T09:30:06Z,b300716e-ae67-8d6f-d694-51d801881ce0,0133f751-9229-3cfd-815f-b6d4979bdd6a,78c0915c-721f-7f2a-0618-ebed008203fb,896001,120 ACTUAT fluticasone propionate 0.11 MG/ACTUAT Metered Dose Inhaler [Flovent],129.94,0.00,1,129.94,233678006,Childhood asthma
2023-11-19T09:30:06Z,2024-11-24T09:30:06Z,b300716e-ae67-8d6f-d694-51d801881ce0,0133f751-9229-3cfd-815f-b6d4979bdd6a,78c0915c-721f-7f2a-0618-ebed008203fb,314076,lisinopril 10 MG Oral Tablet,0.91,0.00,4,3.64,59621000,Essential hypertension (disorder)
2023-11-19T09:30:06Z,2024-11-24T09:30:06Z,b300716e-ae67-8d6f-d694-51d801881ce0,0133f751-9229-3cfd-815f-b6d4979bdd6a,78c0915c-721f-7f2a-0618-ebed008203fb,308136,amLODIPine 2.5 MG Oral Tablet,1.19,0.00,4,4.76,59621000,Essential hypertension (disorder)
2023-11-19T09:30:06Z,2024-11-24T09:30:06Z,b300716e-ae67-8d6f-d694-51d801881ce0,0133f751-9229-3cfd-815f-b6d4979bdd6a,78c0915c-721f-7f2a-0618-ebed008203fb,630208,albuterol 0.83 MG/ML Inhalation Solution,129.94,0.00,1,129.94,233678006,Childhood asthma
2025-03-28T11:55:48Z,2025-04-10T11:55:48Z,1f84d0f1-976e-1a46-e50e-f5d3d421f41a,26aab0cd-6aba-3e1b-ac5b-05c8867e762c,64c19729-851f-a030-cfe3-230c915fe613,313782,Acetaminophen 325 MG Oral Tablet,118.80,0.00,1,118.80,10509002,Acute bronchitis (disorder)
1987-08-08T21:37:29Z,,196b6069-9bdd-a3fb-20ce-47414b6e8cdd,e03e23c9-4df1-3eb6-a62d-f70f02301496,78331fc8-6022-f1a7-bb11-14cc1ce773b3,197378,Astemizole 10 MG Oral Tablet,183.45,0.00,467,85671.15,,
1987-08-08T21:37:29Z,,196b6069-9bdd-a3fb-20ce-47414b6e8cdd,e03e23c9-4df1-3eb6-a62d-f70f02301496,78331fc8-6022-f1a7-bb11-14cc1ce773b3,1870230,NDA020800 0.3 ML Epinephrine 1 MG/ML Auto-Injector,37.76,0.00,467,17633.92,,
2023-05-01T02:06:15Z,2023-05-01T02:06:15Z,196b6069-9bdd-a3fb-20ce-47414b6e8cdd,734afbd6-4794-363b-9bc0-6a3981533ed5,d3bc5a15-490e-3d55-1ac8-29aa9e26fdc1,314076,lisinopril 10 MG Oral Tablet,0.91,0.73,1,0.91,59621000,Essential hypertension (disorder)
2023-05-01T02:06:15Z,2023-05-01T02:06:15Z,196b6069-9bdd-a3fb-20ce-47414b6e8cdd,734afbd6-4794-363b-9bc0-6a3981533ed5,d3bc5a15-490e-3d55-1ac8-29aa9e26fdc1,308136,amLODIPine 2.5 MG Oral Tablet,0.91,0.73,1,0.91,59621000,Essential hypertension (disorder)
2023-05-01T02:06:15Z,2023-09-18T02:06:15Z,196b6069-9bdd-a3fb-20ce-47414b6e8cdd,734afbd6-4794-363b-9bc0-6a3981533ed5,d3bc5a15-490e-3d55-1ac8-29aa9e26fdc1,314076,lisinopril 10 MG Oral Tablet,0.91,0.73,1,0.91,59621000,Essential hypertension (disorder)
2023-05-01T02:06:15Z,2023-09-18T02:06:15Z,196b6069-9bdd-a3fb-20ce-47414b6e8cdd,734afbd6-4794-363b-9bc0-6a3981533ed5,d3bc5a15-490e-3d55-1ac8-29aa9e26fdc1,308136,amLODIPine 2.5 MG Oral Tablet,1.37,1.10,1,1.37,59621000,Essential hypertension (disorder)
2005-01-08T03:24:10Z,,9c6736d8-361a-4a4a-ad13-6fe3f4d5a82a,d31fccc3-1767-390d-966a-22a5156f4219,2762b2de-3a8f-49e4-71f6-5a7205ce56cd,243670,aspirin 81 MG Oral Tablet,119.07,95.26,255,30362.85,,
2005-01-08T03:24:10Z,,9c6736d8-361a-4a4a-ad13-6fe3f4d5a82a,d31fccc3-1767-390d-966a-22a5156f4219,2762b2de-3a8f-49e4-71f6-5a7205ce56cd,866427,24 HR metoprolol succinate 25 MG Extended Release Oral Tablet,129.94,103.95,1,129.94,,
2005-01-08T03:24:10Z,,9c6736d8-361a-4a4a-ad13-6fe3f4d5a82a,d31fccc3-1767-390d-966a-22a5156f4219,2762b2de-3a8f-49e4-71f6-5a7205ce56cd,312961,simvastatin 20 MG Oral Tablet,121.79,97.43,255,31056.45,,
2005-01-08T03:24:10Z,,9c6736d8-361a-4a4a-ad13-6fe3f4d5a82a,d31fccc3-1767-390d-966a-22a5156f4219,2762b2de-3a8f-49e4-71f6-5a7205ce56cd,314076,lisinopril 10 MG Oral Tablet,0.30,0.24,1,0.30,,
2022-02-20T22:48:46Z,2023-02-15T22:48:46Z,7cd3260f-2795-3080-b267-3bb0a9f40624,d18ef2e6-ef40-324c-be54-34a5ee865625,e86a41bf-77f4-8816-ff98-540901bd8ba7,978950,Natazia 28 Day Pack,764.40,729.40,12,9172.80,,
2005-01-08T03:24:10Z,,9c6736d8-361a-4a4a-ad13-6fe3f4d5a82a,d31fccc3-1767-390d-966a-22a5156f4219,2762b2de-3a8f-49e4-71f6-5a7205ce56cd,855812,prasugrel 10 MG Oral Tablet,129.94,103.95,255,33134.70,,
2022-04-03T22:48:46Z,2023-04-09T22:48:46Z,7cd3260f-2795-3080-b267-3bb0a9f40624,d18ef2e6-ef40-324c-be54-34a5ee865625,f91ee24c-8bbb-e103-d33d-7e76dacde6fc,206905,Ibuprofen 400 MG Oral Tablet [Ibu],129.94,94.94,3,389.82,,
2023-09-18T02:06:15Z,2023-09-25T02:06:15Z,196b6069-9bdd-a3fb-20ce-47414b6e8cdd,734afbd6-4794-363b-9bc0-6a3981533ed5,e2bc87e6-0da5-2917-708f-716ec60dd0e0,314076,lisinopril 10 MG Oral Tablet,0.91,0.73,1,0.91,59621000,Essential hypertension (disorder)
2023-09-18T02:06:15Z,2023-09-25T02:06:15Z,196b6069-9bdd-a3fb-20ce-47414b6e8cdd,734afbd6-4794-363b-9bc0-6a3981533ed5,e2bc87e6-0da5-2917-708f-716ec60dd0e0,308136,amLODIPine 2.5 MG Oral Tablet,1.07,0.86,1,1.07,59621000,Essential hypertension (disorder)
2023-09-18T02:06:15Z,2023-09-25T02:06:15Z,196b6069-9bdd-a3fb-20ce-47414b6e8cdd,734afbd6-4794-363b-9bc0-6a3981533ed5,e2bc87e6-0da5-2917-708f-716ec60dd0e0,106892,insulin isophane  human 70 UNT/ML / insulin  regular  human 30 UNT/ML Injectable Suspension [Humulin],126.89,101.51,1,126.89,15777000,Prediabetes
2009-07-31T00:56:15Z,,9c6736d8-361a-4a4a-ad13-6fe3f4d5a82a,a735bf55-83e9-331a-899d-a82a60b9f60c,d8a865c6-6e55-f782-a24a-05e50f884714,309362,Clopidogrel 75 MG Oral Tablet,125.11,100.09,199,24896.89,,
2009-07-31T00:56:15Z,,9c6736d8-361a-4a4a-ad13-6fe3f4d5a82a,a735bf55-83e9-331a-899d-a82a60b9f60c,d8a865c6-6e55-f782-a24a-05e50f884714,866412,24 HR metoprolol succinate 100 MG Extended Release Oral Tablet,129.94,103.95,199,25858.06,,
2023-09-25T02:06:15Z,2023-10-02T02:06:15Z,196b6069-9bdd-a3fb-20ce-47414b6e8cdd,734afbd6-4794-363b-9bc0-6a3981533ed5,6e5b2194-c995-b721-6dae-c9728827d5cf,106892,insulin isophane  human 70 UNT/ML / insulin  regular  human 30 UNT/ML Injectable Suspension [Humulin],126.89,101.51,1,126.89,15777000,Prediabetes
2022-04-03T22:48:46Z,2023-04-09T22:48:46Z,7cd3260f-2795-3080-b267-3bb0a9f40624,d18ef2e6-ef40-324c-be54-34a5ee865625,f91ee24c-8bbb-e103-d33d-7e76dacde6fc,860975,24 HR Metformin hydrochloride 500 MG Extended Release Oral Tablet,1.87,0.00,12,22.44,44054006,Diabetes mellitus type 2 (disorder)
2023-09-25T02:06:15Z,2023-10-02T02:06:15Z,196b6069-9bdd-a3fb-20ce-47414b6e8cdd,734afbd6-4794-363b-9bc0-6a3981533ed5,6e5b2194-c995-b721-6dae-c9728827d5cf,314076,lisinopril 10 MG Oral Tablet,0.91,0.73,1,0.91,59621000,Essential hypertension (disorder)
2009-07-31T00:56:15Z,,9c6736d8-361a-4a4a-ad13-6fe3f4d5a82a,a735bf55-83e9-331a-899d-a82a60b9f60c,d8a865c6-6e55-f782-a24a-05e50f884714,705129,Nitroglycerin 0.4 MG/ACTUAT Mucosal Spray,103.42,82.74,199,20580.58,,
2023-09-25T02:06:15Z,2023-10-02T02:06:15Z,196b6069-9bdd-a3fb-20ce-47414b6e8cdd,734afbd6-4794-363b-9bc0-6a3981533ed5,6e5b2194-c995-b721-6dae-c9728827d5cf,308136,amLODIPine 2.5 MG Oral Tablet,0.91,0.73,1,0.91,59621000,Essential hypertension (disorder)
2023-04-09T22:48:46Z,2024-04-14T22:48:46Z,7cd3260f-2795-3080-b267-3bb0a9f40624,d18ef2e6-ef40-324c-be54-34a5ee865625,8a235004-8dfb-1473-d307-b26d907fb071,206905,Ibuprofen 400 MG Oral Tablet [Ibu],129.94,94.94,3,389.82,,
2023-04-09T22:48:46Z,2024-04-14T22:48:46Z,7cd3260f-2795-3080-b267-3bb0a9f40624,d18ef2e6-ef40-324c-be54-34a5ee865625,8a235004-8dfb-1473-d307-b26d907fb071,860975,24 HR Metformin hydrochloride 500 MG Extended Release Oral Tablet,0.70,0.00,12,8.40,44054006,Diabetes mellitus type 2 (disorder)
2002-01-23T22:59:46Z,2025-03-26T22:59:46Z,2c7f251b-4cd9-fe29-b244-63c2271e15e2,df166300-5a78-3502-a46a-832842197811,a925aa09-7e99-8369-0320-430eefad2565,314231,Simvastatin 10 MG Oral Tablet,0.30,0.00,10,3.00,55822004,Hyperlipidemia
2022-10-07T00:56:15Z,2023-10-13T00:56:15Z,9c6736d8-361a-4a4a-ad13-6fe3f4d5a82a,a735bf55-83e9-331a-899d-a82a60b9f60c,d1a1fc2a-cfd1-a25a-41a2-926e183c395b,904419,Alendronic acid 10 MG Oral Tablet,1.98,0.00,12,23.76,64859006,Osteoporosis (disorder)
2023-10-02T02:06:15Z,2023-10-09T02:06:15Z,196b6069-9bdd-a3fb-20ce-47414b6e8cdd,734afbd6-4794-363b-9bc0-6a3981533ed5,8b6986f2-12d4-85c8-4867-dd7910b85fd1,106892,insulin isophane  human 70 UNT/ML / insulin  regular  human 30 UNT/ML Injectable Suspension [Humulin],402.32,321.86,1,402.32,15777000,Prediabetes
2022-03-02T22:59:46Z,2023-03-08T22:59:46Z,2c7f251b-4cd9-fe29-b244-63c2271e15e2,df166300-5a78-3502-a46a-832842197811,3672b708-f4b2-a8d8-9633-51f72b6371de,860975,24 HR Metformin hydrochloride 500 MG Extended Release Oral Tablet,1.77,0.00,12,21.24,44054006,Diabetes mellitus type 2 (disorder)
2022-03-02T22:59:46Z,2023-03-08T22:59:46Z,2c7f251b-4cd9-fe29-b244-63c2271e15e2,df166300-5a78-3502-a46a-832842197811,3672b708-f4b2-a8d8-9633-51f72b6371de,314076,lisinopril 10 MG Oral Tablet,0.91,0.00,4,3.64,59621000,Essential hypertension (disorder)
2023-10-02T02:06:15Z,2023-10-09T02:06:15Z,196b6069-9bdd-a3fb-20ce-47414b6e8cdd,734afbd6-4794-363b-9bc0-6a3981533ed5,8b6986f2-12d4-85c8-4867-dd7910b85fd1,314076,lisinopril 10 MG Oral Tablet,0.91,0.73,1,0.91,59621000,Essential hypertension (disorder)
2023-10-02T02:06:15Z,2023-10-09T02:06:15Z,196b6069-9bdd-a3fb-20ce-47414b6e8cdd,734afbd6-4794-363b-9bc0-6a3981533ed5,8b6986f2-12d4-85c8-4867-dd7910b85fd1,308136,amLODIPine 2.5 MG Oral Tablet,0.91,0.73,1,0.91,59621000,Essential hypertension (disorder)
2022-03-03T22:59:46Z,2023-03-15T22:59:46Z,2c7f251b-4cd9-fe29-b244-63c2271e15e2,df166300-5a78-3502-a46a-832842197811,b8bdeb64-7214-6ad1-ff54-80dccd53632b,314231,Simvastatin 10 MG Oral Tablet,0.30,0.00,12,3.60,55822004,Hyperlipidemia
2023-10-09T02:06:15Z,2024-01-08T02:06:15Z,196b6069-9bdd-a3fb-20ce-47414b6e8cdd,734afbd6-4794-363b-9bc0-6a3981533ed5,21d47c9c-2336-2011-e9e2-d95fa5c8bd99,106892,insulin isophane  human 70 UNT/ML / insulin  regular  human 30 UNT/ML Injectable Suspension [Humulin],126.89,101.51,3,380.67,15777000,Prediabetes
2023-10-09T02:06:15Z,2024-01-08T02:06:15Z,196b6069-9bdd-a3fb-20ce-47414b6e8cdd,734afbd6-4794-363b-9bc0-6a3981533ed5,21d47c9c-2336-2011-e9e2-d95fa5c8bd99,314076,lisinopril 10 MG Oral Tablet,0.91,0.73,1,0.91,59621000,Essential hypertension (disorder)
2023-10-09T02:06:15Z,2024-01-08T02:06:15Z,196b6069-9bdd-a3fb-20ce-47414b6e8cdd,734afbd6-4794-363b-9bc0-6a3981533ed5,21d47c9c-2336-2011-e9e2-d95fa5c8bd99,308136,amLODIPine 2.5 MG Oral Tablet,0.91,0.73,1,0.91,59621000,Essential hypertension (disorder)
2023-10-16T02:20:07Z,2023-10-28T02:20:07Z,196b6069-9bdd-a3fb-20ce-47414b6e8cdd,734afbd6-4794-363b-9bc0-6a3981533ed5,e9e0175e-5d08-9c14-2937-852647914437,1043400,Acetaminophen 21.7 MG/ML / Dextromethorphan Hydrobromide 1 MG/ML / doxylamine succinate 0.417 MG/ML Oral Solution,183.45,146.76,1,183.45,10509002,Acute bronchitis (disorder)
2023-10-13T00:56:15Z,2024-10-18T00:56:15Z,9c6736d8-361a-4a4a-ad13-6fe3f4d5a82a,a735bf55-83e9-331a-899d-a82a60b9f60c,63f5c468-9c28-664b-fa6d-4861bc939fff,904419,Alendronic acid 10 MG Oral Tablet,1.45,0.00,12,17.40,64859006,Osteoporosis (disorder)
2024-01-08T02:06:15Z,2024-05-06T02:06:15Z,196b6069-9bdd-a3fb-20ce-47414b6e8cdd,734afbd6-4794-363b-9bc0-6a3981533ed5,c6de9414-00e0-5908-da64-24a4a2b44762,106892,insulin isophane  human 70 UNT/ML / insulin  regular  human 30 UNT/ML Injectable Suspension [Humulin],126.89,101.51,3,380.67,15777000,Prediabetes
2024-01-08T02:06:15Z,2024-05-06T02:06:15Z,196b6069-9bdd-a3fb-20ce-47414b6e8cdd,734afbd6-4794-363b-9bc0-6a3981533ed5,c6de9414-00e0-5908-da64-24a4a2b44762,314076,lisinopril 10 MG Oral Tablet,0.91,0.73,1,0.91,59621000,Essential hypertension (disorder)
2024-01-08T02:06:15Z,2024-05-06T02:06:15Z,196b6069-9bdd-a3fb-20ce-47414b6e8cdd,734afbd6-4794-363b-9bc0-6a3981533ed5,c6de9414-00e0-5908-da64-24a4a2b44762,308136,amLODIPine 2.5 MG Oral Tablet,1.18,0.94,1,1.18,59621000,Essential hypertension (disorder)
2023-03-08T22:59:46Z,2024-03-13T22:59:46Z,2c7f251b-4cd9-fe29-b244-63c2271e15e2,df166300-5a78-3502-a46a-832842197811,daab3cbc-bc77-7387-0942-d9b4348181a5,860975,24 HR Metformin hydrochloride 500 MG Extended Release Oral Tablet,0.40,0.00,12,4.80,44054006,Diabetes mellitus type 2 (disorder)
2023-03-08T22:59:46Z,2024-03-13T22:59:46Z,2c7f251b-4cd9-fe29-b244-63c2271e15e2,df166300-5a78-3502-a46a-832842197811,daab3cbc-bc77-7387-0942-d9b4348181a5,314076,lisinopril 10 MG Oral Tablet,0.91,0.00,4,3.64,59621000,Essential hypertension (disorder)
2023-03-15T22:59:46Z,2024-03-14T22:59:46Z,2c7f251b-4cd9-fe29-b244-63c2271e15e2,df166300-5a78-3502-a46a-832842197811,348a995d-9ccf-9b56-f4e3-64400d1dce73,314231,Simvastatin 10 MG Oral Tablet,0.45,0.00,12,5.40,55822004,Hyperlipidemia
2024-10-18T00:56:15Z,2025-10-24T00:56:15Z,9c6736d8-361a-4a4a-ad13-6fe3f4d5a82a,a735bf55-83e9-331a-899d-a82a60b9f60c,ba0c1c04-b4d1-a852-c219-fac18fe96d88,904419,Alendronic acid 10 MG Oral Tablet,4.67,0.00,12,56.04,64859006,Osteoporosis (disorder)
2024-09-01T09:30:06Z,2025-08-27T09:30:06Z,b300716e-ae67-8d6f-d694-51d801881ce0,8fa6c185-e44e-3e34-8bd8-39be8694f4ce,e69ae0a1-7aae-4596-f830-64f9455a8b67,748856,Yaz 28 Day Pack,268.35,0.00,12,3220.20,,
2024-04-14T22:48:46Z,2025-04-20T22:48:46Z,7cd3260f-2795-3080-b267-3bb0a9f40624,d18ef2e6-ef40-324c-be54-34a5ee865625,0c61c8ab-1a8c-842f-8dec-9beb55000952,206905,Ibuprofen 400 MG Oral Tablet [Ibu],129.94,94.94,3,389.82,,
2024-04-14T22:48:46Z,2025-04-20T22:48:46Z,7cd3260f-2795-3080-b267-3bb0a9f40624,d18ef2e6-ef40-324c-be54-34a5ee865625,0c61c8ab-1a8c-842f-8dec-9beb55000952,860975,24 HR Metformin hydrochloride 500 MG Extended Release Oral Tablet,0.43,0.00,12,5.16,44054006,Diabetes mellitus type 2 (disorder)
2024-03-13T22:59:46Z,2025-02-12T22:59:46Z,2c7f251b-4cd9-fe29-b244-63c2271e15e2,df166300-5a78-3502-a46a-832842197811,ac04c3da-2706-9a41-bc12-28231ba9fb0c,860975,24 HR Metformin hydrochloride 500 MG Extended Release Oral Tablet,17.37,0.00,11,191.07,44054006,Diabetes mellitus type 2 (disorder)
2024-03-13T22:59:46Z,2025-02-12T22:59:46Z,2c7f251b-4cd9-fe29-b244-63c2271e15e2,df166300-5a78-3502-a46a-832842197811,ac04c3da-2706-9a41-bc12-28231ba9fb0c,314076,lisinopril 10 MG Oral Tablet,0.91,0.00,3,2.73,59621000,Essential hypertension (disorder)
2024-11-24T09:30:06Z,2025-11-30T09:30:06Z,b300716e-ae67-8d6f-d694-51d801881ce0,8fa6c185-e44e-3e34-8bd8-39be8694f4ce,dfb82d0c-24fe-6df8-785c-af06e8b96bff,896001,120 ACTUAT fluticasone propionate 0.11 MG/ACTUAT Metered Dose Inhaler [Flovent],129.94,0.00,1,129.94,233678006,Childhood asthma
2024-11-24T09:30:06Z,2025-11-30T09:30:06Z,b300716e-ae67-8d6f-d694-51d801881ce0,8fa6c185-e44e-3e34-8bd8-39be8694f4ce,dfb82d0c-24fe-6df8-785c-af06e8b96bff,314076,lisinopril 10 MG Oral Tablet,0.91,0.00,4,3.64,59621000,Essential hypertension (disorder)
2024-05-06T02:06:15Z,2024-06-10T02:06:15Z,196b6069-9bdd-a3fb-20ce-47414b6e8cdd,734afbd6-4794-363b-9bc0-6a3981533ed5,99051517-140a-6e24-4ac8-7d2c8d521a09,106892,insulin isophane  human 70 UNT/ML / insulin  regular  human 30 UNT/ML Injectable Suspension [Humulin],507.86,406.29,1,507.86,15777000,Prediabetes
2024-11-24T09:30:06Z,2025-11-30T09:30:06Z,b300716e-ae67-8d6f-d694-51d801881ce0,8fa6c185-e44e-3e34-8bd8-39be8694f4ce,dfb82d0c-24fe-6df8-785c-af06e8b96bff,308136,amLODIPine 2.5 MG Oral Tablet,0.91,0.00,4,3.64,59621000,Essential hypertension (disorder)
2024-11-24T09:30:06Z,2025-11-30T09:30:06Z,b300716e-ae67-8d6f-d694-51d801881ce0,8fa6c185-e44e-3e34-8bd8-39be8694f4ce,dfb82d0c-24fe-6df8-785c-af06e8b96bff,630208,albuterol 0.83 MG/ML Inhalation Solution,129.94,0.00,1,129.94,233678006,Childhood asthma
2025-10-24T00:56:15Z,,9c6736d8-361a-4a4a-ad13-6fe3f4d5a82a,a735bf55-83e9-331a-899d-a82a60b9f60c,0e9dadfd-655e-42f2-5aaa-f70d97f39382,904419,Alendronic acid 10 MG Oral Tablet,4.51,0.00,2,9.02,64859006,Osteoporosis (disorder)
2024-03-14T22:59:46Z,2025-03-26T22:59:46Z,2c7f251b-4cd9-fe29-b244-63c2271e15e2,df166300-5a78-3502-a46a-832842197811,60c23832-4f33-8547-56be-a102972c73da,314231,Simvastatin 10 MG Oral Tablet,0.45,0.00,12,5.40,55822004,Hyperlipidemia
2024-05-06T02:06:15Z,2024-06-10T02:06:15Z,196b6069-9bdd-a3fb-20ce-47414b6e8cdd,734afbd6-4794-363b-9bc0-6a3981533ed5,99051517-140a-6e24-4ac8-7d2c8d521a09,314076,lisinopril 10 MG Oral Tablet,0.91,0.73,1,0.91,59621000,Essential hypertension (disorder)
2025-02-05T04:04:25Z,2025-02-14T04:04:25Z,2c7f251b-4cd9-fe29-b244-63c2271e15e2,df166300-5a78-3502-a46a-832842197811,e079cf28-8067-3005-f4b6-0b81f8fbfdac,313782,Acetaminophen 325 MG Oral Tablet,119.02,0.00,1,119.02,10509002,Acute bronchitis (disorder)
2025-07-31T10:02:12Z,2025-08-27T10:02:12Z,b300716e-ae67-8d6f-d694-51d801881ce0,8fa6c185-e44e-3e34-8bd8-39be8694f4ce,be57836a-f432-1089-09de-384c8394f7c7,310965,Ibuprofen 200 MG Oral Tablet,16.96,0.00,1,16.96,,
2024-05-06T02:06:15Z,2024-06-10T02:06:15Z,196b6069-9bdd-a3fb-20ce-47414b6e8cdd,734afbd6-4794-363b-9bc0-6a3981533ed5,99051517-140a-6e24-4ac8-7d2c8d521a09,308136,amLODIPine 2.5 MG Oral Tablet,0.91,0.73,1,0.91,59621000,Essential hypertension (disorder)
2025-02-12T22:59:46Z,2025-02-19T22:59:46Z,2c7f251b-4cd9-fe29-b244-63c2271e15e2,df166300-5a78-3502-a46a-832842197811,4e015337-7b4a-c360-95d3-1552485a40e3,860975,24 HR Metformin hydrochloride 500 MG Extended Release Oral Tablet,8.26,0.00,1,8.26,44054006,Diabetes mellitus type 2 (disorder)
2025-02-12T22:59:46Z,2025-02-19T22:59:46Z,2c7f251b-4cd9-fe29-b244-63c2271e15e2,df166300-5a78-3502-a46a-832842197811,4e015337-7b4a-c360-95d3-1552485a40e3,314076,lisinopril 10 MG Oral Tablet,0.91,0.00,1,0.91,59621000,Essential hypertension (disorder)
2025-02-19T22:59:46Z,2025-03-19T22:59:46Z,2c7f251b-4cd9-fe29-b244-63c2271e15e2,df166300-5a78-3502-a46a-832842197811,eb7f9965-6867-1916-c355-b0fe62418bc5,860975,24 HR Metformin hydrochloride 500 MG Extended Release Oral Tablet,0.37,0.00,1,0.37,44054006,Diabetes mellitus type 2 (disorder)
2025-11-30T09:30:06Z,,b300716e-ae67-8d6f-d694-51d801881ce0,8fa6c185-e44e-3e34-8bd8-39be8694f4ce,7900e05e-34da-8f8e-81bb-ec4a756bd86c,896001,120 ACTUAT fluticasone propionate 0.11 MG/ACTUAT Metered Dose Inhaler [Flovent],129.94,0.00,1,129.94,233678006,Childhood asthma
2025-11-30T09:30:06Z,,b300716e-ae67-8d6f-d694-51d801881ce0,8fa6c185-e44e-3e34-8bd8-39be8694f4ce,7900e05e-34da-8f8e-81bb-ec4a756bd86c,314076,lisinopril 10 MG Oral Tablet,0.91,0.00,1,0.91,59621000,Essential hypertension (disorder)
2025-02-19T22:59:46Z,2025-03-19T22:59:46Z,2c7f251b-4cd9-fe29-b244-63c2271e15e2,df166300-5a78-3502-a46a-832842197811,eb7f9965-6867-1916-c355-b0fe62418bc5,314076,lisinopril 10 MG Oral Tablet,0.91,0.00,1,0.91,59621000,Essential hypertension (disorder)
2025-04-20T22:48:46Z,2025-07-20T22:48:46Z,7cd3260f-2795-3080-b267-3bb0a9f40624,a735bf55-83e9-331a-899d-a82a60b9f60c,79f82350-9ff3-2c4c-1871-ec5060b03f04,206905,Ibuprofen 400 MG Oral Tablet [Ibu],129.94,0.00,3,389.82,,
2025-11-30T09:30:06Z,,b300716e-ae67-8d6f-d694-51d801881ce0,8fa6c185-e44e-3e34-8bd8-39be8694f4ce,7900e05e-34da-8f8e-81bb-ec4a756bd86c,308136,amLODIPine 2.5 MG Oral Tablet,0.91,0.00,1,0.91,59621000,Essential hypertension (disorder)
2025-11-30T09:30:06Z,,b300716e-ae67-8d6f-d694-51d801881ce0,8fa6c185-e44e-3e34-8bd8-39be8694f4ce,7900e05e-34da-8f8e-81bb-ec4a756bd86c,630208,albuterol 0.83 MG/ML Inhalation Solution,129.94,0.00,1,129.94,233678006,Childhood asthma
2024-06-10T02:06:15Z,2025-05-12T02:06:15Z,196b6069-9bdd-a3fb-20ce-47414b6e8cdd,734afbd6-4794-363b-9bc0-6a3981533ed5,da4f2391-c09c-2746-eca9-87ef15445ad9,106892,insulin isophane  human 70 UNT/ML / insulin  regular  human 30 UNT/ML Injectable Suspension [Humulin],280.80,224.64,11,3088.80,15777000,Prediabetes
2024-06-10T02:06:15Z,2025-05-12T02:06:15Z,196b6069-9bdd-a3fb-20ce-47414b6e8cdd,734afbd6-4794-363b-9bc0-6a3981533ed5,da4f2391-c09c-2746-eca9-87ef15445ad9,314076,lisinopril 10 MG Oral Tablet,0.91,0.73,3,2.73,59621000,Essential hypertension (disorder)
2025-04-20T22:48:46Z,2025-07-20T22:48:46Z,7cd3260f-2795-3080-b267-3bb0a9f40624,a735bf55-83e9-331a-899d-a82a60b9f60c,79f82350-9ff3-2c4c-1871-ec5060b03f04,860975,24 HR Metformin hydrochloride 500 MG Extended Release Oral Tablet,19.38,0.00,3,58.14,44054006,Diabetes mellitus type 2 (disorder)
2024-06-10T02:06:15Z,2025-05-12T02:06:15Z,196b6069-9bdd-a3fb-20ce-47414b6e8cdd,734afbd6-4794-363b-9bc0-6a3981533ed5,da4f2391-c09c-2746-eca9-87ef15445ad9,308136,amLODIPine 2.5 MG Oral Tablet,0.91,0.73,3,2.73,59621000,Essential hypertension (disorder)
2025-02-19T22:59:46Z,,2c7f251b-4cd9-fe29-b244-63c2271e15e2,df166300-5a78-3502-a46a-832842197811,eb7f9965-6867-1916-c355-b0fe62418bc5,309362,Clopidogrel 75 MG Oral Tablet,45.86,0.00,10,458.60,,
2025-02-19T22:59:46Z,,2c7f251b-4cd9-fe29-b244-63c2271e15e2,df166300-5a78-3502-a46a-832842197811,eb7f9965-6867-1916-c355-b0fe62418bc5,312961,Simvastatin 20 MG Oral Tablet,30.57,0.00,10,305.70,,
2025-07-10T16:48:46Z,2025-07-24T16:48:46Z,7cd3260f-2795-3080-b267-3bb0a9f40624,a735bf55-83e9-331a-899d-a82a60b9f60c,b0777d4b-8de2-21c5-9bfe-759e21c7de04,313782,Acetaminophen 325 MG Oral Tablet,45.86,36.69,1,45.86,10509002,Acute bronchitis (disorder)
2025-02-19T22:59:46Z,,2c7f251b-4cd9-fe29-b244-63c2271e15e2,df166300-5a78-3502-a46a-832842197811,eb7f9965-6867-1916-c355-b0fe62418bc5,866412,24 HR metoprolol succinate 100 MG Extended Release Oral Tablet,129.94,79.94,10,1299.40,,
2025-02-19T22:59:46Z,,2c7f251b-4cd9-fe29-b244-63c2271e15e2,df166300-5a78-3502-a46a-832842197811,eb7f9965-6867-1916-c355-b0fe62418bc5,705129,Nitroglycerin 0.4 MG/ACTUAT Mucosal Spray,43.15,0.00,10,431.50,,
2003-11-13T01:03:23Z,,79590754-4679-dafd-8aab-103706580fff,e03e23c9-4df1-3eb6-a62d-f70f02301496,7e8772be-4304-0ad4-e774-bba743303deb,309362,Clopidogrel 75 MG Oral Tablet,778.99,0.00,269,209548.31,,
2003-11-13T01:03:23Z,,79590754-4679-dafd-8aab-103706580fff,e03e23c9-4df1-3eb6-a62d-f70f02301496,7e8772be-4304-0ad4-e774-bba743303deb,312961,Simvastatin 20 MG Oral Tablet,449.99,0.00,269,121047.31,,
2003-11-13T01:03:23Z,,79590754-4679-dafd-8aab-103706580fff,e03e23c9-4df1-3eb6-a62d-f70f02301496,7e8772be-4304-0ad4-e774-bba743303deb,866412,24 HR metoprolol succinate 100 MG Extended Release Oral Tablet,129.94,0.00,269,34953.86,,
2003-11-13T01:03:23Z,,79590754-4679-dafd-8aab-103706580fff,e03e23c9-4df1-3eb6-a62d-f70f02301496,7e8772be-4304-0ad4-e774-bba743303deb,705129,Nitroglycerin 0.4 MG/ACTUAT Mucosal Spray,234.90,0.00,269,63188.10,,
2025-07-20T22:48:46Z,2025-07-27T22:48:46Z,7cd3260f-2795-3080-b267-3bb0a9f40624,a735bf55-83e9-331a-899d-a82a60b9f60c,70572838-78d9-4415-9141-468d0834407a,206905,Ibuprofen 400 MG Oral Tablet [Ibu],129.94,103.95,3,389.82,,
2025-07-20T22:48:46Z,2025-07-27T22:48:46Z,7cd3260f-2795-3080-b267-3bb0a9f40624,a735bf55-83e9-331a-899d-a82a60b9f60c,70572838-78d9-4415-9141-468d0834407a,860975,24 HR Metformin hydrochloride 500 MG Extended Release Oral Tablet,0.23,0.18,1,0.23,44054006,Diabetes mellitus type 2 (disorder)
2011-07-08T01:03:23Z,,79590754-4679-dafd-8aab-103706580fff,d31fccc3-1767-390d-966a-22a5156f4219,b8826e91-b34d-1167-7bca-b10285a148e6,849574,Naproxen sodium 220 MG Oral Tablet,91.72,0.00,176,16142.72,239873007,Osteoarthritis of knee
2025-07-27T22:48:46Z,,7cd3260f-2795-3080-b267-3bb0a9f40624,a735bf55-83e9-331a-899d-a82a60b9f60c,59af6df2-a4a3-e11a-b05f-eabcd9ef5459,206905,Ibuprofen 400 MG Oral Tablet [Ibu],129.94,103.95,3,389.82,,
2025-07-27T22:48:46Z,,7cd3260f-2795-3080-b267-3bb0a9f40624,a735bf55-83e9-331a-899d-a82a60b9f60c,59af6df2-a4a3-e11a-b05f-eabcd9ef5459,860975,24 HR Metformin hydrochloride 500 MG Extended Release Oral Tablet,3.41,2.73,5,17.05,44054006,Diabetes mellitus type 2 (disorder)
2025-08-13T22:48:46Z,2025-08-13T22:48:46Z,7cd3260f-2795-3080-b267-3bb0a9f40624,a735bf55-83e9-331a-899d-a82a60b9f60c,ca4162b6-6056-1f36-c919-a43d0808938c,1605257,Liletta 52 MG Intrauterine System,407.68,326.14,1,407.68,,
2025-03-05T05:07:14Z,2025-03-05T05:07:14Z,2c7f251b-4cd9-fe29-b244-63c2271e15e2,df166300-5a78-3502-a46a-832842197811,642b1a85-4fa8-5372-ce94-9e6b77641bc2,1665060,cefazolin 2000 MG Injection,129.94,79.94,1,129.94,,
2025-03-05T05:07:14Z,2025-03-05T05:07:14Z,2c7f251b-4cd9-fe29-b244-63c2271e15e2,df166300-5a78-3502-a46a-832842197811,642b1a85-4fa8-5372-ce94-9e6b77641bc2,1659263,1 ML heparin sodium  porcine 5000 UNT/ML Injection,1.39,0.00,1,1.39,,
2025-03-05T05:07:14Z,2025-03-05T05:07:14Z,2c7f251b-4cd9-fe29-b244-63c2271e15e2,df166300-5a78-3502-a46a-832842197811,642b1a85-4fa8-5372-ce94-9e6b77641bc2,1796676,25 ML protamine sulfate (USP) 10 MG/ML Injection,129.94,79.94,1,129.94,,
2025-03-05T05:10:14Z,2025-03-05T05:10:14Z,2c7f251b-4cd9-fe29-b244-63c2271e15e2,df166300-5a78-3502-a46a-832842197811,642b1a85-4fa8-5372-ce94-9e6b77641bc2,311034,insulin  regular  human 100 UNT/ML Injectable Solution,129.94,79.94,1,129.94,,
2022-05-05T01:03:23Z,2023-05-11T01:03:23Z,79590754-4679-dafd-8aab-103706580fff,d31fccc3-1767-390d-966a-22a5156f4219,fb5f0f7f-323c-8ef7-b7ad-64b232b55ac2,310798,Hydrochlorothiazide 25 MG Oral Tablet,0.45,0.00,4,1.80,59621000,Essential hypertension (disorder)
2025-03-05T06:37:21Z,2025-03-05T06:37:21Z,2c7f251b-4cd9-fe29-b244-63c2271e15e2,df166300-5a78-3502-a46a-832842197811,642b1a85-4fa8-5372-ce94-9e6b77641bc2,1740467,2 ML Ondansetron 2 MG/ML Injection,0.11,0.00,1,0.11,,
2025-03-05T06:37:21Z,2025-03-05T06:37:21Z,2c7f251b-4cd9-fe29-b244-63c2271e15e2,df166300-5a78-3502-a46a-832842197811,642b1a85-4fa8-5372-ce94-9e6b77641bc2,311700,Midazolam 1 MG/ML Injectable Solution,0.11,0.00,1,0.11,,
2025-03-05T06:37:21Z,2025-03-05T06:37:21Z,2c7f251b-4cd9-fe29-b244-63c2271e15e2,df166300-5a78-3502-a46a-832842197811,642b1a85-4fa8-5372-ce94-9e6b77641bc2,1808217,100 ML Propofol 10 MG/ML Injection,0.13,0.00,1,0.13,,
2025-03-05T06:37:21Z,2025-03-05T06:37:21Z,2c7f251b-4cd9-fe29-b244-63c2271e15e2,df166300-5a78-3502-a46a-832842197811,642b1a85-4fa8-5372-ce94-9e6b77641bc2,1234995,Rocuronium bromide 10 MG/ML Injectable Solution,0.74,0.00,1,0.74,,
2025-03-05T06:37:21Z,2025-03-05T06:37:21Z,2c7f251b-4cd9-fe29-b244-63c2271e15e2,df166300-5a78-3502-a46a-832842197811,642b1a85-4fa8-5372-ce94-9e6b77641bc2,542347,isoflurane 99.9 % Inhalation Solution,0.07,0.00,1,0.07,,
2023-05-11T01:03:23Z,2024-05-16T01:03:23Z,79590754-4679-dafd-8aab-103706580fff,a735bf55-83e9-331a-899d-a82a60b9f60c,54b0526e-30e1-7eee-f907-77c5030f1373,310798,Hydrochlorothiazide 25 MG Oral Tablet,0.45,0.00,4,1.80,59621000,Essential hypertension (disorder)
2025-03-05T06:37:21Z,2025-03-05T06:37:21Z,2c7f251b-4cd9-fe29-b244-63c2271e15e2,df166300-5a78-3502-a46a-832842197811,642b1a85-4fa8-5372-ce94-9e6b77641bc2,1729584,remifentanil 2 MG Injection,55.54,5.54,1,55.54,,
2025-03-19T22:59:46Z,,2c7f251b-4cd9-fe29-b244-63c2271e15e2,df166300-5a78-3502-a46a-832842197811,cc8d0050-eb2f-f153-1997-d69aaa6f1f12,860975,24 HR Metformin hydrochloride 500 MG Extended Release Oral Tablet,0.60,0.00,9,5.40,44054006,Diabetes mellitus type 2 (disorder)
2025-03-19T22:59:46Z,,2c7f251b-4cd9-fe29-b244-63c2271e15e2,df166300-5a78-3502-a46a-832842197811,cc8d0050-eb2f-f153-1997-d69aaa6f1f12,314076,lisinopril 10 MG Oral Tablet,0.91,0.00,3,2.73,59621000,Essential hypertension (disorder)
2025-03-26T22:59:46Z,,2c7f251b-4cd9-fe29-b244-63c2271e15e2,df166300-5a78-3502-a46a-832842197811,6f2ced45-6634-7c9b-62b7-07cc94043569,314231,Simvastatin 10 MG Oral Tablet,0.30,0.00,12,3.60,55822004,Hyperlipidemia
2025-05-12T02:06:15Z,,196b6069-9bdd-a3fb-20ce-47414b6e8cdd,734afbd6-4794-363b-9bc0-6a3981533ed5,c3b382e2-fda7-d23d-2f9f-871ff056a9a0,106892,insulin isophane  human 70 UNT/ML / insulin  regular  human 30 UNT/ML Injectable Suspension [Humulin],304.38,243.50,7,2130.66,15777000,Prediabetes
2024-05-16T01:03:23Z,2025-05-22T01:03:23Z,79590754-4679-dafd-8aab-103706580fff,a735bf55-83e9-331a-899d-a82a60b9f60c,ddf20cf4-82ec-2d68-8f01-490e9b8704f3,310798,Hydrochlorothiazide 25 MG Oral Tablet,0.45,0.36,4,1.80,59621000,Essential hypertension (disorder)
2025-05-12T02:06:15Z,,196b6069-9bdd-a3fb-20ce-47414b6e8cdd,734afbd6-4794-363b-9bc0-6a3981533ed5,c3b382e2-fda7-d23d-2f9f-871ff056a9a0,314076,lisinopril 10 MG Oral Tablet,0.91,0.73,2,1.82,59621000,Essential hypertension (disorder)
2025-05-12T02:06:15Z,,196b6069-9bdd-a3fb-20ce-47414b6e8cdd,734afbd6-4794-363b-9bc0-6a3981533ed5,c3b382e2-fda7-d23d-2f9f-871ff056a9a0,308136,amLODIPine 2.5 MG Oral Tablet,1.37,1.10,2,2.74,59621000,Essential hypertension (disorder)
2023-03-14T01:28:29Z,2023-03-28T01:28:29Z,e2b62842-2715-6c67-0e4f-cc5834c975b7,8fa6c185-e44e-3e34-8bd8-39be8694f4ce,15b2a7f9-1f34-b78e-916b-5c9b3171cf91,308192,Amoxicillin 500 MG Oral Tablet,8.91,0.00,1,8.91,,
2023-03-14T01:28:29Z,2023-03-28T01:28:29Z,e2b62842-2715-6c67-0e4f-cc5834c975b7,8fa6c185-e44e-3e34-8bd8-39be8694f4ce,15b2a7f9-1f34-b78e-916b-5c9b3171cf91,198405,Ibuprofen 100 MG Oral Tablet,16.96,0.00,1,16.96,,
2025-05-22T01:03:23Z,,79590754-4679-dafd-8aab-103706580fff,a735bf55-83e9-331a-899d-a82a60b9f60c,5a4586e4-04f2-e6b1-609e-fb1db25dcdb5,310798,Hydrochlorothiazide 25 MG Oral Tablet,0.45,0.36,2,0.90,59621000,Essential hypertension (disorder)
1995-06-21T16:40:18Z,1995-08-16T16:40:18Z,347ceebf-0248-5a56-14f3-e1e8e8ffb73c,a735bf55-83e9-331a-899d-a82a60b9f60c,ec543fda-f13f-eb69-6190-124bc7d0cbad,245314,albuterol 5 MG/ML Inhalation Solution,60.93,60.93,1,60.93,87433001,Pulmonary emphysema (disorder)
1995-06-21T16:40:18Z,1995-08-16T16:40:18Z,347ceebf-0248-5a56-14f3-e1e8e8ffb73c,a735bf55-83e9-331a-899d-a82a60b9f60c,ec543fda-f13f-eb69-6190-124bc7d0cbad,860975,24 HR Metformin hydrochloride 500 MG Extended Release Oral Tablet,1.69,1.69,1,1.69,44054006,Diabetes mellitus type 2 (disorder)
1995-06-21T16:40:18Z,1995-08-16T16:40:18Z,347ceebf-0248-5a56-14f3-e1e8e8ffb73c,a735bf55-83e9-331a-899d-a82a60b9f60c,ec543fda-f13f-eb69-6190-124bc7d0cbad,896209,60 ACTUAT Fluticasone propionate 0.25 MG/ACTUAT / salmeterol 0.05 MG/ACTUAT Dry Powder Inhaler,350.05,350.05,1,350.05,87433001,Pulmonary emphysema (disorder)
1995-08-16T16:40:18Z,1995-10-25T16:40:18Z,347ceebf-0248-5a56-14f3-e1e8e8ffb73c,a735bf55-83e9-331a-899d-a82a60b9f60c,7a6734e0-71e9-9f3d-76b0-9f4db908eae1,245314,albuterol 5 MG/ML Inhalation Solution,20.63,20.63,1,20.63,87433001,Pulmonary emphysema (disorder)
1995-08-16T16:40:18Z,1995-10-25T16:40:18Z,347ceebf-0248-5a56-14f3-e1e8e8ffb73c,a735bf55-83e9-331a-899d-a82a60b9f60c,7a6734e0-71e9-9f3d-76b0-9f4db908eae1,860975,24 HR Metformin hydrochloride 500 MG Extended Release Oral Tablet,0.15,0.15,2,0.30,44054006,Diabetes mellitus type 2 (disorder)
1995-08-16T16:40:18Z,1995-10-25T16:40:18Z,347ceebf-0248-5a56-14f3-e1e8e8ffb73c,a735bf55-83e9-331a-899d-a82a60b9f60c,7a6734e0-71e9-9f3d-76b0-9f4db908eae1,896209,60 ACTUAT Fluticasone propionate 0.25 MG/ACTUAT / salmeterol 0.05 MG/ACTUAT Dry Powder Inhaler,107.74,107.74,2,215.48,87433001,Pulmonary emphysema (disorder)
1995-08-22T16:40:18Z,1995-09-05T16:40:18Z,347ceebf-0248-5a56-14f3-e1e8e8ffb73c,a735bf55-83e9-331a-899d-a82a60b9f60c,e4306a16-07b5-a919-1733-d8acab2f01fa,1860154,Abuse-Deterrent 12 HR Oxycodone Hydrochloride 15 MG Extended Release Oral Tablet,51.26,51.26,1,51.26,,
1995-10-25T16:40:18Z,1995-11-22T16:40:18Z,347ceebf-0248-5a56-14f3-e1e8e8ffb73c,a735bf55-83e9-331a-899d-a82a60b9f60c,d49f2be0-5d26-32a9-a7bd-aa4f5642829c,245314,albuterol 5 MG/ML Inhalation Solution,39.07,39.07,1,39.07,87433001,Pulmonary emphysema (disorder)
1995-10-25T16:40:18Z,1995-11-22T16:40:18Z,347ceebf-0248-5a56-14f3-e1e8e8ffb73c,a735bf55-83e9-331a-899d-a82a60b9f60c,d49f2be0-5d26-32a9-a7bd-aa4f5642829c,860975,24 HR Metformin hydrochloride 500 MG Extended Release Oral Tablet,1.04,1.04,1,1.04,44054006,Diabetes mellitus type 2 (disorder)
1995-10-25T16:40:18Z,1995-11-22T16:40:18Z,347ceebf-0248-5a56-14f3-e1e8e8ffb73c,a735bf55-83e9-331a-899d-a82a60b9f60c,d49f2be0-5d26-32a9-a7bd-aa4f5642829c,896209,60 ACTUAT Fluticasone propionate 0.25 MG/ACTUAT / salmeterol 0.05 MG/ACTUAT Dry Powder Inhaler,754.79,754.79,1,754.79,87433001,Pulmonary emphysema (disorder)
1995-11-22T16:40:18Z,1995-12-20T16:40:18Z,347ceebf-0248-5a56-14f3-e1e8e8ffb73c,a735bf55-83e9-331a-899d-a82a60b9f60c,29c8c874-df17-eb87-4e35-bbcc5894f9ca,245314,albuterol 5 MG/ML Inhalation Solution,52.07,52.07,1,52.07,87433001,Pulmonary emphysema (disorder)
1995-11-22T16:40:18Z,1995-12-20T16:40:18Z,347ceebf-0248-5a56-14f3-e1e8e8ffb73c,a735bf55-83e9-331a-899d-a82a60b9f60c,29c8c874-df17-eb87-4e35-bbcc5894f9ca,860975,24 HR Metformin hydrochloride 500 MG Extended Release Oral Tablet,3.22,3.22,1,3.22,44054006,Diabetes mellitus type 2 (disorder)
1995-11-22T16:40:18Z,1995-12-20T16:40:18Z,347ceebf-0248-5a56-14f3-e1e8e8ffb73c,a735bf55-83e9-331a-899d-a82a60b9f60c,29c8c874-df17-eb87-4e35-bbcc5894f9ca,896209,60 ACTUAT Fluticasone propionate 0.25 MG/ACTUAT / salmeterol 0.05 MG/ACTUAT Dry Powder Inhaler,91.72,91.72,1,91.72,87433001,Pulmonary emphysema (disorder)
2024-09-05T14:39:34Z,2025-08-31T14:39:34Z,d78cedc4-323c-f890-fa21-e333d925bd36,e03e23c9-4df1-3eb6-a62d-f70f02301496,b975aa4c-c8b7-cc79-b044-10666d8a94ef,749762,Seasonique 91 Day Pack,229.32,0.00,12,2751.84,,
2024-09-16T15:22:34Z,2024-12-03T15:22:34Z,d78cedc4-323c-f890-fa21-e333d925bd36,e03e23c9-4df1-3eb6-a62d-f70f02301496,1e465574-238d-306b-e1ff-0e049efdf912,849574,Naproxen sodium 220 MG Oral Tablet,168.16,0.00,2,336.32,,
2016-09-24T01:41:53Z,,821038cb-93d8-070c-3e45-ba5c391a2601,d31fccc3-1767-390d-966a-22a5156f4219,60828e3d-4e28-d8fa-e9ce-9f9ea63c04e3,1014676,cetirizine hydrochloride 5 MG Oral Tablet,229.32,0.00,112,25683.84,,
2025-08-31T14:39:34Z,,d78cedc4-323c-f890-fa21-e333d925bd36,e03e23c9-4df1-3eb6-a62d-f70f02301496,1cc108fd-104c-5e34-8358-db317deda19e,978950,Natazia 28 Day Pack,229.32,0.00,4,917.28,,
1995-12-20T16:40:18Z,1996-02-21T16:40:18Z,347ceebf-0248-5a56-14f3-e1e8e8ffb73c,d18ef2e6-ef40-324c-be54-34a5ee865625,897a53ab-6af9-3152-48dd-83eda04991a5,245314,albuterol 5 MG/ML Inhalation Solution,61.43,26.43,1,61.43,87433001,Pulmonary emphysema (disorder)
2024-12-18T01:41:21Z,2025-01-04T01:41:21Z,e2b62842-2715-6c67-0e4f-cc5834c975b7,8fa6c185-e44e-3e34-8bd8-39be8694f4ce,667904a4-88ef-5ef2-ca33-29e152f3a721,313782,Acetaminophen 325 MG Oral Tablet,45.86,0.00,1,45.86,10509002,Acute bronchitis (disorder)
1995-12-20T16:40:18Z,1996-02-21T16:40:18Z,347ceebf-0248-5a56-14f3-e1e8e8ffb73c,d18ef2e6-ef40-324c-be54-34a5ee865625,897a53ab-6af9-3152-48dd-83eda04991a5,860975,24 HR Metformin hydrochloride 500 MG Extended Release Oral Tablet,6.27,0.00,2,12.54,44054006,Diabetes mellitus type 2 (disorder)
2016-09-24T01:41:53Z,,821038cb-93d8-070c-3e45-ba5c391a2601,d31fccc3-1767-390d-966a-22a5156f4219,60828e3d-4e28-d8fa-e9ce-9f9ea63c04e3,1870230,NDA020800 0.3 ML Epinephrine 1 MG/ML Auto-Injector,132.60,0.00,112,14851.20,,
1995-12-20T16:40:18Z,1996-02-21T16:40:18Z,347ceebf-0248-5a56-14f3-e1e8e8ffb73c,d18ef2e6-ef40-324c-be54-34a5ee865625,897a53ab-6af9-3152-48dd-83eda04991a5,896209,60 ACTUAT Fluticasone propionate 0.25 MG/ACTUAT / salmeterol 0.05 MG/ACTUAT Dry Powder Inhaler,91.72,56.72,2,183.44,87433001,Pulmonary emphysema (disorder)
1996-01-03T16:40:18Z,1996-02-07T16:40:18Z,347ceebf-0248-5a56-14f3-e1e8e8ffb73c,d18ef2e6-ef40-324c-be54-34a5ee865625,313c22e9-60be-3fa7-f236-cd01830844b3,1049221,Acetaminophen 325 MG / Oxycodone Hydrochloride 5 MG Oral Tablet,3.97,0.00,1,3.97,,
2022-08-07T10:04:45Z,2023-08-13T10:04:45Z,821038cb-93d8-070c-3e45-ba5c391a2601,a735bf55-83e9-331a-899d-a82a60b9f60c,e4edfed5-6920-5b7c-3538-530e8a7127b0,896001,120 ACTUAT fluticasone propionate 0.11 MG/ACTUAT Metered Dose Inhaler [Flovent],129.94,103.95,1,129.94,233678006,Childhood asthma
2022-08-07T10:04:45Z,2023-08-13T10:04:45Z,821038cb-93d8-070c-3e45-ba5c391a2601,a735bf55-83e9-331a-899d-a82a60b9f60c,e4edfed5-6920-5b7c-3538-530e8a7127b0,630208,albuterol 0.83 MG/ML Inhalation Solution,129.94,103.95,1,129.94,233678006,Childhood asthma
2023-08-13T10:04:45Z,2024-08-18T10:04:45Z,821038cb-93d8-070c-3e45-ba5c391a2601,a735bf55-83e9-331a-899d-a82a60b9f60c,ca0e648d-261b-b219-231c-b66ad696d9a5,896001,120 ACTUAT fluticasone propionate 0.11 MG/ACTUAT Metered Dose Inhaler [Flovent],129.94,0.00,1,129.94,233678006,Childhood asthma
2023-08-13T10:04:45Z,2024-08-18T10:04:45Z,821038cb-93d8-070c-3e45-ba5c391a2601,a735bf55-83e9-331a-899d-a82a60b9f60c,ca0e648d-261b-b219-231c-b66ad696d9a5,630208,albuterol 0.83 MG/ML Inhalation Solution,129.94,21.50,1,129.94,233678006,Childhood asthma
2024-08-18T10:04:45Z,2025-08-24T10:04:45Z,821038cb-93d8-070c-3e45-ba5c391a2601,a735bf55-83e9-331a-899d-a82a60b9f60c,ba9a45b4-52aa-bcfc-37a2-85e09eedd08c,896001,120 ACTUAT fluticasone propionate 0.11 MG/ACTUAT Metered Dose Inhaler [Flovent],129.94,0.00,1,129.94,233678006,Childhood asthma
2024-08-18T10:04:45Z,2025-08-24T10:04:45Z,821038cb-93d8-070c-3e45-ba5c391a2601,a735bf55-83e9-331a-899d-a82a60b9f60c,ba9a45b4-52aa-bcfc-37a2-85e09eedd08c,630208,albuterol 0.83 MG/ML Inhalation Solution,129.94,21.50,1,129.94,233678006,Childhood asthma
1996-02-21T16:40:18Z,1996-03-20T16:40:18Z,347ceebf-0248-5a56-14f3-e1e8e8ffb73c,d18ef2e6-ef40-324c-be54-34a5ee865625,2d75a35c-15fb-5855-ec94-2ab5ce7335e9,245314,albuterol 5 MG/ML Inhalation Solution,20.63,0.00,1,20.63,87433001,Pulmonary emphysema (disorder)
1996-02-21T16:40:18Z,1996-03-20T16:40:18Z,347ceebf-0248-5a56-14f3-e1e8e8ffb73c,d18ef2e6-ef40-324c-be54-34a5ee865625,2d75a35c-15fb-5855-ec94-2ab5ce7335e9,860975,24 HR Metformin hydrochloride 500 MG Extended Release Oral Tablet,8.74,0.00,1,8.74,44054006,Diabetes mellitus type 2 (disorder)
1996-02-21T16:40:18Z,1996-03-20T16:40:18Z,347ceebf-0248-5a56-14f3-e1e8e8ffb73c,d18ef2e6-ef40-324c-be54-34a5ee865625,2d75a35c-15fb-5855-ec94-2ab5ce7335e9,896209,60 ACTUAT Fluticasone propionate 0.25 MG/ACTUAT / salmeterol 0.05 MG/ACTUAT Dry Powder Inhaler,91.72,56.72,1,91.72,87433001,Pulmonary emphysema (disorder)
2025-08-24T10:04:45Z,,821038cb-93d8-070c-3e45-ba5c391a2601,a735bf55-83e9-331a-899d-a82a60b9f60c,9b2d72a1-18c3-0c03-a698-393012be00d9,896001,120 ACTUAT fluticasone propionate 0.11 MG/ACTUAT Metered Dose Inhaler [Flovent],129.94,0.00,1,129.94,233678006,Childhood asthma
2025-08-24T10:04:45Z,,821038cb-93d8-070c-3e45-ba5c391a2601,a735bf55-83e9-331a-899d-a82a60b9f60c,9b2d72a1-18c3-0c03-a698-393012be00d9,630208,albuterol 0.83 MG/ML Inhalation Solution,129.94,21.50,1,129.94,233678006,Childhood asthma
1996-03-20T16:40:18Z,1996-04-10T16:40:18Z,347ceebf-0248-5a56-14f3-e1e8e8ffb73c,d18ef2e6-ef40-324c-be54-34a5ee865625,45e21583-f24e-abdd-11a5-6ddeb3dca3e1,245314,albuterol 5 MG/ML Inhalation Solution,20.63,0.00,1,20.63,87433001,Pulmonary emphysema (disorder)
1996-03-20T16:40:18Z,1996-04-10T16:40:18Z,347ceebf-0248-5a56-14f3-e1e8e8ffb73c,d18ef2e6-ef40-324c-be54-34a5ee865625,45e21583-f24e-abdd-11a5-6ddeb3dca3e1,860975,24 HR Metformin hydrochloride 500 MG Extended Release Oral Tablet,0.37,0.00,1,0.37,44054006,Diabetes mellitus type 2 (disorder)
1996-03-20T16:40:18Z,1996-04-10T16:40:18Z,347ceebf-0248-5a56-14f3-e1e8e8ffb73c,d18ef2e6-ef40-324c-be54-34a5ee865625,45e21583-f24e-abdd-11a5-6ddeb3dca3e1,896209,60 ACTUAT Fluticasone propionate 0.25 MG/ACTUAT / salmeterol 0.05 MG/ACTUAT Dry Powder Inhaler,91.72,56.72,1,91.72,87433001,Pulmonary emphysema (disorder)
1996-04-10T16:40:18Z,1996-04-17T16:40:18Z,347ceebf-0248-5a56-14f3-e1e8e8ffb73c,d18ef2e6-ef40-324c-be54-34a5ee865625,d88132ff-a52c-ba56-c301-de614611e37a,245314,albuterol 5 MG/ML Inhalation Solution,20.63,0.00,1,20.63,87433001,Pulmonary emphysema (disorder)
1996-04-10T16:40:18Z,1996-04-17T16:40:18Z,347ceebf-0248-5a56-14f3-e1e8e8ffb73c,d18ef2e6-ef40-324c-be54-34a5ee865625,d88132ff-a52c-ba56-c301-de614611e37a,860975,24 HR Metformin hydrochloride 500 MG Extended Release Oral Tablet,3.81,0.00,1,3.81,44054006,Diabetes mellitus type 2 (disorder)
1996-04-10T16:40:18Z,1996-04-17T16:40:18Z,347ceebf-0248-5a56-14f3-e1e8e8ffb73c,d18ef2e6-ef40-324c-be54-34a5ee865625,d88132ff-a52c-ba56-c301-de614611e37a,896209,60 ACTUAT Fluticasone propionate 0.25 MG/ACTUAT / salmeterol 0.05 MG/ACTUAT Dry Powder Inhaler,193.70,158.70,1,193.70,87433001,Pulmonary emphysema (disorder)
1996-04-17T16:40:18Z,1996-04-24T16:40:18Z,347ceebf-0248-5a56-14f3-e1e8e8ffb73c,d18ef2e6-ef40-324c-be54-34a5ee865625,eae86aae-5fcc-85ae-6400-73036c96299a,245314,albuterol 5 MG/ML Inhalation Solution,57.72,22.72,1,57.72,87433001,Pulmonary emphysema (disorder)
1996-04-17T16:40:18Z,1996-04-24T16:40:18Z,347ceebf-0248-5a56-14f3-e1e8e8ffb73c,d18ef2e6-ef40-324c-be54-34a5ee865625,eae86aae-5fcc-85ae-6400-73036c96299a,860975,24 HR Metformin hydrochloride 500 MG Extended Release Oral Tablet,0.23,0.00,1,0.23,44054006,Diabetes mellitus type 2 (disorder)
1996-04-17T16:40:18Z,1996-04-24T16:40:18Z,347ceebf-0248-5a56-14f3-e1e8e8ffb73c,d18ef2e6-ef40-324c-be54-34a5ee865625,eae86aae-5fcc-85ae-6400-73036c96299a,896209,60 ACTUAT Fluticasone propionate 0.25 MG/ACTUAT / salmeterol 0.05 MG/ACTUAT Dry Powder Inhaler,342.69,307.69,1,342.69,87433001,Pulmonary emphysema (disorder)
1996-04-24T16:40:18Z,1996-05-15T16:40:18Z,347ceebf-0248-5a56-14f3-e1e8e8ffb73c,d18ef2e6-ef40-324c-be54-34a5ee865625,0f85beb3-72f8-01f4-a32f-c03fc48e3a95,245314,albuterol 5 MG/ML Inhalation Solution,24.65,0.00,1,24.65,87433001,Pulmonary emphysema (disorder)
1996-04-24T16:40:18Z,1996-05-15T16:40:18Z,347ceebf-0248-5a56-14f3-e1e8e8ffb73c,d18ef2e6-ef40-324c-be54-34a5ee865625,0f85beb3-72f8-01f4-a32f-c03fc48e3a95,860975,24 HR Metformin hydrochloride 500 MG Extended Release Oral Tablet,0.15,0.00,1,0.15,44054006,Diabetes mellitus type 2 (disorder)
1996-04-24T16:40:18Z,1996-05-15T16:40:18Z,347ceebf-0248-5a56-14f3-e1e8e8ffb73c,d18ef2e6-ef40-324c-be54-34a5ee865625,0f85beb3-72f8-01f4-a32f-c03fc48e3a95,896209,60 ACTUAT Fluticasone propionate 0.25 MG/ACTUAT / salmeterol 0.05 MG/ACTUAT Dry Powder Inhaler,91.72,56.72,1,91.72,87433001,Pulmonary emphysema (disorder)
1996-05-08T16:40:18Z,1996-07-24T16:40:18Z,347ceebf-0248-5a56-14f3-e1e8e8ffb73c,d18ef2e6-ef40-324c-be54-34a5ee865625,5e219d3e-5635-e678-97a9-d8b8bb1f6d79,856987,Acetaminophen 300 MG / HYDROcodone Bitartrate 5 MG Oral Tablet,4.36,0.00,2,8.72,,
1996-05-15T16:40:18Z,1996-06-05T16:40:18Z,347ceebf-0248-5a56-14f3-e1e8e8ffb73c,d18ef2e6-ef40-324c-be54-34a5ee865625,0f208a4f-c6d2-5ab7-1f36-59de4ea1844e,245314,albuterol 5 MG/ML Inhalation Solution,42.50,7.50,1,42.50,87433001,Pulmonary emphysema (disorder)
1996-05-15T16:40:18Z,1996-06-05T16:40:18Z,347ceebf-0248-5a56-14f3-e1e8e8ffb73c,d18ef2e6-ef40-324c-be54-34a5ee865625,0f208a4f-c6d2-5ab7-1f36-59de4ea1844e,860975,24 HR Metformin hydrochloride 500 MG Extended Release Oral Tablet,0.46,0.00,1,0.46,44054006,Diabetes mellitus type 2 (disorder)
1996-05-15T16:40:18Z,1996-06-05T16:40:18Z,347ceebf-0248-5a56-14f3-e1e8e8ffb73c,d18ef2e6-ef40-324c-be54-34a5ee865625,0f208a4f-c6d2-5ab7-1f36-59de4ea1844e,896209,60 ACTUAT Fluticasone propionate 0.25 MG/ACTUAT / salmeterol 0.05 MG/ACTUAT Dry Powder Inhaler,91.72,56.72,1,91.72,87433001,Pulmonary emphysema (disorder)
1996-06-05T16:40:18Z,1996-06-12T16:40:18Z,347ceebf-0248-5a56-14f3-e1e8e8ffb73c,d18ef2e6-ef40-324c-be54-34a5ee865625,bde0e622-8e6d-ce60-a140-fd8741d03712,245314,albuterol 5 MG/ML Inhalation Solution,49.36,14.36,1,49.36,87433001,Pulmonary emphysema (disorder)
1996-06-05T16:40:18Z,1996-06-12T16:40:18Z,347ceebf-0248-5a56-14f3-e1e8e8ffb73c,d18ef2e6-ef40-324c-be54-34a5ee865625,bde0e622-8e6d-ce60-a140-fd8741d03712,860975,24 HR Metformin hydrochloride 500 MG Extended Release Oral Tablet,1.17,0.00,1,1.17,44054006,Diabetes mellitus type 2 (disorder)
1996-06-05T16:40:18Z,1996-06-12T16:40:18Z,347ceebf-0248-5a56-14f3-e1e8e8ffb73c,d18ef2e6-ef40-324c-be54-34a5ee865625,bde0e622-8e6d-ce60-a140-fd8741d03712,896209,60 ACTUAT Fluticasone propionate 0.25 MG/ACTUAT / salmeterol 0.05 MG/ACTUAT Dry Powder Inhaler,91.72,56.72,1,91.72,87433001,Pulmonary emphysema (disorder)
1996-06-12T16:40:18Z,1996-07-17T16:40:18Z,347ceebf-0248-5a56-14f3-e1e8e8ffb73c,d18ef2e6-ef40-324c-be54-34a5ee865625,acf95b98-e9ed-26d8-13dd-74a719876f28,245314,albuterol 5 MG/ML Inhalation Solution,20.63,0.00,1,20.63,87433001,Pulmonary emphysema (disorder)
1996-06-12T16:40:18Z,1996-07-17T16:40:18Z,347ceebf-0248-5a56-14f3-e1e8e8ffb73c,d18ef2e6-ef40-324c-be54-34a5ee865625,acf95b98-e9ed-26d8-13dd-74a719876f28,860975,24 HR Metformin hydrochloride 500 MG Extended Release Oral Tablet,17.68,0.00,1,17.68,44054006,Diabetes mellitus type 2 (disorder)
1996-06-12T16:40:18Z,1996-07-17T16:40:18Z,347ceebf-0248-5a56-14f3-e1e8e8ffb73c,d18ef2e6-ef40-324c-be54-34a5ee865625,acf95b98-e9ed-26d8-13dd-74a719876f28,896209,60 ACTUAT Fluticasone propionate 0.25 MG/ACTUAT / salmeterol 0.05 MG/ACTUAT Dry Powder Inhaler,287.59,252.59,1,287.59,87433001,Pulmonary emphysema (disorder)
1996-07-03T16:40:18Z,1996-07-03T16:40:18Z,347ceebf-0248-5a56-14f3-e1e8e8ffb73c,d18ef2e6-ef40-324c-be54-34a5ee865625,a7fbeee3-3433-a256-4b5d-0554d5c7d230,1803932,Leucovorin 100 MG Injection,3.73,0.00,1,3.73,363406005,Malignant tumor of colon
1996-07-03T16:40:18Z,1996-07-03T16:40:18Z,347ceebf-0248-5a56-14f3-e1e8e8ffb73c,d18ef2e6-ef40-324c-be54-34a5ee865625,a7fbeee3-3433-a256-4b5d-0554d5c7d230,1736776,10 ML oxaliplatin 5 MG/ML Injection,1783.60,1748.60,1,1783.60,363406005,Malignant tumor of colon
1996-07-17T16:40:18Z,1996-08-21T16:40:18Z,347ceebf-0248-5a56-14f3-e1e8e8ffb73c,d18ef2e6-ef40-324c-be54-34a5ee865625,b3ffc03b-630f-2563-6fe8-de0def3f0bf2,245314,albuterol 5 MG/ML Inhalation Solution,75.44,40.44,1,75.44,87433001,Pulmonary emphysema (disorder)
1996-07-17T16:40:18Z,1996-08-21T16:40:18Z,347ceebf-0248-5a56-14f3-e1e8e8ffb73c,d18ef2e6-ef40-324c-be54-34a5ee865625,b3ffc03b-630f-2563-6fe8-de0def3f0bf2,860975,24 HR Metformin hydrochloride 500 MG Extended Release Oral Tablet,1.19,0.00,1,1.19,44054006,Diabetes mellitus type 2 (disorder)
1996-07-17T16:40:18Z,1996-08-21T16:40:18Z,347ceebf-0248-5a56-14f3-e1e8e8ffb73c,d18ef2e6-ef40-324c-be54-34a5ee865625,b3ffc03b-630f-2563-6fe8-de0def3f0bf2,896209,60 ACTUAT Fluticasone propionate 0.25 MG/ACTUAT / salmeterol 0.05 MG/ACTUAT Dry Powder Inhaler,103.13,68.13,1,103.13,87433001,Pulmonary emphysema (disorder)
1996-08-03T17:40:18Z,1996-08-03T17:40:18Z,347ceebf-0248-5a56-14f3-e1e8e8ffb73c,d18ef2e6-ef40-324c-be54-34a5ee865625,a005b169-7503-d110-c98b-2bae53e97290,1803932,Leucovorin 100 MG Injection,17.98,0.00,1,17.98,363406005,Malignant tumor of colon
1996-08-03T17:40:18Z,1996-08-03T17:40:18Z,347ceebf-0248-5a56-14f3-e1e8e8ffb73c,d18ef2e6-ef40-324c-be54-34a5ee865625,a005b169-7503-d110-c98b-2bae53e97290,1736776,10 ML oxaliplatin 5 MG/ML Injection,1019.20,984.20,1,1019.20,363406005,Malignant tumor of colon
1996-08-21T16:40:18Z,1996-08-28T16:40:18Z,347ceebf-0248-5a56-14f3-e1e8e8ffb73c,d18ef2e6-ef40-324c-be54-34a5ee865625,0375db5d-7dd6-8fac-df02-c032f0f83df2,245314,albuterol 5 MG/ML Inhalation Solution,96.31,61.31,1,96.31,87433001,Pulmonary emphysema (disorder)
1996-08-21T16:40:18Z,1996-08-28T16:40:18Z,347ceebf-0248-5a56-14f3-e1e8e8ffb73c,d18ef2e6-ef40-324c-be54-34a5ee865625,0375db5d-7dd6-8fac-df02-c032f0f83df2,860975,24 HR Metformin hydrochloride 500 MG Extended Release Oral Tablet,0.44,0.00,1,0.44,44054006,Diabetes mellitus type 2 (disorder)
1996-08-21T16:40:18Z,1996-08-28T16:40:18Z,347ceebf-0248-5a56-14f3-e1e8e8ffb73c,d18ef2e6-ef40-324c-be54-34a5ee865625,0375db5d-7dd6-8fac-df02-c032f0f83df2,896209,60 ACTUAT Fluticasone propionate 0.25 MG/ACTUAT / salmeterol 0.05 MG/ACTUAT Dry Powder Inhaler,91.72,56.72,1,91.72,87433001,Pulmonary emphysema (disorder)
1996-08-28T16:40:18Z,1996-09-11T16:40:18Z,347ceebf-0248-5a56-14f3-e1e8e8ffb73c,d18ef2e6-ef40-324c-be54-34a5ee865625,a558a8aa-9e27-3089-a3d5-8fb8be9b2407,245314,albuterol 5 MG/ML Inhalation Solution,20.63,0.00,1,20.63,87433001,Pulmonary emphysema (disorder)
1996-08-28T16:40:18Z,1996-09-11T16:40:18Z,347ceebf-0248-5a56-14f3-e1e8e8ffb73c,d18ef2e6-ef40-324c-be54-34a5ee865625,a558a8aa-9e27-3089-a3d5-8fb8be9b2407,860975,24 HR Metformin hydrochloride 500 MG Extended Release Oral Tablet,2.99,0.00,1,2.99,44054006,Diabetes mellitus type 2 (disorder)
1996-08-28T16:40:18Z,1996-09-11T16:40:18Z,347ceebf-0248-5a56-14f3-e1e8e8ffb73c,d18ef2e6-ef40-324c-be54-34a5ee865625,a558a8aa-9e27-3089-a3d5-8fb8be9b2407,896209,60 ACTUAT Fluticasone propionate 0.25 MG/ACTUAT / salmeterol 0.05 MG/ACTUAT Dry Powder Inhaler,91.72,56.72,1,91.72,87433001,Pulmonary emphysema (disorder)
1996-09-11T16:40:18Z,1996-09-18T16:40:18Z,347ceebf-0248-5a56-14f3-e1e8e8ffb73c,d18ef2e6-ef40-324c-be54-34a5ee865625,355dd865-ec4b-73e0-4d74-ae93dcf452d2,245314,albuterol 5 MG/ML Inhalation Solution,20.63,0.00,1,20.63,87433001,Pulmonary emphysema (disorder)
1996-09-11T16:40:18Z,1996-09-18T16:40:18Z,347ceebf-0248-5a56-14f3-e1e8e8ffb73c,d18ef2e6-ef40-324c-be54-34a5ee865625,355dd865-ec4b-73e0-4d74-ae93dcf452d2,860975,24 HR Metformin hydrochloride 500 MG Extended Release Oral Tablet,1.17,0.00,1,1.17,44054006,Diabetes mellitus type 2 (disorder)
1996-09-11T16:40:18Z,1996-09-18T16:40:18Z,347ceebf-0248-5a56-14f3-e1e8e8ffb73c,d18ef2e6-ef40-324c-be54-34a5ee865625,355dd865-ec4b-73e0-4d74-ae93dcf452d2,896209,60 ACTUAT Fluticasone propionate 0.25 MG/ACTUAT / salmeterol 0.05 MG/ACTUAT Dry Powder Inhaler,104.30,69.30,1,104.30,87433001,Pulmonary emphysema (disorder)
1996-09-18T16:40:18Z,1996-10-16T16:40:18Z,347ceebf-0248-5a56-14f3-e1e8e8ffb73c,d18ef2e6-ef40-324c-be54-34a5ee865625,307dd5e2-f5ab-0f15-0655-33bbabe7d485,245314,albuterol 5 MG/ML Inhalation Solution,20.63,0.00,1,20.63,87433001,Pulmonary emphysema (disorder)
1996-09-18T16:40:18Z,1996-10-16T16:40:18Z,347ceebf-0248-5a56-14f3-e1e8e8ffb73c,d18ef2e6-ef40-324c-be54-34a5ee865625,307dd5e2-f5ab-0f15-0655-33bbabe7d485,860975,24 HR Metformin hydrochloride 500 MG Extended Release Oral Tablet,14.51,0.00,1,14.51,44054006,Diabetes mellitus type 2 (disorder)
1996-09-18T16:40:18Z,1996-10-16T16:40:18Z,347ceebf-0248-5a56-14f3-e1e8e8ffb73c,d18ef2e6-ef40-324c-be54-34a5ee865625,307dd5e2-f5ab-0f15-0655-33bbabe7d485,896209,60 ACTUAT Fluticasone propionate 0.25 MG/ACTUAT / salmeterol 0.05 MG/ACTUAT Dry Powder Inhaler,917.28,882.28,1,917.28,87433001,Pulmonary emphysema (disorder)
1996-09-25T16:40:18Z,1996-09-25T16:40:18Z,347ceebf-0248-5a56-14f3-e1e8e8ffb73c,d18ef2e6-ef40-324c-be54-34a5ee865625,663bc72c-e6fd-f32b-fe20-cbd4e95ccab9,1803932,Leucovorin 100 MG Injection,2.80,0.00,1,2.80,363406005,Malignant tumor of colon
1996-09-25T16:40:18Z,1996-09-25T16:40:18Z,347ceebf-0248-5a56-14f3-e1e8e8ffb73c,d18ef2e6-ef40-324c-be54-34a5ee865625,663bc72c-e6fd-f32b-fe20-cbd4e95ccab9,1736776,10 ML oxaliplatin 5 MG/ML Injection,1019.20,984.20,1,1019.20,363406005,Malignant tumor of colon
1996-09-22T16:40:18Z,1996-12-22T16:40:18Z,347ceebf-0248-5a56-14f3-e1e8e8ffb73c,d18ef2e6-ef40-324c-be54-34a5ee865625,ed6c6a47-2f39-a294-9f6d-04945da2a42a,1049221,Acetaminophen 325 MG / Oxycodone Hydrochloride 5 MG Oral Tablet,3.97,0.00,3,11.91,,
1996-10-16T16:40:18Z,1996-10-23T16:40:18Z,347ceebf-0248-5a56-14f3-e1e8e8ffb73c,d18ef2e6-ef40-324c-be54-34a5ee865625,1942045a-621e-efd9-ee2e-a289f908540d,245314,albuterol 5 MG/ML Inhalation Solution,20.63,0.00,1,20.63,87433001,Pulmonary emphysema (disorder)
1996-10-16T16:40:18Z,1996-10-23T16:40:18Z,347ceebf-0248-5a56-14f3-e1e8e8ffb73c,d18ef2e6-ef40-324c-be54-34a5ee865625,1942045a-621e-efd9-ee2e-a289f908540d,860975,24 HR Metformin hydrochloride 500 MG Extended Release Oral Tablet,6.99,0.00,1,6.99,44054006,Diabetes mellitus type 2 (disorder)
1996-10-16T16:40:18Z,1996-10-23T16:40:18Z,347ceebf-0248-5a56-14f3-e1e8e8ffb73c,d18ef2e6-ef40-324c-be54-34a5ee865625,1942045a-621e-efd9-ee2e-a289f908540d,896209,60 ACTUAT Fluticasone propionate 0.25 MG/ACTUAT / salmeterol 0.05 MG/ACTUAT Dry Powder Inhaler,322.15,287.15,1,322.15,87433001,Pulmonary emphysema (disorder)
1996-10-23T16:40:18Z,1996-11-06T16:40:18Z,347ceebf-0248-5a56-14f3-e1e8e8ffb73c,d18ef2e6-ef40-324c-be54-34a5ee865625,a5419d3f-2b23-3dc2-c2a0-724cadc91d25,245314,albuterol 5 MG/ML Inhalation Solution,20.63,0.00,1,20.63,87433001,Pulmonary emphysema (disorder)
1996-10-23T16:40:18Z,1996-11-06T16:40:18Z,347ceebf-0248-5a56-14f3-e1e8e8ffb73c,d18ef2e6-ef40-324c-be54-34a5ee865625,a5419d3f-2b23-3dc2-c2a0-724cadc91d25,860975,24 HR Metformin hydrochloride 500 MG Extended Release Oral Tablet,1.65,0.00,1,1.65,44054006,Diabetes mellitus type 2 (disorder)
1996-10-23T16:40:18Z,1996-11-06T16:40:18Z,347ceebf-0248-5a56-14f3-e1e8e8ffb73c,d18ef2e6-ef40-324c-be54-34a5ee865625,a5419d3f-2b23-3dc2-c2a0-724cadc91d25,896209,60 ACTUAT Fluticasone propionate 0.25 MG/ACTUAT / salmeterol 0.05 MG/ACTUAT Dry Powder Inhaler,587.75,552.75,1,587.75,87433001,Pulmonary emphysema (disorder)
1979-09-03T16:01:25Z,,142c3868-45fa-e837-0a35-9aaa250b99b1,df166300-5a78-3502-a46a-832842197811,364b7ded-2c52-0a34-c963-5e214410b243,197378,Astemizole 10 MG Oral Tablet,183.45,33.45,564,103465.80,,
1996-10-28T03:40:18Z,1996-10-28T03:40:18Z,347ceebf-0248-5a56-14f3-e1e8e8ffb73c,d18ef2e6-ef40-324c-be54-34a5ee865625,9fee2fb3-a006-305f-1564-587f933e4aa0,1803932,Leucovorin 100 MG Injection,2.80,0.00,1,2.80,363406005,Malignant tumor of colon
2021-06-06T16:01:25Z,,142c3868-45fa-e837-0a35-9aaa250b99b1,df166300-5a78-3502-a46a-832842197811,53bd8134-6093-85dc-da3f-e04422d855d9,309362,Clopidogrel 75 MG Oral Tablet,445.10,395.10,55,24480.50,,
2021-06-06T16:01:25Z,,142c3868-45fa-e837-0a35-9aaa250b99b1,df166300-5a78-3502-a46a-832842197811,53bd8134-6093-85dc-da3f-e04422d855d9,312961,Simvastatin 20 MG Oral Tablet,44.70,0.00,55,2458.50,,
2021-06-06T16:01:25Z,,142c3868-45fa-e837-0a35-9aaa250b99b1,df166300-5a78-3502-a46a-832842197811,53bd8134-6093-85dc-da3f-e04422d855d9,866412,24 HR metoprolol succinate 100 MG Extended Release Oral Tablet,129.94,79.94,55,7146.70,,
1996-10-28T03:40:18Z,1996-10-28T03:40:18Z,347ceebf-0248-5a56-14f3-e1e8e8ffb73c,d18ef2e6-ef40-324c-be54-34a5ee865625,9fee2fb3-a006-305f-1564-587f933e4aa0,1736776,10 ML oxaliplatin 5 MG/ML Injection,1019.20,984.20,1,1019.20,363406005,Malignant tumor of colon
2021-06-06T16:01:25Z,,142c3868-45fa-e837-0a35-9aaa250b99b1,df166300-5a78-3502-a46a-832842197811,53bd8134-6093-85dc-da3f-e04422d855d9,705129,Nitroglycerin 0.4 MG/ACTUAT Mucosal Spray,99.99,49.99,55,5499.45,,
2021-12-31T16:01:25Z,,142c3868-45fa-e837-0a35-9aaa250b99b1,df166300-5a78-3502-a46a-832842197811,eb0a37c7-e0f9-64ba-87f6-a9215adc2151,849574,Naproxen sodium 220 MG Oral Tablet,91.72,41.72,48,4402.56,239873007,Osteoarthritis of knee
1996-11-06T16:40:18Z,1996-12-18T16:40:18Z,347ceebf-0248-5a56-14f3-e1e8e8ffb73c,d18ef2e6-ef40-324c-be54-34a5ee865625,f52f0f89-a407-05d0-af99-d58a91ea268a,245314,albuterol 5 MG/ML Inhalation Solution,20.63,0.00,1,20.63,87433001,Pulmonary emphysema (disorder)
1996-11-06T16:40:18Z,1996-12-18T16:40:18Z,347ceebf-0248-5a56-14f3-e1e8e8ffb73c,d18ef2e6-ef40-324c-be54-34a5ee865625,f52f0f89-a407-05d0-af99-d58a91ea268a,860975,24 HR Metformin hydrochloride 500 MG Extended Release Oral Tablet,8.50,0.00,1,8.50,44054006,Diabetes mellitus type 2 (disorder)
1996-11-06T16:40:18Z,1996-12-18T16:40:18Z,347ceebf-0248-5a56-14f3-e1e8e8ffb73c,d18ef2e6-ef40-324c-be54-34a5ee865625,f52f0f89-a407-05d0-af99-d58a91ea268a,896209,60 ACTUAT Fluticasone propionate 0.25 MG/ACTUAT / salmeterol 0.05 MG/ACTUAT Dry Powder Inhaler,151.02,116.02,1,151.02,87433001,Pulmonary emphysema (disorder)
1996-11-29T13:40:18Z,1996-11-29T13:40:18Z,347ceebf-0248-5a56-14f3-e1e8e8ffb73c,d18ef2e6-ef40-324c-be54-34a5ee865625,01870962-42b8-f05a-3be6-347a5776ed6d,1803932,Leucovorin 100 MG Injection,5.18,0.00,1,5.18,363406005,Malignant tumor of colon
1996-11-29T13:40:18Z,1996-11-29T13:40:18Z,347ceebf-0248-5a56-14f3-e1e8e8ffb73c,d18ef2e6-ef40-324c-be54-34a5ee865625,01870962-42b8-f05a-3be6-347a5776ed6d,1736776,10 ML oxaliplatin 5 MG/ML Injection,1753.31,1718.31,1,1753.31,363406005,Malignant tumor of colon
1996-12-18T16:40:18Z,1996-12-25T16:40:18Z,347ceebf-0248-5a56-14f3-e1e8e8ffb73c,d18ef2e6-ef40-324c-be54-34a5ee865625,76e28945-cb9b-80f4-f58e-827495270865,245314,albuterol 5 MG/ML Inhalation Solution,37.59,2.59,1,37.59,87433001,Pulmonary emphysema (disorder)
1996-12-18T16:40:18Z,1996-12-25T16:40:18Z,347ceebf-0248-5a56-14f3-e1e8e8ffb73c,d18ef2e6-ef40-324c-be54-34a5ee865625,76e28945-cb9b-80f4-f58e-827495270865,860975,24 HR Metformin hydrochloride 500 MG Extended Release Oral Tablet,2.06,0.00,1,2.06,44054006,Diabetes mellitus type 2 (disorder)
1996-12-18T16:40:18Z,1996-12-25T16:40:18Z,347ceebf-0248-5a56-14f3-e1e8e8ffb73c,d18ef2e6-ef40-324c-be54-34a5ee865625,76e28945-cb9b-80f4-f58e-827495270865,896209,60 ACTUAT Fluticasone propionate 0.25 MG/ACTUAT / salmeterol 0.05 MG/ACTUAT Dry Powder Inhaler,917.28,882.28,1,917.28,87433001,Pulmonary emphysema (disorder)
1996-12-25T16:40:18Z,1997-01-15T16:40:18Z,347ceebf-0248-5a56-14f3-e1e8e8ffb73c,d18ef2e6-ef40-324c-be54-34a5ee865625,f247dbe5-1858-a491-9d94-47225465c8c6,245314,albuterol 5 MG/ML Inhalation Solution,49.51,14.51,1,49.51,87433001,Pulmonary emphysema (disorder)
1996-12-25T16:40:18Z,1997-01-15T16:40:18Z,347ceebf-0248-5a56-14f3-e1e8e8ffb73c,d18ef2e6-ef40-324c-be54-34a5ee865625,f247dbe5-1858-a491-9d94-47225465c8c6,860975,24 HR Metformin hydrochloride 500 MG Extended Release Oral Tablet,1.32,0.00,1,1.32,44054006,Diabetes mellitus type 2 (disorder)
1996-12-25T16:40:18Z,1997-01-15T16:40:18Z,347ceebf-0248-5a56-14f3-e1e8e8ffb73c,d18ef2e6-ef40-324c-be54-34a5ee865625,f247dbe5-1858-a491-9d94-47225465c8c6,896209,60 ACTUAT Fluticasone propionate 0.25 MG/ACTUAT / salmeterol 0.05 MG/ACTUAT Dry Powder Inhaler,395.67,360.67,1,395.67,87433001,Pulmonary emphysema (disorder)
1996-12-29T17:40:18Z,1996-12-29T17:40:18Z,347ceebf-0248-5a56-14f3-e1e8e8ffb73c,d18ef2e6-ef40-324c-be54-34a5ee865625,ad2897a0-418a-c02f-fcd7-25fd96ce3f07,1803932,Leucovorin 100 MG Injection,5.11,0.00,1,5.11,363406005,Malignant tumor of colon
1996-12-29T17:40:18Z,1996-12-29T17:40:18Z,347ceebf-0248-5a56-14f3-e1e8e8ffb73c,d18ef2e6-ef40-324c-be54-34a5ee865625,ad2897a0-418a-c02f-fcd7-25fd96ce3f07,1736776,10 ML oxaliplatin 5 MG/ML Injection,1783.60,1748.60,1,1783.60,363406005,Malignant tumor of colon
1997-01-15T16:40:18Z,1997-02-05T16:40:18Z,347ceebf-0248-5a56-14f3-e1e8e8ffb73c,d18ef2e6-ef40-324c-be54-34a5ee865625,374e62ca-0bae-22e7-d25d-821e38007066,245314,albuterol 5 MG/ML Inhalation Solution,20.63,0.00,1,20.63,87433001,Pulmonary emphysema (disorder)
1997-01-15T16:40:18Z,1997-02-05T16:40:18Z,347ceebf-0248-5a56-14f3-e1e8e8ffb73c,d18ef2e6-ef40-324c-be54-34a5ee865625,374e62ca-0bae-22e7-d25d-821e38007066,860975,24 HR Metformin hydrochloride 500 MG Extended Release Oral Tablet,5.95,0.00,1,5.95,44054006,Diabetes mellitus type 2 (disorder)
1997-01-15T16:40:18Z,1997-02-05T16:40:18Z,347ceebf-0248-5a56-14f3-e1e8e8ffb73c,d18ef2e6-ef40-324c-be54-34a5ee865625,374e62ca-0bae-22e7-d25d-821e38007066,896209,60 ACTUAT Fluticasone propionate 0.25 MG/ACTUAT / salmeterol 0.05 MG/ACTUAT Dry Powder Inhaler,158.68,123.68,1,158.68,87433001,Pulmonary emphysema (disorder)
1997-02-05T16:40:18Z,1997-02-12T16:40:18Z,347ceebf-0248-5a56-14f3-e1e8e8ffb73c,d18ef2e6-ef40-324c-be54-34a5ee865625,1bd9f0a2-33e1-b369-0720-2774a04e4e41,245314,albuterol 5 MG/ML Inhalation Solution,41.33,6.33,1,41.33,87433001,Pulmonary emphysema (disorder)
1997-02-05T16:40:18Z,1997-02-12T16:40:18Z,347ceebf-0248-5a56-14f3-e1e8e8ffb73c,d18ef2e6-ef40-324c-be54-34a5ee865625,1bd9f0a2-33e1-b369-0720-2774a04e4e41,860975,24 HR Metformin hydrochloride 500 MG Extended Release Oral Tablet,7.07,0.00,1,7.07,44054006,Diabetes mellitus type 2 (disorder)
1997-02-05T16:40:18Z,1997-02-12T16:40:18Z,347ceebf-0248-5a56-14f3-e1e8e8ffb73c,d18ef2e6-ef40-324c-be54-34a5ee865625,1bd9f0a2-33e1-b369-0720-2774a04e4e41,896209,60 ACTUAT Fluticasone propionate 0.25 MG/ACTUAT / salmeterol 0.05 MG/ACTUAT Dry Powder Inhaler,193.64,158.64,1,193.64,87433001,Pulmonary emphysema (disorder)
1997-02-12T16:40:18Z,1997-03-12T16:40:18Z,347ceebf-0248-5a56-14f3-e1e8e8ffb73c,d18ef2e6-ef40-324c-be54-34a5ee865625,303500fd-bc30-7bee-05d4-d7152577cfb4,245314,albuterol 5 MG/ML Inhalation Solution,58.69,23.69,1,58.69,87433001,Pulmonary emphysema (disorder)
1997-02-12T16:40:18Z,1997-03-12T16:40:18Z,347ceebf-0248-5a56-14f3-e1e8e8ffb73c,d18ef2e6-ef40-324c-be54-34a5ee865625,303500fd-bc30-7bee-05d4-d7152577cfb4,860975,24 HR Metformin hydrochloride 500 MG Extended Release Oral Tablet,5.10,0.00,1,5.10,44054006,Diabetes mellitus type 2 (disorder)
1997-02-12T16:40:18Z,1997-03-12T16:40:18Z,347ceebf-0248-5a56-14f3-e1e8e8ffb73c,d18ef2e6-ef40-324c-be54-34a5ee865625,303500fd-bc30-7bee-05d4-d7152577cfb4,896209,60 ACTUAT Fluticasone propionate 0.25 MG/ACTUAT / salmeterol 0.05 MG/ACTUAT Dry Powder Inhaler,189.44,154.44,1,189.44,87433001,Pulmonary emphysema (disorder)
1997-02-20T16:40:18Z,1997-03-13T16:40:18Z,347ceebf-0248-5a56-14f3-e1e8e8ffb73c,d18ef2e6-ef40-324c-be54-34a5ee865625,ef5a4ad8-3977-b060-89b0-41ecfb0bff2d,856987,Acetaminophen 300 MG / HYDROcodone Bitartrate 5 MG Oral Tablet,16.74,0.00,1,16.74,,
2023-02-21T07:26:14Z,2023-05-20T07:26:14Z,008b89ea-4ed1-fc48-1724-c52cc51e37d5,df166300-5a78-3502-a46a-832842197811,17485cde-aaa4-0eb0-cec9-f6a09a716042,313782,Acetaminophen 325 MG Oral Tablet,45.86,0.00,2,91.72,,
1997-03-12T16:40:18Z,1997-03-19T16:40:18Z,347ceebf-0248-5a56-14f3-e1e8e8ffb73c,d18ef2e6-ef40-324c-be54-34a5ee865625,ceff4bfe-db4f-90a1-4494-f478d41d4b64,245314,albuterol 5 MG/ML Inhalation Solution,36.91,1.91,1,36.91,87433001,Pulmonary emphysema (disorder)
1997-03-12T16:40:18Z,1997-03-19T16:40:18Z,347ceebf-0248-5a56-14f3-e1e8e8ffb73c,d18ef2e6-ef40-324c-be54-34a5ee865625,ceff4bfe-db4f-90a1-4494-f478d41d4b64,860975,24 HR Metformin hydrochloride 500 MG Extended Release Oral Tablet,4.66,0.00,1,4.66,44054006,Diabetes mellitus type 2 (disorder)
1997-03-12T16:40:18Z,1997-03-19T16:40:18Z,347ceebf-0248-5a56-14f3-e1e8e8ffb73c,d18ef2e6-ef40-324c-be54-34a5ee865625,ceff4bfe-db4f-90a1-4494-f478d41d4b64,896209,60 ACTUAT Fluticasone propionate 0.25 MG/ACTUAT / salmeterol 0.05 MG/ACTUAT Dry Powder Inhaler,91.72,56.72,1,91.72,87433001,Pulmonary emphysema (disorder)
1997-03-19T16:40:18Z,1997-04-16T16:40:18Z,347ceebf-0248-5a56-14f3-e1e8e8ffb73c,d18ef2e6-ef40-324c-be54-34a5ee865625,1bde7118-c1a3-c5b4-3943-16a6d773bc75,245314,albuterol 5 MG/ML Inhalation Solution,50.68,15.68,1,50.68,87433001,Pulmonary emphysema (disorder)
1997-03-19T16:40:18Z,1997-04-16T16:40:18Z,347ceebf-0248-5a56-14f3-e1e8e8ffb73c,d18ef2e6-ef40-324c-be54-34a5ee865625,1bde7118-c1a3-c5b4-3943-16a6d773bc75,860975,24 HR Metformin hydrochloride 500 MG Extended Release Oral Tablet,5.56,0.00,1,5.56,44054006,Diabetes mellitus type 2 (disorder)
1997-03-19T16:40:18Z,1997-04-16T16:40:18Z,347ceebf-0248-5a56-14f3-e1e8e8ffb73c,d18ef2e6-ef40-324c-be54-34a5ee865625,1bde7118-c1a3-c5b4-3943-16a6d773bc75,896209,60 ACTUAT Fluticasone propionate 0.25 MG/ACTUAT / salmeterol 0.05 MG/ACTUAT Dry Powder Inhaler,91.72,56.72,1,91.72,87433001,Pulmonary emphysema (disorder)
1997-03-30T16:40:18Z,1997-04-17T16:40:18Z,347ceebf-0248-5a56-14f3-e1e8e8ffb73c,d18ef2e6-ef40-324c-be54-34a5ee865625,ad8029ae-3ef1-fc9f-2ccc-009534f924c9,198014,Naproxen 500 MG Oral Tablet,45.86,10.86,1,45.86,90560007,Gout
1997-03-30T16:40:18Z,1997-04-17T16:40:18Z,347ceebf-0248-5a56-14f3-e1e8e8ffb73c,d18ef2e6-ef40-324c-be54-34a5ee865625,ad8029ae-3ef1-fc9f-2ccc-009534f924c9,197319,Allopurinol 100 MG Oral Tablet,105.64,70.64,1,105.64,90560007,Gout
2012-07-12T13:06:04Z,2013-07-18T13:06:04Z,5c277d8b-8d35-348c-6f7d-2a5e4b865f38,a735bf55-83e9-331a-899d-a82a60b9f60c,d5fa21db-7a84-cde7-b4e4-83bdd1672040,245314,albuterol 5 MG/ML Inhalation Solution,92.53,0.00,4,370.12,185086009,Chronic obstructive bronchitis (disorder)
2012-07-12T13:06:04Z,2013-07-18T13:06:04Z,5c277d8b-8d35-348c-6f7d-2a5e4b865f38,a735bf55-83e9-331a-899d-a82a60b9f60c,d5fa21db-7a84-cde7-b4e4-83bdd1672040,896209,60 ACTUAT Fluticasone propionate 0.25 MG/ACTUAT / salmeterol 0.05 MG/ACTUAT Dry Powder Inhaler,224.88,67.53,12,2698.56,185086009,Chronic obstructive bronchitis (disorder)
1991-12-12T07:05:44Z,,df5aea6d-306c-36a4-4183-c9869c1bfb66,26aab0cd-6aba-3e1b-ac5b-05c8867e762c,6e58544b-39e8-f615-c792-b44088120d01,477045,Chlorpheniramine Maleate 2 MG/ML Oral Solution,61.15,0.00,414,25316.10,,
1991-12-20T16:39:28Z,,df5aea6d-306c-36a4-4183-c9869c1bfb66,26aab0cd-6aba-3e1b-ac5b-05c8867e762c,5a68ba0b-d17b-3ec6-b781-72ce30ce2d55,1870230,NDA020800 0.3 ML Epinephrine 1 MG/ML Auto-Injector,37.76,0.00,414,15632.64,,
1997-04-16T16:40:18Z,1997-05-07T16:40:18Z,347ceebf-0248-5a56-14f3-e1e8e8ffb73c,d18ef2e6-ef40-324c-be54-34a5ee865625,028e0777-69a1-003c-8397-70b83b96c7df,245314,albuterol 5 MG/ML Inhalation Solution,20.63,0.00,1,20.63,87433001,Pulmonary emphysema (disorder)
2013-07-18T13:06:04Z,2014-07-24T13:06:04Z,5c277d8b-8d35-348c-6f7d-2a5e4b865f38,a735bf55-83e9-331a-899d-a82a60b9f60c,3be54704-b015-422c-4ee6-b755e2a940a3,245314,albuterol 5 MG/ML Inhalation Solution,96.31,0.00,4,385.24,185086009,Chronic obstructive bronchitis (disorder)
1997-04-16T16:40:18Z,1997-05-07T16:40:18Z,347ceebf-0248-5a56-14f3-e1e8e8ffb73c,d18ef2e6-ef40-324c-be54-34a5ee865625,028e0777-69a1-003c-8397-70b83b96c7df,860975,24 HR Metformin hydrochloride 500 MG Extended Release Oral Tablet,5.29,0.00,1,5.29,44054006,Diabetes mellitus type 2 (disorder)
1987-03-13T02:12:41Z,,7e65bfa0-5e3b-3515-52aa-bfdef74ffd71,26aab0cd-6aba-3e1b-ac5b-05c8867e762c,cdf69cf6-dfde-819e-bd96-274cbc082dfc,308971,carbamazepine 20 MG/ML Oral Suspension [Tegretol],455.87,0.00,472,215170.64,128613002,Seizure disorder
1997-04-16T16:40:18Z,1997-05-07T16:40:18Z,347ceebf-0248-5a56-14f3-e1e8e8ffb73c,d18ef2e6-ef40-324c-be54-34a5ee865625,028e0777-69a1-003c-8397-70b83b96c7df,896209,60 ACTUAT Fluticasone propionate 0.25 MG/ACTUAT / salmeterol 0.05 MG/ACTUAT Dry Powder Inhaler,322.57,287.57,1,322.57,87433001,Pulmonary emphysema (disorder)
1997-04-23T16:40:18Z,1997-06-25T16:40:18Z,347ceebf-0248-5a56-14f3-e1e8e8ffb73c,d18ef2e6-ef40-324c-be54-34a5ee865625,431a323d-4a8d-3ccb-db18-b70c74e15535,1049221,Acetaminophen 325 MG / Oxycodone Hydrochloride 5 MG Oral Tablet,3.97,0.00,2,7.94,,
2013-07-18T13:06:04Z,2014-07-24T13:06:04Z,5c277d8b-8d35-348c-6f7d-2a5e4b865f38,a735bf55-83e9-331a-899d-a82a60b9f60c,3be54704-b015-422c-4ee6-b755e2a940a3,896209,60 ACTUAT Fluticasone propionate 0.25 MG/ACTUAT / salmeterol 0.05 MG/ACTUAT Dry Powder Inhaler,381.48,195.83,12,4577.76,185086009,Chronic obstructive bronchitis (disorder)
1949-01-26T01:17:30Z,,2e23caa4-d831-1f47-c522-0518bab7bd3d,e03e23c9-4df1-3eb6-a62d-f70f02301496,268e9e85-38fb-30a6-4bb5-9052ff18431d,1049630,diphenhydrAMINE Hydrochloride 25 MG Oral Tablet,183.45,0.00,936,171709.20,,
1997-05-07T16:40:18Z,1997-05-14T16:40:18Z,347ceebf-0248-5a56-14f3-e1e8e8ffb73c,d18ef2e6-ef40-324c-be54-34a5ee865625,33e8a1ce-080e-6103-fb9f-d42dd2048070,245314,albuterol 5 MG/ML Inhalation Solution,96.31,61.31,1,96.31,87433001,Pulmonary emphysema (disorder)
1997-05-07T16:40:18Z,1997-05-14T16:40:18Z,347ceebf-0248-5a56-14f3-e1e8e8ffb73c,d18ef2e6-ef40-324c-be54-34a5ee865625,33e8a1ce-080e-6103-fb9f-d42dd2048070,860975,24 HR Metformin hydrochloride 500 MG Extended Release Oral Tablet,1.35,0.00,1,1.35,44054006,Diabetes mellitus type 2 (disorder)
1997-05-07T16:40:18Z,1997-05-14T16:40:18Z,347ceebf-0248-5a56-14f3-e1e8e8ffb73c,d18ef2e6-ef40-324c-be54-34a5ee865625,33e8a1ce-080e-6103-fb9f-d42dd2048070,896209,60 ACTUAT Fluticasone propionate 0.25 MG/ACTUAT / salmeterol 0.05 MG/ACTUAT Dry Powder Inhaler,524.28,489.28,1,524.28,87433001,Pulmonary emphysema (disorder)
2014-07-24T13:06:04Z,2015-07-30T13:06:04Z,5c277d8b-8d35-348c-6f7d-2a5e4b865f38,a735bf55-83e9-331a-899d-a82a60b9f60c,edad1330-2ce7-21b8-9230-a994ac95e7ba,245314,albuterol 5 MG/ML Inhalation Solution,22.89,0.00,4,91.56,185086009,Chronic obstructive bronchitis (disorder)
2014-07-24T13:06:04Z,2015-07-30T13:06:04Z,5c277d8b-8d35-348c-6f7d-2a5e4b865f38,a735bf55-83e9-331a-899d-a82a60b9f60c,edad1330-2ce7-21b8-9230-a994ac95e7ba,896209,60 ACTUAT Fluticasone propionate 0.25 MG/ACTUAT / salmeterol 0.05 MG/ACTUAT Dry Powder Inhaler,91.72,0.00,12,1100.64,185086009,Chronic obstructive bronchitis (disorder)
2023-12-05T07:05:44Z,2024-01-14T07:05:44Z,df5aea6d-306c-36a4-4183-c9869c1bfb66,26aab0cd-6aba-3e1b-ac5b-05c8867e762c,d0bd8229-d40b-4a49-9127-3368f158eb64,849574,Naproxen sodium 220 MG Oral Tablet,91.72,0.00,1,91.72,,
1997-05-14T16:40:18Z,1997-06-04T16:40:18Z,347ceebf-0248-5a56-14f3-e1e8e8ffb73c,d18ef2e6-ef40-324c-be54-34a5ee865625,3d756bb0-5bcb-dc72-3659-b0ff4d37dacf,245314,albuterol 5 MG/ML Inhalation Solution,96.31,61.31,1,96.31,87433001,Pulmonary emphysema (disorder)
1997-05-14T16:40:18Z,1997-06-04T16:40:18Z,347ceebf-0248-5a56-14f3-e1e8e8ffb73c,d18ef2e6-ef40-324c-be54-34a5ee865625,3d756bb0-5bcb-dc72-3659-b0ff4d37dacf,860975,24 HR Metformin hydrochloride 500 MG Extended Release Oral Tablet,5.38,0.00,1,5.38,44054006,Diabetes mellitus type 2 (disorder)
1997-05-14T16:40:18Z,1997-06-04T16:40:18Z,347ceebf-0248-5a56-14f3-e1e8e8ffb73c,d18ef2e6-ef40-324c-be54-34a5ee865625,3d756bb0-5bcb-dc72-3659-b0ff4d37dacf,896209,60 ACTUAT Fluticasone propionate 0.25 MG/ACTUAT / salmeterol 0.05 MG/ACTUAT Dry Powder Inhaler,91.72,56.72,1,91.72,87433001,Pulmonary emphysema (disorder)
1997-06-04T16:40:18Z,1997-06-11T16:40:18Z,347ceebf-0248-5a56-14f3-e1e8e8ffb73c,d18ef2e6-ef40-324c-be54-34a5ee865625,0c666e66-53e5-aa53-1978-5da309b67c24,245314,albuterol 5 MG/ML Inhalation Solution,20.63,0.00,1,20.63,87433001,Pulmonary emphysema (disorder)
2015-07-30T13:06:04Z,,5c277d8b-8d35-348c-6f7d-2a5e4b865f38,a735bf55-83e9-331a-899d-a82a60b9f60c,d7f5cddf-1fc0-332d-1285-7a1f84937ce0,245314,albuterol 5 MG/ML Inhalation Solution,83.43,0.00,1,83.43,185086009,Chronic obstructive bronchitis (disorder)
2023-07-23T13:58:02Z,2024-07-17T13:58:02Z,0be6dff2-7cc7-d519-e658-40467b7eeebc,26aab0cd-6aba-3e1b-ac5b-05c8867e762c,5d3bdf7b-e568-7129-4e6e-494bbec60880,749762,Seasonique 91 Day Pack,229.32,0.00,12,2751.84,,
2020-10-13T02:56:13Z,,e7264aad-8a07-d44d-940c-2b014fc31762,df166300-5a78-3502-a46a-832842197811,bd3cb5e6-813f-1a87-5c2d-b44d96e8bdfe,2001499,Vitamin B12 5 MG/ML Injectable Solution,5.04,0.00,63,317.52,,
1996-09-07T21:25:14Z,,2e23caa4-d831-1f47-c522-0518bab7bd3d,a735bf55-83e9-331a-899d-a82a60b9f60c,08b26670-a58f-956f-c913-45c696d8eb63,866436,24 HR metoprolol succinate 50 MG Extended Release Oral Tablet,129.94,103.95,1,129.94,,
2025-10-08T14:05:44Z,2025-10-18T07:05:44Z,df5aea6d-306c-36a4-4183-c9869c1bfb66,26aab0cd-6aba-3e1b-ac5b-05c8867e762c,a70f7c00-5025-bcfd-d883-e237ee7e0e36,834102,Penicillin V Potassium 500 MG Oral Tablet,27.86,0.00,1,27.86,43878008,Streptococcal sore throat (disorder)
2015-07-30T13:06:04Z,,5c277d8b-8d35-348c-6f7d-2a5e4b865f38,a735bf55-83e9-331a-899d-a82a60b9f60c,d7f5cddf-1fc0-332d-1285-7a1f84937ce0,896209,60 ACTUAT Fluticasone propionate 0.25 MG/ACTUAT / salmeterol 0.05 MG/ACTUAT Dry Powder Inhaler,92.61,0.00,1,92.61,185086009,Chronic obstructive bronchitis (disorder)
1996-09-07T21:25:14Z,,2e23caa4-d831-1f47-c522-0518bab7bd3d,a735bf55-83e9-331a-899d-a82a60b9f60c,08b26670-a58f-956f-c913-45c696d8eb63,904475,pravastatin sodium 40 MG Oral Tablet,129.94,103.95,1,129.94,,
1997-06-04T16:40:18Z,1997-06-11T16:40:18Z,347ceebf-0248-5a56-14f3-e1e8e8ffb73c,d18ef2e6-ef40-324c-be54-34a5ee865625,0c666e66-53e5-aa53-1978-5da309b67c24,860975,24 HR Metformin hydrochloride 500 MG Extended Release Oral Tablet,3.35,0.00,1,3.35,44054006,Diabetes mellitus type 2 (disorder)
1997-06-04T16:40:18Z,1997-06-11T16:40:18Z,347ceebf-0248-5a56-14f3-e1e8e8ffb73c,d18ef2e6-ef40-324c-be54-34a5ee865625,0c666e66-53e5-aa53-1978-5da309b67c24,896209,60 ACTUAT Fluticasone propionate 0.25 MG/ACTUAT / salmeterol 0.05 MG/ACTUAT Dry Powder Inhaler,91.72,56.72,1,91.72,87433001,Pulmonary emphysema (disorder)
2025-01-05T10:42:59Z,2025-02-10T10:42:59Z,f391ceec-7ec0-370f-b6f4-cc5c78332add,df166300-5a78-3502-a46a-832842197811,2cdf0adb-c2ea-8053-103f-65b87c2d1bbd,308182,Amoxicillin 250 MG Oral Capsule,12.12,0.00,2,24.24,,
1996-09-07T21:25:14Z,,2e23caa4-d831-1f47-c522-0518bab7bd3d,a735bf55-83e9-331a-899d-a82a60b9f60c,08b26670-a58f-956f-c913-45c696d8eb63,979492,losartan potassium 50 MG Oral Tablet,129.94,103.95,1,129.94,,
1996-09-07T21:25:14Z,,2e23caa4-d831-1f47-c522-0518bab7bd3d,a735bf55-83e9-331a-899d-a82a60b9f60c,08b26670-a58f-956f-c913-45c696d8eb63,855812,prasugrel 10 MG Oral Tablet,129.94,103.95,356,46258.64,,
1997-06-11T16:40:18Z,1997-07-09T16:40:18Z,347ceebf-0248-5a56-14f3-e1e8e8ffb73c,d18ef2e6-ef40-324c-be54-34a5ee865625,ab902d10-6d1a-4de8-603c-168aa584508d,245314,albuterol 5 MG/ML Inhalation Solution,54.43,19.43,1,54.43,87433001,Pulmonary emphysema (disorder)
2025-01-05T10:42:59Z,,f391ceec-7ec0-370f-b6f4-cc5c78332add,df166300-5a78-3502-a46a-832842197811,2cdf0adb-c2ea-8053-103f-65b87c2d1bbd,857005,Acetaminophen 325 MG / HYDROcodone Bitartrate 7.5 MG Oral Tablet,1.42,0.00,26,36.92,,
1997-06-11T16:40:18Z,1997-07-09T16:40:18Z,347ceebf-0248-5a56-14f3-e1e8e8ffb73c,d18ef2e6-ef40-324c-be54-34a5ee865625,ab902d10-6d1a-4de8-603c-168aa584508d,860975,24 HR Metformin hydrochloride 500 MG Extended Release Oral Tablet,2.03,0.00,1,2.03,44054006,Diabetes mellitus type 2 (disorder)
1997-06-11T16:40:18Z,1997-07-09T16:40:18Z,347ceebf-0248-5a56-14f3-e1e8e8ffb73c,d18ef2e6-ef40-324c-be54-34a5ee865625,ab902d10-6d1a-4de8-603c-168aa584508d,896209,60 ACTUAT Fluticasone propionate 0.25 MG/ACTUAT / salmeterol 0.05 MG/ACTUAT Dry Powder Inhaler,91.72,56.72,1,91.72,87433001,Pulmonary emphysema (disorder)
2025-01-05T10:42:59Z,2025-02-10T10:42:59Z,f391ceec-7ec0-370f-b6f4-cc5c78332add,df166300-5a78-3502-a46a-832842197811,2cdf0adb-c2ea-8053-103f-65b87c2d1bbd,849574,Naproxen sodium 220 MG Oral Tablet,95.45,45.45,1,95.45,,
2025-06-30T05:44:47Z,2025-07-13T05:44:47Z,f391ceec-7ec0-370f-b6f4-cc5c78332add,df166300-5a78-3502-a46a-832842197811,a618661a-217b-f583-14ff-cde81c1f8294,1043400,Acetaminophen 21.7 MG/ML / Dextromethorphan Hydrobromide 1 MG/ML / doxylamine succinate 0.417 MG/ML Oral Solution,183.45,33.45,1,183.45,10509002,Acute bronchitis (disorder)
1997-07-09T16:40:18Z,1997-08-13T16:40:18Z,347ceebf-0248-5a56-14f3-e1e8e8ffb73c,d18ef2e6-ef40-324c-be54-34a5ee865625,ec9ac36b-104e-83cd-4834-2ec702c892e1,245314,albuterol 5 MG/ML Inhalation Solution,96.31,61.31,1,96.31,87433001,Pulmonary emphysema (disorder)
2022-11-19T01:17:30Z,2023-01-21T01:17:30Z,2e23caa4-d831-1f47-c522-0518bab7bd3d,a735bf55-83e9-331a-899d-a82a60b9f60c,776e8575-78ef-4e79-7fdf-a5841e12a3ed,310798,Hydrochlorothiazide 25 MG Oral Tablet,0.91,0.73,1,0.91,59621000,Essential hypertension (disorder)
2022-11-19T01:17:30Z,2023-01-21T01:17:30Z,2e23caa4-d831-1f47-c522-0518bab7bd3d,a735bf55-83e9-331a-899d-a82a60b9f60c,776e8575-78ef-4e79-7fdf-a5841e12a3ed,2563431,aspirin 81 MG Oral Capsule,129.94,103.95,63,8186.22,,
1997-07-09T16:40:18Z,1997-08-13T16:40:18Z,347ceebf-0248-5a56-14f3-e1e8e8ffb73c,d18ef2e6-ef40-324c-be54-34a5ee865625,ec9ac36b-104e-83cd-4834-2ec702c892e1,860975,24 HR Metformin hydrochloride 500 MG Extended Release Oral Tablet,0.53,0.00,1,0.53,44054006,Diabetes mellitus type 2 (disorder)
2022-04-10T21:11:31Z,2023-04-16T21:11:31Z,ecef6aac-d3b9-ef3f-8bb0-9a7c6364813e,df166300-5a78-3502-a46a-832842197811,779f78ba-d651-eb91-1be8-26ddf1323845,310798,Hydrochlorothiazide 25 MG Oral Tablet,0.74,0.00,4,2.96,59621000,Essential hypertension (disorder)
2022-04-10T21:11:31Z,2023-04-16T21:11:31Z,ecef6aac-d3b9-ef3f-8bb0-9a7c6364813e,df166300-5a78-3502-a46a-832842197811,779f78ba-d651-eb91-1be8-26ddf1323845,206905,Ibuprofen 400 MG Oral Tablet [Ibu],129.94,0.00,3,389.82,,
2022-04-10T21:11:31Z,2023-04-16T21:11:31Z,ecef6aac-d3b9-ef3f-8bb0-9a7c6364813e,df166300-5a78-3502-a46a-832842197811,779f78ba-d651-eb91-1be8-26ddf1323845,314076,lisinopril 10 MG Oral Tablet,0.91,0.00,4,3.64,59621000,Essential hypertension (disorder)
2022-04-10T21:11:31Z,2023-04-16T21:11:31Z,ecef6aac-d3b9-ef3f-8bb0-9a7c6364813e,df166300-5a78-3502-a46a-832842197811,779f78ba-d651-eb91-1be8-26ddf1323845,308136,amLODIPine 2.5 MG Oral Tablet,0.91,0.00,4,3.64,59621000,Essential hypertension (disorder)
2023-04-16T21:11:31Z,2024-04-21T21:11:31Z,ecef6aac-d3b9-ef3f-8bb0-9a7c6364813e,df166300-5a78-3502-a46a-832842197811,ad850a65-ed16-a5b4-4ecc-64adf03f5302,310798,Hydrochlorothiazide 25 MG Oral Tablet,0.45,0.00,4,1.80,59621000,Essential hypertension (disorder)
2023-04-16T21:11:31Z,2024-04-21T21:11:31Z,ecef6aac-d3b9-ef3f-8bb0-9a7c6364813e,df166300-5a78-3502-a46a-832842197811,ad850a65-ed16-a5b4-4ecc-64adf03f5302,206905,Ibuprofen 400 MG Oral Tablet [Ibu],129.94,0.00,3,389.82,,
2023-04-16T21:11:31Z,2024-04-21T21:11:31Z,ecef6aac-d3b9-ef3f-8bb0-9a7c6364813e,df166300-5a78-3502-a46a-832842197811,ad850a65-ed16-a5b4-4ecc-64adf03f5302,314076,lisinopril 10 MG Oral Tablet,0.91,0.00,4,3.64,59621000,Essential hypertension (disorder)
2023-04-16T21:11:31Z,2024-04-21T21:11:31Z,ecef6aac-d3b9-ef3f-8bb0-9a7c6364813e,df166300-5a78-3502-a46a-832842197811,ad850a65-ed16-a5b4-4ecc-64adf03f5302,308136,amLODIPine 2.5 MG Oral Tablet,0.91,0.00,4,3.64,59621000,Essential hypertension (disorder)
1997-07-09T16:40:18Z,1997-08-13T16:40:18Z,347ceebf-0248-5a56-14f3-e1e8e8ffb73c,d18ef2e6-ef40-324c-be54-34a5ee865625,ec9ac36b-104e-83cd-4834-2ec702c892e1,896209,60 ACTUAT Fluticasone propionate 0.25 MG/ACTUAT / salmeterol 0.05 MG/ACTUAT Dry Powder Inhaler,278.74,243.74,1,278.74,87433001,Pulmonary emphysema (disorder)
2024-04-21T21:11:31Z,2025-04-27T21:11:31Z,ecef6aac-d3b9-ef3f-8bb0-9a7c6364813e,df166300-5a78-3502-a46a-832842197811,74560146-1d14-93c9-754b-bdf9ee360eb0,310798,Hydrochlorothiazide 25 MG Oral Tablet,0.45,0.00,4,1.80,59621000,Essential hypertension (disorder)
2025-05-23T05:30:02Z,2025-06-13T05:30:02Z,6edc389e-1660-7ac7-cb60-b9cfb1a63a5d,df166300-5a78-3502-a46a-832842197811,ca3f4536-340e-6c65-a323-59c80a62838d,313820,Acetaminophen 160 MG Chewable Tablet,46.29,0.00,1,46.29,,
2023-01-21T01:17:30Z,2023-07-15T01:17:30Z,2e23caa4-d831-1f47-c522-0518bab7bd3d,a735bf55-83e9-331a-899d-a82a60b9f60c,65d218d4-6e6e-6ea4-b4e6-28b210470551,310798,Hydrochlorothiazide 25 MG Oral Tablet,0.45,0.36,1,0.45,59621000,Essential hypertension (disorder)
2023-01-21T01:17:30Z,2023-07-15T01:17:30Z,2e23caa4-d831-1f47-c522-0518bab7bd3d,a735bf55-83e9-331a-899d-a82a60b9f60c,65d218d4-6e6e-6ea4-b4e6-28b210470551,2563431,aspirin 81 MG Oral Capsule,129.94,103.95,175,22739.50,,
2005-05-22T15:42:00Z,,78dffa97-f7ab-361c-e8b2-9193afdbf2ab,b046940f-1664-3047-bca7-dfa76be352a4,d77549cd-f6ad-59a9-065c-954fda79df08,106258,Hydrocortisone 10 MG/ML Topical Cream,52.83,36.98,250,13207.50,40275004,Contact dermatitis
2005-06-07T20:09:50Z,,78dffa97-f7ab-361c-e8b2-9193afdbf2ab,b046940f-1664-3047-bca7-dfa76be352a4,8bdc1fd3-a1cc-e950-75c4-9a54689e510d,311372,Loratadine 10 MG Oral Tablet,290.47,203.33,250,72617.50,,
2024-04-21T21:11:31Z,2025-04-27T21:11:31Z,ecef6aac-d3b9-ef3f-8bb0-9a7c6364813e,df166300-5a78-3502-a46a-832842197811,74560146-1d14-93c9-754b-bdf9ee360eb0,206905,Ibuprofen 400 MG Oral Tablet [Ibu],129.94,0.00,3,389.82,,
2024-04-21T21:11:31Z,2025-04-27T21:11:31Z,ecef6aac-d3b9-ef3f-8bb0-9a7c6364813e,df166300-5a78-3502-a46a-832842197811,74560146-1d14-93c9-754b-bdf9ee360eb0,314076,lisinopril 10 MG Oral Tablet,0.91,0.00,4,3.64,59621000,Essential hypertension (disorder)
2005-06-07T20:09:50Z,,78dffa97-f7ab-361c-e8b2-9193afdbf2ab,b046940f-1664-3047-bca7-dfa76be352a4,8bdc1fd3-a1cc-e950-75c4-9a54689e510d,1870230,NDA020800 0.3 ML Epinephrine 1 MG/ML Auto-Injector,60.76,42.53,250,15190.00,,
2024-04-21T21:11:31Z,2025-04-27T21:11:31Z,ecef6aac-d3b9-ef3f-8bb0-9a7c6364813e,df166300-5a78-3502-a46a-832842197811,74560146-1d14-93c9-754b-bdf9ee360eb0,308136,amLODIPine 2.5 MG Oral Tablet,0.91,0.00,4,3.64,59621000,Essential hypertension (disorder)
2023-07-15T01:17:30Z,2023-11-18T01:17:30Z,2e23caa4-d831-1f47-c522-0518bab7bd3d,a735bf55-83e9-331a-899d-a82a60b9f60c,3cfa41d9-9d61-e9b2-479a-768f7a217a34,310798,Hydrochlorothiazide 25 MG Oral Tablet,0.45,0.00,1,0.45,59621000,Essential hypertension (disorder)
2023-07-15T01:17:30Z,2023-11-18T01:17:30Z,2e23caa4-d831-1f47-c522-0518bab7bd3d,a735bf55-83e9-331a-899d-a82a60b9f60c,3cfa41d9-9d61-e9b2-479a-768f7a217a34,2563431,aspirin 81 MG Oral Capsule,129.94,0.00,126,16372.44,,
2025-04-27T21:11:31Z,,ecef6aac-d3b9-ef3f-8bb0-9a7c6364813e,df166300-5a78-3502-a46a-832842197811,8582da0a-a97b-5863-18e0-08cef5c6f164,310798,Hydrochlorothiazide 25 MG Oral Tablet,0.58,0.00,2,1.16,59621000,Essential hypertension (disorder)
2022-03-24T02:42:00Z,2023-03-30T02:42:00Z,78dffa97-f7ab-361c-e8b2-9193afdbf2ab,b046940f-1664-3047-bca7-dfa76be352a4,481bb142-4663-5b70-e9e8-dcb679b1a3e5,314076,lisinopril 10 MG Oral Tablet,0.91,0.00,4,3.64,59621000,Essential hypertension (disorder)
2024-01-06T19:25:54Z,2024-01-24T19:25:54Z,c5a17333-816d-683f-2549-f0f6c934c3e0,734afbd6-4794-363b-9bc0-6a3981533ed5,648f3d26-0b5f-6bd5-0b4a-da81cd3453cb,313782,Acetaminophen 325 MG Oral Tablet,112.89,90.31,1,112.89,10509002,Acute bronchitis (disorder)
2022-03-24T02:42:00Z,2023-03-30T02:42:00Z,78dffa97-f7ab-361c-e8b2-9193afdbf2ab,b046940f-1664-3047-bca7-dfa76be352a4,481bb142-4663-5b70-e9e8-dcb679b1a3e5,308136,amLODIPine 2.5 MG Oral Tablet,0.91,0.00,4,3.64,59621000,Essential hypertension (disorder)
1997-08-13T16:40:18Z,1997-11-12T16:40:18Z,347ceebf-0248-5a56-14f3-e1e8e8ffb73c,d18ef2e6-ef40-324c-be54-34a5ee865625,8b8db403-2dfb-3ec8-f7d9-7c4ba71279b3,245314,albuterol 5 MG/ML Inhalation Solution,55.32,20.32,1,55.32,87433001,Pulmonary emphysema (disorder)
1997-08-13T16:40:18Z,1997-11-12T16:40:18Z,347ceebf-0248-5a56-14f3-e1e8e8ffb73c,d18ef2e6-ef40-324c-be54-34a5ee865625,8b8db403-2dfb-3ec8-f7d9-7c4ba71279b3,860975,24 HR Metformin hydrochloride 500 MG Extended Release Oral Tablet,3.11,0.00,3,9.33,44054006,Diabetes mellitus type 2 (disorder)
2025-04-27T21:11:31Z,,ecef6aac-d3b9-ef3f-8bb0-9a7c6364813e,df166300-5a78-3502-a46a-832842197811,8582da0a-a97b-5863-18e0-08cef5c6f164,206905,Ibuprofen 400 MG Oral Tablet [Ibu],129.94,0.00,3,389.82,,
2025-04-27T21:11:31Z,,ecef6aac-d3b9-ef3f-8bb0-9a7c6364813e,df166300-5a78-3502-a46a-832842197811,8582da0a-a97b-5863-18e0-08cef5c6f164,314076,lisinopril 10 MG Oral Tablet,0.91,0.00,2,1.82,59621000,Essential hypertension (disorder)
2025-04-27T21:11:31Z,,ecef6aac-d3b9-ef3f-8bb0-9a7c6364813e,df166300-5a78-3502-a46a-832842197811,8582da0a-a97b-5863-18e0-08cef5c6f164,308136,amLODIPine 2.5 MG Oral Tablet,1.37,0.00,2,2.74,59621000,Essential hypertension (disorder)
2023-11-18T01:17:30Z,2024-01-13T01:17:30Z,2e23caa4-d831-1f47-c522-0518bab7bd3d,a735bf55-83e9-331a-899d-a82a60b9f60c,33c261c4-00c3-54c2-7076-69d125f19f63,310798,Hydrochlorothiazide 25 MG Oral Tablet,0.45,0.36,1,0.45,59621000,Essential hypertension (disorder)
2023-11-18T01:17:30Z,2024-01-13T01:17:30Z,2e23caa4-d831-1f47-c522-0518bab7bd3d,a735bf55-83e9-331a-899d-a82a60b9f60c,33c261c4-00c3-54c2-7076-69d125f19f63,2563431,aspirin 81 MG Oral Capsule,129.94,103.95,56,7276.64,,
2016-11-27T10:14:53Z,2017-11-26T18:04:32Z,53ab38ed-ddd8-1be9-19b6-ccf6fcf6e5d3,e03e23c9-4df1-3eb6-a62d-f70f02301496,5650db03-f91f-d529-07c9-a720637e39a3,1605257,Liletta 52 MG Intrauterine System,407.68,0.00,12,4892.16,,
2017-04-14T09:48:38Z,2018-04-20T09:48:38Z,53ab38ed-ddd8-1be9-19b6-ccf6fcf6e5d3,e03e23c9-4df1-3eb6-a62d-f70f02301496,48463308-2792-d8c2-18a6-2c10bb4f7f71,1049625,Acetaminophen 325 MG / Oxycodone Hydrochloride 10 MG Oral Tablet [Percocet],129.94,0.00,3,389.82,,
2017-04-14T09:48:38Z,2018-04-20T09:48:38Z,53ab38ed-ddd8-1be9-19b6-ccf6fcf6e5d3,e03e23c9-4df1-3eb6-a62d-f70f02301496,48463308-2792-d8c2-18a6-2c10bb4f7f71,314076,lisinopril 10 MG Oral Tablet,0.91,0.00,4,3.64,59621000,Essential hypertension (disorder)
2017-04-14T09:48:38Z,2018-04-20T09:48:38Z,53ab38ed-ddd8-1be9-19b6-ccf6fcf6e5d3,e03e23c9-4df1-3eb6-a62d-f70f02301496,48463308-2792-d8c2-18a6-2c10bb4f7f71,308136,amLODIPine 2.5 MG Oral Tablet,0.91,0.00,4,3.64,59621000,Essential hypertension (disorder)
1997-08-13T16:40:18Z,1997-11-12T16:40:18Z,347ceebf-0248-5a56-14f3-e1e8e8ffb73c,d18ef2e6-ef40-324c-be54-34a5ee865625,8b8db403-2dfb-3ec8-f7d9-7c4ba71279b3,896209,60 ACTUAT Fluticasone propionate 0.25 MG/ACTUAT / salmeterol 0.05 MG/ACTUAT Dry Powder Inhaler,91.72,56.72,3,275.16,87433001,Pulmonary emphysema (disorder)
1997-08-24T16:40:18Z,1997-09-07T16:40:18Z,347ceebf-0248-5a56-14f3-e1e8e8ffb73c,d18ef2e6-ef40-324c-be54-34a5ee865625,142bdc24-c4fa-4fd5-f4d6-e7e39371b0f7,1049221,Acetaminophen 325 MG / Oxycodone Hydrochloride 5 MG Oral Tablet,3.97,0.00,1,3.97,,
2025-12-07T12:59:12Z,2025-12-22T12:59:12Z,8867dec1-2600-88bb-8b7a-a541f167c8bd,0133f751-9229-3cfd-815f-b6d4979bdd6a,20b316c6-95ad-9d35-346f-475b8a8d2b10,1043400,Acetaminophen 21.7 MG/ML / Dextromethorphan Hydrobromide 1 MG/ML / doxylamine succinate 0.417 MG/ML Oral Solution,117.40,0.00,1,117.40,10509002,Acute bronchitis (disorder)
1997-09-28T16:40:18Z,1997-10-26T16:40:18Z,347ceebf-0248-5a56-14f3-e1e8e8ffb73c,d18ef2e6-ef40-324c-be54-34a5ee865625,a0a8ac02-d4ba-1dde-033e-edfc362bcc36,1860154,Abuse-Deterrent 12 HR Oxycodone Hydrochloride 15 MG Extended Release Oral Tablet,45.86,10.86,1,45.86,,
2022-06-30T17:57:21Z,2023-06-25T17:57:21Z,78dffa97-f7ab-361c-e8b2-9193afdbf2ab,b046940f-1664-3047-bca7-dfa76be352a4,af208890-e7d8-d74b-2848-66fc5a2e2015,748856,Yaz 28 Day Pack,229.32,0.00,12,2751.84,,
2017-11-26T18:04:32Z,2018-11-26T01:03:38Z,53ab38ed-ddd8-1be9-19b6-ccf6fcf6e5d3,e03e23c9-4df1-3eb6-a62d-f70f02301496,ffcdf47b-cdf6-1764-46f8-71b7dd6a1279,807283,Mirena 52 MG Intrauterine System,10.00,0.00,12,120.00,,
1997-11-12T16:40:18Z,1997-11-19T16:40:18Z,347ceebf-0248-5a56-14f3-e1e8e8ffb73c,d18ef2e6-ef40-324c-be54-34a5ee865625,28a8825f-9fbf-a92e-7971-871835b42850,245314,albuterol 5 MG/ML Inhalation Solution,45.86,10.86,1,45.86,87433001,Pulmonary emphysema (disorder)
1997-11-12T16:40:18Z,1997-11-19T16:40:18Z,347ceebf-0248-5a56-14f3-e1e8e8ffb73c,d18ef2e6-ef40-324c-be54-34a5ee865625,28a8825f-9fbf-a92e-7971-871835b42850,860975,24 HR Metformin hydrochloride 500 MG Extended Release Oral Tablet,4.00,0.00,1,4.00,44054006,Diabetes mellitus type 2 (disorder)
1997-11-12T16:40:18Z,1997-11-19T16:40:18Z,347ceebf-0248-5a56-14f3-e1e8e8ffb73c,d18ef2e6-ef40-324c-be54-34a5ee865625,28a8825f-9fbf-a92e-7971-871835b42850,896209,60 ACTUAT Fluticasone propionate 0.25 MG/ACTUAT / salmeterol 0.05 MG/ACTUAT Dry Powder Inhaler,422.63,387.63,1,422.63,87433001,Pulmonary emphysema (disorder)
2018-04-20T09:48:38Z,2019-04-26T09:48:38Z,53ab38ed-ddd8-1be9-19b6-ccf6fcf6e5d3,e03e23c9-4df1-3eb6-a62d-f70f02301496,d9a89001-fa56-a878-a4bb-c7fe16a6b703,1049625,Acetaminophen 325 MG / Oxycodone Hydrochloride 10 MG Oral Tablet [Percocet],129.94,0.00,3,389.82,,
2018-04-20T09:48:38Z,2019-04-26T09:48:38Z,53ab38ed-ddd8-1be9-19b6-ccf6fcf6e5d3,e03e23c9-4df1-3eb6-a62d-f70f02301496,d9a89001-fa56-a878-a4bb-c7fe16a6b703,314076,lisinopril 10 MG Oral Tablet,0.91,0.00,4,3.64,59621000,Essential hypertension (disorder)
2018-04-20T09:48:38Z,2019-04-26T09:48:38Z,53ab38ed-ddd8-1be9-19b6-ccf6fcf6e5d3,e03e23c9-4df1-3eb6-a62d-f70f02301496,d9a89001-fa56-a878-a4bb-c7fe16a6b703,308136,amLODIPine 2.5 MG Oral Tablet,1.37,0.00,4,5.48,59621000,Essential hypertension (disorder)
2024-01-13T01:17:30Z,2024-01-27T01:17:30Z,2e23caa4-d831-1f47-c522-0518bab7bd3d,a735bf55-83e9-331a-899d-a82a60b9f60c,76a5ceee-434b-d780-46f7-5ea4376263ba,310798,Hydrochlorothiazide 25 MG Oral Tablet,0.91,0.73,1,0.91,59621000,Essential hypertension (disorder)
1997-11-19T16:40:18Z,1997-12-03T16:40:18Z,347ceebf-0248-5a56-14f3-e1e8e8ffb73c,d18ef2e6-ef40-324c-be54-34a5ee865625,e7d524d7-aa6a-e406-1be9-445e196b5fc3,245314,albuterol 5 MG/ML Inhalation Solution,20.63,0.00,1,20.63,87433001,Pulmonary emphysema (disorder)
1997-11-19T16:40:18Z,1997-12-03T16:40:18Z,347ceebf-0248-5a56-14f3-e1e8e8ffb73c,d18ef2e6-ef40-324c-be54-34a5ee865625,e7d524d7-aa6a-e406-1be9-445e196b5fc3,860975,24 HR Metformin hydrochloride 500 MG Extended Release Oral Tablet,0.72,0.00,1,0.72,44054006,Diabetes mellitus type 2 (disorder)
1997-11-19T16:40:18Z,1997-12-03T16:40:18Z,347ceebf-0248-5a56-14f3-e1e8e8ffb73c,d18ef2e6-ef40-324c-be54-34a5ee865625,e7d524d7-aa6a-e406-1be9-445e196b5fc3,896209,60 ACTUAT Fluticasone propionate 0.25 MG/ACTUAT / salmeterol 0.05 MG/ACTUAT Dry Powder Inhaler,91.72,56.72,1,91.72,87433001,Pulmonary emphysema (disorder)
2024-01-13T01:17:30Z,2024-01-27T01:17:30Z,2e23caa4-d831-1f47-c522-0518bab7bd3d,a735bf55-83e9-331a-899d-a82a60b9f60c,76a5ceee-434b-d780-46f7-5ea4376263ba,2563431,aspirin 81 MG Oral Capsule,129.94,103.95,14,1819.16,,
1998-03-26T15:36:19Z,,d67aaf0a-104d-0854-69b7-24e7894c7e9e,26aab0cd-6aba-3e1b-ac5b-05c8867e762c,6abfd13a-6ed3-8c60-f6d0-f731b9659e72,309362,Clopidogrel 75 MG Oral Tablet,82.52,0.00,338,27891.76,,
1997-12-03T16:40:18Z,1997-12-10T16:40:18Z,347ceebf-0248-5a56-14f3-e1e8e8ffb73c,d18ef2e6-ef40-324c-be54-34a5ee865625,a54da405-749f-c66f-6b02-d4cc54dfddcc,245314,albuterol 5 MG/ML Inhalation Solution,96.31,61.31,1,96.31,87433001,Pulmonary emphysema (disorder)
2023-03-30T02:42:00Z,2024-04-04T02:42:00Z,78dffa97-f7ab-361c-e8b2-9193afdbf2ab,b046940f-1664-3047-bca7-dfa76be352a4,95c958a2-426c-d94b-db22-d251869f4797,314076,lisinopril 10 MG Oral Tablet,0.91,0.00,4,3.64,59621000,Essential hypertension (disorder)
2023-03-30T02:42:00Z,2024-04-04T02:42:00Z,78dffa97-f7ab-361c-e8b2-9193afdbf2ab,b046940f-1664-3047-bca7-dfa76be352a4,95c958a2-426c-d94b-db22-d251869f4797,308136,amLODIPine 2.5 MG Oral Tablet,1.10,0.00,4,4.40,59621000,Essential hypertension (disorder)
1998-03-26T15:36:19Z,,d67aaf0a-104d-0854-69b7-24e7894c7e9e,26aab0cd-6aba-3e1b-ac5b-05c8867e762c,6abfd13a-6ed3-8c60-f6d0-f731b9659e72,312961,Simvastatin 20 MG Oral Tablet,184.23,0.00,338,62269.74,,
1998-03-26T15:36:19Z,,d67aaf0a-104d-0854-69b7-24e7894c7e9e,26aab0cd-6aba-3e1b-ac5b-05c8867e762c,6abfd13a-6ed3-8c60-f6d0-f731b9659e72,866412,24 HR metoprolol succinate 100 MG Extended Release Oral Tablet,129.94,0.00,338,43919.72,,
1998-03-26T15:36:19Z,,d67aaf0a-104d-0854-69b7-24e7894c7e9e,26aab0cd-6aba-3e1b-ac5b-05c8867e762c,6abfd13a-6ed3-8c60-f6d0-f731b9659e72,705129,Nitroglycerin 0.4 MG/ACTUAT Mucosal Spray,19.30,0.00,338,6523.40,,
2024-01-27T01:17:30Z,2024-02-24T01:17:30Z,2e23caa4-d831-1f47-c522-0518bab7bd3d,a735bf55-83e9-331a-899d-a82a60b9f60c,b7addc0e-9d69-34e4-f3dc-c802e11fb8ca,310798,Hydrochlorothiazide 25 MG Oral Tablet,0.45,0.36,1,0.45,59621000,Essential hypertension (disorder)
2019-04-26T09:48:38Z,2020-05-01T09:48:38Z,53ab38ed-ddd8-1be9-19b6-ccf6fcf6e5d3,e03e23c9-4df1-3eb6-a62d-f70f02301496,3b23a8c1-571f-32f5-8be8-b8c9c9dac6b5,1049625,Acetaminophen 325 MG / Oxycodone Hydrochloride 10 MG Oral Tablet [Percocet],129.94,0.00,3,389.82,,
2019-04-26T09:48:38Z,2020-05-01T09:48:38Z,53ab38ed-ddd8-1be9-19b6-ccf6fcf6e5d3,e03e23c9-4df1-3eb6-a62d-f70f02301496,3b23a8c1-571f-32f5-8be8-b8c9c9dac6b5,314076,lisinopril 10 MG Oral Tablet,0.91,0.00,4,3.64,59621000,Essential hypertension (disorder)
2019-04-26T09:48:38Z,2020-05-01T09:48:38Z,53ab38ed-ddd8-1be9-19b6-ccf6fcf6e5d3,e03e23c9-4df1-3eb6-a62d-f70f02301496,3b23a8c1-571f-32f5-8be8-b8c9c9dac6b5,308136,amLODIPine 2.5 MG Oral Tablet,0.91,0.00,4,3.64,59621000,Essential hypertension (disorder)
1997-12-03T16:40:18Z,1997-12-10T16:40:18Z,347ceebf-0248-5a56-14f3-e1e8e8ffb73c,d18ef2e6-ef40-324c-be54-34a5ee865625,a54da405-749f-c66f-6b02-d4cc54dfddcc,860975,24 HR Metformin hydrochloride 500 MG Extended Release Oral Tablet,2.64,0.00,1,2.64,44054006,Diabetes mellitus type 2 (disorder)
2023-06-25T17:57:21Z,2024-06-23T21:54:40Z,78dffa97-f7ab-361c-e8b2-9193afdbf2ab,b046940f-1664-3047-bca7-dfa76be352a4,71986a15-3cda-9b3d-c0a7-aea97703ab7b,1605257,Liletta 52 MG Intrauterine System,532.28,0.00,12,6387.36,,
1997-12-03T16:40:18Z,1997-12-10T16:40:18Z,347ceebf-0248-5a56-14f3-e1e8e8ffb73c,d18ef2e6-ef40-324c-be54-34a5ee865625,a54da405-749f-c66f-6b02-d4cc54dfddcc,896209,60 ACTUAT Fluticasone propionate 0.25 MG/ACTUAT / salmeterol 0.05 MG/ACTUAT Dry Powder Inhaler,529.62,494.62,1,529.62,87433001,Pulmonary emphysema (disorder)
2024-01-27T01:17:30Z,2024-02-24T01:17:30Z,2e23caa4-d831-1f47-c522-0518bab7bd3d,a735bf55-83e9-331a-899d-a82a60b9f60c,b7addc0e-9d69-34e4-f3dc-c802e11fb8ca,2563431,aspirin 81 MG Oral Capsule,129.94,103.95,28,3638.32,,
2024-04-04T02:42:00Z,2025-04-10T02:42:00Z,78dffa97-f7ab-361c-e8b2-9193afdbf2ab,b046940f-1664-3047-bca7-dfa76be352a4,dbc62991-d585-da4a-b6b4-c2ab6aee2ee4,314076,lisinopril 10 MG Oral Tablet,0.91,0.00,4,3.64,59621000,Essential hypertension (disorder)
2024-04-04T02:42:00Z,2025-04-10T02:42:00Z,78dffa97-f7ab-361c-e8b2-9193afdbf2ab,b046940f-1664-3047-bca7-dfa76be352a4,dbc62991-d585-da4a-b6b4-c2ab6aee2ee4,308136,amLODIPine 2.5 MG Oral Tablet,1.37,0.00,4,5.48,59621000,Essential hypertension (disorder)
2025-02-16T04:08:32Z,2025-03-09T04:08:32Z,78dffa97-f7ab-361c-e8b2-9193afdbf2ab,b046940f-1664-3047-bca7-dfa76be352a4,e6208c7a-8912-8233-fc1b-f2bc8ac2f866,310965,Ibuprofen 200 MG Oral Tablet,24.34,0.00,1,24.34,,
2025-04-10T02:42:00Z,,78dffa97-f7ab-361c-e8b2-9193afdbf2ab,b046940f-1664-3047-bca7-dfa76be352a4,77e06108-3692-8619-5741-e98b4998f68a,314076,lisinopril 10 MG Oral Tablet,0.91,0.00,2,1.82,59621000,Essential hypertension (disorder)
2024-02-24T01:17:30Z,2024-03-02T01:17:30Z,2e23caa4-d831-1f47-c522-0518bab7bd3d,a735bf55-83e9-331a-899d-a82a60b9f60c,5dc2f599-02bf-9c18-3583-9b62d6149728,310798,Hydrochlorothiazide 25 MG Oral Tablet,0.45,0.36,1,0.45,59621000,Essential hypertension (disorder)
2024-02-24T01:17:30Z,2024-03-02T01:17:30Z,2e23caa4-d831-1f47-c522-0518bab7bd3d,a735bf55-83e9-331a-899d-a82a60b9f60c,5dc2f599-02bf-9c18-3583-9b62d6149728,2563431,aspirin 81 MG Oral Capsule,129.94,103.95,7,909.58,,
2025-04-10T02:42:00Z,,78dffa97-f7ab-361c-e8b2-9193afdbf2ab,b046940f-1664-3047-bca7-dfa76be352a4,77e06108-3692-8619-5741-e98b4998f68a,308136,amLODIPine 2.5 MG Oral Tablet,1.37,0.00,2,2.74,59621000,Essential hypertension (disorder)
2024-03-02T01:17:30Z,2024-03-23T01:17:30Z,2e23caa4-d831-1f47-c522-0518bab7bd3d,a735bf55-83e9-331a-899d-a82a60b9f60c,c3dbf232-f672-cf05-0742-bdc02952258d,310798,Hydrochlorothiazide 25 MG Oral Tablet,0.45,0.36,1,0.45,59621000,Essential hypertension (disorder)
2009-07-15T17:22:15Z,,3c5a560a-9450-cc9d-9d9e-1e56de16c95c,734afbd6-4794-363b-9bc0-6a3981533ed5,121a64a1-1eca-0458-c85e-54772c7fdfe2,197591,Diazepam 5 MG Oral Tablet,2.28,0.00,200,456.00,128613002,Seizure disorder
2020-05-01T09:48:38Z,,53ab38ed-ddd8-1be9-19b6-ccf6fcf6e5d3,e03e23c9-4df1-3eb6-a62d-f70f02301496,3a2234f7-50fb-5170-9bef-27d1cf13cb6c,1049625,Acetaminophen 325 MG / Oxycodone Hydrochloride 10 MG Oral Tablet [Percocet],129.94,0.00,3,389.82,,
2024-03-02T01:17:30Z,2024-03-23T01:17:30Z,2e23caa4-d831-1f47-c522-0518bab7bd3d,a735bf55-83e9-331a-899d-a82a60b9f60c,c3dbf232-f672-cf05-0742-bdc02952258d,2563431,aspirin 81 MG Oral Capsule,129.94,103.95,21,2728.74,,
1995-01-26T03:42:56Z,,cd38af39-23f7-92a3-1983-ea0af5e7e011,8fa6c185-e44e-3e34-8bd8-39be8694f4ce,e18905eb-5f2f-5e9f-078d-14899d83d664,849574,Naproxen sodium 220 MG Oral Tablet,91.72,0.00,376,34486.72,239872002,Osteoarthritis of hip
2025-06-18T21:54:40Z,2025-06-18T21:54:40Z,78dffa97-f7ab-361c-e8b2-9193afdbf2ab,b046940f-1664-3047-bca7-dfa76be352a4,ae371aa5-6efb-e110-b032-7824c77b3f80,1000126,1 ML medroxyprogesterone acetate 150 MG/ML Injection,10.19,0.00,1,10.19,,
1997-12-10T16:40:18Z,1998-02-11T16:40:18Z,347ceebf-0248-5a56-14f3-e1e8e8ffb73c,d18ef2e6-ef40-324c-be54-34a5ee865625,a4294cd4-4474-98f9-0121-7406f51ebdff,245314,albuterol 5 MG/ML Inhalation Solution,20.63,0.00,1,20.63,87433001,Pulmonary emphysema (disorder)
1997-12-10T16:40:18Z,1998-02-11T16:40:18Z,347ceebf-0248-5a56-14f3-e1e8e8ffb73c,d18ef2e6-ef40-324c-be54-34a5ee865625,a4294cd4-4474-98f9-0121-7406f51ebdff,860975,24 HR Metformin hydrochloride 500 MG Extended Release Oral Tablet,1.70,0.00,2,3.40,44054006,Diabetes mellitus type 2 (disorder)
1997-12-10T16:40:18Z,1998-02-11T16:40:18Z,347ceebf-0248-5a56-14f3-e1e8e8ffb73c,d18ef2e6-ef40-324c-be54-34a5ee865625,a4294cd4-4474-98f9-0121-7406f51ebdff,896209,60 ACTUAT Fluticasone propionate 0.25 MG/ACTUAT / salmeterol 0.05 MG/ACTUAT Dry Powder Inhaler,618.26,583.26,2,1236.52,87433001,Pulmonary emphysema (disorder)
2020-05-01T09:48:38Z,,53ab38ed-ddd8-1be9-19b6-ccf6fcf6e5d3,e03e23c9-4df1-3eb6-a62d-f70f02301496,3a2234f7-50fb-5170-9bef-27d1cf13cb6c,314076,lisinopril 10 MG Oral Tablet,0.91,0.00,1,0.91,59621000,Essential hypertension (disorder)
2020-05-01T09:48:38Z,,53ab38ed-ddd8-1be9-19b6-ccf6fcf6e5d3,e03e23c9-4df1-3eb6-a62d-f70f02301496,3a2234f7-50fb-5170-9bef-27d1cf13cb6c,308136,amLODIPine 2.5 MG Oral Tablet,0.91,0.00,1,0.91,59621000,Essential hypertension (disorder)
1998-01-08T16:40:18Z,1998-01-15T16:40:18Z,347ceebf-0248-5a56-14f3-e1e8e8ffb73c,d18ef2e6-ef40-324c-be54-34a5ee865625,21245406-3d9c-eb1f-28e3-745897ef4a71,856987,Acetaminophen 300 MG / HYDROcodone Bitartrate 5 MG Oral Tablet,0.91,0.00,1,0.91,,
1998-02-11T16:40:18Z,1998-02-18T16:40:18Z,347ceebf-0248-5a56-14f3-e1e8e8ffb73c,d18ef2e6-ef40-324c-be54-34a5ee865625,8a8e1005-3b8b-df83-a063-c71d5a2af6ba,245314,albuterol 5 MG/ML Inhalation Solution,32.89,0.00,1,32.89,87433001,Pulmonary emphysema (disorder)
2024-03-23T01:17:30Z,2024-04-20T01:17:30Z,2e23caa4-d831-1f47-c522-0518bab7bd3d,a735bf55-83e9-331a-899d-a82a60b9f60c,06c6960e-5782-069a-a9f8-2fb2b936fc28,310798,Hydrochlorothiazide 25 MG Oral Tablet,0.45,0.36,1,0.45,59621000,Essential hypertension (disorder)
2024-03-23T01:17:30Z,2024-04-20T01:17:30Z,2e23caa4-d831-1f47-c522-0518bab7bd3d,a735bf55-83e9-331a-899d-a82a60b9f60c,06c6960e-5782-069a-a9f8-2fb2b936fc28,2563431,aspirin 81 MG Oral Capsule,129.94,103.95,28,3638.32,,
1998-02-11T16:40:18Z,1998-02-18T16:40:18Z,347ceebf-0248-5a56-14f3-e1e8e8ffb73c,d18ef2e6-ef40-324c-be54-34a5ee865625,8a8e1005-3b8b-df83-a063-c71d5a2af6ba,860975,24 HR Metformin hydrochloride 500 MG Extended Release Oral Tablet,15.70,0.00,1,15.70,44054006,Diabetes mellitus type 2 (disorder)
1998-02-11T16:40:18Z,1998-02-18T16:40:18Z,347ceebf-0248-5a56-14f3-e1e8e8ffb73c,d18ef2e6-ef40-324c-be54-34a5ee865625,8a8e1005-3b8b-df83-a063-c71d5a2af6ba,896209,60 ACTUAT Fluticasone propionate 0.25 MG/ACTUAT / salmeterol 0.05 MG/ACTUAT Dry Powder Inhaler,123.77,88.77,1,123.77,87433001,Pulmonary emphysema (disorder)
2016-05-17T02:48:04Z,,b0fc3374-c40b-8591-0cc4-d6ffc383e5a4,8fa6c185-e44e-3e34-8bd8-39be8694f4ce,5b9b8180-dada-ba75-4c82-bf47982cdaba,309362,Clopidogrel 75 MG Oral Tablet,240.08,0.00,117,28089.36,,
2016-05-17T02:48:04Z,,b0fc3374-c40b-8591-0cc4-d6ffc383e5a4,8fa6c185-e44e-3e34-8bd8-39be8694f4ce,5b9b8180-dada-ba75-4c82-bf47982cdaba,312961,Simvastatin 20 MG Oral Tablet,131.33,0.00,117,15365.61,,
2016-05-17T02:48:04Z,,b0fc3374-c40b-8591-0cc4-d6ffc383e5a4,8fa6c185-e44e-3e34-8bd8-39be8694f4ce,5b9b8180-dada-ba75-4c82-bf47982cdaba,866412,24 HR metoprolol succinate 100 MG Extended Release Oral Tablet,129.94,0.00,117,15202.98,,
2024-07-23T20:42:19Z,2024-08-18T20:42:19Z,e7f86a5b-05af-8fc8-cbc3-e2a298bda8b8,26aab0cd-6aba-3e1b-ac5b-05c8867e762c,1d1e0319-f8d7-fae3-e5d6-09943130d2a3,313782,Acetaminophen 325 MG Oral Tablet,45.86,0.00,1,45.86,,
1998-02-18T16:40:18Z,1998-04-08T16:40:18Z,347ceebf-0248-5a56-14f3-e1e8e8ffb73c,d18ef2e6-ef40-324c-be54-34a5ee865625,de45403c-7a51-c440-82b6-13e4ca93b627,245314,albuterol 5 MG/ML Inhalation Solution,20.63,0.00,1,20.63,87433001,Pulmonary emphysema (disorder)
2024-04-21T04:14:09Z,2024-05-24T04:14:09Z,cd38af39-23f7-92a3-1983-ea0af5e7e011,8fa6c185-e44e-3e34-8bd8-39be8694f4ce,ddfd9262-d6d4-aaf3-f803-aa1819b2f376,313782,Acetaminophen 325 MG Oral Tablet,114.48,0.00,1,114.48,,
1998-02-18T16:40:18Z,1998-04-08T16:40:18Z,347ceebf-0248-5a56-14f3-e1e8e8ffb73c,d18ef2e6-ef40-324c-be54-34a5ee865625,de45403c-7a51-c440-82b6-13e4ca93b627,860975,24 HR Metformin hydrochloride 500 MG Extended Release Oral Tablet,2.91,0.00,1,2.91,44054006,Diabetes mellitus type 2 (disorder)
1998-02-18T16:40:18Z,1998-04-08T16:40:18Z,347ceebf-0248-5a56-14f3-e1e8e8ffb73c,d18ef2e6-ef40-324c-be54-34a5ee865625,de45403c-7a51-c440-82b6-13e4ca93b627,896209,60 ACTUAT Fluticasone propionate 0.25 MG/ACTUAT / salmeterol 0.05 MG/ACTUAT Dry Powder Inhaler,393.33,358.33,1,393.33,87433001,Pulmonary emphysema (disorder)
2022-08-11T15:36:19Z,2023-02-14T08:22:03Z,d67aaf0a-104d-0854-69b7-24e7894c7e9e,a735bf55-83e9-331a-899d-a82a60b9f60c,a4ad0d6a-e8a0-1a9e-6b15-d177ef8eb5c7,310798,Hydrochlorothiazide 25 MG Oral Tablet,0.60,0.00,2,1.20,59621000,Essential hypertension (disorder)
2024-04-20T01:17:30Z,2024-07-13T01:17:30Z,2e23caa4-d831-1f47-c522-0518bab7bd3d,a735bf55-83e9-331a-899d-a82a60b9f60c,8d3a49ec-416e-e8d6-a9c9-afa96754870d,310798,Hydrochlorothiazide 25 MG Oral Tablet,0.45,0.36,1,0.45,59621000,Essential hypertension (disorder)
2024-04-20T01:17:30Z,2024-07-13T01:17:30Z,2e23caa4-d831-1f47-c522-0518bab7bd3d,a735bf55-83e9-331a-899d-a82a60b9f60c,8d3a49ec-416e-e8d6-a9c9-afa96754870d,2563431,aspirin 81 MG Oral Capsule,129.94,103.95,84,10914.96,,
2016-05-17T02:48:04Z,,b0fc3374-c40b-8591-0cc4-d6ffc383e5a4,8fa6c185-e44e-3e34-8bd8-39be8694f4ce,5b9b8180-dada-ba75-4c82-bf47982cdaba,705129,Nitroglycerin 0.4 MG/ACTUAT Mucosal Spray,15.44,0.00,117,1806.48,,
2022-08-11T15:36:19Z,2023-02-14T08:22:03Z,d67aaf0a-104d-0854-69b7-24e7894c7e9e,a735bf55-83e9-331a-899d-a82a60b9f60c,a4ad0d6a-e8a0-1a9e-6b15-d177ef8eb5c7,314076,lisinopril 10 MG Oral Tablet,0.91,0.00,2,1.82,59621000,Essential hypertension (disorder)
2016-05-31T02:48:04Z,2025-07-22T02:48:04Z,b0fc3374-c40b-8591-0cc4-d6ffc383e5a4,8fa6c185-e44e-3e34-8bd8-39be8694f4ce,2ebb0bc1-f693-5bf5-a2c4-11d1b578c00c,314231,Simvastatin 10 MG Oral Tablet,0.45,0.32,10,4.50,55822004,Hyperlipidemia
2025-10-08T22:14:18Z,2025-10-16T22:14:18Z,3c5a560a-9450-cc9d-9d9e-1e56de16c95c,a735bf55-83e9-331a-899d-a82a60b9f60c,8783a152-e989-272b-fc45-3cdd833af8f7,313782,Acetaminophen 325 MG Oral Tablet,66.62,53.30,1,66.62,10509002,Acute bronchitis (disorder)
1998-03-04T16:40:18Z,1998-03-18T16:40:18Z,347ceebf-0248-5a56-14f3-e1e8e8ffb73c,d18ef2e6-ef40-324c-be54-34a5ee865625,36db2404-9e9a-a540-16af-ae284535f0a7,856987,Acetaminophen 300 MG / HYDROcodone Bitartrate 5 MG Oral Tablet,24.52,0.00,1,24.52,,
2022-08-11T15:36:19Z,2023-02-14T08:22:03Z,d67aaf0a-104d-0854-69b7-24e7894c7e9e,a735bf55-83e9-331a-899d-a82a60b9f60c,a4ad0d6a-e8a0-1a9e-6b15-d177ef8eb5c7,2563431,aspirin 81 MG Oral Capsule,129.94,0.00,186,24168.84,,
2022-08-11T15:36:19Z,2023-02-14T08:22:03Z,d67aaf0a-104d-0854-69b7-24e7894c7e9e,a735bf55-83e9-331a-899d-a82a60b9f60c,a4ad0d6a-e8a0-1a9e-6b15-d177ef8eb5c7,308136,amLODIPine 2.5 MG Oral Tablet,1.37,0.00,2,2.74,59621000,Essential hypertension (disorder)
2024-07-13T01:17:30Z,2024-08-10T01:17:30Z,2e23caa4-d831-1f47-c522-0518bab7bd3d,a735bf55-83e9-331a-899d-a82a60b9f60c,0a2733bb-80ff-cfda-467c-45d18100f109,310798,Hydrochlorothiazide 25 MG Oral Tablet,0.45,0.00,1,0.45,59621000,Essential hypertension (disorder)
2024-07-13T01:17:30Z,2024-08-10T01:17:30Z,2e23caa4-d831-1f47-c522-0518bab7bd3d,a735bf55-83e9-331a-899d-a82a60b9f60c,0a2733bb-80ff-cfda-467c-45d18100f109,2563431,aspirin 81 MG Oral Capsule,129.94,0.00,28,3638.32,,
1998-04-08T16:40:18Z,1998-05-06T16:40:18Z,347ceebf-0248-5a56-14f3-e1e8e8ffb73c,d18ef2e6-ef40-324c-be54-34a5ee865625,fefc7713-7d47-634f-2c21-7f803d691adb,245314,albuterol 5 MG/ML Inhalation Solution,43.30,8.30,1,43.30,87433001,Pulmonary emphysema (disorder)
2023-02-06T08:22:03Z,2023-02-14T08:22:03Z,d67aaf0a-104d-0854-69b7-24e7894c7e9e,a735bf55-83e9-331a-899d-a82a60b9f60c,4a655e55-f3ef-53ec-5df6-b1a9ac69e3bd,313782,Acetaminophen 325 MG Oral Tablet,45.86,0.00,1,45.86,10509002,Acute bronchitis (disorder)
2023-02-14T08:22:03Z,2023-02-16T15:36:19Z,d67aaf0a-104d-0854-69b7-24e7894c7e9e,a735bf55-83e9-331a-899d-a82a60b9f60c,4a655e55-f3ef-53ec-5df6-b1a9ac69e3bd,310798,Hydrochlorothiazide 25 MG Oral Tablet,0.45,0.36,1,0.45,59621000,Essential hypertension (disorder)
2023-02-14T08:22:03Z,2023-02-16T15:36:19Z,d67aaf0a-104d-0854-69b7-24e7894c7e9e,a735bf55-83e9-331a-899d-a82a60b9f60c,4a655e55-f3ef-53ec-5df6-b1a9ac69e3bd,314076,lisinopril 10 MG Oral Tablet,0.91,0.73,1,0.91,59621000,Essential hypertension (disorder)
2024-08-10T01:17:30Z,2024-09-07T01:17:30Z,2e23caa4-d831-1f47-c522-0518bab7bd3d,a735bf55-83e9-331a-899d-a82a60b9f60c,e9e47de6-b21b-54ed-4b26-0df7ff41eb2b,310798,Hydrochlorothiazide 25 MG Oral Tablet,0.45,0.36,1,0.45,59621000,Essential hypertension (disorder)
2023-02-14T08:22:03Z,2023-02-16T15:36:19Z,d67aaf0a-104d-0854-69b7-24e7894c7e9e,a735bf55-83e9-331a-899d-a82a60b9f60c,4a655e55-f3ef-53ec-5df6-b1a9ac69e3bd,2563431,aspirin 81 MG Oral Capsule,129.94,103.95,2,259.88,,
2023-02-14T08:22:03Z,2023-02-16T15:36:19Z,d67aaf0a-104d-0854-69b7-24e7894c7e9e,a735bf55-83e9-331a-899d-a82a60b9f60c,4a655e55-f3ef-53ec-5df6-b1a9ac69e3bd,308136,amLODIPine 2.5 MG Oral Tablet,0.91,0.73,1,0.91,59621000,Essential hypertension (disorder)
1998-04-08T16:40:18Z,1998-05-06T16:40:18Z,347ceebf-0248-5a56-14f3-e1e8e8ffb73c,d18ef2e6-ef40-324c-be54-34a5ee865625,fefc7713-7d47-634f-2c21-7f803d691adb,860975,24 HR Metformin hydrochloride 500 MG Extended Release Oral Tablet,11.34,0.00,1,11.34,44054006,Diabetes mellitus type 2 (disorder)
1998-04-08T16:40:18Z,1998-05-06T16:40:18Z,347ceebf-0248-5a56-14f3-e1e8e8ffb73c,d18ef2e6-ef40-324c-be54-34a5ee865625,fefc7713-7d47-634f-2c21-7f803d691adb,896209,60 ACTUAT Fluticasone propionate 0.25 MG/ACTUAT / salmeterol 0.05 MG/ACTUAT Dry Powder Inhaler,91.72,56.72,1,91.72,87433001,Pulmonary emphysema (disorder)
2023-06-12T07:31:19Z,2023-06-29T07:31:19Z,dd1d9722-c7b2-4159-36a0-7dc09a27273d,26aab0cd-6aba-3e1b-ac5b-05c8867e762c,82d05c3c-6ed3-fffd-eb2c-6767dd790ff1,313782,Acetaminophen 325 MG Oral Tablet,138.61,0.00,1,138.61,10509002,Acute bronchitis (disorder)
2023-02-16T15:36:19Z,2023-08-17T15:36:19Z,d67aaf0a-104d-0854-69b7-24e7894c7e9e,a735bf55-83e9-331a-899d-a82a60b9f60c,759700a0-3389-f917-4c4c-a54b47cbe09c,310798,Hydrochlorothiazide 25 MG Oral Tablet,0.74,0.59,2,1.48,59621000,Essential hypertension (disorder)
2024-08-10T01:17:30Z,2024-09-07T01:17:30Z,2e23caa4-d831-1f47-c522-0518bab7bd3d,a735bf55-83e9-331a-899d-a82a60b9f60c,e9e47de6-b21b-54ed-4b26-0df7ff41eb2b,2563431,aspirin 81 MG Oral Capsule,129.94,103.95,28,3638.32,,
2023-02-16T15:36:19Z,2023-08-17T15:36:19Z,d67aaf0a-104d-0854-69b7-24e7894c7e9e,a735bf55-83e9-331a-899d-a82a60b9f60c,759700a0-3389-f917-4c4c-a54b47cbe09c,314076,lisinopril 10 MG Oral Tablet,0.91,0.73,2,1.82,59621000,Essential hypertension (disorder)
2022-06-29T02:48:04Z,2023-06-29T02:48:04Z,b0fc3374-c40b-8591-0cc4-d6ffc383e5a4,734afbd6-4794-363b-9bc0-6a3981533ed5,bc1ee3b8-9769-c8f0-4852-7dc0880d8fce,314231,Simvastatin 10 MG Oral Tablet,0.37,0.30,12,4.44,55822004,Hyperlipidemia
2023-02-16T15:36:19Z,2023-08-17T15:36:19Z,d67aaf0a-104d-0854-69b7-24e7894c7e9e,a735bf55-83e9-331a-899d-a82a60b9f60c,759700a0-3389-f917-4c4c-a54b47cbe09c,2563431,aspirin 81 MG Oral Capsule,129.94,103.95,182,23649.08,,
2023-02-16T15:36:19Z,2023-08-17T15:36:19Z,d67aaf0a-104d-0854-69b7-24e7894c7e9e,a735bf55-83e9-331a-899d-a82a60b9f60c,759700a0-3389-f917-4c4c-a54b47cbe09c,308136,amLODIPine 2.5 MG Oral Tablet,1.37,1.10,2,2.74,59621000,Essential hypertension (disorder)
2022-12-27T02:48:04Z,2023-06-20T02:48:04Z,b0fc3374-c40b-8591-0cc4-d6ffc383e5a4,734afbd6-4794-363b-9bc0-6a3981533ed5,9872d6ea-7da3-8daa-61c1-ea0f93ad21f2,106892,insulin isophane  human 70 UNT/ML / insulin  regular  human 30 UNT/ML Injectable Suspension [Humulin],157.89,0.00,5,789.45,15777000,Prediabetes
2023-08-17T15:36:19Z,2024-08-22T15:36:19Z,d67aaf0a-104d-0854-69b7-24e7894c7e9e,a735bf55-83e9-331a-899d-a82a60b9f60c,3e52c120-d508-906f-d619-4897263d03ed,310798,Hydrochlorothiazide 25 MG Oral Tablet,0.66,0.53,4,2.64,59621000,Essential hypertension (disorder)
2022-12-27T02:48:04Z,2023-06-20T02:48:04Z,b0fc3374-c40b-8591-0cc4-d6ffc383e5a4,734afbd6-4794-363b-9bc0-6a3981533ed5,9872d6ea-7da3-8daa-61c1-ea0f93ad21f2,310798,Hydrochlorothiazide 25 MG Oral Tablet,0.49,0.00,1,0.49,59621000,Essential hypertension (disorder)
1998-04-29T16:40:18Z,1998-05-27T16:40:18Z,347ceebf-0248-5a56-14f3-e1e8e8ffb73c,d18ef2e6-ef40-324c-be54-34a5ee865625,509dbd00-aa4e-62a2-6a59-71c0fae582e4,1860154,Abuse-Deterrent 12 HR Oxycodone Hydrochloride 15 MG Extended Release Oral Tablet,45.86,10.86,1,45.86,,
2022-12-27T02:48:04Z,2023-06-20T02:48:04Z,b0fc3374-c40b-8591-0cc4-d6ffc383e5a4,734afbd6-4794-363b-9bc0-6a3981533ed5,9872d6ea-7da3-8daa-61c1-ea0f93ad21f2,1049504,Abuse-Deterrent 12 HR Oxycodone Hydrochloride 10 MG Extended Release Oral Tablet [Oxycontin],129.94,0.00,3,389.82,,
2022-12-27T02:48:04Z,2023-06-20T02:48:04Z,b0fc3374-c40b-8591-0cc4-d6ffc383e5a4,734afbd6-4794-363b-9bc0-6a3981533ed5,9872d6ea-7da3-8daa-61c1-ea0f93ad21f2,1664463,24 HR tacrolimus 1 MG Extended Release Oral Tablet,129.94,0.00,1,129.94,161665007,History of renal transplant (situation)
2024-09-07T01:17:30Z,2024-10-12T01:17:30Z,2e23caa4-d831-1f47-c522-0518bab7bd3d,a735bf55-83e9-331a-899d-a82a60b9f60c,212fc76e-c818-cc3a-bba8-76c2c383e976,310798,Hydrochlorothiazide 25 MG Oral Tablet,0.84,0.67,1,0.84,59621000,Essential hypertension (disorder)
2023-08-17T15:36:19Z,2024-08-22T15:36:19Z,d67aaf0a-104d-0854-69b7-24e7894c7e9e,a735bf55-83e9-331a-899d-a82a60b9f60c,3e52c120-d508-906f-d619-4897263d03ed,314076,lisinopril 10 MG Oral Tablet,0.91,0.73,4,3.64,59621000,Essential hypertension (disorder)
2023-08-17T15:36:19Z,2024-08-22T15:36:19Z,d67aaf0a-104d-0854-69b7-24e7894c7e9e,a735bf55-83e9-331a-899d-a82a60b9f60c,3e52c120-d508-906f-d619-4897263d03ed,2563431,aspirin 81 MG Oral Capsule,129.94,103.95,371,48207.74,,
2023-08-17T15:36:19Z,2024-08-22T15:36:19Z,d67aaf0a-104d-0854-69b7-24e7894c7e9e,a735bf55-83e9-331a-899d-a82a60b9f60c,3e52c120-d508-906f-d619-4897263d03ed,308136,amLODIPine 2.5 MG Oral Tablet,1.37,1.10,4,5.48,59621000,Essential hypertension (disorder)
2024-09-07T01:17:30Z,2024-10-12T01:17:30Z,2e23caa4-d831-1f47-c522-0518bab7bd3d,a735bf55-83e9-331a-899d-a82a60b9f60c,212fc76e-c818-cc3a-bba8-76c2c383e976,2563431,aspirin 81 MG Oral Capsule,129.94,103.95,35,4547.90,,
2022-12-27T02:48:04Z,2023-06-20T02:48:04Z,b0fc3374-c40b-8591-0cc4-d6ffc383e5a4,734afbd6-4794-363b-9bc0-6a3981533ed5,9872d6ea-7da3-8daa-61c1-ea0f93ad21f2,835603,tramadol hydrochloride 50 MG Oral Tablet,129.94,0.00,3,389.82,,
2022-01-29T01:54:36Z,2023-02-04T01:54:36Z,0e7809bd-be4e-ed66-9589-9253b729e37b,a735bf55-83e9-331a-899d-a82a60b9f60c,0d8ee8af-bec8-52ab-7a44-2af91abe65da,314076,lisinopril 10 MG Oral Tablet,0.91,0.00,4,3.64,59621000,Essential hypertension (disorder)
2022-01-29T01:54:36Z,2023-02-04T01:54:36Z,0e7809bd-be4e-ed66-9589-9253b729e37b,a735bf55-83e9-331a-899d-a82a60b9f60c,0d8ee8af-bec8-52ab-7a44-2af91abe65da,308136,amLODIPine 2.5 MG Oral Tablet,1.37,0.00,4,5.48,59621000,Essential hypertension (disorder)
2024-05-25T18:34:25Z,2024-07-02T15:36:19Z,d67aaf0a-104d-0854-69b7-24e7894c7e9e,a735bf55-83e9-331a-899d-a82a60b9f60c,48269b13-6cb9-f290-4c53-755ea7d94eac,861467,Meperidine Hydrochloride 50 MG Oral Tablet,66.24,0.00,2,132.48,,
2024-10-12T01:17:30Z,2025-02-01T01:17:30Z,2e23caa4-d831-1f47-c522-0518bab7bd3d,a735bf55-83e9-331a-899d-a82a60b9f60c,65472bc4-1736-b2cb-6015-573a19e0f418,310798,Hydrochlorothiazide 25 MG Oral Tablet,0.45,0.36,1,0.45,59621000,Essential hypertension (disorder)
2023-02-04T01:54:36Z,2024-02-10T01:54:36Z,0e7809bd-be4e-ed66-9589-9253b729e37b,a735bf55-83e9-331a-899d-a82a60b9f60c,879ac75f-5646-26f4-1165-502937721574,314076,lisinopril 10 MG Oral Tablet,0.91,0.00,4,3.64,59621000,Essential hypertension (disorder)
2023-02-04T01:54:36Z,2024-02-10T01:54:36Z,0e7809bd-be4e-ed66-9589-9253b729e37b,a735bf55-83e9-331a-899d-a82a60b9f60c,879ac75f-5646-26f4-1165-502937721574,308136,amLODIPine 2.5 MG Oral Tablet,0.91,0.00,4,3.64,59621000,Essential hypertension (disorder)
2024-05-25T18:34:25Z,2024-07-10T18:34:25Z,d67aaf0a-104d-0854-69b7-24e7894c7e9e,a735bf55-83e9-331a-899d-a82a60b9f60c,48269b13-6cb9-f290-4c53-755ea7d94eac,313782,Acetaminophen 325 MG Oral Tablet,111.55,0.00,1,111.55,,
2024-02-10T01:54:36Z,2025-02-15T01:54:36Z,0e7809bd-be4e-ed66-9589-9253b729e37b,a735bf55-83e9-331a-899d-a82a60b9f60c,6fde63ae-1182-b0b8-de8d-e64036bb0f9e,314076,lisinopril 10 MG Oral Tablet,0.91,0.00,4,3.64,59621000,Essential hypertension (disorder)
2024-02-10T01:54:36Z,2025-02-15T01:54:36Z,0e7809bd-be4e-ed66-9589-9253b729e37b,a735bf55-83e9-331a-899d-a82a60b9f60c,6fde63ae-1182-b0b8-de8d-e64036bb0f9e,308136,amLODIPine 2.5 MG Oral Tablet,0.91,0.00,4,3.64,59621000,Essential hypertension (disorder)
2022-12-27T02:48:04Z,2023-06-20T02:48:04Z,b0fc3374-c40b-8591-0cc4-d6ffc383e5a4,734afbd6-4794-363b-9bc0-6a3981533ed5,9872d6ea-7da3-8daa-61c1-ea0f93ad21f2,1860491,12 HR Hydrocodone Bitartrate 10 MG Extended Release Oral Capsule,129.94,0.00,3,389.82,,
2022-12-27T02:48:04Z,2023-06-20T02:48:04Z,b0fc3374-c40b-8591-0cc4-d6ffc383e5a4,734afbd6-4794-363b-9bc0-6a3981533ed5,9872d6ea-7da3-8daa-61c1-ea0f93ad21f2,308136,amLODIPine 2.5 MG Oral Tablet,1.37,0.00,1,1.37,59621000,Essential hypertension (disorder)
2022-04-01T12:38:00Z,2023-04-07T12:38:00Z,a2207c71-4aba-4c37-25c3-105cf692d053,a735bf55-83e9-331a-899d-a82a60b9f60c,3f6d4591-a4b3-8dfa-7980-47f4003a23fb,993770,Acetaminophen 300 MG / Codeine Phosphate 15 MG Oral Tablet,129.94,103.95,3,389.82,,
2022-04-01T12:38:00Z,2023-04-07T12:38:00Z,a2207c71-4aba-4c37-25c3-105cf692d053,a735bf55-83e9-331a-899d-a82a60b9f60c,3f6d4591-a4b3-8dfa-7980-47f4003a23fb,206905,Ibuprofen 400 MG Oral Tablet [Ibu],129.94,103.95,3,389.82,,
2022-04-01T12:38:00Z,2023-04-07T12:38:00Z,a2207c71-4aba-4c37-25c3-105cf692d053,a735bf55-83e9-331a-899d-a82a60b9f60c,3f6d4591-a4b3-8dfa-7980-47f4003a23fb,835603,tramadol hydrochloride 50 MG Oral Tablet,129.94,103.95,3,389.82,,
2024-10-12T01:17:30Z,2025-02-01T01:17:30Z,2e23caa4-d831-1f47-c522-0518bab7bd3d,a735bf55-83e9-331a-899d-a82a60b9f60c,65472bc4-1736-b2cb-6015-573a19e0f418,2563431,aspirin 81 MG Oral Capsule,129.94,103.95,112,14553.28,,
1987-05-28T14:54:24Z,,e75db126-8dde-60d4-e111-cc2b4a619726,e03e23c9-4df1-3eb6-a62d-f70f02301496,9a2dd285-ec20-0c14-f89a-5bf2dc7e8e0b,477045,Chlorpheniramine Maleate 2 MG/ML Oral Solution,149.95,0.00,469,70326.55,,
1977-04-08T13:06:04Z,,5e30f14c-15ab-b668-fb6f-03fb3c3f4e66,a735bf55-83e9-331a-899d-a82a60b9f60c,7e744f06-a067-1e4d-8454-743dc7d286be,477045,Chlorpheniramine Maleate 2 MG/ML Oral Solution,91.93,73.54,593,54514.49,,
1998-05-06T16:40:18Z,1998-06-03T16:40:18Z,347ceebf-0248-5a56-14f3-e1e8e8ffb73c,d18ef2e6-ef40-324c-be54-34a5ee865625,94d1b891-042e-8cf6-4a1d-82f9759c205f,245314,albuterol 5 MG/ML Inhalation Solution,57.07,22.07,1,57.07,87433001,Pulmonary emphysema (disorder)
1998-05-06T16:40:18Z,1998-06-03T16:40:18Z,347ceebf-0248-5a56-14f3-e1e8e8ffb73c,d18ef2e6-ef40-324c-be54-34a5ee865625,94d1b891-042e-8cf6-4a1d-82f9759c205f,860975,24 HR Metformin hydrochloride 500 MG Extended Release Oral Tablet,5.44,0.00,1,5.44,44054006,Diabetes mellitus type 2 (disorder)
1998-05-06T16:40:18Z,1998-06-03T16:40:18Z,347ceebf-0248-5a56-14f3-e1e8e8ffb73c,d18ef2e6-ef40-324c-be54-34a5ee865625,94d1b891-042e-8cf6-4a1d-82f9759c205f,896209,60 ACTUAT Fluticasone propionate 0.25 MG/ACTUAT / salmeterol 0.05 MG/ACTUAT Dry Powder Inhaler,151.09,116.09,1,151.09,87433001,Pulmonary emphysema (disorder)
1987-05-28T14:54:24Z,,e75db126-8dde-60d4-e111-cc2b4a619726,e03e23c9-4df1-3eb6-a62d-f70f02301496,9a2dd285-ec20-0c14-f89a-5bf2dc7e8e0b,1870230,NDA020800 0.3 ML Epinephrine 1 MG/ML Auto-Injector,43.67,0.00,469,20481.23,,
2023-06-20T02:48:04Z,2023-07-25T02:48:04Z,b0fc3374-c40b-8591-0cc4-d6ffc383e5a4,734afbd6-4794-363b-9bc0-6a3981533ed5,ae855fd2-1001-c7ea-7bf2-bdfc1f49ab10,106892,insulin isophane  human 70 UNT/ML / insulin  regular  human 30 UNT/ML Injectable Suspension [Humulin],507.86,406.29,1,507.86,15777000,Prediabetes
2023-06-20T02:48:04Z,2023-07-25T02:48:04Z,b0fc3374-c40b-8591-0cc4-d6ffc383e5a4,734afbd6-4794-363b-9bc0-6a3981533ed5,ae855fd2-1001-c7ea-7bf2-bdfc1f49ab10,310798,Hydrochlorothiazide 25 MG Oral Tablet,0.91,0.73,1,0.91,59621000,Essential hypertension (disorder)
2023-06-20T02:48:04Z,2023-07-25T02:48:04Z,b0fc3374-c40b-8591-0cc4-d6ffc383e5a4,734afbd6-4794-363b-9bc0-6a3981533ed5,ae855fd2-1001-c7ea-7bf2-bdfc1f49ab10,1049504,Abuse-Deterrent 12 HR Oxycodone Hydrochloride 10 MG Extended Release Oral Tablet [Oxycontin],129.94,103.95,3,389.82,,
2023-06-20T02:48:04Z,2023-07-25T02:48:04Z,b0fc3374-c40b-8591-0cc4-d6ffc383e5a4,734afbd6-4794-363b-9bc0-6a3981533ed5,ae855fd2-1001-c7ea-7bf2-bdfc1f49ab10,1664463,24 HR tacrolimus 1 MG Extended Release Oral Tablet,129.94,103.95,1,129.94,161665007,History of renal transplant (situation)
2023-06-20T02:48:04Z,2023-07-25T02:48:04Z,b0fc3374-c40b-8591-0cc4-d6ffc383e5a4,734afbd6-4794-363b-9bc0-6a3981533ed5,ae855fd2-1001-c7ea-7bf2-bdfc1f49ab10,835603,tramadol hydrochloride 50 MG Oral Tablet,129.94,103.95,3,389.82,,
2023-06-20T02:48:04Z,2023-07-25T02:48:04Z,b0fc3374-c40b-8591-0cc4-d6ffc383e5a4,734afbd6-4794-363b-9bc0-6a3981533ed5,ae855fd2-1001-c7ea-7bf2-bdfc1f49ab10,1860491,12 HR Hydrocodone Bitartrate 10 MG Extended Release Oral Capsule,129.94,103.95,3,389.82,,
2023-06-20T02:48:04Z,2023-07-25T02:48:04Z,b0fc3374-c40b-8591-0cc4-d6ffc383e5a4,734afbd6-4794-363b-9bc0-6a3981533ed5,ae855fd2-1001-c7ea-7bf2-bdfc1f49ab10,308136,amLODIPine 2.5 MG Oral Tablet,1.37,1.10,1,1.37,59621000,Essential hypertension (disorder)
2024-08-22T15:36:19Z,2025-08-28T15:36:19Z,d67aaf0a-104d-0854-69b7-24e7894c7e9e,a735bf55-83e9-331a-899d-a82a60b9f60c,358a562d-c13f-1311-c57d-db80c9407b7d,310798,Hydrochlorothiazide 25 MG Oral Tablet,0.45,0.36,4,1.80,59621000,Essential hypertension (disorder)
2023-06-29T02:48:04Z,2024-07-09T02:48:04Z,b0fc3374-c40b-8591-0cc4-d6ffc383e5a4,734afbd6-4794-363b-9bc0-6a3981533ed5,0c26e40a-b9e7-ca2d-8f85-a15be0b246fe,314231,Simvastatin 10 MG Oral Tablet,0.45,0.36,12,5.40,55822004,Hyperlipidemia
2022-08-13T06:22:54Z,2023-08-19T06:22:54Z,e75db126-8dde-60d4-e111-cc2b4a619726,b046940f-1664-3047-bca7-dfa76be352a4,ab66d5b3-1104-f105-9595-1a89e107fc5b,979485,losartan potassium 25 MG Oral Tablet,3.35,0.00,4,13.40,59621000,Essential hypertension (disorder)
2022-08-13T06:22:54Z,2023-08-19T06:22:54Z,e75db126-8dde-60d4-e111-cc2b4a619726,b046940f-1664-3047-bca7-dfa76be352a4,ab66d5b3-1104-f105-9595-1a89e107fc5b,310798,Hydrochlorothiazide 25 MG Oral Tablet,0.45,0.00,4,1.80,59621000,Essential hypertension (disorder)
2023-08-19T06:22:54Z,2024-08-24T06:22:54Z,e75db126-8dde-60d4-e111-cc2b4a619726,b046940f-1664-3047-bca7-dfa76be352a4,7009635a-7bd4-57e9-c5b3-86ab465208b9,979485,losartan potassium 25 MG Oral Tablet,1.37,0.00,4,5.48,59621000,Essential hypertension (disorder)
2023-08-19T06:22:54Z,2024-08-24T06:22:54Z,e75db126-8dde-60d4-e111-cc2b4a619726,b046940f-1664-3047-bca7-dfa76be352a4,7009635a-7bd4-57e9-c5b3-86ab465208b9,310798,Hydrochlorothiazide 25 MG Oral Tablet,0.45,0.00,4,1.80,59621000,Essential hypertension (disorder)
2023-04-07T12:38:00Z,2024-04-12T12:38:00Z,a2207c71-4aba-4c37-25c3-105cf692d053,a735bf55-83e9-331a-899d-a82a60b9f60c,2878bc4d-ed4d-8300-8cea-f3b7bb00584a,993770,Acetaminophen 300 MG / Codeine Phosphate 15 MG Oral Tablet,129.94,0.00,3,389.82,,
2025-02-15T01:54:36Z,2025-03-08T01:54:36Z,0e7809bd-be4e-ed66-9589-9253b729e37b,a735bf55-83e9-331a-899d-a82a60b9f60c,04a1519d-9fee-7f13-ad12-2c44d3253d2e,314076,lisinopril 10 MG Oral Tablet,0.91,0.00,1,0.91,59621000,Essential hypertension (disorder)
2025-02-15T01:54:36Z,2025-03-08T01:54:36Z,0e7809bd-be4e-ed66-9589-9253b729e37b,a735bf55-83e9-331a-899d-a82a60b9f60c,04a1519d-9fee-7f13-ad12-2c44d3253d2e,308136,amLODIPine 2.5 MG Oral Tablet,0.91,0.00,1,0.91,59621000,Essential hypertension (disorder)
2025-02-28T07:31:39Z,2025-03-15T07:31:39Z,0e7809bd-be4e-ed66-9589-9253b729e37b,a735bf55-83e9-331a-899d-a82a60b9f60c,95c79d5b-95f3-5e12-8c51-502180c61d37,313782,Acetaminophen 325 MG Oral Tablet,69.18,55.34,1,69.18,10509002,Acute bronchitis (disorder)
2024-08-24T06:22:54Z,2025-08-30T06:22:54Z,e75db126-8dde-60d4-e111-cc2b4a619726,b046940f-1664-3047-bca7-dfa76be352a4,6ecb0e2a-617c-b21c-4802-b3d2f572af34,979485,losartan potassium 25 MG Oral Tablet,2.06,0.00,4,8.24,59621000,Essential hypertension (disorder)
2024-08-22T15:36:19Z,2025-08-28T15:36:19Z,d67aaf0a-104d-0854-69b7-24e7894c7e9e,a735bf55-83e9-331a-899d-a82a60b9f60c,358a562d-c13f-1311-c57d-db80c9407b7d,314076,lisinopril 10 MG Oral Tablet,0.91,0.73,4,3.64,59621000,Essential hypertension (disorder)
2024-08-22T15:36:19Z,2025-08-28T15:36:19Z,d67aaf0a-104d-0854-69b7-24e7894c7e9e,a735bf55-83e9-331a-899d-a82a60b9f60c,358a562d-c13f-1311-c57d-db80c9407b7d,2563431,aspirin 81 MG Oral Capsule,129.94,103.95,371,48207.74,,
2023-07-25T02:48:04Z,2024-03-26T02:48:04Z,b0fc3374-c40b-8591-0cc4-d6ffc383e5a4,734afbd6-4794-363b-9bc0-6a3981533ed5,43bfc687-e6e8-991a-4c5b-3b38704659d4,106892,insulin isophane  human 70 UNT/ML / insulin  regular  human 30 UNT/ML Injectable Suspension [Humulin],355.45,284.36,8,2843.60,15777000,Prediabetes
2024-08-22T15:36:19Z,2025-08-28T15:36:19Z,d67aaf0a-104d-0854-69b7-24e7894c7e9e,a735bf55-83e9-331a-899d-a82a60b9f60c,358a562d-c13f-1311-c57d-db80c9407b7d,308136,amLODIPine 2.5 MG Oral Tablet,0.91,0.73,4,3.64,59621000,Essential hypertension (disorder)
2022-03-27T17:11:07Z,2023-04-02T17:11:07Z,655a5138-756a-96c7-5817-488df07b7be7,b046940f-1664-3047-bca7-dfa76be352a4,9e54b902-4916-2ffe-5bba-97d781424077,895996,120 ACTUAT fluticasone propionate 0.044 MG/ACTUAT Metered Dose Inhaler [Flovent],129.94,0.00,1,129.94,233678006,Childhood asthma
2024-08-24T06:22:54Z,2025-08-30T06:22:54Z,e75db126-8dde-60d4-e111-cc2b4a619726,b046940f-1664-3047-bca7-dfa76be352a4,6ecb0e2a-617c-b21c-4802-b3d2f572af34,310798,Hydrochlorothiazide 25 MG Oral Tablet,0.45,0.00,4,1.80,59621000,Essential hypertension (disorder)
2022-03-27T17:11:07Z,2023-04-02T17:11:07Z,655a5138-756a-96c7-5817-488df07b7be7,b046940f-1664-3047-bca7-dfa76be352a4,9e54b902-4916-2ffe-5bba-97d781424077,630208,albuterol 0.83 MG/ML Inhalation Solution,129.94,0.00,1,129.94,233678006,Childhood asthma
2023-07-25T02:48:04Z,2024-03-26T02:48:04Z,b0fc3374-c40b-8591-0cc4-d6ffc383e5a4,734afbd6-4794-363b-9bc0-6a3981533ed5,43bfc687-e6e8-991a-4c5b-3b38704659d4,310798,Hydrochlorothiazide 25 MG Oral Tablet,0.45,0.36,2,0.90,59621000,Essential hypertension (disorder)
1998-06-03T16:40:18Z,1998-06-17T16:40:18Z,347ceebf-0248-5a56-14f3-e1e8e8ffb73c,d18ef2e6-ef40-324c-be54-34a5ee865625,392a6467-29ac-2a44-eb12-be637802e75d,245314,albuterol 5 MG/ML Inhalation Solution,96.31,61.31,1,96.31,87433001,Pulmonary emphysema (disorder)
2023-04-07T12:38:00Z,2024-04-12T12:38:00Z,a2207c71-4aba-4c37-25c3-105cf692d053,a735bf55-83e9-331a-899d-a82a60b9f60c,2878bc4d-ed4d-8300-8cea-f3b7bb00584a,206905,Ibuprofen 400 MG Oral Tablet [Ibu],129.94,21.50,3,389.82,,
2025-02-01T01:17:30Z,2025-04-05T01:17:30Z,2e23caa4-d831-1f47-c522-0518bab7bd3d,a735bf55-83e9-331a-899d-a82a60b9f60c,fcf15d33-db10-86a4-d84b-4311c29c7a11,310798,Hydrochlorothiazide 25 MG Oral Tablet,0.45,0.36,1,0.45,59621000,Essential hypertension (disorder)
1998-06-03T16:40:18Z,1998-06-17T16:40:18Z,347ceebf-0248-5a56-14f3-e1e8e8ffb73c,d18ef2e6-ef40-324c-be54-34a5ee865625,392a6467-29ac-2a44-eb12-be637802e75d,860975,24 HR Metformin hydrochloride 500 MG Extended Release Oral Tablet,0.20,0.00,1,0.20,44054006,Diabetes mellitus type 2 (disorder)
2023-04-07T12:38:00Z,2024-04-12T12:38:00Z,a2207c71-4aba-4c37-25c3-105cf692d053,a735bf55-83e9-331a-899d-a82a60b9f60c,2878bc4d-ed4d-8300-8cea-f3b7bb00584a,835603,tramadol hydrochloride 50 MG Oral Tablet,129.94,103.95,3,389.82,,
2023-07-25T02:48:04Z,2024-03-26T02:48:04Z,b0fc3374-c40b-8591-0cc4-d6ffc383e5a4,734afbd6-4794-363b-9bc0-6a3981533ed5,43bfc687-e6e8-991a-4c5b-3b38704659d4,1049504,Abuse-Deterrent 12 HR Oxycodone Hydrochloride 10 MG Extended Release Oral Tablet [Oxycontin],129.94,103.95,3,389.82,,
2023-07-25T02:48:04Z,2024-03-26T02:48:04Z,b0fc3374-c40b-8591-0cc4-d6ffc383e5a4,734afbd6-4794-363b-9bc0-6a3981533ed5,43bfc687-e6e8-991a-4c5b-3b38704659d4,1664463,24 HR tacrolimus 1 MG Extended Release Oral Tablet,129.94,103.95,2,259.88,161665007,History of renal transplant (situation)
2023-07-25T02:48:04Z,2024-03-26T02:48:04Z,b0fc3374-c40b-8591-0cc4-d6ffc383e5a4,734afbd6-4794-363b-9bc0-6a3981533ed5,43bfc687-e6e8-991a-4c5b-3b38704659d4,835603,tramadol hydrochloride 50 MG Oral Tablet,129.94,103.95,3,389.82,,
2023-04-02T17:11:07Z,2023-07-30T17:11:07Z,655a5138-756a-96c7-5817-488df07b7be7,b046940f-1664-3047-bca7-dfa76be352a4,a501c0b2-04f0-37fc-efb4-41d00e013746,895996,120 ACTUAT fluticasone propionate 0.044 MG/ACTUAT Metered Dose Inhaler [Flovent],129.94,0.00,1,129.94,233678006,Childhood asthma
2025-08-28T15:36:19Z,,d67aaf0a-104d-0854-69b7-24e7894c7e9e,a735bf55-83e9-331a-899d-a82a60b9f60c,18e0e46c-ca67-1819-8c6d-4da216de0f8e,310798,Hydrochlorothiazide 25 MG Oral Tablet,0.45,0.00,1,0.45,59621000,Essential hypertension (disorder)
1998-06-03T16:40:18Z,1998-06-17T16:40:18Z,347ceebf-0248-5a56-14f3-e1e8e8ffb73c,d18ef2e6-ef40-324c-be54-34a5ee865625,392a6467-29ac-2a44-eb12-be637802e75d,896209,60 ACTUAT Fluticasone propionate 0.25 MG/ACTUAT / salmeterol 0.05 MG/ACTUAT Dry Powder Inhaler,91.72,56.72,1,91.72,87433001,Pulmonary emphysema (disorder)
2025-02-01T01:17:30Z,2025-04-05T01:17:30Z,2e23caa4-d831-1f47-c522-0518bab7bd3d,a735bf55-83e9-331a-899d-a82a60b9f60c,fcf15d33-db10-86a4-d84b-4311c29c7a11,2563431,aspirin 81 MG Oral Capsule,129.94,103.95,63,8186.22,,
2020-06-04T13:06:04Z,,5e30f14c-15ab-b668-fb6f-03fb3c3f4e66,8fa6c185-e44e-3e34-8bd8-39be8694f4ce,aa06a1f4-6026-702e-1631-9b086ce91d43,309362,Clopidogrel 75 MG Oral Tablet,70.18,0.00,67,4702.06,,
2020-06-04T13:06:04Z,,5e30f14c-15ab-b668-fb6f-03fb3c3f4e66,8fa6c185-e44e-3e34-8bd8-39be8694f4ce,aa06a1f4-6026-702e-1631-9b086ce91d43,312961,Simvastatin 20 MG Oral Tablet,202.69,0.00,67,13580.23,,
2020-06-04T13:06:04Z,,5e30f14c-15ab-b668-fb6f-03fb3c3f4e66,8fa6c185-e44e-3e34-8bd8-39be8694f4ce,aa06a1f4-6026-702e-1631-9b086ce91d43,866412,24 HR metoprolol succinate 100 MG Extended Release Oral Tablet,129.94,0.00,67,8705.98,,
2020-06-04T13:06:04Z,,5e30f14c-15ab-b668-fb6f-03fb3c3f4e66,8fa6c185-e44e-3e34-8bd8-39be8694f4ce,aa06a1f4-6026-702e-1631-9b086ce91d43,705129,Nitroglycerin 0.4 MG/ACTUAT Mucosal Spray,94.89,0.00,67,6357.63,,
2022-06-09T13:06:04Z,2023-06-15T13:06:04Z,5e30f14c-15ab-b668-fb6f-03fb3c3f4e66,8fa6c185-e44e-3e34-8bd8-39be8694f4ce,22f26aad-6396-b53b-61fb-b3aba6ae2013,1049504,Abuse-Deterrent 12 HR Oxycodone Hydrochloride 10 MG Extended Release Oral Tablet [Oxycontin],129.94,0.00,3,389.82,,
2025-04-05T01:17:30Z,2025-11-29T01:17:30Z,2e23caa4-d831-1f47-c522-0518bab7bd3d,a735bf55-83e9-331a-899d-a82a60b9f60c,5e3f2c22-1bd5-5164-9882-160389a8130a,310798,Hydrochlorothiazide 25 MG Oral Tablet,0.75,0.60,2,1.50,59621000,Essential hypertension (disorder)
1998-06-17T16:40:18Z,,347ceebf-0248-5a56-14f3-e1e8e8ffb73c,d18ef2e6-ef40-324c-be54-34a5ee865625,21f02a3e-88db-2e04-6837-3e237fd5fb92,245314,albuterol 5 MG/ML Inhalation Solution,96.31,61.31,1,96.31,87433001,Pulmonary emphysema (disorder)
2024-04-12T12:38:00Z,2025-04-18T12:38:00Z,a2207c71-4aba-4c37-25c3-105cf692d053,a735bf55-83e9-331a-899d-a82a60b9f60c,06924db9-b5ef-ab2f-edb3-4a1a1efa54ce,993770,Acetaminophen 300 MG / Codeine Phosphate 15 MG Oral Tablet,129.94,0.00,3,389.82,,
2023-04-02T17:11:07Z,2023-07-30T17:11:07Z,655a5138-756a-96c7-5817-488df07b7be7,b046940f-1664-3047-bca7-dfa76be352a4,a501c0b2-04f0-37fc-efb4-41d00e013746,630208,albuterol 0.83 MG/ML Inhalation Solution,129.94,0.00,1,129.94,233678006,Childhood asthma
2023-07-25T02:48:04Z,2024-03-26T02:48:04Z,b0fc3374-c40b-8591-0cc4-d6ffc383e5a4,734afbd6-4794-363b-9bc0-6a3981533ed5,43bfc687-e6e8-991a-4c5b-3b38704659d4,1860491,12 HR Hydrocodone Bitartrate 10 MG Extended Release Oral Capsule,129.94,103.95,3,389.82,,
2023-07-25T02:48:04Z,2024-03-26T02:48:04Z,b0fc3374-c40b-8591-0cc4-d6ffc383e5a4,734afbd6-4794-363b-9bc0-6a3981533ed5,43bfc687-e6e8-991a-4c5b-3b38704659d4,308136,amLODIPine 2.5 MG Oral Tablet,0.91,0.73,2,1.82,59621000,Essential hypertension (disorder)
2024-04-12T12:38:00Z,2025-04-18T12:38:00Z,a2207c71-4aba-4c37-25c3-105cf692d053,a735bf55-83e9-331a-899d-a82a60b9f60c,06924db9-b5ef-ab2f-edb3-4a1a1efa54ce,206905,Ibuprofen 400 MG Oral Tablet [Ibu],129.94,21.50,3,389.82,,
2024-04-12T12:38:00Z,2025-04-18T12:38:00Z,a2207c71-4aba-4c37-25c3-105cf692d053,a735bf55-83e9-331a-899d-a82a60b9f60c,06924db9-b5ef-ab2f-edb3-4a1a1efa54ce,835603,tramadol hydrochloride 50 MG Oral Tablet,129.94,103.95,3,389.82,,
1998-06-17T16:40:18Z,,347ceebf-0248-5a56-14f3-e1e8e8ffb73c,d18ef2e6-ef40-324c-be54-34a5ee865625,21f02a3e-88db-2e04-6837-3e237fd5fb92,860975,24 HR Metformin hydrochloride 500 MG Extended Release Oral Tablet,4.45,0.00,1,4.45,44054006,Diabetes mellitus type 2 (disorder)
2025-03-08T01:54:36Z,2025-03-15T01:54:36Z,0e7809bd-be4e-ed66-9589-9253b729e37b,a735bf55-83e9-331a-899d-a82a60b9f60c,cd204a9e-ea1c-a051-9724-0eafdaef65b4,314076,lisinopril 10 MG Oral Tablet,0.91,0.73,1,0.91,59621000,Essential hypertension (disorder)
2025-04-05T01:17:30Z,2025-11-29T01:17:30Z,2e23caa4-d831-1f47-c522-0518bab7bd3d,a735bf55-83e9-331a-899d-a82a60b9f60c,5e3f2c22-1bd5-5164-9882-160389a8130a,2563431,aspirin 81 MG Oral Capsule,129.94,103.95,238,30925.72,,
2022-06-09T13:06:04Z,2023-06-15T13:06:04Z,5e30f14c-15ab-b668-fb6f-03fb3c3f4e66,8fa6c185-e44e-3e34-8bd8-39be8694f4ce,22f26aad-6396-b53b-61fb-b3aba6ae2013,245134,72 HR Fentanyl 0.025 MG/HR Transdermal System,129.94,0.00,3,389.82,,
2025-09-25T10:34:45Z,2025-09-27T00:34:45Z,dd1d9722-c7b2-4159-36a0-7dc09a27273d,26aab0cd-6aba-3e1b-ac5b-05c8867e762c,46f4e1b7-3ba8-1e99-7238-11be4617eace,309309,ciprofloxacin 500 MG Oral Tablet,129.94,0.00,1,129.94,307426000,Acute infective cystitis (disorder)
2022-08-21T03:02:35Z,2023-02-19T03:02:35Z,6c336b6f-4647-45ef-a6a6-3441b20657e2,a735bf55-83e9-331a-899d-a82a60b9f60c,6f14a1a8-a15a-443c-06b1-b81d299261a0,310798,Hydrochlorothiazide 25 MG Oral Tablet,0.45,0.00,2,0.90,59621000,Essential hypertension (disorder)
2022-08-21T03:02:35Z,2023-02-19T03:02:35Z,6c336b6f-4647-45ef-a6a6-3441b20657e2,a735bf55-83e9-331a-899d-a82a60b9f60c,6f14a1a8-a15a-443c-06b1-b81d299261a0,314076,lisinopril 10 MG Oral Tablet,0.91,0.00,2,1.82,59621000,Essential hypertension (disorder)
2025-01-20T00:57:00Z,2025-01-30T07:57:00Z,a45283db-c3ad-8377-de1c-571b3c15a163,0133f751-9229-3cfd-815f-b6d4979bdd6a,3d6aece2-c20f-0858-ad1e-a6bb3f76db12,834061,Penicillin V Potassium 250 MG Oral Tablet,439.22,0.00,1,439.22,43878008,Streptococcal sore throat (disorder)
2025-03-08T01:54:36Z,2025-03-15T01:54:36Z,0e7809bd-be4e-ed66-9589-9253b729e37b,a735bf55-83e9-331a-899d-a82a60b9f60c,cd204a9e-ea1c-a051-9724-0eafdaef65b4,308136,amLODIPine 2.5 MG Oral Tablet,1.37,1.10,1,1.37,59621000,Essential hypertension (disorder)
2023-02-19T03:02:35Z,2023-09-24T03:02:35Z,6c336b6f-4647-45ef-a6a6-3441b20657e2,a735bf55-83e9-331a-899d-a82a60b9f60c,78dda9bb-c53b-1998-70d8-c6f1ac901c9f,310798,Hydrochlorothiazide 25 MG Oral Tablet,0.45,0.36,2,0.90,59621000,Essential hypertension (disorder)
1998-06-17T16:40:18Z,,347ceebf-0248-5a56-14f3-e1e8e8ffb73c,d18ef2e6-ef40-324c-be54-34a5ee865625,21f02a3e-88db-2e04-6837-3e237fd5fb92,896209,60 ACTUAT Fluticasone propionate 0.25 MG/ACTUAT / salmeterol 0.05 MG/ACTUAT Dry Powder Inhaler,191.61,156.61,1,191.61,87433001,Pulmonary emphysema (disorder)
2025-08-28T15:36:19Z,,d67aaf0a-104d-0854-69b7-24e7894c7e9e,a735bf55-83e9-331a-899d-a82a60b9f60c,18e0e46c-ca67-1819-8c6d-4da216de0f8e,314076,lisinopril 10 MG Oral Tablet,0.91,0.00,1,0.91,59621000,Essential hypertension (disorder)
2025-04-18T12:38:00Z,,a2207c71-4aba-4c37-25c3-105cf692d053,a735bf55-83e9-331a-899d-a82a60b9f60c,375c86c7-bb65-39cb-f965-1fe1ec2132f3,993770,Acetaminophen 300 MG / Codeine Phosphate 15 MG Oral Tablet,129.94,0.00,3,389.82,,
2025-04-18T12:38:00Z,,a2207c71-4aba-4c37-25c3-105cf692d053,a735bf55-83e9-331a-899d-a82a60b9f60c,375c86c7-bb65-39cb-f965-1fe1ec2132f3,206905,Ibuprofen 400 MG Oral Tablet [Ibu],129.94,21.50,3,389.82,,
2025-04-18T12:38:00Z,,a2207c71-4aba-4c37-25c3-105cf692d053,a735bf55-83e9-331a-899d-a82a60b9f60c,375c86c7-bb65-39cb-f965-1fe1ec2132f3,835603,tramadol hydrochloride 50 MG Oral Tablet,129.94,103.95,3,389.82,,
2023-02-19T03:02:35Z,2023-09-24T03:02:35Z,6c336b6f-4647-45ef-a6a6-3441b20657e2,a735bf55-83e9-331a-899d-a82a60b9f60c,78dda9bb-c53b-1998-70d8-c6f1ac901c9f,314076,lisinopril 10 MG Oral Tablet,0.91,0.73,2,1.82,59621000,Essential hypertension (disorder)
2025-03-15T01:54:36Z,,0e7809bd-be4e-ed66-9589-9253b729e37b,a735bf55-83e9-331a-899d-a82a60b9f60c,bec105f9-58b8-8ac9-e715-9415c646a62f,314076,lisinopril 10 MG Oral Tablet,0.91,0.73,3,2.73,59621000,Essential hypertension (disorder)
2022-07-28T11:58:50Z,2023-07-23T11:58:50Z,8192ac22-0995-7d3a-1b59-ad21fa05d67a,d31fccc3-1767-390d-966a-22a5156f4219,bb1d7f32-2fcc-2ee0-b68b-7e23b019b781,748879,Levora 0.15/30 28 Day Pack,267.13,0.00,12,3205.56,,
2022-06-09T13:06:04Z,2023-06-15T13:06:04Z,5e30f14c-15ab-b668-fb6f-03fb3c3f4e66,8fa6c185-e44e-3e34-8bd8-39be8694f4ce,22f26aad-6396-b53b-61fb-b3aba6ae2013,835603,tramadol hydrochloride 50 MG Oral Tablet,129.94,0.00,3,389.82,,
2025-08-28T15:36:19Z,,d67aaf0a-104d-0854-69b7-24e7894c7e9e,a735bf55-83e9-331a-899d-a82a60b9f60c,18e0e46c-ca67-1819-8c6d-4da216de0f8e,2563431,aspirin 81 MG Oral Capsule,129.94,0.00,126,16372.44,,
2024-03-26T02:48:04Z,2024-04-02T02:48:04Z,b0fc3374-c40b-8591-0cc4-d6ffc383e5a4,734afbd6-4794-363b-9bc0-6a3981533ed5,b8e78d7b-663f-8ac8-bb2d-35fcf91bb013,106892,insulin isophane  human 70 UNT/ML / insulin  regular  human 30 UNT/ML Injectable Suspension [Humulin],145.30,0.00,1,145.30,15777000,Prediabetes
2022-06-09T13:06:04Z,2023-06-15T13:06:04Z,5e30f14c-15ab-b668-fb6f-03fb3c3f4e66,8fa6c185-e44e-3e34-8bd8-39be8694f4ce,22f26aad-6396-b53b-61fb-b3aba6ae2013,860975,24 HR Metformin hydrochloride 500 MG Extended Release Oral Tablet,8.11,0.00,12,97.32,44054006,Diabetes mellitus type 2 (disorder)
2023-07-30T17:11:07Z,2024-04-07T17:11:07Z,655a5138-756a-96c7-5817-488df07b7be7,b046940f-1664-3047-bca7-dfa76be352a4,63cbe543-3956-5d70-94a3-937e1023066b,895996,120 ACTUAT fluticasone propionate 0.044 MG/ACTUAT Metered Dose Inhaler [Flovent],129.94,0.00,1,129.94,233678006,Childhood asthma
2022-06-09T13:06:04Z,2023-06-15T13:06:04Z,5e30f14c-15ab-b668-fb6f-03fb3c3f4e66,8fa6c185-e44e-3e34-8bd8-39be8694f4ce,22f26aad-6396-b53b-61fb-b3aba6ae2013,856987,Acetaminophen 300 MG / Hydrocodone Bitartrate 5 MG Oral Tablet,55.12,0.00,3,165.36,,
2025-08-28T15:36:19Z,,d67aaf0a-104d-0854-69b7-24e7894c7e9e,a735bf55-83e9-331a-899d-a82a60b9f60c,18e0e46c-ca67-1819-8c6d-4da216de0f8e,308136,amLODIPine 2.5 MG Oral Tablet,0.91,0.00,1,0.91,59621000,Essential hypertension (disorder)
2020-04-14T23:31:19Z,2025-05-07T23:31:19Z,38cc48b8-cb44-1e20-32e8-5b7e5d4bae20,df166300-5a78-3502-a46a-832842197811,c568a26d-e5c2-89ac-0a8b-49f7d66a0bf5,314231,Simvastatin 10 MG Oral Tablet,0.42,0.00,10,4.20,55822004,Hyperlipidemia
2025-03-15T01:54:36Z,,0e7809bd-be4e-ed66-9589-9253b729e37b,a735bf55-83e9-331a-899d-a82a60b9f60c,bec105f9-58b8-8ac9-e715-9415c646a62f,308136,amLODIPine 2.5 MG Oral Tablet,1.37,1.10,3,4.11,59621000,Essential hypertension (disorder)
2022-04-05T23:31:19Z,2023-01-31T23:31:19Z,38cc48b8-cb44-1e20-32e8-5b7e5d4bae20,df166300-5a78-3502-a46a-832842197811,9ebf662f-9947-af23-e92f-858041eac075,856987,Acetaminophen 300 MG / Hydrocodone Bitartrate 5 MG Oral Tablet,16.83,0.00,3,50.49,,
2022-04-26T23:31:19Z,2023-04-26T23:31:19Z,38cc48b8-cb44-1e20-32e8-5b7e5d4bae20,df166300-5a78-3502-a46a-832842197811,1b0b85fb-591c-159d-b740-7486db2e4c9f,314231,Simvastatin 10 MG Oral Tablet,0.30,0.00,12,3.60,55822004,Hyperlipidemia
2023-07-30T17:11:07Z,2024-04-07T17:11:07Z,655a5138-756a-96c7-5817-488df07b7be7,b046940f-1664-3047-bca7-dfa76be352a4,63cbe543-3956-5d70-94a3-937e1023066b,630208,albuterol 0.83 MG/ML Inhalation Solution,129.94,0.00,1,129.94,233678006,Childhood asthma
2024-03-26T02:48:04Z,2024-04-02T02:48:04Z,b0fc3374-c40b-8591-0cc4-d6ffc383e5a4,734afbd6-4794-363b-9bc0-6a3981533ed5,b8e78d7b-663f-8ac8-bb2d-35fcf91bb013,310798,Hydrochlorothiazide 25 MG Oral Tablet,0.45,0.00,1,0.45,59621000,Essential hypertension (disorder)
2023-03-17T11:58:50Z,2023-03-17T11:58:50Z,8192ac22-0995-7d3a-1b59-ad21fa05d67a,d31fccc3-1767-390d-966a-22a5156f4219,d4ebcc56-29b7-e8f0-00c7-334492ca46cb,310798,Hydrochlorothiazide 25 MG Oral Tablet,0.45,0.00,1,0.45,59621000,Essential hypertension (disorder)
2023-03-17T11:58:50Z,2024-03-22T11:58:50Z,8192ac22-0995-7d3a-1b59-ad21fa05d67a,d31fccc3-1767-390d-966a-22a5156f4219,d4ebcc56-29b7-e8f0-00c7-334492ca46cb,310798,Hydrochlorothiazide 25 MG Oral Tablet,0.70,0.00,4,2.80,59621000,Essential hypertension (disorder)
2023-01-31T23:31:19Z,2023-04-11T23:31:19Z,38cc48b8-cb44-1e20-32e8-5b7e5d4bae20,df166300-5a78-3502-a46a-832842197811,30713ef5-a882-41ee-cfa0-ea2b97fca26c,856987,Acetaminophen 300 MG / Hydrocodone Bitartrate 5 MG Oral Tablet,48.75,0.00,3,146.25,,
2024-04-07T17:11:07Z,2024-09-08T17:11:07Z,655a5138-756a-96c7-5817-488df07b7be7,b046940f-1664-3047-bca7-dfa76be352a4,06095487-e999-fef5-c8e5-c585d1f33d9c,895996,120 ACTUAT fluticasone propionate 0.044 MG/ACTUAT Metered Dose Inhaler [Flovent],129.94,0.00,1,129.94,233678006,Childhood asthma
2024-04-07T17:11:07Z,2024-09-08T17:11:07Z,655a5138-756a-96c7-5817-488df07b7be7,b046940f-1664-3047-bca7-dfa76be352a4,06095487-e999-fef5-c8e5-c585d1f33d9c,630208,albuterol 0.83 MG/ML Inhalation Solution,129.94,0.00,1,129.94,233678006,Childhood asthma
2024-08-30T07:11:07Z,2024-09-09T07:11:07Z,655a5138-756a-96c7-5817-488df07b7be7,b046940f-1664-3047-bca7-dfa76be352a4,a070742f-141b-6380-c66a-bd50d9cb665d,834061,Penicillin V Potassium 250 MG Oral Tablet,335.15,0.00,1,335.15,43878008,Streptococcal sore throat (disorder)
2024-03-26T02:48:04Z,2024-04-02T02:48:04Z,b0fc3374-c40b-8591-0cc4-d6ffc383e5a4,734afbd6-4794-363b-9bc0-6a3981533ed5,b8e78d7b-663f-8ac8-bb2d-35fcf91bb013,1049504,Abuse-Deterrent 12 HR Oxycodone Hydrochloride 10 MG Extended Release Oral Tablet [Oxycontin],129.94,0.00,3,389.82,,
2024-03-26T02:48:04Z,2024-04-02T02:48:04Z,b0fc3374-c40b-8591-0cc4-d6ffc383e5a4,734afbd6-4794-363b-9bc0-6a3981533ed5,b8e78d7b-663f-8ac8-bb2d-35fcf91bb013,1664463,24 HR tacrolimus 1 MG Extended Release Oral Tablet,129.94,0.00,1,129.94,161665007,History of renal transplant (situation)
2023-06-15T13:06:04Z,2024-06-20T13:06:04Z,5e30f14c-15ab-b668-fb6f-03fb3c3f4e66,8fa6c185-e44e-3e34-8bd8-39be8694f4ce,20af02f0-bfb1-c1ef-5ce1-32a69ccfe6b1,1049504,Abuse-Deterrent 12 HR Oxycodone Hydrochloride 10 MG Extended Release Oral Tablet [Oxycontin],129.94,129.94,3,389.82,,
2024-09-08T17:11:07Z,2024-09-15T17:11:07Z,655a5138-756a-96c7-5817-488df07b7be7,b046940f-1664-3047-bca7-dfa76be352a4,fe5f1a6b-1059-303d-e5bb-d742a6c14a45,895996,120 ACTUAT fluticasone propionate 0.044 MG/ACTUAT Metered Dose Inhaler [Flovent],129.94,0.00,1,129.94,233678006,Childhood asthma
2023-09-24T03:02:35Z,2024-02-25T03:02:35Z,6c336b6f-4647-45ef-a6a6-3441b20657e2,a735bf55-83e9-331a-899d-a82a60b9f60c,6871e9aa-395d-fc53-7b9d-2b74590488eb,310798,Hydrochlorothiazide 25 MG Oral Tablet,0.76,0.00,1,0.76,59621000,Essential hypertension (disorder)
2025-11-29T01:17:30Z,2025-12-06T01:17:30Z,2e23caa4-d831-1f47-c522-0518bab7bd3d,a735bf55-83e9-331a-899d-a82a60b9f60c,ef374790-6139-d5ba-2c3b-45b0667c1fed,310798,Hydrochlorothiazide 25 MG Oral Tablet,0.45,0.00,1,0.45,59621000,Essential hypertension (disorder)
2023-04-16T11:58:50Z,2024-03-22T11:58:50Z,8192ac22-0995-7d3a-1b59-ad21fa05d67a,d31fccc3-1767-390d-966a-22a5156f4219,37f15826-be95-e84c-01bc-09749c18b082,314076,lisinopril 10 MG Oral Tablet,0.91,0.73,3,2.73,59621000,Essential hypertension (disorder)
2025-11-29T01:17:30Z,2025-12-06T01:17:30Z,2e23caa4-d831-1f47-c522-0518bab7bd3d,a735bf55-83e9-331a-899d-a82a60b9f60c,ef374790-6139-d5ba-2c3b-45b0667c1fed,2563431,aspirin 81 MG Oral Capsule,129.94,0.00,7,909.58,,
2023-09-24T03:02:35Z,2024-02-25T03:02:35Z,6c336b6f-4647-45ef-a6a6-3441b20657e2,a735bf55-83e9-331a-899d-a82a60b9f60c,6871e9aa-395d-fc53-7b9d-2b74590488eb,314076,lisinopril 10 MG Oral Tablet,0.91,0.00,1,0.91,59621000,Essential hypertension (disorder)
2024-09-08T17:11:07Z,2024-09-15T17:11:07Z,655a5138-756a-96c7-5817-488df07b7be7,b046940f-1664-3047-bca7-dfa76be352a4,fe5f1a6b-1059-303d-e5bb-d742a6c14a45,630208,albuterol 0.83 MG/ML Inhalation Solution,129.94,0.00,1,129.94,233678006,Childhood asthma
2023-06-15T13:06:04Z,2024-06-20T13:06:04Z,5e30f14c-15ab-b668-fb6f-03fb3c3f4e66,8fa6c185-e44e-3e34-8bd8-39be8694f4ce,20af02f0-bfb1-c1ef-5ce1-32a69ccfe6b1,245134,72 HR Fentanyl 0.025 MG/HR Transdermal System,129.94,129.94,3,389.82,,
2023-06-15T13:06:04Z,2024-06-20T13:06:04Z,5e30f14c-15ab-b668-fb6f-03fb3c3f4e66,8fa6c185-e44e-3e34-8bd8-39be8694f4ce,20af02f0-bfb1-c1ef-5ce1-32a69ccfe6b1,835603,tramadol hydrochloride 50 MG Oral Tablet,129.94,129.94,3,389.82,,
2023-06-15T13:06:04Z,2024-06-20T13:06:04Z,5e30f14c-15ab-b668-fb6f-03fb3c3f4e66,8fa6c185-e44e-3e34-8bd8-39be8694f4ce,20af02f0-bfb1-c1ef-5ce1-32a69ccfe6b1,860975,24 HR Metformin hydrochloride 500 MG Extended Release Oral Tablet,0.36,0.36,12,4.32,44054006,Diabetes mellitus type 2 (disorder)
2023-06-15T13:06:04Z,2024-06-20T13:06:04Z,5e30f14c-15ab-b668-fb6f-03fb3c3f4e66,8fa6c185-e44e-3e34-8bd8-39be8694f4ce,20af02f0-bfb1-c1ef-5ce1-32a69ccfe6b1,856987,Acetaminophen 300 MG / Hydrocodone Bitartrate 5 MG Oral Tablet,1.59,1.59,3,4.77,,
2024-03-26T02:48:04Z,2024-04-02T02:48:04Z,b0fc3374-c40b-8591-0cc4-d6ffc383e5a4,734afbd6-4794-363b-9bc0-6a3981533ed5,b8e78d7b-663f-8ac8-bb2d-35fcf91bb013,835603,tramadol hydrochloride 50 MG Oral Tablet,129.94,0.00,3,389.82,,
2024-03-26T02:48:04Z,2024-04-02T02:48:04Z,b0fc3374-c40b-8591-0cc4-d6ffc383e5a4,734afbd6-4794-363b-9bc0-6a3981533ed5,b8e78d7b-663f-8ac8-bb2d-35fcf91bb013,1860491,12 HR Hydrocodone Bitartrate 10 MG Extended Release Oral Capsule,129.94,0.00,3,389.82,,
2025-08-30T06:22:54Z,,e75db126-8dde-60d4-e111-cc2b4a619726,b046940f-1664-3047-bca7-dfa76be352a4,08ba9450-6e83-f285-b538-c453ca62817a,979485,losartan potassium 25 MG Oral Tablet,2.80,2.80,1,2.80,59621000,Essential hypertension (disorder)
2023-10-01T03:02:35Z,2023-10-21T03:02:35Z,6c336b6f-4647-45ef-a6a6-3441b20657e2,a735bf55-83e9-331a-899d-a82a60b9f60c,45e93a9e-df49-a369-0e46-a3b94b50d0be,313782,Acetaminophen 325 MG Oral Tablet,183.45,146.76,1,183.45,10509002,Acute bronchitis (disorder)
2024-09-15T17:11:07Z,2025-04-13T17:11:07Z,655a5138-756a-96c7-5817-488df07b7be7,b046940f-1664-3047-bca7-dfa76be352a4,93a91e3f-5ff4-96c6-9a93-c95926218e4d,895996,120 ACTUAT fluticasone propionate 0.044 MG/ACTUAT Metered Dose Inhaler [Flovent],129.94,0.00,1,129.94,233678006,Childhood asthma
2024-09-15T17:11:07Z,2025-04-13T17:11:07Z,655a5138-756a-96c7-5817-488df07b7be7,b046940f-1664-3047-bca7-dfa76be352a4,93a91e3f-5ff4-96c6-9a93-c95926218e4d,630208,albuterol 0.83 MG/ML Inhalation Solution,129.94,0.00,1,129.94,233678006,Childhood asthma
2025-08-30T06:22:54Z,,e75db126-8dde-60d4-e111-cc2b4a619726,b046940f-1664-3047-bca7-dfa76be352a4,08ba9450-6e83-f285-b538-c453ca62817a,310798,Hydrochlorothiazide 25 MG Oral Tablet,0.45,0.45,1,0.45,59621000,Essential hypertension (disorder)
2024-03-26T02:48:04Z,2024-04-02T02:48:04Z,b0fc3374-c40b-8591-0cc4-d6ffc383e5a4,734afbd6-4794-363b-9bc0-6a3981533ed5,b8e78d7b-663f-8ac8-bb2d-35fcf91bb013,308136,amLODIPine 2.5 MG Oral Tablet,0.91,0.00,1,0.91,59621000,Essential hypertension (disorder)
2024-06-20T13:06:04Z,2025-06-26T13:06:04Z,5e30f14c-15ab-b668-fb6f-03fb3c3f4e66,734afbd6-4794-363b-9bc0-6a3981533ed5,5ed0b762-6646-1f77-2b0f-3f5b56a22bd2,1049504,Abuse-Deterrent 12 HR Oxycodone Hydrochloride 10 MG Extended Release Oral Tablet [Oxycontin],129.94,0.00,3,389.82,,
2024-06-20T13:06:04Z,2025-06-26T13:06:04Z,5e30f14c-15ab-b668-fb6f-03fb3c3f4e66,734afbd6-4794-363b-9bc0-6a3981533ed5,5ed0b762-6646-1f77-2b0f-3f5b56a22bd2,245134,72 HR Fentanyl 0.025 MG/HR Transdermal System,129.94,0.00,3,389.82,,
2024-04-02T02:48:04Z,2024-06-18T02:48:04Z,b0fc3374-c40b-8591-0cc4-d6ffc383e5a4,734afbd6-4794-363b-9bc0-6a3981533ed5,46fb35e0-c32a-d929-71f7-9695d9a1f652,106892,insulin isophane  human 70 UNT/ML / insulin  regular  human 30 UNT/ML Injectable Suspension [Humulin],385.58,308.46,2,771.16,15777000,Prediabetes
2024-06-20T13:06:04Z,2025-06-26T13:06:04Z,5e30f14c-15ab-b668-fb6f-03fb3c3f4e66,734afbd6-4794-363b-9bc0-6a3981533ed5,5ed0b762-6646-1f77-2b0f-3f5b56a22bd2,835603,tramadol hydrochloride 50 MG Oral Tablet,129.94,0.00,3,389.82,,
2024-06-20T13:06:04Z,2025-06-26T13:06:04Z,5e30f14c-15ab-b668-fb6f-03fb3c3f4e66,734afbd6-4794-363b-9bc0-6a3981533ed5,5ed0b762-6646-1f77-2b0f-3f5b56a22bd2,860975,24 HR Metformin hydrochloride 500 MG Extended Release Oral Tablet,4.48,0.00,12,53.76,44054006,Diabetes mellitus type 2 (disorder)
2024-06-20T13:06:04Z,2025-06-26T13:06:04Z,5e30f14c-15ab-b668-fb6f-03fb3c3f4e66,734afbd6-4794-363b-9bc0-6a3981533ed5,5ed0b762-6646-1f77-2b0f-3f5b56a22bd2,856987,Acetaminophen 300 MG / Hydrocodone Bitartrate 5 MG Oral Tablet,1.22,0.00,3,3.66,,
2023-02-09T17:14:43Z,2023-02-23T00:14:43Z,aa377b5c-a450-4f4b-92ce-e7f26cee10da,e03e23c9-4df1-3eb6-a62d-f70f02301496,57515d60-6441-d029-8e2c-1f8e2ecc8e3e,834102,Penicillin V Potassium 500 MG Oral Tablet,18.63,0.00,1,18.63,43878008,Streptococcal sore throat (disorder)
2025-04-13T17:11:07Z,2025-08-17T17:11:07Z,655a5138-756a-96c7-5817-488df07b7be7,b046940f-1664-3047-bca7-dfa76be352a4,31e9a3b0-753d-4240-54ea-d4f8a53a2ab7,895996,120 ACTUAT fluticasone propionate 0.044 MG/ACTUAT Metered Dose Inhaler [Flovent],129.94,0.00,1,129.94,233678006,Childhood asthma
2023-04-11T23:31:19Z,2024-04-16T23:31:19Z,38cc48b8-cb44-1e20-32e8-5b7e5d4bae20,df166300-5a78-3502-a46a-832842197811,c59a404f-85ae-b00f-a0f6-1d0e44c53a9f,856987,Acetaminophen 300 MG / Hydrocodone Bitartrate 5 MG Oral Tablet,44.22,0.00,3,132.66,,
2025-04-13T17:11:07Z,2025-08-17T17:11:07Z,655a5138-756a-96c7-5817-488df07b7be7,b046940f-1664-3047-bca7-dfa76be352a4,31e9a3b0-753d-4240-54ea-d4f8a53a2ab7,630208,albuterol 0.83 MG/ML Inhalation Solution,129.94,0.00,1,129.94,233678006,Childhood asthma
2024-02-25T03:02:35Z,2025-03-02T03:02:35Z,6c336b6f-4647-45ef-a6a6-3441b20657e2,a735bf55-83e9-331a-899d-a82a60b9f60c,e07e15eb-78a5-57e6-58cb-2197ca79226f,310798,Hydrochlorothiazide 25 MG Oral Tablet,0.45,0.36,4,1.80,59621000,Essential hypertension (disorder)
2025-12-06T01:17:30Z,2025-12-13T01:17:30Z,2e23caa4-d831-1f47-c522-0518bab7bd3d,a735bf55-83e9-331a-899d-a82a60b9f60c,90ca5685-0ae9-5977-0f1f-9c281372231e,310798,Hydrochlorothiazide 25 MG Oral Tablet,0.45,0.36,1,0.45,59621000,Essential hypertension (disorder)
2025-12-06T01:17:30Z,2025-12-13T01:17:30Z,2e23caa4-d831-1f47-c522-0518bab7bd3d,a735bf55-83e9-331a-899d-a82a60b9f60c,90ca5685-0ae9-5977-0f1f-9c281372231e,2563431,aspirin 81 MG Oral Capsule,129.94,103.95,7,909.58,,
2024-02-25T03:02:35Z,2025-03-02T03:02:35Z,6c336b6f-4647-45ef-a6a6-3441b20657e2,a735bf55-83e9-331a-899d-a82a60b9f60c,e07e15eb-78a5-57e6-58cb-2197ca79226f,314076,lisinopril 10 MG Oral Tablet,0.91,0.73,4,3.64,59621000,Essential hypertension (disorder)
2024-04-02T02:48:04Z,2024-06-18T02:48:04Z,b0fc3374-c40b-8591-0cc4-d6ffc383e5a4,734afbd6-4794-363b-9bc0-6a3981533ed5,46fb35e0-c32a-d929-71f7-9695d9a1f652,310798,Hydrochlorothiazide 25 MG Oral Tablet,0.45,0.36,1,0.45,59621000,Essential hypertension (disorder)
2024-04-02T02:48:04Z,2024-06-18T02:48:04Z,b0fc3374-c40b-8591-0cc4-d6ffc383e5a4,734afbd6-4794-363b-9bc0-6a3981533ed5,46fb35e0-c32a-d929-71f7-9695d9a1f652,1049504,Abuse-Deterrent 12 HR Oxycodone Hydrochloride 10 MG Extended Release Oral Tablet [Oxycontin],129.94,103.95,3,389.82,,
2024-04-02T02:48:04Z,2024-06-18T02:48:04Z,b0fc3374-c40b-8591-0cc4-d6ffc383e5a4,734afbd6-4794-363b-9bc0-6a3981533ed5,46fb35e0-c32a-d929-71f7-9695d9a1f652,1664463,24 HR tacrolimus 1 MG Extended Release Oral Tablet,129.94,103.95,1,129.94,161665007,History of renal transplant (situation)
2024-04-02T02:48:04Z,2024-06-18T02:48:04Z,b0fc3374-c40b-8591-0cc4-d6ffc383e5a4,734afbd6-4794-363b-9bc0-6a3981533ed5,46fb35e0-c32a-d929-71f7-9695d9a1f652,835603,tramadol hydrochloride 50 MG Oral Tablet,129.94,103.95,3,389.82,,
2022-07-16T03:37:49Z,2023-07-11T03:49:32Z,269dae0e-5e12-f290-fc7b-72f06ac733a2,e03e23c9-4df1-3eb6-a62d-f70f02301496,e7e37a8d-5e6b-e7fa-0a03-7286bb43ae8a,1000126,1 ML medroxyprogesterone acetate 150 MG/ML Injection,10.19,0.00,12,122.28,,
2023-04-26T23:31:19Z,2024-05-07T23:31:19Z,38cc48b8-cb44-1e20-32e8-5b7e5d4bae20,df166300-5a78-3502-a46a-832842197811,2774e8ea-bf06-86c7-9b14-98643ec2f3fe,314231,Simvastatin 10 MG Oral Tablet,0.39,0.00,12,4.68,55822004,Hyperlipidemia
2025-11-08T06:22:54Z,,e75db126-8dde-60d4-e111-cc2b4a619726,b046940f-1664-3047-bca7-dfa76be352a4,b8d9b009-4b88-08e7-45c2-64e7a309d8d3,1367439,NuvaRing 0.12/0.015 MG per 24HR 21 Day Vaginal System,229.32,229.32,1,229.32,,
2024-04-02T02:48:04Z,2024-06-18T02:48:04Z,b0fc3374-c40b-8591-0cc4-d6ffc383e5a4,734afbd6-4794-363b-9bc0-6a3981533ed5,46fb35e0-c32a-d929-71f7-9695d9a1f652,1860491,12 HR Hydrocodone Bitartrate 10 MG Extended Release Oral Capsule,129.94,103.95,3,389.82,,
2024-04-02T02:48:04Z,2024-06-18T02:48:04Z,b0fc3374-c40b-8591-0cc4-d6ffc383e5a4,734afbd6-4794-363b-9bc0-6a3981533ed5,46fb35e0-c32a-d929-71f7-9695d9a1f652,308136,amLODIPine 2.5 MG Oral Tablet,1.37,1.10,1,1.37,59621000,Essential hypertension (disorder)
2025-12-13T01:17:30Z,2025-12-20T01:17:30Z,2e23caa4-d831-1f47-c522-0518bab7bd3d,a735bf55-83e9-331a-899d-a82a60b9f60c,5b884f7c-246e-6625-ad99-ded849f4117d,310798,Hydrochlorothiazide 25 MG Oral Tablet,0.48,0.38,1,0.48,59621000,Essential hypertension (disorder)
2024-03-22T11:58:50Z,2025-03-28T11:58:50Z,8192ac22-0995-7d3a-1b59-ad21fa05d67a,d31fccc3-1767-390d-966a-22a5156f4219,c6e07fd2-5fd8-051f-ab9a-cb0636611af3,310798,Hydrochlorothiazide 25 MG Oral Tablet,0.45,0.00,4,1.80,59621000,Essential hypertension (disorder)
2024-03-22T11:58:50Z,2025-03-28T11:58:50Z,8192ac22-0995-7d3a-1b59-ad21fa05d67a,d31fccc3-1767-390d-966a-22a5156f4219,c6e07fd2-5fd8-051f-ab9a-cb0636611af3,314076,lisinopril 10 MG Oral Tablet,0.91,0.00,4,3.64,59621000,Essential hypertension (disorder)
2025-06-26T13:06:04Z,,5e30f14c-15ab-b668-fb6f-03fb3c3f4e66,734afbd6-4794-363b-9bc0-6a3981533ed5,bc78ff90-bff2-2744-cdc8-283910790a96,1049504,Abuse-Deterrent 12 HR Oxycodone Hydrochloride 10 MG Extended Release Oral Tablet [Oxycontin],129.94,0.00,3,389.82,,
2025-06-26T13:06:04Z,,5e30f14c-15ab-b668-fb6f-03fb3c3f4e66,734afbd6-4794-363b-9bc0-6a3981533ed5,bc78ff90-bff2-2744-cdc8-283910790a96,245134,72 HR Fentanyl 0.025 MG/HR Transdermal System,129.94,0.00,3,389.82,,
2025-06-26T13:06:04Z,,5e30f14c-15ab-b668-fb6f-03fb3c3f4e66,734afbd6-4794-363b-9bc0-6a3981533ed5,bc78ff90-bff2-2744-cdc8-283910790a96,835603,tramadol hydrochloride 50 MG Oral Tablet,129.94,0.00,3,389.82,,
2025-06-26T13:06:04Z,,5e30f14c-15ab-b668-fb6f-03fb3c3f4e66,734afbd6-4794-363b-9bc0-6a3981533ed5,bc78ff90-bff2-2744-cdc8-283910790a96,860975,24 HR Metformin hydrochloride 500 MG Extended Release Oral Tablet,3.55,0.00,6,21.30,44054006,Diabetes mellitus type 2 (disorder)
2025-06-26T13:06:04Z,,5e30f14c-15ab-b668-fb6f-03fb3c3f4e66,734afbd6-4794-363b-9bc0-6a3981533ed5,bc78ff90-bff2-2744-cdc8-283910790a96,856987,Acetaminophen 300 MG / Hydrocodone Bitartrate 5 MG Oral Tablet,36.65,0.00,3,109.95,,
2025-12-13T01:17:30Z,2025-12-20T01:17:30Z,2e23caa4-d831-1f47-c522-0518bab7bd3d,a735bf55-83e9-331a-899d-a82a60b9f60c,5b884f7c-246e-6625-ad99-ded849f4117d,2563431,aspirin 81 MG Oral Capsule,129.94,103.95,7,909.58,,
2025-03-02T03:02:35Z,,6c336b6f-4647-45ef-a6a6-3441b20657e2,a735bf55-83e9-331a-899d-a82a60b9f60c,b9bf4fe3-4a91-9717-d8e5-9b25719b8785,310798,Hydrochlorothiazide 25 MG Oral Tablet,0.45,0.00,3,1.35,59621000,Essential hypertension (disorder)
2024-04-16T23:31:19Z,2024-06-18T23:31:19Z,38cc48b8-cb44-1e20-32e8-5b7e5d4bae20,df166300-5a78-3502-a46a-832842197811,8311dc4e-e7dd-c2ac-8412-6b5748f7b56d,856987,Acetaminophen 300 MG / Hydrocodone Bitartrate 5 MG Oral Tablet,3.07,0.00,3,9.21,,
2024-06-18T02:48:04Z,2024-06-25T02:48:04Z,b0fc3374-c40b-8591-0cc4-d6ffc383e5a4,734afbd6-4794-363b-9bc0-6a3981533ed5,3ee5f524-d216-9c70-e6d6-c82ebcff8592,106892,insulin isophane  human 70 UNT/ML / insulin  regular  human 30 UNT/ML Injectable Suspension [Humulin],388.54,310.83,1,388.54,15777000,Prediabetes
2025-03-02T03:02:35Z,,6c336b6f-4647-45ef-a6a6-3441b20657e2,a735bf55-83e9-331a-899d-a82a60b9f60c,b9bf4fe3-4a91-9717-d8e5-9b25719b8785,314076,lisinopril 10 MG Oral Tablet,0.91,0.00,3,2.73,59621000,Essential hypertension (disorder)
2024-06-18T02:48:04Z,2024-06-25T02:48:04Z,b0fc3374-c40b-8591-0cc4-d6ffc383e5a4,734afbd6-4794-363b-9bc0-6a3981533ed5,3ee5f524-d216-9c70-e6d6-c82ebcff8592,310798,Hydrochlorothiazide 25 MG Oral Tablet,0.51,0.41,1,0.51,59621000,Essential hypertension (disorder)
2024-06-18T02:48:04Z,2024-06-25T02:48:04Z,b0fc3374-c40b-8591-0cc4-d6ffc383e5a4,734afbd6-4794-363b-9bc0-6a3981533ed5,3ee5f524-d216-9c70-e6d6-c82ebcff8592,1049504,Abuse-Deterrent 12 HR Oxycodone Hydrochloride 10 MG Extended Release Oral Tablet [Oxycontin],129.94,103.95,3,389.82,,
2023-03-04T06:03:19Z,2023-03-19T06:03:19Z,269dae0e-5e12-f290-fc7b-72f06ac733a2,e03e23c9-4df1-3eb6-a62d-f70f02301496,56c4483d-706f-acd7-b53b-56b3fad62b55,313782,Acetaminophen 325 MG Oral Tablet,45.86,0.00,1,45.86,,
2025-12-20T01:17:30Z,2025-12-27T01:17:30Z,2e23caa4-d831-1f47-c522-0518bab7bd3d,a735bf55-83e9-331a-899d-a82a60b9f60c,a564387f-6b3a-2288-7f94-8172ead901e5,310798,Hydrochlorothiazide 25 MG Oral Tablet,0.51,0.41,1,0.51,59621000,Essential hypertension (disorder)
2025-08-17T17:11:07Z,,655a5138-756a-96c7-5817-488df07b7be7,b046940f-1664-3047-bca7-dfa76be352a4,65b86cfb-b585-17ff-367f-c7ffe9481175,895996,120 ACTUAT fluticasone propionate 0.044 MG/ACTUAT Metered Dose Inhaler [Flovent],129.94,0.00,1,129.94,233678006,Childhood asthma
2024-06-18T02:48:04Z,2024-06-25T02:48:04Z,b0fc3374-c40b-8591-0cc4-d6ffc383e5a4,734afbd6-4794-363b-9bc0-6a3981533ed5,3ee5f524-d216-9c70-e6d6-c82ebcff8592,1664463,24 HR tacrolimus 1 MG Extended Release Oral Tablet,129.94,103.95,1,129.94,161665007,History of renal transplant (situation)
2024-06-18T02:48:04Z,2024-06-25T02:48:04Z,b0fc3374-c40b-8591-0cc4-d6ffc383e5a4,734afbd6-4794-363b-9bc0-6a3981533ed5,3ee5f524-d216-9c70-e6d6-c82ebcff8592,835603,tramadol hydrochloride 50 MG Oral Tablet,129.94,103.95,3,389.82,,
2024-06-18T02:48:04Z,2024-06-25T02:48:04Z,b0fc3374-c40b-8591-0cc4-d6ffc383e5a4,734afbd6-4794-363b-9bc0-6a3981533ed5,3ee5f524-d216-9c70-e6d6-c82ebcff8592,1860491,12 HR Hydrocodone Bitartrate 10 MG Extended Release Oral Capsule,129.94,103.95,3,389.82,,
2024-06-18T02:48:04Z,2024-06-25T02:48:04Z,b0fc3374-c40b-8591-0cc4-d6ffc383e5a4,734afbd6-4794-363b-9bc0-6a3981533ed5,3ee5f524-d216-9c70-e6d6-c82ebcff8592,308136,amLODIPine 2.5 MG Oral Tablet,1.08,0.86,1,1.08,59621000,Essential hypertension (disorder)
2024-05-07T23:31:19Z,2025-05-07T23:31:19Z,38cc48b8-cb44-1e20-32e8-5b7e5d4bae20,df166300-5a78-3502-a46a-832842197811,b514ac01-4a04-3b93-5082-83556800eee7,314231,Simvastatin 10 MG Oral Tablet,0.45,0.00,12,5.40,55822004,Hyperlipidemia
2025-12-20T01:17:30Z,2025-12-27T01:17:30Z,2e23caa4-d831-1f47-c522-0518bab7bd3d,a735bf55-83e9-331a-899d-a82a60b9f60c,a564387f-6b3a-2288-7f94-8172ead901e5,2563431,aspirin 81 MG Oral Capsule,129.94,103.95,7,909.58,,
2025-08-17T17:11:07Z,,655a5138-756a-96c7-5817-488df07b7be7,b046940f-1664-3047-bca7-dfa76be352a4,65b86cfb-b585-17ff-367f-c7ffe9481175,630208,albuterol 0.83 MG/ML Inhalation Solution,129.94,0.00,1,129.94,233678006,Childhood asthma
2023-07-11T03:49:32Z,2024-07-05T03:49:32Z,269dae0e-5e12-f290-fc7b-72f06ac733a2,e03e23c9-4df1-3eb6-a62d-f70f02301496,bb0fe731-a501-9f3d-8988-0a3e62646e72,978950,Natazia 28 Day Pack,764.40,0.00,12,9172.80,,
2025-03-28T11:58:50Z,,8192ac22-0995-7d3a-1b59-ad21fa05d67a,d31fccc3-1767-390d-966a-22a5156f4219,872d7b91-4403-d096-ebf5-9182b7218f31,310798,Hydrochlorothiazide 25 MG Oral Tablet,0.63,0.00,3,1.89,59621000,Essential hypertension (disorder)
2024-06-08T03:31:19Z,2024-06-19T03:31:19Z,38cc48b8-cb44-1e20-32e8-5b7e5d4bae20,df166300-5a78-3502-a46a-832842197811,1c75c51e-1318-a1d1-9285-ee6e85f47a8e,313782,Acetaminophen 325 MG Oral Tablet,69.28,0.00,1,69.28,10509002,Acute bronchitis (disorder)
2024-06-25T02:48:04Z,2024-07-30T02:48:04Z,b0fc3374-c40b-8591-0cc4-d6ffc383e5a4,734afbd6-4794-363b-9bc0-6a3981533ed5,642e279a-8632-2afe-76fa-c19f14c9045c,106892,insulin isophane  human 70 UNT/ML / insulin  regular  human 30 UNT/ML Injectable Suspension [Humulin],126.89,101.51,1,126.89,15777000,Prediabetes
2025-03-28T11:58:50Z,,8192ac22-0995-7d3a-1b59-ad21fa05d67a,d31fccc3-1767-390d-966a-22a5156f4219,872d7b91-4403-d096-ebf5-9182b7218f31,314076,lisinopril 10 MG Oral Tablet,0.91,0.00,3,2.73,59621000,Essential hypertension (disorder)
2023-10-29T01:40:51Z,2023-11-05T21:40:51Z,11a322cd-c96f-9aec-e8ca-559c636f977f,26aab0cd-6aba-3e1b-ac5b-05c8867e762c,b383e80a-8578-3222-e77e-4cc0557b6a75,834061,Penicillin V Potassium 250 MG Oral Tablet,318.04,0.00,1,318.04,43878008,Streptococcal sore throat (disorder)
2024-01-13T03:58:05Z,2024-01-30T03:58:05Z,11a322cd-c96f-9aec-e8ca-559c636f977f,26aab0cd-6aba-3e1b-ac5b-05c8867e762c,36d1fe5c-a557-2587-5996-aea1126fd659,1043400,Acetaminophen 21.7 MG/ML / Dextromethorphan Hydrobromide 1 MG/ML / doxylamine succinate 0.417 MG/ML Oral Solution,69.03,0.00,1,69.03,10509002,Acute bronchitis (disorder)
2017-08-19T07:12:51Z,,f3aa70e2-d777-e5ba-288f-aa5469241c9d,8fa6c185-e44e-3e34-8bd8-39be8694f4ce,b279c672-bd01-d368-8907-5a12c393a41c,310325,ferrous sulfate 325 MG Oral Tablet,0.15,0.15,101,15.15,,
2024-06-25T02:48:04Z,2024-07-30T02:48:04Z,b0fc3374-c40b-8591-0cc4-d6ffc383e5a4,734afbd6-4794-363b-9bc0-6a3981533ed5,642e279a-8632-2afe-76fa-c19f14c9045c,310798,Hydrochlorothiazide 25 MG Oral Tablet,0.45,0.36,1,0.45,59621000,Essential hypertension (disorder)
2024-06-25T02:48:04Z,2024-07-30T02:48:04Z,b0fc3374-c40b-8591-0cc4-d6ffc383e5a4,734afbd6-4794-363b-9bc0-6a3981533ed5,642e279a-8632-2afe-76fa-c19f14c9045c,1049504,Abuse-Deterrent 12 HR Oxycodone Hydrochloride 10 MG Extended Release Oral Tablet [Oxycontin],129.94,103.95,3,389.82,,
2023-12-16T05:09:22Z,2023-12-16T11:09:22Z,269dae0e-5e12-f290-fc7b-72f06ac733a2,e03e23c9-4df1-3eb6-a62d-f70f02301496,d76fd78e-6690-a71c-2eb6-c1d529477cfd,198335,sulfamethoxazole 800 MG / trimethoprim 160 MG Oral Tablet,129.94,0.00,1,129.94,307426000,Acute infective cystitis (disorder)
2024-06-18T23:31:19Z,2024-06-25T23:31:19Z,38cc48b8-cb44-1e20-32e8-5b7e5d4bae20,df166300-5a78-3502-a46a-832842197811,ee0de892-3ad8-a2a2-2432-73813e3707f0,856987,Acetaminophen 300 MG / Hydrocodone Bitartrate 5 MG Oral Tablet,2.61,0.00,3,7.83,,
2024-06-25T23:31:19Z,2025-04-22T23:31:19Z,38cc48b8-cb44-1e20-32e8-5b7e5d4bae20,df166300-5a78-3502-a46a-832842197811,7c6d7153-b2e9-5bc3-4e3a-db635be36aa6,856987,Acetaminophen 300 MG / Hydrocodone Bitartrate 5 MG Oral Tablet,132.22,82.22,3,396.66,,
2025-04-22T23:31:19Z,2025-04-29T23:31:19Z,38cc48b8-cb44-1e20-32e8-5b7e5d4bae20,df166300-5a78-3502-a46a-832842197811,6cff72ad-9193-23a3-c484-433708b8f86f,856987,Acetaminophen 300 MG / Hydrocodone Bitartrate 5 MG Oral Tablet,3.35,0.00,3,10.05,,
2024-06-25T02:48:04Z,2024-07-30T02:48:04Z,b0fc3374-c40b-8591-0cc4-d6ffc383e5a4,734afbd6-4794-363b-9bc0-6a3981533ed5,642e279a-8632-2afe-76fa-c19f14c9045c,1664463,24 HR tacrolimus 1 MG Extended Release Oral Tablet,129.94,103.95,1,129.94,161665007,History of renal transplant (situation)
2024-06-25T02:48:04Z,2024-07-30T02:48:04Z,b0fc3374-c40b-8591-0cc4-d6ffc383e5a4,734afbd6-4794-363b-9bc0-6a3981533ed5,642e279a-8632-2afe-76fa-c19f14c9045c,835603,tramadol hydrochloride 50 MG Oral Tablet,129.94,103.95,3,389.82,,
2024-06-25T02:48:04Z,2024-07-30T02:48:04Z,b0fc3374-c40b-8591-0cc4-d6ffc383e5a4,734afbd6-4794-363b-9bc0-6a3981533ed5,642e279a-8632-2afe-76fa-c19f14c9045c,1860491,12 HR Hydrocodone Bitartrate 10 MG Extended Release Oral Capsule,129.94,103.95,3,389.82,,
2025-08-24T17:11:07Z,2025-09-10T17:11:07Z,655a5138-756a-96c7-5817-488df07b7be7,b046940f-1664-3047-bca7-dfa76be352a4,ff848b10-c8ce-5172-4c09-acdbdd4b57ef,313782,Acetaminophen 325 MG Oral Tablet,124.33,0.00,1,124.33,10509002,Acute bronchitis (disorder)
2025-04-29T23:31:19Z,,38cc48b8-cb44-1e20-32e8-5b7e5d4bae20,df166300-5a78-3502-a46a-832842197811,4aca5051-0c81-108f-ce7c-1daa571c8ce5,856987,Acetaminophen 300 MG / Hydrocodone Bitartrate 5 MG Oral Tablet,6.67,0.00,3,20.01,,
2024-06-25T02:48:04Z,2024-07-30T02:48:04Z,b0fc3374-c40b-8591-0cc4-d6ffc383e5a4,734afbd6-4794-363b-9bc0-6a3981533ed5,642e279a-8632-2afe-76fa-c19f14c9045c,308136,amLODIPine 2.5 MG Oral Tablet,1.33,1.06,1,1.33,59621000,Essential hypertension (disorder)
2023-12-04T01:03:09Z,2023-12-14T20:03:09Z,086267ff-6e39-78b5-c0a2-1b60509bcd0b,df166300-5a78-3502-a46a-832842197811,e8e87606-b390-8207-2c56-ca3247889e86,834061,Penicillin V Potassium 250 MG Oral Tablet,4.38,0.00,1,4.38,43878008,Streptococcal sore throat (disorder)
2025-12-27T01:17:30Z,,2e23caa4-d831-1f47-c522-0518bab7bd3d,a735bf55-83e9-331a-899d-a82a60b9f60c,0092ffad-8100-b8e3-2562-1dc53fdadfcc,310798,Hydrochlorothiazide 25 MG Oral Tablet,0.91,0.73,1,0.91,59621000,Essential hypertension (disorder)
2025-05-06T23:54:01Z,2025-05-23T23:54:01Z,38cc48b8-cb44-1e20-32e8-5b7e5d4bae20,df166300-5a78-3502-a46a-832842197811,43aadd74-ae17-b83f-759a-b7799e2cffa5,313782,Acetaminophen 325 MG Oral Tablet,127.23,77.23,1,127.23,10509002,Acute bronchitis (disorder)
2023-12-16T12:36:42Z,2023-12-17T06:36:42Z,269dae0e-5e12-f290-fc7b-72f06ac733a2,e03e23c9-4df1-3eb6-a62d-f70f02301496,46ae34d6-04af-d2c8-77f4-778ba0fa46de,1648755,nitrofurantoin  macrocrystals 25 MG / nitrofurantoin  monohydrate 75 MG Oral Capsule,129.94,0.00,1,129.94,307426000,Acute infective cystitis (disorder)
2025-05-07T23:31:19Z,,38cc48b8-cb44-1e20-32e8-5b7e5d4bae20,df166300-5a78-3502-a46a-832842197811,94139866-513c-4c8d-a296-f6c095b5510f,314231,Simvastatin 10 MG Oral Tablet,0.45,0.00,12,5.40,55822004,Hyperlipidemia
2025-12-27T01:17:30Z,,2e23caa4-d831-1f47-c522-0518bab7bd3d,a735bf55-83e9-331a-899d-a82a60b9f60c,0092ffad-8100-b8e3-2562-1dc53fdadfcc,2563431,aspirin 81 MG Oral Capsule,129.94,103.95,7,909.58,,
2024-07-09T02:48:04Z,2025-07-22T02:48:04Z,b0fc3374-c40b-8591-0cc4-d6ffc383e5a4,734afbd6-4794-363b-9bc0-6a3981533ed5,0f36f471-7257-b290-50c6-b65897866d5b,314231,Simvastatin 10 MG Oral Tablet,0.30,0.24,12,3.60,55822004,Hyperlipidemia
2020-06-19T09:48:38Z,,fa8ebd26-039c-07a4-2810-447bb8e48f3e,e03e23c9-4df1-3eb6-a62d-f70f02301496,44ac4fac-9983-64dd-2b66-ec100c1c09bd,849574,Naproxen sodium 220 MG Oral Tablet,91.72,0.00,67,6145.24,239873007,Osteoarthritis of knee
2022-12-30T09:48:38Z,2023-01-06T09:48:38Z,fa8ebd26-039c-07a4-2810-447bb8e48f3e,e03e23c9-4df1-3eb6-a62d-f70f02301496,3a5d7764-190e-e645-c399-d6503d316ac5,310798,Hydrochlorothiazide 25 MG Oral Tablet,0.91,0.00,1,0.91,59621000,Essential hypertension (disorder)
2022-12-30T09:48:38Z,2023-01-06T09:48:38Z,fa8ebd26-039c-07a4-2810-447bb8e48f3e,e03e23c9-4df1-3eb6-a62d-f70f02301496,3a5d7764-190e-e645-c399-d6503d316ac5,314076,lisinopril 10 MG Oral Tablet,0.91,0.00,1,0.91,59621000,Essential hypertension (disorder)
2024-07-05T03:49:32Z,2025-06-30T03:49:32Z,269dae0e-5e12-f290-fc7b-72f06ac733a2,e03e23c9-4df1-3eb6-a62d-f70f02301496,c65e986d-de6d-891b-03ba-c048c46afe67,748856,Yaz 28 Day Pack,229.32,0.00,12,2751.84,,
2023-01-06T09:48:38Z,2023-02-24T09:48:38Z,fa8ebd26-039c-07a4-2810-447bb8e48f3e,e03e23c9-4df1-3eb6-a62d-f70f02301496,c7164e1b-a5a8-5f0c-b9b1-32d603e6aabb,310798,Hydrochlorothiazide 25 MG Oral Tablet,0.45,0.00,1,0.45,59621000,Essential hypertension (disorder)
2023-01-06T09:48:38Z,2023-02-24T09:48:38Z,fa8ebd26-039c-07a4-2810-447bb8e48f3e,e03e23c9-4df1-3eb6-a62d-f70f02301496,c7164e1b-a5a8-5f0c-b9b1-32d603e6aabb,314076,lisinopril 10 MG Oral Tablet,0.91,0.00,1,0.91,59621000,Essential hypertension (disorder)
2024-07-30T02:48:04Z,2024-08-06T02:48:04Z,b0fc3374-c40b-8591-0cc4-d6ffc383e5a4,734afbd6-4794-363b-9bc0-6a3981533ed5,de4989c9-4e58-f8cb-7ce6-5502ad49302d,106892,insulin isophane  human 70 UNT/ML / insulin  regular  human 30 UNT/ML Injectable Suspension [Humulin],507.86,406.29,1,507.86,15777000,Prediabetes
2024-07-30T02:48:04Z,2024-08-06T02:48:04Z,b0fc3374-c40b-8591-0cc4-d6ffc383e5a4,734afbd6-4794-363b-9bc0-6a3981533ed5,de4989c9-4e58-f8cb-7ce6-5502ad49302d,310798,Hydrochlorothiazide 25 MG Oral Tablet,0.45,0.36,1,0.45,59621000,Essential hypertension (disorder)
2024-07-30T02:48:04Z,2024-08-06T02:48:04Z,b0fc3374-c40b-8591-0cc4-d6ffc383e5a4,734afbd6-4794-363b-9bc0-6a3981533ed5,de4989c9-4e58-f8cb-7ce6-5502ad49302d,1049504,Abuse-Deterrent 12 HR Oxycodone Hydrochloride 10 MG Extended Release Oral Tablet [Oxycontin],129.94,103.95,3,389.82,,
2024-07-30T02:48:04Z,2024-08-06T02:48:04Z,b0fc3374-c40b-8591-0cc4-d6ffc383e5a4,734afbd6-4794-363b-9bc0-6a3981533ed5,de4989c9-4e58-f8cb-7ce6-5502ad49302d,1664463,24 HR tacrolimus 1 MG Extended Release Oral Tablet,129.94,103.95,1,129.94,161665007,History of renal transplant (situation)
2024-07-30T02:48:04Z,2024-08-06T02:48:04Z,b0fc3374-c40b-8591-0cc4-d6ffc383e5a4,734afbd6-4794-363b-9bc0-6a3981533ed5,de4989c9-4e58-f8cb-7ce6-5502ad49302d,835603,tramadol hydrochloride 50 MG Oral Tablet,129.94,103.95,3,389.82,,
2024-07-30T02:48:04Z,2024-08-06T02:48:04Z,b0fc3374-c40b-8591-0cc4-d6ffc383e5a4,734afbd6-4794-363b-9bc0-6a3981533ed5,de4989c9-4e58-f8cb-7ce6-5502ad49302d,1860491,12 HR Hydrocodone Bitartrate 10 MG Extended Release Oral Capsule,129.94,103.95,3,389.82,,
2024-07-30T02:48:04Z,2024-08-06T02:48:04Z,b0fc3374-c40b-8591-0cc4-d6ffc383e5a4,734afbd6-4794-363b-9bc0-6a3981533ed5,de4989c9-4e58-f8cb-7ce6-5502ad49302d,308136,amLODIPine 2.5 MG Oral Tablet,0.91,0.73,1,0.91,59621000,Essential hypertension (disorder)
2023-02-24T09:48:38Z,2023-03-31T09:48:38Z,fa8ebd26-039c-07a4-2810-447bb8e48f3e,e03e23c9-4df1-3eb6-a62d-f70f02301496,416223aa-2927-06fa-e249-14610161e1e3,310798,Hydrochlorothiazide 25 MG Oral Tablet,0.45,0.00,1,0.45,59621000,Essential hypertension (disorder)
2023-02-24T09:48:38Z,2023-03-31T09:48:38Z,fa8ebd26-039c-07a4-2810-447bb8e48f3e,e03e23c9-4df1-3eb6-a62d-f70f02301496,416223aa-2927-06fa-e249-14610161e1e3,314076,lisinopril 10 MG Oral Tablet,0.91,0.00,1,0.91,59621000,Essential hypertension (disorder)
2024-08-06T02:48:04Z,2024-08-13T02:48:04Z,b0fc3374-c40b-8591-0cc4-d6ffc383e5a4,734afbd6-4794-363b-9bc0-6a3981533ed5,90b6d19a-cad8-d118-b609-64dcfcab9c66,106892,insulin isophane  human 70 UNT/ML / insulin  regular  human 30 UNT/ML Injectable Suspension [Humulin],285.20,228.16,1,285.20,15777000,Prediabetes
2024-08-06T02:48:04Z,2024-08-13T02:48:04Z,b0fc3374-c40b-8591-0cc4-d6ffc383e5a4,734afbd6-4794-363b-9bc0-6a3981533ed5,90b6d19a-cad8-d118-b609-64dcfcab9c66,310798,Hydrochlorothiazide 25 MG Oral Tablet,0.45,0.36,1,0.45,59621000,Essential hypertension (disorder)
2024-08-06T02:48:04Z,2024-08-13T02:48:04Z,b0fc3374-c40b-8591-0cc4-d6ffc383e5a4,734afbd6-4794-363b-9bc0-6a3981533ed5,90b6d19a-cad8-d118-b609-64dcfcab9c66,1049504,Abuse-Deterrent 12 HR Oxycodone Hydrochloride 10 MG Extended Release Oral Tablet [Oxycontin],129.94,103.95,3,389.82,,
2024-08-06T02:48:04Z,2024-08-13T02:48:04Z,b0fc3374-c40b-8591-0cc4-d6ffc383e5a4,734afbd6-4794-363b-9bc0-6a3981533ed5,90b6d19a-cad8-d118-b609-64dcfcab9c66,1664463,24 HR tacrolimus 1 MG Extended Release Oral Tablet,129.94,103.95,1,129.94,161665007,History of renal transplant (situation)
2024-08-06T02:48:04Z,2024-08-13T02:48:04Z,b0fc3374-c40b-8591-0cc4-d6ffc383e5a4,734afbd6-4794-363b-9bc0-6a3981533ed5,90b6d19a-cad8-d118-b609-64dcfcab9c66,835603,tramadol hydrochloride 50 MG Oral Tablet,129.94,103.95,3,389.82,,
2024-08-06T02:48:04Z,2024-08-13T02:48:04Z,b0fc3374-c40b-8591-0cc4-d6ffc383e5a4,734afbd6-4794-363b-9bc0-6a3981533ed5,90b6d19a-cad8-d118-b609-64dcfcab9c66,1860491,12 HR Hydrocodone Bitartrate 10 MG Extended Release Oral Capsule,129.94,103.95,3,389.82,,
2024-08-06T02:48:04Z,2024-08-13T02:48:04Z,b0fc3374-c40b-8591-0cc4-d6ffc383e5a4,734afbd6-4794-363b-9bc0-6a3981533ed5,90b6d19a-cad8-d118-b609-64dcfcab9c66,308136,amLODIPine 2.5 MG Oral Tablet,1.37,1.10,1,1.37,59621000,Essential hypertension (disorder)
2023-03-31T09:48:38Z,2023-04-28T09:48:38Z,fa8ebd26-039c-07a4-2810-447bb8e48f3e,e03e23c9-4df1-3eb6-a62d-f70f02301496,4e3e2c84-e786-a882-7652-4840964154cd,310798,Hydrochlorothiazide 25 MG Oral Tablet,0.63,0.00,1,0.63,59621000,Essential hypertension (disorder)
2023-03-31T09:48:38Z,2023-04-28T09:48:38Z,fa8ebd26-039c-07a4-2810-447bb8e48f3e,e03e23c9-4df1-3eb6-a62d-f70f02301496,4e3e2c84-e786-a882-7652-4840964154cd,314076,lisinopril 10 MG Oral Tablet,0.91,0.00,1,0.91,59621000,Essential hypertension (disorder)
2024-10-31T03:37:49Z,2025-09-25T03:37:49Z,269dae0e-5e12-f290-fc7b-72f06ac733a2,e03e23c9-4df1-3eb6-a62d-f70f02301496,7aa4a784-f605-7fc4-f193-08397300f146,1049625,Acetaminophen 325 MG / Oxycodone Hydrochloride 10 MG Oral Tablet [Percocet],129.94,0.00,3,389.82,,
2023-04-28T09:48:38Z,2023-05-19T09:48:38Z,fa8ebd26-039c-07a4-2810-447bb8e48f3e,e03e23c9-4df1-3eb6-a62d-f70f02301496,670a6a26-39e5-d638-aefc-73c9d5040f05,310798,Hydrochlorothiazide 25 MG Oral Tablet,0.91,0.00,1,0.91,59621000,Essential hypertension (disorder)
2023-04-28T09:48:38Z,2023-05-19T09:48:38Z,fa8ebd26-039c-07a4-2810-447bb8e48f3e,e03e23c9-4df1-3eb6-a62d-f70f02301496,670a6a26-39e5-d638-aefc-73c9d5040f05,314076,lisinopril 10 MG Oral Tablet,0.91,0.00,1,0.91,59621000,Essential hypertension (disorder)
2025-02-22T09:37:49Z,2025-09-25T03:37:49Z,269dae0e-5e12-f290-fc7b-72f06ac733a2,e03e23c9-4df1-3eb6-a62d-f70f02301496,fbf3a0ba-70e0-efbc-5a8d-338ee1193466,206905,Ibuprofen 400 MG Oral Tablet [Ibu],129.94,0.00,3,389.82,,
2025-06-30T03:49:32Z,,269dae0e-5e12-f290-fc7b-72f06ac733a2,e03e23c9-4df1-3eb6-a62d-f70f02301496,f05a3153-eb17-bb70-a24a-eb7c5f85207b,748856,Yaz 28 Day Pack,229.32,0.00,6,1375.92,,
2024-08-13T02:48:04Z,2024-08-20T02:48:04Z,b0fc3374-c40b-8591-0cc4-d6ffc383e5a4,734afbd6-4794-363b-9bc0-6a3981533ed5,4777d49d-9f23-e751-f1e8-b29507b0b4f5,106892,insulin isophane  human 70 UNT/ML / insulin  regular  human 30 UNT/ML Injectable Suspension [Humulin],194.01,155.21,1,194.01,15777000,Prediabetes
2024-08-13T02:48:04Z,2024-08-20T02:48:04Z,b0fc3374-c40b-8591-0cc4-d6ffc383e5a4,734afbd6-4794-363b-9bc0-6a3981533ed5,4777d49d-9f23-e751-f1e8-b29507b0b4f5,310798,Hydrochlorothiazide 25 MG Oral Tablet,0.71,0.57,1,0.71,59621000,Essential hypertension (disorder)
2024-08-13T02:48:04Z,2024-08-20T02:48:04Z,b0fc3374-c40b-8591-0cc4-d6ffc383e5a4,734afbd6-4794-363b-9bc0-6a3981533ed5,4777d49d-9f23-e751-f1e8-b29507b0b4f5,1049504,Abuse-Deterrent 12 HR Oxycodone Hydrochloride 10 MG Extended Release Oral Tablet [Oxycontin],129.94,103.95,3,389.82,,
2024-08-13T02:48:04Z,2024-08-20T02:48:04Z,b0fc3374-c40b-8591-0cc4-d6ffc383e5a4,734afbd6-4794-363b-9bc0-6a3981533ed5,4777d49d-9f23-e751-f1e8-b29507b0b4f5,1664463,24 HR tacrolimus 1 MG Extended Release Oral Tablet,129.94,103.95,1,129.94,161665007,History of renal transplant (situation)
2024-08-13T02:48:04Z,2024-08-20T02:48:04Z,b0fc3374-c40b-8591-0cc4-d6ffc383e5a4,734afbd6-4794-363b-9bc0-6a3981533ed5,4777d49d-9f23-e751-f1e8-b29507b0b4f5,835603,tramadol hydrochloride 50 MG Oral Tablet,129.94,103.95,3,389.82,,
2025-09-25T03:37:49Z,,269dae0e-5e12-f290-fc7b-72f06ac733a2,e03e23c9-4df1-3eb6-a62d-f70f02301496,d443ae35-92b3-2d90-1c8f-f97f7648ee31,1049625,Acetaminophen 325 MG / Oxycodone Hydrochloride 10 MG Oral Tablet [Percocet],129.94,0.00,3,389.82,,
2025-09-25T03:37:49Z,,269dae0e-5e12-f290-fc7b-72f06ac733a2,e03e23c9-4df1-3eb6-a62d-f70f02301496,d443ae35-92b3-2d90-1c8f-f97f7648ee31,206905,Ibuprofen 400 MG Oral Tablet [Ibu],129.94,0.00,3,389.82,,
2024-08-13T02:48:04Z,2024-08-20T02:48:04Z,b0fc3374-c40b-8591-0cc4-d6ffc383e5a4,734afbd6-4794-363b-9bc0-6a3981533ed5,4777d49d-9f23-e751-f1e8-b29507b0b4f5,1860491,12 HR Hydrocodone Bitartrate 10 MG Extended Release Oral Capsule,129.94,103.95,3,389.82,,
2024-08-13T02:48:04Z,2024-08-20T02:48:04Z,b0fc3374-c40b-8591-0cc4-d6ffc383e5a4,734afbd6-4794-363b-9bc0-6a3981533ed5,4777d49d-9f23-e751-f1e8-b29507b0b4f5,308136,amLODIPine 2.5 MG Oral Tablet,0.91,0.73,1,0.91,59621000,Essential hypertension (disorder)
2022-03-28T13:38:06Z,2023-04-03T13:38:06Z,2c9c8ffd-efa5-7893-7c99-cb682d6b28fc,a735bf55-83e9-331a-899d-a82a60b9f60c,9a0843ec-d56f-4d82-9fba-1b77842bafc4,310798,Hydrochlorothiazide 25 MG Oral Tablet,0.45,0.00,4,1.80,59621000,Essential hypertension (disorder)
2024-08-20T02:48:04Z,2024-08-27T02:48:04Z,b0fc3374-c40b-8591-0cc4-d6ffc383e5a4,734afbd6-4794-363b-9bc0-6a3981533ed5,7db66fba-1784-8ccb-3c54-20a2290964f1,106892,insulin isophane  human 70 UNT/ML / insulin  regular  human 30 UNT/ML Injectable Suspension [Humulin],203.20,162.56,1,203.20,15777000,Prediabetes
2022-03-28T13:38:06Z,2023-04-03T13:38:06Z,2c9c8ffd-efa5-7893-7c99-cb682d6b28fc,a735bf55-83e9-331a-899d-a82a60b9f60c,9a0843ec-d56f-4d82-9fba-1b77842bafc4,314076,lisinopril 10 MG Oral Tablet,0.91,0.00,4,3.64,59621000,Essential hypertension (disorder)
2022-03-28T13:38:06Z,2023-04-03T13:38:06Z,2c9c8ffd-efa5-7893-7c99-cb682d6b28fc,a735bf55-83e9-331a-899d-a82a60b9f60c,9a0843ec-d56f-4d82-9fba-1b77842bafc4,308136,amLODIPine 2.5 MG Oral Tablet,1.15,0.00,4,4.60,59621000,Essential hypertension (disorder)
2023-05-19T09:48:38Z,2023-05-26T09:48:38Z,fa8ebd26-039c-07a4-2810-447bb8e48f3e,e03e23c9-4df1-3eb6-a62d-f70f02301496,a176f29c-2669-57d8-9e59-d8bf43fabcc5,310798,Hydrochlorothiazide 25 MG Oral Tablet,0.45,0.00,1,0.45,59621000,Essential hypertension (disorder)
2023-05-19T09:48:38Z,2023-05-26T09:48:38Z,fa8ebd26-039c-07a4-2810-447bb8e48f3e,e03e23c9-4df1-3eb6-a62d-f70f02301496,a176f29c-2669-57d8-9e59-d8bf43fabcc5,314076,lisinopril 10 MG Oral Tablet,0.91,0.00,1,0.91,59621000,Essential hypertension (disorder)
2024-08-20T02:48:04Z,2024-08-27T02:48:04Z,b0fc3374-c40b-8591-0cc4-d6ffc383e5a4,734afbd6-4794-363b-9bc0-6a3981533ed5,7db66fba-1784-8ccb-3c54-20a2290964f1,310798,Hydrochlorothiazide 25 MG Oral Tablet,0.45,0.36,1,0.45,59621000,Essential hypertension (disorder)
2023-05-26T09:48:38Z,2023-06-02T09:48:38Z,fa8ebd26-039c-07a4-2810-447bb8e48f3e,e03e23c9-4df1-3eb6-a62d-f70f02301496,e9ff21f8-0623-61a9-3ea0-394b99da1879,310798,Hydrochlorothiazide 25 MG Oral Tablet,0.45,0.00,1,0.45,59621000,Essential hypertension (disorder)
2023-05-26T09:48:38Z,2023-06-02T09:48:38Z,fa8ebd26-039c-07a4-2810-447bb8e48f3e,e03e23c9-4df1-3eb6-a62d-f70f02301496,e9ff21f8-0623-61a9-3ea0-394b99da1879,314076,lisinopril 10 MG Oral Tablet,0.91,0.00,1,0.91,59621000,Essential hypertension (disorder)
2024-08-20T02:48:04Z,2024-08-27T02:48:04Z,b0fc3374-c40b-8591-0cc4-d6ffc383e5a4,734afbd6-4794-363b-9bc0-6a3981533ed5,7db66fba-1784-8ccb-3c54-20a2290964f1,1049504,Abuse-Deterrent 12 HR Oxycodone Hydrochloride 10 MG Extended Release Oral Tablet [Oxycontin],129.94,103.95,3,389.82,,
2024-08-20T02:48:04Z,2024-08-27T02:48:04Z,b0fc3374-c40b-8591-0cc4-d6ffc383e5a4,734afbd6-4794-363b-9bc0-6a3981533ed5,7db66fba-1784-8ccb-3c54-20a2290964f1,1664463,24 HR tacrolimus 1 MG Extended Release Oral Tablet,129.94,103.95,1,129.94,161665007,History of renal transplant (situation)
2023-04-03T13:38:06Z,2024-04-08T13:38:06Z,2c9c8ffd-efa5-7893-7c99-cb682d6b28fc,a735bf55-83e9-331a-899d-a82a60b9f60c,26b84172-c861-28e6-8a3c-cf97ee92ef09,310798,Hydrochlorothiazide 25 MG Oral Tablet,0.69,0.00,4,2.76,59621000,Essential hypertension (disorder)
2023-06-02T09:48:38Z,2023-06-30T09:48:38Z,fa8ebd26-039c-07a4-2810-447bb8e48f3e,e03e23c9-4df1-3eb6-a62d-f70f02301496,ffbbe5ba-2593-de57-a4db-b6aa8a3879a8,310798,Hydrochlorothiazide 25 MG Oral Tablet,0.91,0.00,1,0.91,59621000,Essential hypertension (disorder)
2023-06-02T09:48:38Z,2023-06-30T09:48:38Z,fa8ebd26-039c-07a4-2810-447bb8e48f3e,e03e23c9-4df1-3eb6-a62d-f70f02301496,ffbbe5ba-2593-de57-a4db-b6aa8a3879a8,314076,lisinopril 10 MG Oral Tablet,0.91,0.00,1,0.91,59621000,Essential hypertension (disorder)
2024-08-20T02:48:04Z,2024-08-27T02:48:04Z,b0fc3374-c40b-8591-0cc4-d6ffc383e5a4,734afbd6-4794-363b-9bc0-6a3981533ed5,7db66fba-1784-8ccb-3c54-20a2290964f1,835603,tramadol hydrochloride 50 MG Oral Tablet,129.94,103.95,3,389.82,,
2024-08-20T02:48:04Z,2024-08-27T02:48:04Z,b0fc3374-c40b-8591-0cc4-d6ffc383e5a4,734afbd6-4794-363b-9bc0-6a3981533ed5,7db66fba-1784-8ccb-3c54-20a2290964f1,1860491,12 HR Hydrocodone Bitartrate 10 MG Extended Release Oral Capsule,129.94,103.95,3,389.82,,
2024-08-20T02:48:04Z,2024-08-27T02:48:04Z,b0fc3374-c40b-8591-0cc4-d6ffc383e5a4,734afbd6-4794-363b-9bc0-6a3981533ed5,7db66fba-1784-8ccb-3c54-20a2290964f1,308136,amLODIPine 2.5 MG Oral Tablet,0.91,0.73,1,0.91,59621000,Essential hypertension (disorder)
2023-04-03T13:38:06Z,2024-04-08T13:38:06Z,2c9c8ffd-efa5-7893-7c99-cb682d6b28fc,a735bf55-83e9-331a-899d-a82a60b9f60c,26b84172-c861-28e6-8a3c-cf97ee92ef09,314076,lisinopril 10 MG Oral Tablet,0.91,0.00,4,3.64,59621000,Essential hypertension (disorder)
2023-04-03T13:38:06Z,2024-04-08T13:38:06Z,2c9c8ffd-efa5-7893-7c99-cb682d6b28fc,a735bf55-83e9-331a-899d-a82a60b9f60c,26b84172-c861-28e6-8a3c-cf97ee92ef09,308136,amLODIPine 2.5 MG Oral Tablet,0.91,0.00,4,3.64,59621000,Essential hypertension (disorder)
2023-06-30T09:48:38Z,2023-07-28T09:48:38Z,fa8ebd26-039c-07a4-2810-447bb8e48f3e,e03e23c9-4df1-3eb6-a62d-f70f02301496,da1bc491-86be-ef4c-6ca6-7d636712db3a,310798,Hydrochlorothiazide 25 MG Oral Tablet,0.56,0.00,1,0.56,59621000,Essential hypertension (disorder)
2023-06-30T09:48:38Z,2023-07-28T09:48:38Z,fa8ebd26-039c-07a4-2810-447bb8e48f3e,e03e23c9-4df1-3eb6-a62d-f70f02301496,da1bc491-86be-ef4c-6ca6-7d636712db3a,314076,lisinopril 10 MG Oral Tablet,0.91,0.00,1,0.91,59621000,Essential hypertension (disorder)
2024-04-08T13:38:06Z,2025-04-14T13:38:06Z,2c9c8ffd-efa5-7893-7c99-cb682d6b28fc,a735bf55-83e9-331a-899d-a82a60b9f60c,5be8846c-d59d-8661-8029-6f4145c5a8ed,310798,Hydrochlorothiazide 25 MG Oral Tablet,0.45,0.00,4,1.80,59621000,Essential hypertension (disorder)
2024-04-08T13:38:06Z,2025-04-14T13:38:06Z,2c9c8ffd-efa5-7893-7c99-cb682d6b28fc,a735bf55-83e9-331a-899d-a82a60b9f60c,5be8846c-d59d-8661-8029-6f4145c5a8ed,314076,lisinopril 10 MG Oral Tablet,0.91,0.00,4,3.64,59621000,Essential hypertension (disorder)
2024-08-27T02:48:04Z,2024-09-17T02:48:04Z,b0fc3374-c40b-8591-0cc4-d6ffc383e5a4,734afbd6-4794-363b-9bc0-6a3981533ed5,74131b64-a507-6331-51e6-b8ba54bf10b9,106892,insulin isophane  human 70 UNT/ML / insulin  regular  human 30 UNT/ML Injectable Suspension [Humulin],126.89,101.51,1,126.89,15777000,Prediabetes
2024-04-08T13:38:06Z,2025-04-14T13:38:06Z,2c9c8ffd-efa5-7893-7c99-cb682d6b28fc,a735bf55-83e9-331a-899d-a82a60b9f60c,5be8846c-d59d-8661-8029-6f4145c5a8ed,308136,amLODIPine 2.5 MG Oral Tablet,0.91,0.00,4,3.64,59621000,Essential hypertension (disorder)
2024-08-27T02:48:04Z,2024-09-17T02:48:04Z,b0fc3374-c40b-8591-0cc4-d6ffc383e5a4,734afbd6-4794-363b-9bc0-6a3981533ed5,74131b64-a507-6331-51e6-b8ba54bf10b9,310798,Hydrochlorothiazide 25 MG Oral Tablet,0.60,0.48,1,0.60,59621000,Essential hypertension (disorder)
2024-08-27T02:48:04Z,2024-09-17T02:48:04Z,b0fc3374-c40b-8591-0cc4-d6ffc383e5a4,734afbd6-4794-363b-9bc0-6a3981533ed5,74131b64-a507-6331-51e6-b8ba54bf10b9,1049504,Abuse-Deterrent 12 HR Oxycodone Hydrochloride 10 MG Extended Release Oral Tablet [Oxycontin],129.94,103.95,3,389.82,,
2024-08-27T02:48:04Z,2024-09-17T02:48:04Z,b0fc3374-c40b-8591-0cc4-d6ffc383e5a4,734afbd6-4794-363b-9bc0-6a3981533ed5,74131b64-a507-6331-51e6-b8ba54bf10b9,1664463,24 HR tacrolimus 1 MG Extended Release Oral Tablet,129.94,103.95,1,129.94,161665007,History of renal transplant (situation)
2024-08-27T02:48:04Z,2024-09-17T02:48:04Z,b0fc3374-c40b-8591-0cc4-d6ffc383e5a4,734afbd6-4794-363b-9bc0-6a3981533ed5,74131b64-a507-6331-51e6-b8ba54bf10b9,835603,tramadol hydrochloride 50 MG Oral Tablet,129.94,103.95,3,389.82,,
2023-07-28T09:48:38Z,2023-08-25T09:48:38Z,fa8ebd26-039c-07a4-2810-447bb8e48f3e,e03e23c9-4df1-3eb6-a62d-f70f02301496,0c89de05-cba1-c3d2-9147-bcabf1b041cd,310798,Hydrochlorothiazide 25 MG Oral Tablet,0.91,0.00,1,0.91,59621000,Essential hypertension (disorder)
2023-07-28T09:48:38Z,2023-08-25T09:48:38Z,fa8ebd26-039c-07a4-2810-447bb8e48f3e,e03e23c9-4df1-3eb6-a62d-f70f02301496,0c89de05-cba1-c3d2-9147-bcabf1b041cd,314076,lisinopril 10 MG Oral Tablet,0.91,0.00,1,0.91,59621000,Essential hypertension (disorder)
2024-08-27T02:48:04Z,2024-09-17T02:48:04Z,b0fc3374-c40b-8591-0cc4-d6ffc383e5a4,734afbd6-4794-363b-9bc0-6a3981533ed5,74131b64-a507-6331-51e6-b8ba54bf10b9,1860491,12 HR Hydrocodone Bitartrate 10 MG Extended Release Oral Capsule,129.94,103.95,3,389.82,,
2024-08-27T02:48:04Z,2024-09-17T02:48:04Z,b0fc3374-c40b-8591-0cc4-d6ffc383e5a4,734afbd6-4794-363b-9bc0-6a3981533ed5,74131b64-a507-6331-51e6-b8ba54bf10b9,308136,amLODIPine 2.5 MG Oral Tablet,0.91,0.73,1,0.91,59621000,Essential hypertension (disorder)
2025-03-25T05:59:49Z,,f3aa70e2-d777-e5ba-288f-aa5469241c9d,8fa6c185-e44e-3e34-8bd8-39be8694f4ce,3f8ecb39-7df0-c737-e9b1-59cb284fdc75,748856,Yaz 28 Day Pack,391.13,391.13,9,3520.17,,
2023-08-25T09:48:38Z,2023-09-22T09:48:38Z,fa8ebd26-039c-07a4-2810-447bb8e48f3e,e03e23c9-4df1-3eb6-a62d-f70f02301496,20a593c4-5f98-580d-8b46-39b0646554b7,310798,Hydrochlorothiazide 25 MG Oral Tablet,0.45,0.00,1,0.45,59621000,Essential hypertension (disorder)
2023-08-25T09:48:38Z,2023-09-22T09:48:38Z,fa8ebd26-039c-07a4-2810-447bb8e48f3e,e03e23c9-4df1-3eb6-a62d-f70f02301496,20a593c4-5f98-580d-8b46-39b0646554b7,314076,lisinopril 10 MG Oral Tablet,0.91,0.00,1,0.91,59621000,Essential hypertension (disorder)
2025-04-14T13:38:06Z,,2c9c8ffd-efa5-7893-7c99-cb682d6b28fc,a735bf55-83e9-331a-899d-a82a60b9f60c,1945f001-213a-4894-6124-92907e504411,310798,Hydrochlorothiazide 25 MG Oral Tablet,0.45,0.00,2,0.90,59621000,Essential hypertension (disorder)
2025-04-14T13:38:06Z,,2c9c8ffd-efa5-7893-7c99-cb682d6b28fc,a735bf55-83e9-331a-899d-a82a60b9f60c,1945f001-213a-4894-6124-92907e504411,314076,lisinopril 10 MG Oral Tablet,0.91,0.00,2,1.82,59621000,Essential hypertension (disorder)
2025-04-14T13:38:06Z,,2c9c8ffd-efa5-7893-7c99-cb682d6b28fc,a735bf55-83e9-331a-899d-a82a60b9f60c,1945f001-213a-4894-6124-92907e504411,308136,amLODIPine 2.5 MG Oral Tablet,0.91,0.00,2,1.82,59621000,Essential hypertension (disorder)
2023-09-22T09:48:38Z,2023-10-27T09:48:38Z,fa8ebd26-039c-07a4-2810-447bb8e48f3e,e03e23c9-4df1-3eb6-a62d-f70f02301496,35d65e92-b8c3-e427-6b34-b5c4a3d8c79f,310798,Hydrochlorothiazide 25 MG Oral Tablet,0.65,0.00,1,0.65,59621000,Essential hypertension (disorder)
2023-09-22T09:48:38Z,2023-10-27T09:48:38Z,fa8ebd26-039c-07a4-2810-447bb8e48f3e,e03e23c9-4df1-3eb6-a62d-f70f02301496,35d65e92-b8c3-e427-6b34-b5c4a3d8c79f,314076,lisinopril 10 MG Oral Tablet,0.91,0.00,1,0.91,59621000,Essential hypertension (disorder)
2023-10-27T09:48:38Z,2023-11-24T09:48:38Z,fa8ebd26-039c-07a4-2810-447bb8e48f3e,e03e23c9-4df1-3eb6-a62d-f70f02301496,cfe225d9-8227-ead5-64c7-90f674af3eca,310798,Hydrochlorothiazide 25 MG Oral Tablet,0.49,0.00,1,0.49,59621000,Essential hypertension (disorder)
2023-10-27T09:48:38Z,2023-11-24T09:48:38Z,fa8ebd26-039c-07a4-2810-447bb8e48f3e,e03e23c9-4df1-3eb6-a62d-f70f02301496,cfe225d9-8227-ead5-64c7-90f674af3eca,314076,lisinopril 10 MG Oral Tablet,0.91,0.00,1,0.91,59621000,Essential hypertension (disorder)
2024-09-17T02:48:04Z,2024-09-24T02:48:04Z,b0fc3374-c40b-8591-0cc4-d6ffc383e5a4,734afbd6-4794-363b-9bc0-6a3981533ed5,f2cfb24b-0cf4-9bbf-f748-caa7ec5f98cd,106892,insulin isophane  human 70 UNT/ML / insulin  regular  human 30 UNT/ML Injectable Suspension [Humulin],368.35,294.68,1,368.35,15777000,Prediabetes
2024-09-17T02:48:04Z,2024-09-24T02:48:04Z,b0fc3374-c40b-8591-0cc4-d6ffc383e5a4,734afbd6-4794-363b-9bc0-6a3981533ed5,f2cfb24b-0cf4-9bbf-f748-caa7ec5f98cd,310798,Hydrochlorothiazide 25 MG Oral Tablet,0.45,0.36,1,0.45,59621000,Essential hypertension (disorder)
2024-09-17T02:48:04Z,2024-09-24T02:48:04Z,b0fc3374-c40b-8591-0cc4-d6ffc383e5a4,734afbd6-4794-363b-9bc0-6a3981533ed5,f2cfb24b-0cf4-9bbf-f748-caa7ec5f98cd,1049504,Abuse-Deterrent 12 HR Oxycodone Hydrochloride 10 MG Extended Release Oral Tablet [Oxycontin],129.94,103.95,3,389.82,,
2024-09-17T02:48:04Z,2024-09-24T02:48:04Z,b0fc3374-c40b-8591-0cc4-d6ffc383e5a4,734afbd6-4794-363b-9bc0-6a3981533ed5,f2cfb24b-0cf4-9bbf-f748-caa7ec5f98cd,1664463,24 HR tacrolimus 1 MG Extended Release Oral Tablet,129.94,103.95,1,129.94,161665007,History of renal transplant (situation)
2024-09-17T02:48:04Z,2024-09-24T02:48:04Z,b0fc3374-c40b-8591-0cc4-d6ffc383e5a4,734afbd6-4794-363b-9bc0-6a3981533ed5,f2cfb24b-0cf4-9bbf-f748-caa7ec5f98cd,835603,tramadol hydrochloride 50 MG Oral Tablet,129.94,103.95,3,389.82,,
2024-09-17T02:48:04Z,2024-09-24T02:48:04Z,b0fc3374-c40b-8591-0cc4-d6ffc383e5a4,734afbd6-4794-363b-9bc0-6a3981533ed5,f2cfb24b-0cf4-9bbf-f748-caa7ec5f98cd,1860491,12 HR Hydrocodone Bitartrate 10 MG Extended Release Oral Capsule,129.94,103.95,3,389.82,,
2024-09-17T02:48:04Z,2024-09-24T02:48:04Z,b0fc3374-c40b-8591-0cc4-d6ffc383e5a4,734afbd6-4794-363b-9bc0-6a3981533ed5,f2cfb24b-0cf4-9bbf-f748-caa7ec5f98cd,308136,amLODIPine 2.5 MG Oral Tablet,0.91,0.73,1,0.91,59621000,Essential hypertension (disorder)
2023-11-24T09:48:38Z,2023-12-01T09:48:38Z,fa8ebd26-039c-07a4-2810-447bb8e48f3e,e03e23c9-4df1-3eb6-a62d-f70f02301496,6511633c-0bd6-cb31-8068-07b0422ea69e,310798,Hydrochlorothiazide 25 MG Oral Tablet,0.45,0.00,1,0.45,59621000,Essential hypertension (disorder)
2023-11-24T09:48:38Z,2023-12-01T09:48:38Z,fa8ebd26-039c-07a4-2810-447bb8e48f3e,e03e23c9-4df1-3eb6-a62d-f70f02301496,6511633c-0bd6-cb31-8068-07b0422ea69e,314076,lisinopril 10 MG Oral Tablet,0.91,0.00,1,0.91,59621000,Essential hypertension (disorder)
2024-09-24T02:48:04Z,2024-10-01T02:48:04Z,b0fc3374-c40b-8591-0cc4-d6ffc383e5a4,734afbd6-4794-363b-9bc0-6a3981533ed5,289d8d58-fa84-843b-443c-41534715e840,106892,insulin isophane  human 70 UNT/ML / insulin  regular  human 30 UNT/ML Injectable Suspension [Humulin],285.23,228.18,1,285.23,15777000,Prediabetes
2023-12-01T09:48:38Z,2023-12-08T09:48:38Z,fa8ebd26-039c-07a4-2810-447bb8e48f3e,e03e23c9-4df1-3eb6-a62d-f70f02301496,912cf6e3-c390-4753-4f3d-b7534c2fd5bd,310798,Hydrochlorothiazide 25 MG Oral Tablet,0.45,0.00,1,0.45,59621000,Essential hypertension (disorder)
2023-12-01T09:48:38Z,2023-12-08T09:48:38Z,fa8ebd26-039c-07a4-2810-447bb8e48f3e,e03e23c9-4df1-3eb6-a62d-f70f02301496,912cf6e3-c390-4753-4f3d-b7534c2fd5bd,314076,lisinopril 10 MG Oral Tablet,0.91,0.00,1,0.91,59621000,Essential hypertension (disorder)
2024-09-24T02:48:04Z,2024-10-01T02:48:04Z,b0fc3374-c40b-8591-0cc4-d6ffc383e5a4,734afbd6-4794-363b-9bc0-6a3981533ed5,289d8d58-fa84-843b-443c-41534715e840,310798,Hydrochlorothiazide 25 MG Oral Tablet,0.45,0.36,1,0.45,59621000,Essential hypertension (disorder)
2024-09-24T02:48:04Z,2024-10-01T02:48:04Z,b0fc3374-c40b-8591-0cc4-d6ffc383e5a4,734afbd6-4794-363b-9bc0-6a3981533ed5,289d8d58-fa84-843b-443c-41534715e840,1049504,Abuse-Deterrent 12 HR Oxycodone Hydrochloride 10 MG Extended Release Oral Tablet [Oxycontin],129.94,103.95,3,389.82,,
2024-09-24T02:48:04Z,2024-10-01T02:48:04Z,b0fc3374-c40b-8591-0cc4-d6ffc383e5a4,734afbd6-4794-363b-9bc0-6a3981533ed5,289d8d58-fa84-843b-443c-41534715e840,1664463,24 HR tacrolimus 1 MG Extended Release Oral Tablet,129.94,103.95,1,129.94,161665007,History of renal transplant (situation)
2023-12-08T09:48:38Z,2023-12-15T09:48:38Z,fa8ebd26-039c-07a4-2810-447bb8e48f3e,e03e23c9-4df1-3eb6-a62d-f70f02301496,4a97b9a9-228c-108f-6908-19e92ca181cb,310798,Hydrochlorothiazide 25 MG Oral Tablet,0.45,0.00,1,0.45,59621000,Essential hypertension (disorder)
2023-12-08T09:48:38Z,2023-12-15T09:48:38Z,fa8ebd26-039c-07a4-2810-447bb8e48f3e,e03e23c9-4df1-3eb6-a62d-f70f02301496,4a97b9a9-228c-108f-6908-19e92ca181cb,314076,lisinopril 10 MG Oral Tablet,0.91,0.00,1,0.91,59621000,Essential hypertension (disorder)
2024-09-24T02:48:04Z,2024-10-01T02:48:04Z,b0fc3374-c40b-8591-0cc4-d6ffc383e5a4,734afbd6-4794-363b-9bc0-6a3981533ed5,289d8d58-fa84-843b-443c-41534715e840,835603,tramadol hydrochloride 50 MG Oral Tablet,129.94,103.95,3,389.82,,
2024-09-24T02:48:04Z,2024-10-01T02:48:04Z,b0fc3374-c40b-8591-0cc4-d6ffc383e5a4,734afbd6-4794-363b-9bc0-6a3981533ed5,289d8d58-fa84-843b-443c-41534715e840,1860491,12 HR Hydrocodone Bitartrate 10 MG Extended Release Oral Capsule,129.94,103.95,3,389.82,,
2023-12-15T09:48:38Z,2023-12-22T09:48:38Z,fa8ebd26-039c-07a4-2810-447bb8e48f3e,e03e23c9-4df1-3eb6-a62d-f70f02301496,8277f1d4-dd3d-9335-3e75-b59ae4d40e03,310798,Hydrochlorothiazide 25 MG Oral Tablet,0.45,0.00,1,0.45,59621000,Essential hypertension (disorder)
2023-12-15T09:48:38Z,2023-12-22T09:48:38Z,fa8ebd26-039c-07a4-2810-447bb8e48f3e,e03e23c9-4df1-3eb6-a62d-f70f02301496,8277f1d4-dd3d-9335-3e75-b59ae4d40e03,314076,lisinopril 10 MG Oral Tablet,0.91,0.00,1,0.91,59621000,Essential hypertension (disorder)
2024-09-24T02:48:04Z,2024-10-01T02:48:04Z,b0fc3374-c40b-8591-0cc4-d6ffc383e5a4,734afbd6-4794-363b-9bc0-6a3981533ed5,289d8d58-fa84-843b-443c-41534715e840,308136,amLODIPine 2.5 MG Oral Tablet,0.91,0.73,1,0.91,59621000,Essential hypertension (disorder)
2023-12-22T09:48:38Z,2023-12-29T09:48:38Z,fa8ebd26-039c-07a4-2810-447bb8e48f3e,e03e23c9-4df1-3eb6-a62d-f70f02301496,20d39127-a1aa-b50d-c60a-508da3faef65,310798,Hydrochlorothiazide 25 MG Oral Tablet,0.45,0.00,1,0.45,59621000,Essential hypertension (disorder)
2023-12-22T09:48:38Z,2023-12-29T09:48:38Z,fa8ebd26-039c-07a4-2810-447bb8e48f3e,e03e23c9-4df1-3eb6-a62d-f70f02301496,20d39127-a1aa-b50d-c60a-508da3faef65,314076,lisinopril 10 MG Oral Tablet,0.91,0.00,1,0.91,59621000,Essential hypertension (disorder)
2023-12-29T09:48:38Z,2024-01-05T09:48:38Z,fa8ebd26-039c-07a4-2810-447bb8e48f3e,e03e23c9-4df1-3eb6-a62d-f70f02301496,04cc5342-7fcf-ac88-23b0-4735979d0350,310798,Hydrochlorothiazide 25 MG Oral Tablet,0.45,0.00,1,0.45,59621000,Essential hypertension (disorder)
2024-10-01T02:48:04Z,2024-10-22T02:48:04Z,b0fc3374-c40b-8591-0cc4-d6ffc383e5a4,734afbd6-4794-363b-9bc0-6a3981533ed5,d0573979-d70c-7dbd-38be-5275d825816d,106892,insulin isophane  human 70 UNT/ML / insulin  regular  human 30 UNT/ML Injectable Suspension [Humulin],148.40,118.72,1,148.40,15777000,Prediabetes
2023-12-29T09:48:38Z,2024-01-05T09:48:38Z,fa8ebd26-039c-07a4-2810-447bb8e48f3e,e03e23c9-4df1-3eb6-a62d-f70f02301496,04cc5342-7fcf-ac88-23b0-4735979d0350,314076,lisinopril 10 MG Oral Tablet,0.91,0.00,1,0.91,59621000,Essential hypertension (disorder)
2024-10-01T02:48:04Z,2024-10-22T02:48:04Z,b0fc3374-c40b-8591-0cc4-d6ffc383e5a4,734afbd6-4794-363b-9bc0-6a3981533ed5,d0573979-d70c-7dbd-38be-5275d825816d,310798,Hydrochlorothiazide 25 MG Oral Tablet,0.45,0.36,1,0.45,59621000,Essential hypertension (disorder)
2024-10-01T02:48:04Z,2024-10-22T02:48:04Z,b0fc3374-c40b-8591-0cc4-d6ffc383e5a4,734afbd6-4794-363b-9bc0-6a3981533ed5,d0573979-d70c-7dbd-38be-5275d825816d,1049504,Abuse-Deterrent 12 HR Oxycodone Hydrochloride 10 MG Extended Release Oral Tablet [Oxycontin],129.94,103.95,3,389.82,,
2024-10-01T02:48:04Z,2024-10-22T02:48:04Z,b0fc3374-c40b-8591-0cc4-d6ffc383e5a4,734afbd6-4794-363b-9bc0-6a3981533ed5,d0573979-d70c-7dbd-38be-5275d825816d,1664463,24 HR tacrolimus 1 MG Extended Release Oral Tablet,129.94,103.95,1,129.94,161665007,History of renal transplant (situation)
2024-10-01T02:48:04Z,2024-10-22T02:48:04Z,b0fc3374-c40b-8591-0cc4-d6ffc383e5a4,734afbd6-4794-363b-9bc0-6a3981533ed5,d0573979-d70c-7dbd-38be-5275d825816d,835603,tramadol hydrochloride 50 MG Oral Tablet,129.94,103.95,3,389.82,,
2024-10-01T02:48:04Z,2024-10-22T02:48:04Z,b0fc3374-c40b-8591-0cc4-d6ffc383e5a4,734afbd6-4794-363b-9bc0-6a3981533ed5,d0573979-d70c-7dbd-38be-5275d825816d,1860491,12 HR Hydrocodone Bitartrate 10 MG Extended Release Oral Capsule,129.94,103.95,3,389.82,,
2024-01-05T09:48:38Z,2024-01-26T09:48:38Z,fa8ebd26-039c-07a4-2810-447bb8e48f3e,e03e23c9-4df1-3eb6-a62d-f70f02301496,198b8a8a-e42f-c0da-e89f-2b2b9d214796,310798,Hydrochlorothiazide 25 MG Oral Tablet,0.45,0.00,1,0.45,59621000,Essential hypertension (disorder)
2024-01-05T09:48:38Z,2024-01-26T09:48:38Z,fa8ebd26-039c-07a4-2810-447bb8e48f3e,e03e23c9-4df1-3eb6-a62d-f70f02301496,198b8a8a-e42f-c0da-e89f-2b2b9d214796,314076,lisinopril 10 MG Oral Tablet,0.91,0.00,1,0.91,59621000,Essential hypertension (disorder)
2024-10-01T02:48:04Z,2024-10-22T02:48:04Z,b0fc3374-c40b-8591-0cc4-d6ffc383e5a4,734afbd6-4794-363b-9bc0-6a3981533ed5,d0573979-d70c-7dbd-38be-5275d825816d,308136,amLODIPine 2.5 MG Oral Tablet,1.37,1.10,1,1.37,59621000,Essential hypertension (disorder)
2024-01-26T09:48:38Z,2024-02-02T09:48:38Z,fa8ebd26-039c-07a4-2810-447bb8e48f3e,e03e23c9-4df1-3eb6-a62d-f70f02301496,98561a02-f726-acc1-64dd-6e1e8103763d,310798,Hydrochlorothiazide 25 MG Oral Tablet,0.59,0.00,1,0.59,59621000,Essential hypertension (disorder)
2024-01-26T09:48:38Z,2024-02-02T09:48:38Z,fa8ebd26-039c-07a4-2810-447bb8e48f3e,e03e23c9-4df1-3eb6-a62d-f70f02301496,98561a02-f726-acc1-64dd-6e1e8103763d,314076,lisinopril 10 MG Oral Tablet,0.91,0.00,1,0.91,59621000,Essential hypertension (disorder)
2024-02-02T09:48:38Z,2024-02-23T09:48:38Z,fa8ebd26-039c-07a4-2810-447bb8e48f3e,e03e23c9-4df1-3eb6-a62d-f70f02301496,8c988ddc-b59e-e2e6-6d24-0a05c36f4c08,310798,Hydrochlorothiazide 25 MG Oral Tablet,0.48,0.00,1,0.48,59621000,Essential hypertension (disorder)
2024-10-22T02:48:04Z,2025-07-01T02:48:04Z,b0fc3374-c40b-8591-0cc4-d6ffc383e5a4,734afbd6-4794-363b-9bc0-6a3981533ed5,93f01d19-9d2e-955a-25ae-3cc239d6b7fa,106892,insulin isophane  human 70 UNT/ML / insulin  regular  human 30 UNT/ML Injectable Suspension [Humulin],148.57,0.00,8,1188.56,15777000,Prediabetes
2024-02-02T09:48:38Z,2024-02-23T09:48:38Z,fa8ebd26-039c-07a4-2810-447bb8e48f3e,e03e23c9-4df1-3eb6-a62d-f70f02301496,8c988ddc-b59e-e2e6-6d24-0a05c36f4c08,314076,lisinopril 10 MG Oral Tablet,0.91,0.00,1,0.91,59621000,Essential hypertension (disorder)
2024-10-22T02:48:04Z,2025-07-01T02:48:04Z,b0fc3374-c40b-8591-0cc4-d6ffc383e5a4,734afbd6-4794-363b-9bc0-6a3981533ed5,93f01d19-9d2e-955a-25ae-3cc239d6b7fa,310798,Hydrochlorothiazide 25 MG Oral Tablet,0.45,0.00,2,0.90,59621000,Essential hypertension (disorder)
2024-10-22T02:48:04Z,2025-07-01T02:48:04Z,b0fc3374-c40b-8591-0cc4-d6ffc383e5a4,734afbd6-4794-363b-9bc0-6a3981533ed5,93f01d19-9d2e-955a-25ae-3cc239d6b7fa,1049504,Abuse-Deterrent 12 HR Oxycodone Hydrochloride 10 MG Extended Release Oral Tablet [Oxycontin],129.94,0.00,3,389.82,,
2024-10-22T02:48:04Z,2025-07-01T02:48:04Z,b0fc3374-c40b-8591-0cc4-d6ffc383e5a4,734afbd6-4794-363b-9bc0-6a3981533ed5,93f01d19-9d2e-955a-25ae-3cc239d6b7fa,1664463,24 HR tacrolimus 1 MG Extended Release Oral Tablet,129.94,0.00,2,259.88,161665007,History of renal transplant (situation)
2024-10-22T02:48:04Z,2025-07-01T02:48:04Z,b0fc3374-c40b-8591-0cc4-d6ffc383e5a4,734afbd6-4794-363b-9bc0-6a3981533ed5,93f01d19-9d2e-955a-25ae-3cc239d6b7fa,835603,tramadol hydrochloride 50 MG Oral Tablet,129.94,0.00,3,389.82,,
2024-10-22T02:48:04Z,2025-07-01T02:48:04Z,b0fc3374-c40b-8591-0cc4-d6ffc383e5a4,734afbd6-4794-363b-9bc0-6a3981533ed5,93f01d19-9d2e-955a-25ae-3cc239d6b7fa,1860491,12 HR Hydrocodone Bitartrate 10 MG Extended Release Oral Capsule,129.94,0.00,3,389.82,,
2024-10-22T02:48:04Z,2025-07-01T02:48:04Z,b0fc3374-c40b-8591-0cc4-d6ffc383e5a4,734afbd6-4794-363b-9bc0-6a3981533ed5,93f01d19-9d2e-955a-25ae-3cc239d6b7fa,308136,amLODIPine 2.5 MG Oral Tablet,0.91,0.00,2,1.82,59621000,Essential hypertension (disorder)
2024-02-23T09:48:38Z,2024-03-22T09:48:38Z,fa8ebd26-039c-07a4-2810-447bb8e48f3e,e03e23c9-4df1-3eb6-a62d-f70f02301496,d67e09e7-7b1b-fd45-0830-1a5ff2d32efe,310798,Hydrochlorothiazide 25 MG Oral Tablet,0.45,0.00,1,0.45,59621000,Essential hypertension (disorder)
2024-02-23T09:48:38Z,2024-03-22T09:48:38Z,fa8ebd26-039c-07a4-2810-447bb8e48f3e,e03e23c9-4df1-3eb6-a62d-f70f02301496,d67e09e7-7b1b-fd45-0830-1a5ff2d32efe,314076,lisinopril 10 MG Oral Tablet,0.91,0.00,1,0.91,59621000,Essential hypertension (disorder)
2025-03-07T05:11:04Z,2025-03-07T05:11:04Z,b0fc3374-c40b-8591-0cc4-d6ffc383e5a4,734afbd6-4794-363b-9bc0-6a3981533ed5,57e91ec1-c9c0-b284-3548-63d35b6cc7bd,205923,1 ML Epoetin Alfa 4000 UNT/ML Injection [Epogen],29.21,23.37,1,29.21,271737000,Anemia (disorder)
2024-03-22T09:48:38Z,2024-04-19T09:48:38Z,fa8ebd26-039c-07a4-2810-447bb8e48f3e,e03e23c9-4df1-3eb6-a62d-f70f02301496,d81970df-63fd-4e80-90c0-a3e948e04873,310798,Hydrochlorothiazide 25 MG Oral Tablet,0.45,0.00,1,0.45,59621000,Essential hypertension (disorder)
2024-03-22T09:48:38Z,2024-04-19T09:48:38Z,fa8ebd26-039c-07a4-2810-447bb8e48f3e,e03e23c9-4df1-3eb6-a62d-f70f02301496,d81970df-63fd-4e80-90c0-a3e948e04873,314076,lisinopril 10 MG Oral Tablet,0.91,0.00,1,0.91,59621000,Essential hypertension (disorder)
2025-03-10T07:18:04Z,2025-03-10T07:18:04Z,b0fc3374-c40b-8591-0cc4-d6ffc383e5a4,734afbd6-4794-363b-9bc0-6a3981533ed5,b85c14a5-b18b-a2b7-ed3b-3c2ece88b986,205923,1 ML Epoetin Alfa 4000 UNT/ML Injection [Epogen],30.67,24.54,1,30.67,271737000,Anemia (disorder)
2025-03-13T11:05:04Z,2025-03-13T11:05:04Z,b0fc3374-c40b-8591-0cc4-d6ffc383e5a4,734afbd6-4794-363b-9bc0-6a3981533ed5,2d8efd08-5b2a-89ea-af55-585f89480c50,205923,1 ML Epoetin Alfa 4000 UNT/ML Injection [Epogen],29.21,23.37,1,29.21,271737000,Anemia (disorder)
2025-03-16T13:28:04Z,2025-03-16T13:28:04Z,b0fc3374-c40b-8591-0cc4-d6ffc383e5a4,734afbd6-4794-363b-9bc0-6a3981533ed5,272e1664-b5c4-a95a-7dd1-a3dce490b3ab,205923,1 ML Epoetin Alfa 4000 UNT/ML Injection [Epogen],29.21,23.37,1,29.21,271737000,Anemia (disorder)
2024-04-19T09:48:38Z,2024-05-24T09:48:38Z,fa8ebd26-039c-07a4-2810-447bb8e48f3e,e03e23c9-4df1-3eb6-a62d-f70f02301496,3e30b278-c61d-68c0-2060-0d3a1cbc58d4,310798,Hydrochlorothiazide 25 MG Oral Tablet,0.45,0.00,1,0.45,59621000,Essential hypertension (disorder)
2024-04-19T09:48:38Z,2024-05-24T09:48:38Z,fa8ebd26-039c-07a4-2810-447bb8e48f3e,e03e23c9-4df1-3eb6-a62d-f70f02301496,3e30b278-c61d-68c0-2060-0d3a1cbc58d4,314076,lisinopril 10 MG Oral Tablet,0.91,0.00,1,0.91,59621000,Essential hypertension (disorder)
2025-03-19T16:23:04Z,2025-03-19T16:23:04Z,b0fc3374-c40b-8591-0cc4-d6ffc383e5a4,734afbd6-4794-363b-9bc0-6a3981533ed5,f8a355ee-cdb1-83a6-5484-d0979d45503e,205923,1 ML Epoetin Alfa 4000 UNT/ML Injection [Epogen],29.21,23.37,1,29.21,271737000,Anemia (disorder)
2025-03-22T19:15:04Z,2025-03-22T19:15:04Z,b0fc3374-c40b-8591-0cc4-d6ffc383e5a4,734afbd6-4794-363b-9bc0-6a3981533ed5,ed027be4-7026-f55d-e6de-cf2c914f669b,205923,1 ML Epoetin Alfa 4000 UNT/ML Injection [Epogen],29.21,23.37,1,29.21,271737000,Anemia (disorder)
2024-05-24T09:48:38Z,2024-05-31T09:48:38Z,fa8ebd26-039c-07a4-2810-447bb8e48f3e,e03e23c9-4df1-3eb6-a62d-f70f02301496,c8ffac96-4493-9b17-cbbc-e103c8dc7dcb,310798,Hydrochlorothiazide 25 MG Oral Tablet,0.60,0.00,1,0.60,59621000,Essential hypertension (disorder)
2024-05-24T09:48:38Z,2024-05-31T09:48:38Z,fa8ebd26-039c-07a4-2810-447bb8e48f3e,e03e23c9-4df1-3eb6-a62d-f70f02301496,c8ffac96-4493-9b17-cbbc-e103c8dc7dcb,314076,lisinopril 10 MG Oral Tablet,0.91,0.00,1,0.91,59621000,Essential hypertension (disorder)
2025-03-25T22:09:04Z,2025-03-25T22:09:04Z,b0fc3374-c40b-8591-0cc4-d6ffc383e5a4,734afbd6-4794-363b-9bc0-6a3981533ed5,f5d124fe-2d09-3a2b-382b-3bb9ab07388e,205923,1 ML Epoetin Alfa 4000 UNT/ML Injection [Epogen],29.21,23.37,1,29.21,271737000,Anemia (disorder)
2024-05-31T09:48:38Z,2024-07-19T09:48:38Z,fa8ebd26-039c-07a4-2810-447bb8e48f3e,e03e23c9-4df1-3eb6-a62d-f70f02301496,ddefc87f-915f-c6fa-0be5-b8e137143e7a,310798,Hydrochlorothiazide 25 MG Oral Tablet,0.91,0.00,1,0.91,59621000,Essential hypertension (disorder)
2024-05-31T09:48:38Z,2024-07-19T09:48:38Z,fa8ebd26-039c-07a4-2810-447bb8e48f3e,e03e23c9-4df1-3eb6-a62d-f70f02301496,ddefc87f-915f-c6fa-0be5-b8e137143e7a,314076,lisinopril 10 MG Oral Tablet,0.91,0.00,1,0.91,59621000,Essential hypertension (disorder)
2025-03-29T00:13:04Z,2025-03-29T00:13:04Z,b0fc3374-c40b-8591-0cc4-d6ffc383e5a4,734afbd6-4794-363b-9bc0-6a3981533ed5,7996c417-408f-0bd6-ab2c-33f675ced068,205923,1 ML Epoetin Alfa 4000 UNT/ML Injection [Epogen],29.21,23.37,1,29.21,271737000,Anemia (disorder)
2025-04-01T03:10:04Z,2025-04-01T03:10:04Z,b0fc3374-c40b-8591-0cc4-d6ffc383e5a4,734afbd6-4794-363b-9bc0-6a3981533ed5,efaf8f03-59cb-99b9-fbc1-42c7a5cffc23,205923,1 ML Epoetin Alfa 4000 UNT/ML Injection [Epogen],30.67,24.54,1,30.67,271737000,Anemia (disorder)
2024-07-19T09:48:38Z,2024-10-18T09:48:38Z,fa8ebd26-039c-07a4-2810-447bb8e48f3e,e03e23c9-4df1-3eb6-a62d-f70f02301496,d334a409-9934-13e0-5e95-5753ccacb306,310798,Hydrochlorothiazide 25 MG Oral Tablet,0.91,0.00,1,0.91,59621000,Essential hypertension (disorder)
2024-07-19T09:48:38Z,2024-10-18T09:48:38Z,fa8ebd26-039c-07a4-2810-447bb8e48f3e,e03e23c9-4df1-3eb6-a62d-f70f02301496,d334a409-9934-13e0-5e95-5753ccacb306,314076,lisinopril 10 MG Oral Tablet,0.91,0.00,1,0.91,59621000,Essential hypertension (disorder)
2025-04-04T07:02:04Z,2025-04-04T07:02:04Z,b0fc3374-c40b-8591-0cc4-d6ffc383e5a4,734afbd6-4794-363b-9bc0-6a3981533ed5,1c41a605-3309-3d4b-1367-68ebe7471c00,205923,1 ML Epoetin Alfa 4000 UNT/ML Injection [Epogen],29.21,23.37,1,29.21,271737000,Anemia (disorder)
2025-04-07T11:01:04Z,2025-04-07T11:01:04Z,b0fc3374-c40b-8591-0cc4-d6ffc383e5a4,734afbd6-4794-363b-9bc0-6a3981533ed5,2ee68a75-c3e9-f8d2-5aab-ff887f31ea87,205923,1 ML Epoetin Alfa 4000 UNT/ML Injection [Epogen],30.67,24.54,1,30.67,271737000,Anemia (disorder)
2025-04-10T13:52:04Z,2025-04-10T13:52:04Z,b0fc3374-c40b-8591-0cc4-d6ffc383e5a4,734afbd6-4794-363b-9bc0-6a3981533ed5,9e57db96-715e-c15a-deff-9826360a71ad,205923,1 ML Epoetin Alfa 4000 UNT/ML Injection [Epogen],29.21,23.37,1,29.21,271737000,Anemia (disorder)
2024-10-18T09:48:38Z,2024-10-25T09:48:38Z,fa8ebd26-039c-07a4-2810-447bb8e48f3e,e03e23c9-4df1-3eb6-a62d-f70f02301496,a20c1abf-06ee-2a27-ccbd-94cd1f3949f0,310798,Hydrochlorothiazide 25 MG Oral Tablet,0.45,0.00,1,0.45,59621000,Essential hypertension (disorder)
2024-10-18T09:48:38Z,2024-10-25T09:48:38Z,fa8ebd26-039c-07a4-2810-447bb8e48f3e,e03e23c9-4df1-3eb6-a62d-f70f02301496,a20c1abf-06ee-2a27-ccbd-94cd1f3949f0,314076,lisinopril 10 MG Oral Tablet,0.91,0.00,1,0.91,59621000,Essential hypertension (disorder)
2025-04-13T17:05:04Z,2025-04-13T17:05:04Z,b0fc3374-c40b-8591-0cc4-d6ffc383e5a4,734afbd6-4794-363b-9bc0-6a3981533ed5,1acc8b6b-56bd-1132-9e02-1a27774330f0,205923,1 ML Epoetin Alfa 4000 UNT/ML Injection [Epogen],29.21,23.37,1,29.21,271737000,Anemia (disorder)
2024-10-25T09:48:38Z,2024-11-15T09:48:38Z,fa8ebd26-039c-07a4-2810-447bb8e48f3e,e03e23c9-4df1-3eb6-a62d-f70f02301496,2a577574-1227-9ecf-3ece-6e822a122ca5,310798,Hydrochlorothiazide 25 MG Oral Tablet,0.88,0.00,1,0.88,59621000,Essential hypertension (disorder)
2024-10-25T09:48:38Z,2024-11-15T09:48:38Z,fa8ebd26-039c-07a4-2810-447bb8e48f3e,e03e23c9-4df1-3eb6-a62d-f70f02301496,2a577574-1227-9ecf-3ece-6e822a122ca5,314076,lisinopril 10 MG Oral Tablet,0.91,0.00,1,0.91,59621000,Essential hypertension (disorder)
2025-04-16T19:24:04Z,2025-04-16T19:24:04Z,b0fc3374-c40b-8591-0cc4-d6ffc383e5a4,734afbd6-4794-363b-9bc0-6a3981533ed5,9fd9b548-bcff-0308-a38e-8ec3f5a98648,205923,1 ML Epoetin Alfa 4000 UNT/ML Injection [Epogen],29.21,23.37,1,29.21,271737000,Anemia (disorder)
2025-04-19T22:47:04Z,2025-04-19T22:47:04Z,b0fc3374-c40b-8591-0cc4-d6ffc383e5a4,734afbd6-4794-363b-9bc0-6a3981533ed5,aab0e5d6-19a5-3bb5-9bfc-0c94054beafb,205923,1 ML Epoetin Alfa 4000 UNT/ML Injection [Epogen],29.21,23.37,1,29.21,271737000,Anemia (disorder)
2025-04-23T02:22:04Z,2025-04-23T02:22:04Z,b0fc3374-c40b-8591-0cc4-d6ffc383e5a4,734afbd6-4794-363b-9bc0-6a3981533ed5,a5f2198a-6817-e9bb-86e0-1d725fea589a,205923,1 ML Epoetin Alfa 4000 UNT/ML Injection [Epogen],30.67,24.54,1,30.67,271737000,Anemia (disorder)
2024-11-15T09:48:38Z,2024-12-20T09:48:38Z,fa8ebd26-039c-07a4-2810-447bb8e48f3e,e03e23c9-4df1-3eb6-a62d-f70f02301496,ff0a7d70-f77f-007d-c93e-04e7d4b6b2bf,310798,Hydrochlorothiazide 25 MG Oral Tablet,0.45,0.00,1,0.45,59621000,Essential hypertension (disorder)
2024-11-15T09:48:38Z,2024-12-20T09:48:38Z,fa8ebd26-039c-07a4-2810-447bb8e48f3e,e03e23c9-4df1-3eb6-a62d-f70f02301496,ff0a7d70-f77f-007d-c93e-04e7d4b6b2bf,314076,lisinopril 10 MG Oral Tablet,0.91,0.00,1,0.91,59621000,Essential hypertension (disorder)
2025-04-26T04:58:04Z,2025-04-26T04:58:04Z,b0fc3374-c40b-8591-0cc4-d6ffc383e5a4,734afbd6-4794-363b-9bc0-6a3981533ed5,97ac297e-77ec-117f-e1c4-8f6ee0d8ed78,205923,1 ML Epoetin Alfa 4000 UNT/ML Injection [Epogen],30.67,24.54,1,30.67,271737000,Anemia (disorder)
2025-04-29T08:52:04Z,2025-04-29T08:52:04Z,b0fc3374-c40b-8591-0cc4-d6ffc383e5a4,734afbd6-4794-363b-9bc0-6a3981533ed5,345b3e4d-9a80-d55f-74da-4a060f4c3aa7,205923,1 ML Epoetin Alfa 4000 UNT/ML Injection [Epogen],29.21,23.37,1,29.21,271737000,Anemia (disorder)
2025-05-02T11:52:04Z,2025-05-02T11:52:04Z,b0fc3374-c40b-8591-0cc4-d6ffc383e5a4,734afbd6-4794-363b-9bc0-6a3981533ed5,5aae6508-b707-3805-432e-f9bbdf3cda76,205923,1 ML Epoetin Alfa 4000 UNT/ML Injection [Epogen],29.21,23.37,1,29.21,271737000,Anemia (disorder)
2024-12-20T09:48:38Z,2025-01-17T09:48:38Z,fa8ebd26-039c-07a4-2810-447bb8e48f3e,e03e23c9-4df1-3eb6-a62d-f70f02301496,97ec9914-c882-1b3a-c168-0b5ad491d4e2,310798,Hydrochlorothiazide 25 MG Oral Tablet,0.77,0.00,1,0.77,59621000,Essential hypertension (disorder)
2024-12-20T09:48:38Z,2025-01-17T09:48:38Z,fa8ebd26-039c-07a4-2810-447bb8e48f3e,e03e23c9-4df1-3eb6-a62d-f70f02301496,97ec9914-c882-1b3a-c168-0b5ad491d4e2,314076,lisinopril 10 MG Oral Tablet,0.91,0.00,1,0.91,59621000,Essential hypertension (disorder)
2025-05-05T14:28:04Z,2025-05-05T14:28:04Z,b0fc3374-c40b-8591-0cc4-d6ffc383e5a4,734afbd6-4794-363b-9bc0-6a3981533ed5,3149275c-3b00-5afb-1098-4d69d77a9c0e,205923,1 ML Epoetin Alfa 4000 UNT/ML Injection [Epogen],30.67,24.54,1,30.67,271737000,Anemia (disorder)
2025-05-08T17:58:04Z,2025-05-08T17:58:04Z,b0fc3374-c40b-8591-0cc4-d6ffc383e5a4,734afbd6-4794-363b-9bc0-6a3981533ed5,0bf60d0e-ee79-f3ec-c530-b6b1f1094de0,205923,1 ML Epoetin Alfa 4000 UNT/ML Injection [Epogen],30.64,24.51,1,30.64,271737000,Anemia (disorder)
2025-01-17T09:48:38Z,2025-02-14T09:48:38Z,fa8ebd26-039c-07a4-2810-447bb8e48f3e,e03e23c9-4df1-3eb6-a62d-f70f02301496,c438ae80-3dcb-99e5-b0ec-575f052d728c,310798,Hydrochlorothiazide 25 MG Oral Tablet,0.45,0.00,1,0.45,59621000,Essential hypertension (disorder)
2025-01-17T09:48:38Z,2025-02-14T09:48:38Z,fa8ebd26-039c-07a4-2810-447bb8e48f3e,e03e23c9-4df1-3eb6-a62d-f70f02301496,c438ae80-3dcb-99e5-b0ec-575f052d728c,314076,lisinopril 10 MG Oral Tablet,0.91,0.00,1,0.91,59621000,Essential hypertension (disorder)
2025-02-14T09:48:38Z,2025-04-18T09:48:38Z,fa8ebd26-039c-07a4-2810-447bb8e48f3e,e03e23c9-4df1-3eb6-a62d-f70f02301496,53408fab-81de-7961-a51b-02a41e64df03,310798,Hydrochlorothiazide 25 MG Oral Tablet,0.45,0.00,1,0.45,59621000,Essential hypertension (disorder)
2025-02-14T09:48:38Z,2025-04-18T09:48:38Z,fa8ebd26-039c-07a4-2810-447bb8e48f3e,e03e23c9-4df1-3eb6-a62d-f70f02301496,53408fab-81de-7961-a51b-02a41e64df03,314076,lisinopril 10 MG Oral Tablet,0.91,0.00,1,0.91,59621000,Essential hypertension (disorder)
2025-05-11T20:34:04Z,2025-05-11T20:34:04Z,b0fc3374-c40b-8591-0cc4-d6ffc383e5a4,734afbd6-4794-363b-9bc0-6a3981533ed5,56243701-24af-d0bd-2844-38fdb14d305b,205923,1 ML Epoetin Alfa 4000 UNT/ML Injection [Epogen],30.67,24.54,1,30.67,271737000,Anemia (disorder)
2025-05-14T22:34:04Z,2025-05-14T22:34:04Z,b0fc3374-c40b-8591-0cc4-d6ffc383e5a4,734afbd6-4794-363b-9bc0-6a3981533ed5,c73d45ce-91fa-d83d-6798-8508bb410620,205923,1 ML Epoetin Alfa 4000 UNT/ML Injection [Epogen],30.67,24.54,1,30.67,271737000,Anemia (disorder)
2025-04-18T09:48:38Z,2025-05-16T09:48:38Z,fa8ebd26-039c-07a4-2810-447bb8e48f3e,e03e23c9-4df1-3eb6-a62d-f70f02301496,dc4dc48e-ecc5-649b-6a3f-b87445882924,310798,Hydrochlorothiazide 25 MG Oral Tablet,0.45,0.00,1,0.45,59621000,Essential hypertension (disorder)
2025-04-18T09:48:38Z,2025-05-16T09:48:38Z,fa8ebd26-039c-07a4-2810-447bb8e48f3e,e03e23c9-4df1-3eb6-a62d-f70f02301496,dc4dc48e-ecc5-649b-6a3f-b87445882924,314076,lisinopril 10 MG Oral Tablet,0.91,0.00,1,0.91,59621000,Essential hypertension (disorder)
2025-05-18T02:01:04Z,2025-05-18T02:01:04Z,b0fc3374-c40b-8591-0cc4-d6ffc383e5a4,734afbd6-4794-363b-9bc0-6a3981533ed5,233589c6-c317-3a84-7c83-0d4aa0a88eb6,205923,1 ML Epoetin Alfa 4000 UNT/ML Injection [Epogen],30.67,24.54,1,30.67,271737000,Anemia (disorder)
2014-08-01T08:47:33Z,,40bef2fb-ee47-4089-b99b-1c6bc43fe217,26aab0cd-6aba-3e1b-ac5b-05c8867e762c,5e99e9d5-5dfc-7ce2-9a95-7319779fcb30,856987,Acetaminophen 300 MG / Hydrocodone Bitartrate 5 MG Oral Tablet,1.22,0.00,3,3.66,,
2025-05-21T05:23:04Z,2025-05-21T05:23:04Z,b0fc3374-c40b-8591-0cc4-d6ffc383e5a4,734afbd6-4794-363b-9bc0-6a3981533ed5,1ee6fe24-9040-ab7f-1e24-682dc9ca6df0,205923,1 ML Epoetin Alfa 4000 UNT/ML Injection [Epogen],29.21,23.37,1,29.21,271737000,Anemia (disorder)
2025-05-16T09:48:38Z,2025-05-30T09:48:38Z,fa8ebd26-039c-07a4-2810-447bb8e48f3e,e03e23c9-4df1-3eb6-a62d-f70f02301496,528b0d26-f82d-4384-5956-05a1871af887,310798,Hydrochlorothiazide 25 MG Oral Tablet,0.45,0.00,1,0.45,59621000,Essential hypertension (disorder)
2025-05-16T09:48:38Z,2025-05-30T09:48:38Z,fa8ebd26-039c-07a4-2810-447bb8e48f3e,e03e23c9-4df1-3eb6-a62d-f70f02301496,528b0d26-f82d-4384-5956-05a1871af887,314076,lisinopril 10 MG Oral Tablet,0.91,0.00,1,0.91,59621000,Essential hypertension (disorder)
2022-12-22T23:53:30Z,2023-03-09T23:53:30Z,40bef2fb-ee47-4089-b99b-1c6bc43fe217,a735bf55-83e9-331a-899d-a82a60b9f60c,98e1bfd3-4405-3989-414e-81428cca861b,106892,insulin isophane  human 70 UNT/ML / insulin  regular  human 30 UNT/ML Injectable Suspension [Humulin],126.89,101.51,2,253.78,15777000,Prediabetes
2025-05-30T09:48:38Z,2025-06-13T09:48:38Z,fa8ebd26-039c-07a4-2810-447bb8e48f3e,e03e23c9-4df1-3eb6-a62d-f70f02301496,264476bf-ccc7-21b4-cf41-f5e3be791512,310798,Hydrochlorothiazide 25 MG Oral Tablet,0.45,0.00,1,0.45,59621000,Essential hypertension (disorder)
2025-05-30T09:48:38Z,2025-06-13T09:48:38Z,fa8ebd26-039c-07a4-2810-447bb8e48f3e,e03e23c9-4df1-3eb6-a62d-f70f02301496,264476bf-ccc7-21b4-cf41-f5e3be791512,314076,lisinopril 10 MG Oral Tablet,0.91,0.00,1,0.91,59621000,Essential hypertension (disorder)
2022-12-22T23:53:30Z,2023-03-09T23:53:30Z,40bef2fb-ee47-4089-b99b-1c6bc43fe217,a735bf55-83e9-331a-899d-a82a60b9f60c,98e1bfd3-4405-3989-414e-81428cca861b,1049625,Acetaminophen 325 MG / Oxycodone Hydrochloride 10 MG Oral Tablet [Percocet],129.94,103.95,3,389.82,,
2022-12-22T23:53:30Z,2023-03-09T23:53:30Z,40bef2fb-ee47-4089-b99b-1c6bc43fe217,a735bf55-83e9-331a-899d-a82a60b9f60c,98e1bfd3-4405-3989-414e-81428cca861b,1049504,Abuse-Deterrent 12 HR Oxycodone Hydrochloride 10 MG Extended Release Oral Tablet [Oxycontin],129.94,103.95,3,389.82,,
2025-05-24T07:50:04Z,2025-05-24T07:50:04Z,b0fc3374-c40b-8591-0cc4-d6ffc383e5a4,734afbd6-4794-363b-9bc0-6a3981533ed5,2a1cf9e0-47c3-a400-4044-2d56c9aa19dc,205923,1 ML Epoetin Alfa 4000 UNT/ML Injection [Epogen],30.67,24.54,1,30.67,271737000,Anemia (disorder)
2022-12-22T23:53:30Z,2023-03-09T23:53:30Z,40bef2fb-ee47-4089-b99b-1c6bc43fe217,a735bf55-83e9-331a-899d-a82a60b9f60c,98e1bfd3-4405-3989-414e-81428cca861b,314076,lisinopril 10 MG Oral Tablet,0.91,0.73,1,0.91,59621000,Essential hypertension (disorder)
2025-06-13T09:48:38Z,2025-07-18T09:48:38Z,fa8ebd26-039c-07a4-2810-447bb8e48f3e,e03e23c9-4df1-3eb6-a62d-f70f02301496,265ce7c2-86df-c6ca-40a4-4af0e7cd6d84,310798,Hydrochlorothiazide 25 MG Oral Tablet,0.46,0.00,1,0.46,59621000,Essential hypertension (disorder)
2022-12-22T23:53:30Z,2023-03-09T23:53:30Z,40bef2fb-ee47-4089-b99b-1c6bc43fe217,a735bf55-83e9-331a-899d-a82a60b9f60c,98e1bfd3-4405-3989-414e-81428cca861b,1860491,12 HR Hydrocodone Bitartrate 10 MG Extended Release Oral Capsule,129.94,103.95,3,389.82,,
2025-06-13T09:48:38Z,2025-07-18T09:48:38Z,fa8ebd26-039c-07a4-2810-447bb8e48f3e,e03e23c9-4df1-3eb6-a62d-f70f02301496,265ce7c2-86df-c6ca-40a4-4af0e7cd6d84,314076,lisinopril 10 MG Oral Tablet,0.91,0.00,1,0.91,59621000,Essential hypertension (disorder)
2025-05-27T10:00:04Z,2025-05-27T10:00:04Z,b0fc3374-c40b-8591-0cc4-d6ffc383e5a4,734afbd6-4794-363b-9bc0-6a3981533ed5,ee707c85-d5cf-fa2d-51de-e6759d18365f,205923,1 ML Epoetin Alfa 4000 UNT/ML Injection [Epogen],30.67,24.54,1,30.67,271737000,Anemia (disorder)
2025-05-30T13:41:04Z,2025-05-30T13:41:04Z,b0fc3374-c40b-8591-0cc4-d6ffc383e5a4,734afbd6-4794-363b-9bc0-6a3981533ed5,f43d1255-cfe0-de18-4da1-ca545edea690,205923,1 ML Epoetin Alfa 4000 UNT/ML Injection [Epogen],30.67,24.54,1,30.67,271737000,Anemia (disorder)
2023-03-09T23:53:30Z,2023-03-16T23:53:30Z,40bef2fb-ee47-4089-b99b-1c6bc43fe217,a735bf55-83e9-331a-899d-a82a60b9f60c,deac7502-ce2d-e4fd-c4ec-2f8fca0c9b76,106892,insulin isophane  human 70 UNT/ML / insulin  regular  human 30 UNT/ML Injectable Suspension [Humulin],126.89,101.51,1,126.89,15777000,Prediabetes
2025-06-02T15:46:04Z,2025-06-02T15:46:04Z,b0fc3374-c40b-8591-0cc4-d6ffc383e5a4,734afbd6-4794-363b-9bc0-6a3981533ed5,1c9d251e-ed5b-bc64-3a16-b9df385be312,205923,1 ML Epoetin Alfa 4000 UNT/ML Injection [Epogen],30.67,24.54,1,30.67,271737000,Anemia (disorder)
2023-03-09T23:53:30Z,2023-03-16T23:53:30Z,40bef2fb-ee47-4089-b99b-1c6bc43fe217,a735bf55-83e9-331a-899d-a82a60b9f60c,deac7502-ce2d-e4fd-c4ec-2f8fca0c9b76,1049625,Acetaminophen 325 MG / Oxycodone Hydrochloride 10 MG Oral Tablet [Percocet],129.94,103.95,3,389.82,,
2023-03-09T23:53:30Z,2023-03-16T23:53:30Z,40bef2fb-ee47-4089-b99b-1c6bc43fe217,a735bf55-83e9-331a-899d-a82a60b9f60c,deac7502-ce2d-e4fd-c4ec-2f8fca0c9b76,1049504,Abuse-Deterrent 12 HR Oxycodone Hydrochloride 10 MG Extended Release Oral Tablet [Oxycontin],129.94,103.95,3,389.82,,
2023-03-09T23:53:30Z,2023-03-16T23:53:30Z,40bef2fb-ee47-4089-b99b-1c6bc43fe217,a735bf55-83e9-331a-899d-a82a60b9f60c,deac7502-ce2d-e4fd-c4ec-2f8fca0c9b76,314076,lisinopril 10 MG Oral Tablet,0.91,0.73,1,0.91,59621000,Essential hypertension (disorder)
2025-06-05T18:16:04Z,2025-06-05T18:16:04Z,b0fc3374-c40b-8591-0cc4-d6ffc383e5a4,734afbd6-4794-363b-9bc0-6a3981533ed5,b410f31b-977d-c7cc-d906-7e7c0ac4dfb5,205923,1 ML Epoetin Alfa 4000 UNT/ML Injection [Epogen],29.21,23.37,1,29.21,271737000,Anemia (disorder)
2023-03-09T23:53:30Z,2023-03-16T23:53:30Z,40bef2fb-ee47-4089-b99b-1c6bc43fe217,a735bf55-83e9-331a-899d-a82a60b9f60c,deac7502-ce2d-e4fd-c4ec-2f8fca0c9b76,1860491,12 HR Hydrocodone Bitartrate 10 MG Extended Release Oral Capsule,129.94,103.95,3,389.82,,
2025-07-18T09:48:38Z,2025-08-15T09:48:38Z,fa8ebd26-039c-07a4-2810-447bb8e48f3e,e03e23c9-4df1-3eb6-a62d-f70f02301496,21063784-b7a7-9e5b-b84d-eabaa0d1a07a,310798,Hydrochlorothiazide 25 MG Oral Tablet,0.45,0.00,1,0.45,59621000,Essential hypertension (disorder)
2025-07-18T09:48:38Z,2025-08-15T09:48:38Z,fa8ebd26-039c-07a4-2810-447bb8e48f3e,e03e23c9-4df1-3eb6-a62d-f70f02301496,21063784-b7a7-9e5b-b84d-eabaa0d1a07a,314076,lisinopril 10 MG Oral Tablet,0.91,0.00,1,0.91,59621000,Essential hypertension (disorder)
2025-07-18T09:48:38Z,2025-08-15T09:48:38Z,fa8ebd26-039c-07a4-2810-447bb8e48f3e,e03e23c9-4df1-3eb6-a62d-f70f02301496,21063784-b7a7-9e5b-b84d-eabaa0d1a07a,106892,insulin isophane  human 70 UNT/ML / insulin  regular  human 30 UNT/ML Injectable Suspension [Humulin],507.86,0.00,1,507.86,15777000,Prediabetes
2025-06-08T22:07:04Z,2025-06-08T22:07:04Z,b0fc3374-c40b-8591-0cc4-d6ffc383e5a4,734afbd6-4794-363b-9bc0-6a3981533ed5,4725d635-0163-8bdc-2904-3b2933216e6d,205923,1 ML Epoetin Alfa 4000 UNT/ML Injection [Epogen],29.21,23.37,1,29.21,271737000,Anemia (disorder)
2023-03-16T23:53:30Z,2023-03-23T23:53:30Z,40bef2fb-ee47-4089-b99b-1c6bc43fe217,a735bf55-83e9-331a-899d-a82a60b9f60c,b237ad3a-9f27-9a43-9e50-74e4cc8e6d7d,106892,insulin isophane  human 70 UNT/ML / insulin  regular  human 30 UNT/ML Injectable Suspension [Humulin],180.18,144.14,1,180.18,15777000,Prediabetes
2023-03-16T23:53:30Z,2023-03-23T23:53:30Z,40bef2fb-ee47-4089-b99b-1c6bc43fe217,a735bf55-83e9-331a-899d-a82a60b9f60c,b237ad3a-9f27-9a43-9e50-74e4cc8e6d7d,1049625,Acetaminophen 325 MG / Oxycodone Hydrochloride 10 MG Oral Tablet [Percocet],129.94,103.95,3,389.82,,
2023-03-16T23:53:30Z,2023-03-23T23:53:30Z,40bef2fb-ee47-4089-b99b-1c6bc43fe217,a735bf55-83e9-331a-899d-a82a60b9f60c,b237ad3a-9f27-9a43-9e50-74e4cc8e6d7d,1049504,Abuse-Deterrent 12 HR Oxycodone Hydrochloride 10 MG Extended Release Oral Tablet [Oxycontin],129.94,103.95,3,389.82,,
2023-03-16T23:53:30Z,2023-03-23T23:53:30Z,40bef2fb-ee47-4089-b99b-1c6bc43fe217,a735bf55-83e9-331a-899d-a82a60b9f60c,b237ad3a-9f27-9a43-9e50-74e4cc8e6d7d,314076,lisinopril 10 MG Oral Tablet,0.91,0.73,1,0.91,59621000,Essential hypertension (disorder)
2025-06-12T00:27:04Z,2025-06-12T00:27:04Z,b0fc3374-c40b-8591-0cc4-d6ffc383e5a4,734afbd6-4794-363b-9bc0-6a3981533ed5,4f9221c1-e788-affa-2bb6-ad9caa709655,205923,1 ML Epoetin Alfa 4000 UNT/ML Injection [Epogen],29.21,23.37,1,29.21,271737000,Anemia (disorder)
2025-08-15T09:48:38Z,2025-09-12T09:48:38Z,fa8ebd26-039c-07a4-2810-447bb8e48f3e,e03e23c9-4df1-3eb6-a62d-f70f02301496,716ec4f4-72e8-34b3-7922-15586290007f,106892,insulin isophane  human 70 UNT/ML / insulin  regular  human 30 UNT/ML Injectable Suspension [Humulin],157.91,0.00,1,157.91,15777000,Prediabetes
2023-03-16T23:53:30Z,2023-03-23T23:53:30Z,40bef2fb-ee47-4089-b99b-1c6bc43fe217,a735bf55-83e9-331a-899d-a82a60b9f60c,b237ad3a-9f27-9a43-9e50-74e4cc8e6d7d,1860491,12 HR Hydrocodone Bitartrate 10 MG Extended Release Oral Capsule,129.94,103.95,3,389.82,,
2025-08-15T09:48:38Z,2025-09-12T09:48:38Z,fa8ebd26-039c-07a4-2810-447bb8e48f3e,e03e23c9-4df1-3eb6-a62d-f70f02301496,716ec4f4-72e8-34b3-7922-15586290007f,310798,Hydrochlorothiazide 25 MG Oral Tablet,0.81,0.00,1,0.81,59621000,Essential hypertension (disorder)
2025-08-15T09:48:38Z,2025-09-12T09:48:38Z,fa8ebd26-039c-07a4-2810-447bb8e48f3e,e03e23c9-4df1-3eb6-a62d-f70f02301496,716ec4f4-72e8-34b3-7922-15586290007f,314076,lisinopril 10 MG Oral Tablet,0.91,0.00,1,0.91,59621000,Essential hypertension (disorder)
2025-06-15T02:56:04Z,2025-06-15T02:56:04Z,b0fc3374-c40b-8591-0cc4-d6ffc383e5a4,734afbd6-4794-363b-9bc0-6a3981533ed5,21cb3b6f-5c7e-a2a3-1be7-f8a97d0979f0,205923,1 ML Epoetin Alfa 4000 UNT/ML Injection [Epogen],29.21,23.37,1,29.21,271737000,Anemia (disorder)
2025-06-18T05:49:04Z,2025-06-18T05:49:04Z,b0fc3374-c40b-8591-0cc4-d6ffc383e5a4,734afbd6-4794-363b-9bc0-6a3981533ed5,ad68eaef-5dcf-ed08-6366-1d71601e71a7,205923,1 ML Epoetin Alfa 4000 UNT/ML Injection [Epogen],29.21,23.37,1,29.21,271737000,Anemia (disorder)
2025-09-12T09:48:38Z,2025-10-31T09:48:38Z,fa8ebd26-039c-07a4-2810-447bb8e48f3e,e03e23c9-4df1-3eb6-a62d-f70f02301496,50b5e229-fb90-7aba-8d0a-b9374f39893d,106892,insulin isophane  human 70 UNT/ML / insulin  regular  human 30 UNT/ML Injectable Suspension [Humulin],126.89,0.00,1,126.89,15777000,Prediabetes
2025-09-12T09:48:38Z,2025-10-31T09:48:38Z,fa8ebd26-039c-07a4-2810-447bb8e48f3e,e03e23c9-4df1-3eb6-a62d-f70f02301496,50b5e229-fb90-7aba-8d0a-b9374f39893d,310798,Hydrochlorothiazide 25 MG Oral Tablet,0.79,0.00,1,0.79,59621000,Essential hypertension (disorder)
2025-09-12T09:48:38Z,2025-10-31T09:48:38Z,fa8ebd26-039c-07a4-2810-447bb8e48f3e,e03e23c9-4df1-3eb6-a62d-f70f02301496,50b5e229-fb90-7aba-8d0a-b9374f39893d,314076,lisinopril 10 MG Oral Tablet,0.91,0.00,1,0.91,59621000,Essential hypertension (disorder)
2025-06-21T08:52:04Z,2025-06-21T08:52:04Z,b0fc3374-c40b-8591-0cc4-d6ffc383e5a4,734afbd6-4794-363b-9bc0-6a3981533ed5,7e806db9-04a7-4521-ace6-45f14cfcf8d3,205923,1 ML Epoetin Alfa 4000 UNT/ML Injection [Epogen],29.21,23.37,1,29.21,271737000,Anemia (disorder)
2023-03-23T23:53:30Z,2023-03-30T23:53:30Z,40bef2fb-ee47-4089-b99b-1c6bc43fe217,a735bf55-83e9-331a-899d-a82a60b9f60c,542706ae-4035-1e05-184b-7090354431d1,106892,insulin isophane  human 70 UNT/ML / insulin  regular  human 30 UNT/ML Injectable Suspension [Humulin],126.89,101.51,1,126.89,15777000,Prediabetes
2023-03-23T23:53:30Z,2023-03-30T23:53:30Z,40bef2fb-ee47-4089-b99b-1c6bc43fe217,a735bf55-83e9-331a-899d-a82a60b9f60c,542706ae-4035-1e05-184b-7090354431d1,1049625,Acetaminophen 325 MG / Oxycodone Hydrochloride 10 MG Oral Tablet [Percocet],129.94,103.95,3,389.82,,
2023-03-23T23:53:30Z,2023-03-30T23:53:30Z,40bef2fb-ee47-4089-b99b-1c6bc43fe217,a735bf55-83e9-331a-899d-a82a60b9f60c,542706ae-4035-1e05-184b-7090354431d1,1049504,Abuse-Deterrent 12 HR Oxycodone Hydrochloride 10 MG Extended Release Oral Tablet [Oxycontin],129.94,103.95,3,389.82,,
2023-03-23T23:53:30Z,2023-03-30T23:53:30Z,40bef2fb-ee47-4089-b99b-1c6bc43fe217,a735bf55-83e9-331a-899d-a82a60b9f60c,542706ae-4035-1e05-184b-7090354431d1,314076,lisinopril 10 MG Oral Tablet,0.91,0.73,1,0.91,59621000,Essential hypertension (disorder)
2023-03-23T23:53:30Z,2023-03-30T23:53:30Z,40bef2fb-ee47-4089-b99b-1c6bc43fe217,a735bf55-83e9-331a-899d-a82a60b9f60c,542706ae-4035-1e05-184b-7090354431d1,1860491,12 HR Hydrocodone Bitartrate 10 MG Extended Release Oral Capsule,129.94,103.95,3,389.82,,
2025-10-31T09:48:38Z,2025-11-14T09:48:38Z,fa8ebd26-039c-07a4-2810-447bb8e48f3e,e03e23c9-4df1-3eb6-a62d-f70f02301496,0c27af07-53a7-bf66-e873-2f80427de3e4,106892,insulin isophane  human 70 UNT/ML / insulin  regular  human 30 UNT/ML Injectable Suspension [Humulin],193.97,0.00,1,193.97,15777000,Prediabetes
2025-10-31T09:48:38Z,2025-11-14T09:48:38Z,fa8ebd26-039c-07a4-2810-447bb8e48f3e,e03e23c9-4df1-3eb6-a62d-f70f02301496,0c27af07-53a7-bf66-e873-2f80427de3e4,310798,Hydrochlorothiazide 25 MG Oral Tablet,0.61,0.00,1,0.61,59621000,Essential hypertension (disorder)
2025-10-31T09:48:38Z,2025-11-14T09:48:38Z,fa8ebd26-039c-07a4-2810-447bb8e48f3e,e03e23c9-4df1-3eb6-a62d-f70f02301496,0c27af07-53a7-bf66-e873-2f80427de3e4,314076,lisinopril 10 MG Oral Tablet,0.91,0.00,1,0.91,59621000,Essential hypertension (disorder)
2025-07-01T02:48:04Z,,b0fc3374-c40b-8591-0cc4-d6ffc383e5a4,734afbd6-4794-363b-9bc0-6a3981533ed5,4874c0e7-5488-cfaa-0931-8d905d4b9f6b,106892,insulin isophane  human 70 UNT/ML / insulin  regular  human 30 UNT/ML Injectable Suspension [Humulin],126.89,101.51,6,761.34,15777000,Prediabetes
2025-07-01T02:48:04Z,,b0fc3374-c40b-8591-0cc4-d6ffc383e5a4,734afbd6-4794-363b-9bc0-6a3981533ed5,4874c0e7-5488-cfaa-0931-8d905d4b9f6b,310798,Hydrochlorothiazide 25 MG Oral Tablet,0.91,0.73,2,1.82,59621000,Essential hypertension (disorder)
2023-03-30T23:53:30Z,2023-04-06T23:53:30Z,40bef2fb-ee47-4089-b99b-1c6bc43fe217,a735bf55-83e9-331a-899d-a82a60b9f60c,9982a54e-9b06-d04b-b37e-0cdc02eac4ff,106892,insulin isophane  human 70 UNT/ML / insulin  regular  human 30 UNT/ML Injectable Suspension [Humulin],507.86,406.29,1,507.86,15777000,Prediabetes
2025-07-01T02:48:04Z,,b0fc3374-c40b-8591-0cc4-d6ffc383e5a4,734afbd6-4794-363b-9bc0-6a3981533ed5,4874c0e7-5488-cfaa-0931-8d905d4b9f6b,1049504,Abuse-Deterrent 12 HR Oxycodone Hydrochloride 10 MG Extended Release Oral Tablet [Oxycontin],129.94,103.95,3,389.82,,
2023-03-30T23:53:30Z,2023-04-06T23:53:30Z,40bef2fb-ee47-4089-b99b-1c6bc43fe217,a735bf55-83e9-331a-899d-a82a60b9f60c,9982a54e-9b06-d04b-b37e-0cdc02eac4ff,1049625,Acetaminophen 325 MG / Oxycodone Hydrochloride 10 MG Oral Tablet [Percocet],129.94,103.95,3,389.82,,
2023-03-30T23:53:30Z,2023-04-06T23:53:30Z,40bef2fb-ee47-4089-b99b-1c6bc43fe217,a735bf55-83e9-331a-899d-a82a60b9f60c,9982a54e-9b06-d04b-b37e-0cdc02eac4ff,1049504,Abuse-Deterrent 12 HR Oxycodone Hydrochloride 10 MG Extended Release Oral Tablet [Oxycontin],129.94,103.95,3,389.82,,
2025-11-14T09:48:38Z,2025-12-12T09:48:38Z,fa8ebd26-039c-07a4-2810-447bb8e48f3e,e03e23c9-4df1-3eb6-a62d-f70f02301496,5628f6f0-c95d-57ae-ff8c-455c698622c5,106892,insulin isophane  human 70 UNT/ML / insulin  regular  human 30 UNT/ML Injectable Suspension [Humulin],126.89,0.00,1,126.89,15777000,Prediabetes
2025-11-14T09:48:38Z,2025-12-12T09:48:38Z,fa8ebd26-039c-07a4-2810-447bb8e48f3e,e03e23c9-4df1-3eb6-a62d-f70f02301496,5628f6f0-c95d-57ae-ff8c-455c698622c5,310798,Hydrochlorothiazide 25 MG Oral Tablet,0.45,0.00,1,0.45,59621000,Essential hypertension (disorder)
2023-03-30T23:53:30Z,2023-04-06T23:53:30Z,40bef2fb-ee47-4089-b99b-1c6bc43fe217,a735bf55-83e9-331a-899d-a82a60b9f60c,9982a54e-9b06-d04b-b37e-0cdc02eac4ff,314076,lisinopril 10 MG Oral Tablet,0.91,0.73,1,0.91,59621000,Essential hypertension (disorder)
2025-11-14T09:48:38Z,2025-12-12T09:48:38Z,fa8ebd26-039c-07a4-2810-447bb8e48f3e,e03e23c9-4df1-3eb6-a62d-f70f02301496,5628f6f0-c95d-57ae-ff8c-455c698622c5,314076,lisinopril 10 MG Oral Tablet,0.91,0.00,1,0.91,59621000,Essential hypertension (disorder)
2025-07-01T02:48:04Z,,b0fc3374-c40b-8591-0cc4-d6ffc383e5a4,734afbd6-4794-363b-9bc0-6a3981533ed5,4874c0e7-5488-cfaa-0931-8d905d4b9f6b,1664463,24 HR tacrolimus 1 MG Extended Release Oral Tablet,129.94,103.95,2,259.88,161665007,History of renal transplant (situation)
2023-03-30T23:53:30Z,2023-04-06T23:53:30Z,40bef2fb-ee47-4089-b99b-1c6bc43fe217,a735bf55-83e9-331a-899d-a82a60b9f60c,9982a54e-9b06-d04b-b37e-0cdc02eac4ff,1860491,12 HR Hydrocodone Bitartrate 10 MG Extended Release Oral Capsule,129.94,103.95,3,389.82,,
2025-07-01T02:48:04Z,,b0fc3374-c40b-8591-0cc4-d6ffc383e5a4,734afbd6-4794-363b-9bc0-6a3981533ed5,4874c0e7-5488-cfaa-0931-8d905d4b9f6b,835603,tramadol hydrochloride 50 MG Oral Tablet,129.94,103.95,3,389.82,,
2025-07-01T02:48:04Z,,b0fc3374-c40b-8591-0cc4-d6ffc383e5a4,734afbd6-4794-363b-9bc0-6a3981533ed5,4874c0e7-5488-cfaa-0931-8d905d4b9f6b,1860491,12 HR Hydrocodone Bitartrate 10 MG Extended Release Oral Capsule,129.94,103.95,3,389.82,,
2025-07-01T02:48:04Z,,b0fc3374-c40b-8591-0cc4-d6ffc383e5a4,734afbd6-4794-363b-9bc0-6a3981533ed5,4874c0e7-5488-cfaa-0931-8d905d4b9f6b,308136,amLODIPine 2.5 MG Oral Tablet,0.91,0.73,2,1.82,59621000,Essential hypertension (disorder)
2025-12-12T09:48:38Z,,fa8ebd26-039c-07a4-2810-447bb8e48f3e,e03e23c9-4df1-3eb6-a62d-f70f02301496,69a99495-034b-d27e-ab06-cf654272ddb4,106892,insulin isophane  human 70 UNT/ML / insulin  regular  human 30 UNT/ML Injectable Suspension [Humulin],397.71,0.00,1,397.71,15777000,Prediabetes
2025-07-08T06:27:04Z,2025-07-08T06:27:04Z,b0fc3374-c40b-8591-0cc4-d6ffc383e5a4,734afbd6-4794-363b-9bc0-6a3981533ed5,4f8fa785-6a9b-8d1d-b906-b5cd8df64a9f,205923,1 ML Epoetin Alfa 4000 UNT/ML Injection [Epogen],29.21,29.21,1,29.21,271737000,Anemia (disorder)
2025-12-12T09:48:38Z,,fa8ebd26-039c-07a4-2810-447bb8e48f3e,e03e23c9-4df1-3eb6-a62d-f70f02301496,69a99495-034b-d27e-ab06-cf654272ddb4,310798,Hydrochlorothiazide 25 MG Oral Tablet,0.45,0.00,1,0.45,59621000,Essential hypertension (disorder)
2025-12-12T09:48:38Z,,fa8ebd26-039c-07a4-2810-447bb8e48f3e,e03e23c9-4df1-3eb6-a62d-f70f02301496,69a99495-034b-d27e-ab06-cf654272ddb4,314076,lisinopril 10 MG Oral Tablet,0.91,0.00,1,0.91,59621000,Essential hypertension (disorder)
2025-07-11T08:55:04Z,2025-07-11T08:55:04Z,b0fc3374-c40b-8591-0cc4-d6ffc383e5a4,734afbd6-4794-363b-9bc0-6a3981533ed5,707de03e-a468-5a60-dcd8-82fbe7a77e95,205923,1 ML Epoetin Alfa 4000 UNT/ML Injection [Epogen],30.67,30.67,1,30.67,271737000,Anemia (disorder)
2023-04-06T23:53:30Z,2023-04-13T23:53:30Z,40bef2fb-ee47-4089-b99b-1c6bc43fe217,a735bf55-83e9-331a-899d-a82a60b9f60c,78dba14d-fa5d-022e-61a0-039a6d28087a,106892,insulin isophane  human 70 UNT/ML / insulin  regular  human 30 UNT/ML Injectable Suspension [Humulin],132.41,105.93,1,132.41,15777000,Prediabetes
2023-04-06T23:53:30Z,2023-04-13T23:53:30Z,40bef2fb-ee47-4089-b99b-1c6bc43fe217,a735bf55-83e9-331a-899d-a82a60b9f60c,78dba14d-fa5d-022e-61a0-039a6d28087a,1049625,Acetaminophen 325 MG / Oxycodone Hydrochloride 10 MG Oral Tablet [Percocet],129.94,103.95,3,389.82,,
2023-04-06T23:53:30Z,2023-04-13T23:53:30Z,40bef2fb-ee47-4089-b99b-1c6bc43fe217,a735bf55-83e9-331a-899d-a82a60b9f60c,78dba14d-fa5d-022e-61a0-039a6d28087a,1049504,Abuse-Deterrent 12 HR Oxycodone Hydrochloride 10 MG Extended Release Oral Tablet [Oxycontin],129.94,103.95,3,389.82,,
2025-07-14T11:04:04Z,2025-07-14T11:04:04Z,b0fc3374-c40b-8591-0cc4-d6ffc383e5a4,734afbd6-4794-363b-9bc0-6a3981533ed5,a2d1bc8e-1dc7-d2fd-c636-24cf7fa6b21f,205923,1 ML Epoetin Alfa 4000 UNT/ML Injection [Epogen],30.67,30.67,1,30.67,271737000,Anemia (disorder)
2023-04-06T23:53:30Z,2023-04-13T23:53:30Z,40bef2fb-ee47-4089-b99b-1c6bc43fe217,a735bf55-83e9-331a-899d-a82a60b9f60c,78dba14d-fa5d-022e-61a0-039a6d28087a,314076,lisinopril 10 MG Oral Tablet,0.91,0.73,1,0.91,59621000,Essential hypertension (disorder)
2023-04-06T23:53:30Z,2023-04-13T23:53:30Z,40bef2fb-ee47-4089-b99b-1c6bc43fe217,a735bf55-83e9-331a-899d-a82a60b9f60c,78dba14d-fa5d-022e-61a0-039a6d28087a,1860491,12 HR Hydrocodone Bitartrate 10 MG Extended Release Oral Capsule,129.94,103.95,3,389.82,,
2023-04-13T23:53:30Z,2023-04-20T23:53:30Z,40bef2fb-ee47-4089-b99b-1c6bc43fe217,a735bf55-83e9-331a-899d-a82a60b9f60c,7ce1185f-657a-bfee-7ab7-c4a9c44d175e,106892,insulin isophane  human 70 UNT/ML / insulin  regular  human 30 UNT/ML Injectable Suspension [Humulin],136.21,108.97,1,136.21,15777000,Prediabetes
2023-04-13T23:53:30Z,2023-04-20T23:53:30Z,40bef2fb-ee47-4089-b99b-1c6bc43fe217,a735bf55-83e9-331a-899d-a82a60b9f60c,7ce1185f-657a-bfee-7ab7-c4a9c44d175e,1049625,Acetaminophen 325 MG / Oxycodone Hydrochloride 10 MG Oral Tablet [Percocet],129.94,103.95,3,389.82,,
2023-04-13T23:53:30Z,2023-04-20T23:53:30Z,40bef2fb-ee47-4089-b99b-1c6bc43fe217,a735bf55-83e9-331a-899d-a82a60b9f60c,7ce1185f-657a-bfee-7ab7-c4a9c44d175e,1049504,Abuse-Deterrent 12 HR Oxycodone Hydrochloride 10 MG Extended Release Oral Tablet [Oxycontin],129.94,103.95,3,389.82,,
2023-04-13T23:53:30Z,2023-04-20T23:53:30Z,40bef2fb-ee47-4089-b99b-1c6bc43fe217,a735bf55-83e9-331a-899d-a82a60b9f60c,7ce1185f-657a-bfee-7ab7-c4a9c44d175e,314076,lisinopril 10 MG Oral Tablet,0.91,0.73,1,0.91,59621000,Essential hypertension (disorder)
2023-04-13T23:53:30Z,2023-04-20T23:53:30Z,40bef2fb-ee47-4089-b99b-1c6bc43fe217,a735bf55-83e9-331a-899d-a82a60b9f60c,7ce1185f-657a-bfee-7ab7-c4a9c44d175e,1860491,12 HR Hydrocodone Bitartrate 10 MG Extended Release Oral Capsule,129.94,103.95,3,389.82,,
2025-07-22T02:48:04Z,,b0fc3374-c40b-8591-0cc4-d6ffc383e5a4,734afbd6-4794-363b-9bc0-6a3981533ed5,b1d1d450-bb9e-92a5-bfe3-29bc816d4752,314231,Simvastatin 10 MG Oral Tablet,0.30,0.30,12,3.60,55822004,Hyperlipidemia
2025-08-05T06:09:04Z,2025-08-05T06:09:04Z,b0fc3374-c40b-8591-0cc4-d6ffc383e5a4,734afbd6-4794-363b-9bc0-6a3981533ed5,cf9ca5a5-82b1-3245-ffbf-e4f9ef239247,205923,1 ML Epoetin Alfa 4000 UNT/ML Injection [Epogen],30.67,30.67,1,30.67,271737000,Anemia (disorder)
2025-08-08T08:34:04Z,2025-08-08T08:34:04Z,b0fc3374-c40b-8591-0cc4-d6ffc383e5a4,734afbd6-4794-363b-9bc0-6a3981533ed5,7ac79d85-066d-5790-5e25-6910cce61647,205923,1 ML Epoetin Alfa 4000 UNT/ML Injection [Epogen],29.21,29.21,1,29.21,271737000,Anemia (disorder)
2025-08-11T12:29:04Z,2025-08-11T12:29:04Z,b0fc3374-c40b-8591-0cc4-d6ffc383e5a4,734afbd6-4794-363b-9bc0-6a3981533ed5,e03a9a97-dd5e-5bf4-6d93-90a5dac12ba9,205923,1 ML Epoetin Alfa 4000 UNT/ML Injection [Epogen],30.67,30.67,1,30.67,271737000,Anemia (disorder)
2023-04-20T23:53:30Z,2023-04-27T23:53:30Z,40bef2fb-ee47-4089-b99b-1c6bc43fe217,a735bf55-83e9-331a-899d-a82a60b9f60c,5e834e82-148b-dae6-f182-d10fbbb2cfc9,106892,insulin isophane  human 70 UNT/ML / insulin  regular  human 30 UNT/ML Injectable Suspension [Humulin],266.68,213.34,1,266.68,15777000,Prediabetes
2023-04-20T23:53:30Z,2023-04-27T23:53:30Z,40bef2fb-ee47-4089-b99b-1c6bc43fe217,a735bf55-83e9-331a-899d-a82a60b9f60c,5e834e82-148b-dae6-f182-d10fbbb2cfc9,1049625,Acetaminophen 325 MG / Oxycodone Hydrochloride 10 MG Oral Tablet [Percocet],129.94,103.95,3,389.82,,
2025-08-14T15:55:04Z,2025-08-14T15:55:04Z,b0fc3374-c40b-8591-0cc4-d6ffc383e5a4,734afbd6-4794-363b-9bc0-6a3981533ed5,6693e116-6ac7-13dc-d199-eedc49a89da8,205923,1 ML Epoetin Alfa 4000 UNT/ML Injection [Epogen],30.67,30.67,1,30.67,271737000,Anemia (disorder)
2023-04-20T23:53:30Z,2023-04-27T23:53:30Z,40bef2fb-ee47-4089-b99b-1c6bc43fe217,a735bf55-83e9-331a-899d-a82a60b9f60c,5e834e82-148b-dae6-f182-d10fbbb2cfc9,1049504,Abuse-Deterrent 12 HR Oxycodone Hydrochloride 10 MG Extended Release Oral Tablet [Oxycontin],129.94,103.95,3,389.82,,
2025-08-17T19:07:04Z,2025-08-17T19:07:04Z,b0fc3374-c40b-8591-0cc4-d6ffc383e5a4,734afbd6-4794-363b-9bc0-6a3981533ed5,d3cdaf81-f187-9586-de76-f6e32abd6569,205923,1 ML Epoetin Alfa 4000 UNT/ML Injection [Epogen],30.67,30.67,1,30.67,271737000,Anemia (disorder)
2023-04-20T23:53:30Z,2023-04-27T23:53:30Z,40bef2fb-ee47-4089-b99b-1c6bc43fe217,a735bf55-83e9-331a-899d-a82a60b9f60c,5e834e82-148b-dae6-f182-d10fbbb2cfc9,314076,lisinopril 10 MG Oral Tablet,0.91,0.73,1,0.91,59621000,Essential hypertension (disorder)
2023-04-20T23:53:30Z,2023-04-27T23:53:30Z,40bef2fb-ee47-4089-b99b-1c6bc43fe217,a735bf55-83e9-331a-899d-a82a60b9f60c,5e834e82-148b-dae6-f182-d10fbbb2cfc9,1860491,12 HR Hydrocodone Bitartrate 10 MG Extended Release Oral Capsule,129.94,103.95,3,389.82,,
2025-08-20T22:31:04Z,2025-08-20T22:31:04Z,b0fc3374-c40b-8591-0cc4-d6ffc383e5a4,734afbd6-4794-363b-9bc0-6a3981533ed5,5c6256aa-f739-ef5a-780e-ec6154f3c783,205923,1 ML Epoetin Alfa 4000 UNT/ML Injection [Epogen],29.21,29.21,1,29.21,271737000,Anemia (disorder)
2025-08-24T00:50:04Z,2025-08-24T00:50:04Z,b0fc3374-c40b-8591-0cc4-d6ffc383e5a4,734afbd6-4794-363b-9bc0-6a3981533ed5,70af32a1-2f67-46f6-33df-1f69aea1f95c,205923,1 ML Epoetin Alfa 4000 UNT/ML Injection [Epogen],29.21,29.21,1,29.21,271737000,Anemia (disorder)
2025-08-27T04:37:04Z,2025-08-27T04:37:04Z,b0fc3374-c40b-8591-0cc4-d6ffc383e5a4,734afbd6-4794-363b-9bc0-6a3981533ed5,97f96e83-3b8a-4ed0-e3e6-b54202a5f974,205923,1 ML Epoetin Alfa 4000 UNT/ML Injection [Epogen],29.21,29.21,1,29.21,271737000,Anemia (disorder)
2023-04-27T23:53:30Z,2023-05-04T23:53:30Z,40bef2fb-ee47-4089-b99b-1c6bc43fe217,a735bf55-83e9-331a-899d-a82a60b9f60c,edfe5822-3c25-c2d8-cf77-bfca2196dd18,106892,insulin isophane  human 70 UNT/ML / insulin  regular  human 30 UNT/ML Injectable Suspension [Humulin],126.89,101.51,1,126.89,15777000,Prediabetes
2025-08-30T07:47:04Z,2025-08-30T07:47:04Z,b0fc3374-c40b-8591-0cc4-d6ffc383e5a4,734afbd6-4794-363b-9bc0-6a3981533ed5,31e3e8a9-7279-3f6e-20c6-520e2b0c9614,205923,1 ML Epoetin Alfa 4000 UNT/ML Injection [Epogen],29.21,29.21,1,29.21,271737000,Anemia (disorder)
2023-04-27T23:53:30Z,2023-05-04T23:53:30Z,40bef2fb-ee47-4089-b99b-1c6bc43fe217,a735bf55-83e9-331a-899d-a82a60b9f60c,edfe5822-3c25-c2d8-cf77-bfca2196dd18,1049625,Acetaminophen 325 MG / Oxycodone Hydrochloride 10 MG Oral Tablet [Percocet],129.94,103.95,3,389.82,,
2023-04-27T23:53:30Z,2023-05-04T23:53:30Z,40bef2fb-ee47-4089-b99b-1c6bc43fe217,a735bf55-83e9-331a-899d-a82a60b9f60c,edfe5822-3c25-c2d8-cf77-bfca2196dd18,1049504,Abuse-Deterrent 12 HR Oxycodone Hydrochloride 10 MG Extended Release Oral Tablet [Oxycontin],129.94,103.95,3,389.82,,
2025-09-02T10:03:04Z,2025-09-02T10:03:04Z,b0fc3374-c40b-8591-0cc4-d6ffc383e5a4,734afbd6-4794-363b-9bc0-6a3981533ed5,516c87c0-5b66-f26e-72a3-5ec694516f53,205923,1 ML Epoetin Alfa 4000 UNT/ML Injection [Epogen],29.21,29.21,1,29.21,271737000,Anemia (disorder)
2023-04-27T23:53:30Z,2023-05-04T23:53:30Z,40bef2fb-ee47-4089-b99b-1c6bc43fe217,a735bf55-83e9-331a-899d-a82a60b9f60c,edfe5822-3c25-c2d8-cf77-bfca2196dd18,314076,lisinopril 10 MG Oral Tablet,0.91,0.73,1,0.91,59621000,Essential hypertension (disorder)
2023-04-27T23:53:30Z,2023-05-04T23:53:30Z,40bef2fb-ee47-4089-b99b-1c6bc43fe217,a735bf55-83e9-331a-899d-a82a60b9f60c,edfe5822-3c25-c2d8-cf77-bfca2196dd18,1860491,12 HR Hydrocodone Bitartrate 10 MG Extended Release Oral Capsule,129.94,103.95,3,389.82,,
2025-09-05T12:25:04Z,2025-09-05T12:25:04Z,b0fc3374-c40b-8591-0cc4-d6ffc383e5a4,734afbd6-4794-363b-9bc0-6a3981533ed5,0789fcba-8c26-9723-ba23-6d8e79050a6d,205923,1 ML Epoetin Alfa 4000 UNT/ML Injection [Epogen],29.21,29.21,1,29.21,271737000,Anemia (disorder)
2025-09-08T15:17:04Z,2025-09-08T15:17:04Z,b0fc3374-c40b-8591-0cc4-d6ffc383e5a4,734afbd6-4794-363b-9bc0-6a3981533ed5,f7ec5a4b-e9e5-912d-5408-e8d5c571cd1e,205923,1 ML Epoetin Alfa 4000 UNT/ML Injection [Epogen],29.21,29.21,1,29.21,271737000,Anemia (disorder)
2025-09-11T19:01:04Z,2025-09-11T19:01:04Z,b0fc3374-c40b-8591-0cc4-d6ffc383e5a4,734afbd6-4794-363b-9bc0-6a3981533ed5,d65d2fde-c37c-4bc2-2f4b-c79845bc0c9a,205923,1 ML Epoetin Alfa 4000 UNT/ML Injection [Epogen],30.67,30.67,1,30.67,271737000,Anemia (disorder)
2025-09-14T21:46:04Z,2025-09-14T21:46:04Z,b0fc3374-c40b-8591-0cc4-d6ffc383e5a4,734afbd6-4794-363b-9bc0-6a3981533ed5,50c069e3-3b79-ea1a-2725-c5b6ee056ded,205923,1 ML Epoetin Alfa 4000 UNT/ML Injection [Epogen],29.21,29.21,1,29.21,271737000,Anemia (disorder)
2023-05-04T23:53:30Z,2023-05-11T23:53:30Z,40bef2fb-ee47-4089-b99b-1c6bc43fe217,a735bf55-83e9-331a-899d-a82a60b9f60c,453db45b-01bc-c8a1-d26f-af4f6a7e28db,106892,insulin isophane  human 70 UNT/ML / insulin  regular  human 30 UNT/ML Injectable Suspension [Humulin],146.72,117.38,1,146.72,15777000,Prediabetes
2023-05-04T23:53:30Z,2023-05-11T23:53:30Z,40bef2fb-ee47-4089-b99b-1c6bc43fe217,a735bf55-83e9-331a-899d-a82a60b9f60c,453db45b-01bc-c8a1-d26f-af4f6a7e28db,1049625,Acetaminophen 325 MG / Oxycodone Hydrochloride 10 MG Oral Tablet [Percocet],129.94,103.95,3,389.82,,
2025-09-18T01:16:04Z,2025-09-18T01:16:04Z,b0fc3374-c40b-8591-0cc4-d6ffc383e5a4,734afbd6-4794-363b-9bc0-6a3981533ed5,5c5cbce0-53bb-b479-d10b-e552b95c5ac4,205923,1 ML Epoetin Alfa 4000 UNT/ML Injection [Epogen],29.21,29.21,1,29.21,271737000,Anemia (disorder)
2023-05-04T23:53:30Z,2023-05-11T23:53:30Z,40bef2fb-ee47-4089-b99b-1c6bc43fe217,a735bf55-83e9-331a-899d-a82a60b9f60c,453db45b-01bc-c8a1-d26f-af4f6a7e28db,1049504,Abuse-Deterrent 12 HR Oxycodone Hydrochloride 10 MG Extended Release Oral Tablet [Oxycontin],129.94,103.95,3,389.82,,
2025-09-21T04:16:04Z,2025-09-21T04:16:04Z,b0fc3374-c40b-8591-0cc4-d6ffc383e5a4,734afbd6-4794-363b-9bc0-6a3981533ed5,60e96c6c-b344-b471-f0e9-886d95d3ccdf,205923,1 ML Epoetin Alfa 4000 UNT/ML Injection [Epogen],30.67,30.67,1,30.67,271737000,Anemia (disorder)
2025-09-24T06:20:04Z,2025-09-24T06:20:04Z,b0fc3374-c40b-8591-0cc4-d6ffc383e5a4,734afbd6-4794-363b-9bc0-6a3981533ed5,503b3e8b-5d00-6996-3961-2bbe6a40c489,205923,1 ML Epoetin Alfa 4000 UNT/ML Injection [Epogen],29.21,29.21,1,29.21,271737000,Anemia (disorder)
2023-05-04T23:53:30Z,2023-05-11T23:53:30Z,40bef2fb-ee47-4089-b99b-1c6bc43fe217,a735bf55-83e9-331a-899d-a82a60b9f60c,453db45b-01bc-c8a1-d26f-af4f6a7e28db,314076,lisinopril 10 MG Oral Tablet,0.91,0.73,1,0.91,59621000,Essential hypertension (disorder)
2023-05-04T23:53:30Z,2023-05-11T23:53:30Z,40bef2fb-ee47-4089-b99b-1c6bc43fe217,a735bf55-83e9-331a-899d-a82a60b9f60c,453db45b-01bc-c8a1-d26f-af4f6a7e28db,1860491,12 HR Hydrocodone Bitartrate 10 MG Extended Release Oral Capsule,129.94,103.95,3,389.82,,
2025-09-27T09:55:04Z,2025-09-27T09:55:04Z,b0fc3374-c40b-8591-0cc4-d6ffc383e5a4,734afbd6-4794-363b-9bc0-6a3981533ed5,1ea2f6a3-4267-f9ad-81dd-c93455005bf0,205923,1 ML Epoetin Alfa 4000 UNT/ML Injection [Epogen],30.67,30.67,1,30.67,271737000,Anemia (disorder)
2025-09-30T13:50:04Z,2025-09-30T13:50:04Z,b0fc3374-c40b-8591-0cc4-d6ffc383e5a4,734afbd6-4794-363b-9bc0-6a3981533ed5,dba62059-6139-81e8-c041-500be15d1787,205923,1 ML Epoetin Alfa 4000 UNT/ML Injection [Epogen],30.67,30.67,1,30.67,271737000,Anemia (disorder)
2025-10-03T17:35:04Z,2025-10-03T17:35:04Z,b0fc3374-c40b-8591-0cc4-d6ffc383e5a4,734afbd6-4794-363b-9bc0-6a3981533ed5,b9f42c3d-a655-346b-2bdc-c37380fa0ec8,205923,1 ML Epoetin Alfa 4000 UNT/ML Injection [Epogen],30.67,30.67,1,30.67,271737000,Anemia (disorder)
2025-10-06T20:11:04Z,2025-10-06T20:11:04Z,b0fc3374-c40b-8591-0cc4-d6ffc383e5a4,734afbd6-4794-363b-9bc0-6a3981533ed5,b594c0d2-893f-1223-7bb1-1041b5cad741,205923,1 ML Epoetin Alfa 4000 UNT/ML Injection [Epogen],30.67,30.67,1,30.67,271737000,Anemia (disorder)
2023-05-11T23:53:30Z,2023-05-18T23:53:30Z,40bef2fb-ee47-4089-b99b-1c6bc43fe217,a735bf55-83e9-331a-899d-a82a60b9f60c,8b8dd1d7-03c6-4b09-4dae-8845049b74fc,106892,insulin isophane  human 70 UNT/ML / insulin  regular  human 30 UNT/ML Injectable Suspension [Humulin],126.89,0.00,1,126.89,15777000,Prediabetes
2023-05-11T23:53:30Z,2023-05-18T23:53:30Z,40bef2fb-ee47-4089-b99b-1c6bc43fe217,a735bf55-83e9-331a-899d-a82a60b9f60c,8b8dd1d7-03c6-4b09-4dae-8845049b74fc,1049625,Acetaminophen 325 MG / Oxycodone Hydrochloride 10 MG Oral Tablet [Percocet],129.94,19.06,3,389.82,,
2023-05-11T23:53:30Z,2023-05-18T23:53:30Z,40bef2fb-ee47-4089-b99b-1c6bc43fe217,a735bf55-83e9-331a-899d-a82a60b9f60c,8b8dd1d7-03c6-4b09-4dae-8845049b74fc,1049504,Abuse-Deterrent 12 HR Oxycodone Hydrochloride 10 MG Extended Release Oral Tablet [Oxycontin],129.94,103.95,3,389.82,,
2025-10-09T23:40:04Z,2025-10-09T23:40:04Z,b0fc3374-c40b-8591-0cc4-d6ffc383e5a4,734afbd6-4794-363b-9bc0-6a3981533ed5,4e9fa866-e174-baab-57f0-14467f46055c,205923,1 ML Epoetin Alfa 4000 UNT/ML Injection [Epogen],29.95,0.00,1,29.95,271737000,Anemia (disorder)
2023-05-11T23:53:30Z,2023-05-18T23:53:30Z,40bef2fb-ee47-4089-b99b-1c6bc43fe217,a735bf55-83e9-331a-899d-a82a60b9f60c,8b8dd1d7-03c6-4b09-4dae-8845049b74fc,314076,lisinopril 10 MG Oral Tablet,0.91,0.73,1,0.91,59621000,Essential hypertension (disorder)
2023-05-11T23:53:30Z,2023-05-18T23:53:30Z,40bef2fb-ee47-4089-b99b-1c6bc43fe217,a735bf55-83e9-331a-899d-a82a60b9f60c,8b8dd1d7-03c6-4b09-4dae-8845049b74fc,1860491,12 HR Hydrocodone Bitartrate 10 MG Extended Release Oral Capsule,129.94,103.95,3,389.82,,
2025-10-13T03:07:04Z,2025-10-13T03:07:04Z,b0fc3374-c40b-8591-0cc4-d6ffc383e5a4,734afbd6-4794-363b-9bc0-6a3981533ed5,3718826a-7296-fabe-3401-50fa70acd6bd,205923,1 ML Epoetin Alfa 4000 UNT/ML Injection [Epogen],29.21,0.00,1,29.21,271737000,Anemia (disorder)
2025-10-16T06:47:04Z,2025-10-16T06:47:04Z,b0fc3374-c40b-8591-0cc4-d6ffc383e5a4,734afbd6-4794-363b-9bc0-6a3981533ed5,cb24db49-f0a9-b81e-6ac5-f588a997a8f8,205923,1 ML Epoetin Alfa 4000 UNT/ML Injection [Epogen],30.67,24.54,1,30.67,271737000,Anemia (disorder)
2025-10-19T09:30:04Z,2025-10-19T09:30:04Z,b0fc3374-c40b-8591-0cc4-d6ffc383e5a4,734afbd6-4794-363b-9bc0-6a3981533ed5,9d958a3d-0e03-f50d-59f4-a457a7f555f5,205923,1 ML Epoetin Alfa 4000 UNT/ML Injection [Epogen],30.67,24.54,1,30.67,271737000,Anemia (disorder)
2025-10-22T12:14:04Z,2025-10-22T12:14:04Z,b0fc3374-c40b-8591-0cc4-d6ffc383e5a4,734afbd6-4794-363b-9bc0-6a3981533ed5,f542bb53-7f88-b934-1d67-5584aa61397c,205923,1 ML Epoetin Alfa 4000 UNT/ML Injection [Epogen],29.21,23.37,1,29.21,271737000,Anemia (disorder)
2023-05-18T23:53:30Z,2023-05-25T23:53:30Z,40bef2fb-ee47-4089-b99b-1c6bc43fe217,a735bf55-83e9-331a-899d-a82a60b9f60c,acb955ae-cbd1-e37b-0dbe-9bc4136ea726,106892,insulin isophane  human 70 UNT/ML / insulin  regular  human 30 UNT/ML Injectable Suspension [Humulin],126.89,101.51,1,126.89,15777000,Prediabetes
2023-05-18T23:53:30Z,2023-05-25T23:53:30Z,40bef2fb-ee47-4089-b99b-1c6bc43fe217,a735bf55-83e9-331a-899d-a82a60b9f60c,acb955ae-cbd1-e37b-0dbe-9bc4136ea726,1049625,Acetaminophen 325 MG / Oxycodone Hydrochloride 10 MG Oral Tablet [Percocet],129.94,103.95,3,389.82,,
2025-10-25T14:22:04Z,2025-10-25T14:22:04Z,b0fc3374-c40b-8591-0cc4-d6ffc383e5a4,734afbd6-4794-363b-9bc0-6a3981533ed5,940a0cdf-88ff-8bb9-8b14-8ad9d3548b14,205923,1 ML Epoetin Alfa 4000 UNT/ML Injection [Epogen],29.21,23.37,1,29.21,271737000,Anemia (disorder)
2023-05-18T23:53:30Z,2023-05-25T23:53:30Z,40bef2fb-ee47-4089-b99b-1c6bc43fe217,a735bf55-83e9-331a-899d-a82a60b9f60c,acb955ae-cbd1-e37b-0dbe-9bc4136ea726,1049504,Abuse-Deterrent 12 HR Oxycodone Hydrochloride 10 MG Extended Release Oral Tablet [Oxycontin],129.94,103.95,3,389.82,,
2023-05-18T23:53:30Z,2023-05-25T23:53:30Z,40bef2fb-ee47-4089-b99b-1c6bc43fe217,a735bf55-83e9-331a-899d-a82a60b9f60c,acb955ae-cbd1-e37b-0dbe-9bc4136ea726,314076,lisinopril 10 MG Oral Tablet,0.91,0.73,1,0.91,59621000,Essential hypertension (disorder)
2023-05-18T23:53:30Z,2023-05-25T23:53:30Z,40bef2fb-ee47-4089-b99b-1c6bc43fe217,a735bf55-83e9-331a-899d-a82a60b9f60c,acb955ae-cbd1-e37b-0dbe-9bc4136ea726,1860491,12 HR Hydrocodone Bitartrate 10 MG Extended Release Oral Capsule,129.94,103.95,3,389.82,,
2025-10-28T17:19:04Z,2025-10-28T17:19:04Z,b0fc3374-c40b-8591-0cc4-d6ffc383e5a4,734afbd6-4794-363b-9bc0-6a3981533ed5,e713167d-7bbb-c422-625c-48f6e8da1908,205923,1 ML Epoetin Alfa 4000 UNT/ML Injection [Epogen],29.21,23.37,1,29.21,271737000,Anemia (disorder)
2023-05-25T23:53:30Z,2023-06-01T23:53:30Z,40bef2fb-ee47-4089-b99b-1c6bc43fe217,a735bf55-83e9-331a-899d-a82a60b9f60c,c3c5b8e1-ed75-60dd-4486-eca61f616b38,106892,insulin isophane  human 70 UNT/ML / insulin  regular  human 30 UNT/ML Injectable Suspension [Humulin],126.89,101.51,1,126.89,15777000,Prediabetes
2023-05-25T23:53:30Z,2023-06-01T23:53:30Z,40bef2fb-ee47-4089-b99b-1c6bc43fe217,a735bf55-83e9-331a-899d-a82a60b9f60c,c3c5b8e1-ed75-60dd-4486-eca61f616b38,1049625,Acetaminophen 325 MG / Oxycodone Hydrochloride 10 MG Oral Tablet [Percocet],129.94,103.95,3,389.82,,
2023-05-25T23:53:30Z,2023-06-01T23:53:30Z,40bef2fb-ee47-4089-b99b-1c6bc43fe217,a735bf55-83e9-331a-899d-a82a60b9f60c,c3c5b8e1-ed75-60dd-4486-eca61f616b38,1049504,Abuse-Deterrent 12 HR Oxycodone Hydrochloride 10 MG Extended Release Oral Tablet [Oxycontin],129.94,103.95,3,389.82,,
1941-03-12T18:05:18Z,,beaac03f-cf1c-3505-9eae-d1dba7abfcf0,df166300-5a78-3502-a46a-832842197811,b58012c9-182d-a3ef-dec9-d5d87a4723fb,1049221,Acetaminophen 325 MG / oxyCODONE Hydrochloride 5 MG Oral Tablet,7.41,0.00,1239,9180.99,,
2023-05-25T23:53:30Z,2023-06-01T23:53:30Z,40bef2fb-ee47-4089-b99b-1c6bc43fe217,a735bf55-83e9-331a-899d-a82a60b9f60c,c3c5b8e1-ed75-60dd-4486-eca61f616b38,314076,lisinopril 10 MG Oral Tablet,0.91,0.73,1,0.91,59621000,Essential hypertension (disorder)
2025-10-31T20:55:04Z,2025-10-31T20:55:04Z,b0fc3374-c40b-8591-0cc4-d6ffc383e5a4,734afbd6-4794-363b-9bc0-6a3981533ed5,52a31df4-eab0-8b5b-18b9-e07f203d85a1,205923,1 ML Epoetin Alfa 4000 UNT/ML Injection [Epogen],29.21,23.37,1,29.21,271737000,Anemia (disorder)
2023-05-25T23:53:30Z,2023-06-01T23:53:30Z,40bef2fb-ee47-4089-b99b-1c6bc43fe217,a735bf55-83e9-331a-899d-a82a60b9f60c,c3c5b8e1-ed75-60dd-4486-eca61f616b38,1860491,12 HR Hydrocodone Bitartrate 10 MG Extended Release Oral Capsule,129.94,103.95,3,389.82,,
1943-02-17T17:55:02Z,,beaac03f-cf1c-3505-9eae-d1dba7abfcf0,df166300-5a78-3502-a46a-832842197811,c416d54b-4d04-a55e-c7d5-d78aefa20395,2001499,Vitamin B12 5 MG/ML Injectable Solution,100.62,50.62,554,55743.48,,
2025-11-04T00:52:04Z,2025-11-04T00:52:04Z,b0fc3374-c40b-8591-0cc4-d6ffc383e5a4,734afbd6-4794-363b-9bc0-6a3981533ed5,c207e99f-adb1-7414-014c-7da53247d0cc,205923,1 ML Epoetin Alfa 4000 UNT/ML Injection [Epogen],29.21,23.37,1,29.21,271737000,Anemia (disorder)
2025-11-07T04:42:04Z,2025-11-07T04:42:04Z,b0fc3374-c40b-8591-0cc4-d6ffc383e5a4,734afbd6-4794-363b-9bc0-6a3981533ed5,f2ce08da-63a3-c768-3a24-c8c355249ec5,205923,1 ML Epoetin Alfa 4000 UNT/ML Injection [Epogen],30.67,24.54,1,30.67,271737000,Anemia (disorder)
2025-11-10T06:53:04Z,2025-11-10T06:53:04Z,b0fc3374-c40b-8591-0cc4-d6ffc383e5a4,734afbd6-4794-363b-9bc0-6a3981533ed5,913951f7-4c80-8190-303d-17a7808fd7a9,205923,1 ML Epoetin Alfa 4000 UNT/ML Injection [Epogen],29.21,23.37,1,29.21,271737000,Anemia (disorder)
2023-06-01T23:53:30Z,2023-06-08T23:53:30Z,40bef2fb-ee47-4089-b99b-1c6bc43fe217,a735bf55-83e9-331a-899d-a82a60b9f60c,ef53431d-de19-3274-77cf-8f48a6f3b107,106892,insulin isophane  human 70 UNT/ML / insulin  regular  human 30 UNT/ML Injectable Suspension [Humulin],126.89,101.51,1,126.89,15777000,Prediabetes
2025-11-13T10:45:04Z,2025-11-13T10:45:04Z,b0fc3374-c40b-8591-0cc4-d6ffc383e5a4,734afbd6-4794-363b-9bc0-6a3981533ed5,667a149c-6093-b66b-eeaf-b003d02e4130,205923,1 ML Epoetin Alfa 4000 UNT/ML Injection [Epogen],29.21,23.37,1,29.21,271737000,Anemia (disorder)
2023-06-01T23:53:30Z,2023-06-08T23:53:30Z,40bef2fb-ee47-4089-b99b-1c6bc43fe217,a735bf55-83e9-331a-899d-a82a60b9f60c,ef53431d-de19-3274-77cf-8f48a6f3b107,1049625,Acetaminophen 325 MG / Oxycodone Hydrochloride 10 MG Oral Tablet [Percocet],129.94,103.95,3,389.82,,
2023-06-01T23:53:30Z,2023-06-08T23:53:30Z,40bef2fb-ee47-4089-b99b-1c6bc43fe217,a735bf55-83e9-331a-899d-a82a60b9f60c,ef53431d-de19-3274-77cf-8f48a6f3b107,1049504,Abuse-Deterrent 12 HR Oxycodone Hydrochloride 10 MG Extended Release Oral Tablet [Oxycontin],129.94,103.95,3,389.82,,
1985-04-17T16:40:18Z,1986-04-23T16:40:18Z,beaac03f-cf1c-3505-9eae-d1dba7abfcf0,d18ef2e6-ef40-324c-be54-34a5ee865625,e216f163-e296-907c-ff2b-43b4fd073987,245314,albuterol 5 MG/ML Inhalation Solution,30.51,0.00,4,122.04,87433001,Pulmonary emphysema (disorder)
2023-06-01T23:53:30Z,2023-06-08T23:53:30Z,40bef2fb-ee47-4089-b99b-1c6bc43fe217,a735bf55-83e9-331a-899d-a82a60b9f60c,ef53431d-de19-3274-77cf-8f48a6f3b107,314076,lisinopril 10 MG Oral Tablet,0.91,0.73,1,0.91,59621000,Essential hypertension (disorder)
1985-04-17T16:40:18Z,1986-04-23T16:40:18Z,beaac03f-cf1c-3505-9eae-d1dba7abfcf0,d18ef2e6-ef40-324c-be54-34a5ee865625,e216f163-e296-907c-ff2b-43b4fd073987,860975,24 HR Metformin hydrochloride 500 MG Extended Release Oral Tablet,3.60,0.00,12,43.20,44054006,Diabetes mellitus type 2 (disorder)
2023-06-01T23:53:30Z,2023-06-08T23:53:30Z,40bef2fb-ee47-4089-b99b-1c6bc43fe217,a735bf55-83e9-331a-899d-a82a60b9f60c,ef53431d-de19-3274-77cf-8f48a6f3b107,1860491,12 HR Hydrocodone Bitartrate 10 MG Extended Release Oral Capsule,129.94,103.95,3,389.82,,
1985-04-17T16:40:18Z,1986-04-23T16:40:18Z,beaac03f-cf1c-3505-9eae-d1dba7abfcf0,d18ef2e6-ef40-324c-be54-34a5ee865625,e216f163-e296-907c-ff2b-43b4fd073987,896209,60 ACTUAT Fluticasone propionate 0.25 MG/ACTUAT / salmeterol 0.05 MG/ACTUAT Dry Powder Inhaler,362.35,327.35,12,4348.20,87433001,Pulmonary emphysema (disorder)
2023-06-08T23:53:30Z,2023-10-19T23:53:30Z,40bef2fb-ee47-4089-b99b-1c6bc43fe217,a735bf55-83e9-331a-899d-a82a60b9f60c,1d8f8fac-8447-6dc8-cf75-b8b8256ef172,106892,insulin isophane  human 70 UNT/ML / insulin  regular  human 30 UNT/ML Injectable Suspension [Humulin],126.89,101.51,4,507.56,15777000,Prediabetes
2023-06-08T23:53:30Z,2023-10-19T23:53:30Z,40bef2fb-ee47-4089-b99b-1c6bc43fe217,a735bf55-83e9-331a-899d-a82a60b9f60c,1d8f8fac-8447-6dc8-cf75-b8b8256ef172,1049625,Acetaminophen 325 MG / Oxycodone Hydrochloride 10 MG Oral Tablet [Percocet],129.94,103.95,3,389.82,,
2023-06-08T23:53:30Z,2023-10-19T23:53:30Z,40bef2fb-ee47-4089-b99b-1c6bc43fe217,a735bf55-83e9-331a-899d-a82a60b9f60c,1d8f8fac-8447-6dc8-cf75-b8b8256ef172,1049504,Abuse-Deterrent 12 HR Oxycodone Hydrochloride 10 MG Extended Release Oral Tablet [Oxycontin],129.94,103.95,3,389.82,,
2023-06-08T23:53:30Z,2023-10-19T23:53:30Z,40bef2fb-ee47-4089-b99b-1c6bc43fe217,a735bf55-83e9-331a-899d-a82a60b9f60c,1d8f8fac-8447-6dc8-cf75-b8b8256ef172,314076,lisinopril 10 MG Oral Tablet,0.91,0.73,1,0.91,59621000,Essential hypertension (disorder)
2025-11-16T12:51:04Z,2025-11-16T12:51:04Z,b0fc3374-c40b-8591-0cc4-d6ffc383e5a4,734afbd6-4794-363b-9bc0-6a3981533ed5,e9b957fe-9d9e-89d6-d6f6-80bf7366f170,205923,1 ML Epoetin Alfa 4000 UNT/ML Injection [Epogen],30.67,24.54,1,30.67,271737000,Anemia (disorder)
2023-06-08T23:53:30Z,2023-10-19T23:53:30Z,40bef2fb-ee47-4089-b99b-1c6bc43fe217,a735bf55-83e9-331a-899d-a82a60b9f60c,1d8f8fac-8447-6dc8-cf75-b8b8256ef172,1860491,12 HR Hydrocodone Bitartrate 10 MG Extended Release Oral Capsule,129.94,103.95,3,389.82,,
2023-06-16T00:09:25Z,2023-07-02T00:09:25Z,40bef2fb-ee47-4089-b99b-1c6bc43fe217,a735bf55-83e9-331a-899d-a82a60b9f60c,df2c9793-ec11-20e4-36e1-2483a2b0dfeb,313782,Acetaminophen 325 MG Oral Tablet,68.22,54.58,1,68.22,10509002,Acute bronchitis (disorder)
2025-11-19T16:38:04Z,2025-11-19T16:38:04Z,b0fc3374-c40b-8591-0cc4-d6ffc383e5a4,734afbd6-4794-363b-9bc0-6a3981533ed5,a93f59b3-7e83-3958-2e56-fe050d3ad431,205923,1 ML Epoetin Alfa 4000 UNT/ML Injection [Epogen],30.67,24.54,1,30.67,271737000,Anemia (disorder)
1986-04-23T16:40:18Z,1987-04-29T16:40:18Z,beaac03f-cf1c-3505-9eae-d1dba7abfcf0,a735bf55-83e9-331a-899d-a82a60b9f60c,624df23a-1f3c-ff39-34bc-bb559a54bb06,245314,albuterol 5 MG/ML Inhalation Solution,20.63,0.00,4,82.52,87433001,Pulmonary emphysema (disorder)
1986-04-23T16:40:18Z,1987-04-29T16:40:18Z,beaac03f-cf1c-3505-9eae-d1dba7abfcf0,a735bf55-83e9-331a-899d-a82a60b9f60c,624df23a-1f3c-ff39-34bc-bb559a54bb06,860975,24 HR Metformin hydrochloride 500 MG Extended Release Oral Tablet,4.89,0.00,12,58.68,44054006,Diabetes mellitus type 2 (disorder)
2025-11-22T19:24:04Z,2025-11-22T19:24:04Z,b0fc3374-c40b-8591-0cc4-d6ffc383e5a4,734afbd6-4794-363b-9bc0-6a3981533ed5,f115d8f5-6a17-993c-c668-f40609596d52,205923,1 ML Epoetin Alfa 4000 UNT/ML Injection [Epogen],29.21,23.37,1,29.21,271737000,Anemia (disorder)
1986-04-23T16:40:18Z,1987-04-29T16:40:18Z,beaac03f-cf1c-3505-9eae-d1dba7abfcf0,a735bf55-83e9-331a-899d-a82a60b9f60c,624df23a-1f3c-ff39-34bc-bb559a54bb06,896209,60 ACTUAT Fluticasone propionate 0.25 MG/ACTUAT / salmeterol 0.05 MG/ACTUAT Dry Powder Inhaler,264.53,45.64,12,3174.36,87433001,Pulmonary emphysema (disorder)
2025-11-25T21:27:04Z,2025-11-25T21:27:04Z,b0fc3374-c40b-8591-0cc4-d6ffc383e5a4,734afbd6-4794-363b-9bc0-6a3981533ed5,062ca2c4-14d7-cee0-ddfa-cf45b2fc4673,205923,1 ML Epoetin Alfa 4000 UNT/ML Injection [Epogen],29.21,23.37,1,29.21,271737000,Anemia (disorder)
1987-04-29T16:40:18Z,1987-05-27T16:40:18Z,beaac03f-cf1c-3505-9eae-d1dba7abfcf0,df166300-5a78-3502-a46a-832842197811,8d36353d-3dc8-89c6-3e56-be78288b6d33,245314,albuterol 5 MG/ML Inhalation Solution,20.63,0.00,1,20.63,87433001,Pulmonary emphysema (disorder)
1987-04-29T16:40:18Z,1987-05-27T16:40:18Z,beaac03f-cf1c-3505-9eae-d1dba7abfcf0,df166300-5a78-3502-a46a-832842197811,8d36353d-3dc8-89c6-3e56-be78288b6d33,860975,24 HR Metformin hydrochloride 500 MG Extended Release Oral Tablet,0.71,0.00,1,0.71,44054006,Diabetes mellitus type 2 (disorder)
2025-11-29T00:34:04Z,2025-11-29T00:34:04Z,b0fc3374-c40b-8591-0cc4-d6ffc383e5a4,734afbd6-4794-363b-9bc0-6a3981533ed5,f6b1dcad-5b4c-12e1-dc57-bb7bdff5ac73,205923,1 ML Epoetin Alfa 4000 UNT/ML Injection [Epogen],29.21,23.37,1,29.21,271737000,Anemia (disorder)
1987-04-29T16:40:18Z,1987-05-27T16:40:18Z,beaac03f-cf1c-3505-9eae-d1dba7abfcf0,df166300-5a78-3502-a46a-832842197811,8d36353d-3dc8-89c6-3e56-be78288b6d33,896209,60 ACTUAT Fluticasone propionate 0.25 MG/ACTUAT / salmeterol 0.05 MG/ACTUAT Dry Powder Inhaler,132.64,0.00,1,132.64,87433001,Pulmonary emphysema (disorder)
2025-12-02T03:20:04Z,2025-12-02T03:20:04Z,b0fc3374-c40b-8591-0cc4-d6ffc383e5a4,734afbd6-4794-363b-9bc0-6a3981533ed5,274db3b1-fa6a-9708-c854-3aca10cff0da,205923,1 ML Epoetin Alfa 4000 UNT/ML Injection [Epogen],29.21,23.37,1,29.21,271737000,Anemia (disorder)
1987-04-29T16:40:18Z,1987-05-27T16:40:18Z,beaac03f-cf1c-3505-9eae-d1dba7abfcf0,df166300-5a78-3502-a46a-832842197811,8d36353d-3dc8-89c6-3e56-be78288b6d33,310798,Hydrochlorothiazide 25 MG Oral Tablet,0.91,0.00,1,0.91,59621000,Essential hypertension (disorder)
2025-12-05T06:33:04Z,2025-12-05T06:33:04Z,b0fc3374-c40b-8591-0cc4-d6ffc383e5a4,734afbd6-4794-363b-9bc0-6a3981533ed5,667b44f2-fcc7-a163-bb58-37d2cf916f96,205923,1 ML Epoetin Alfa 4000 UNT/ML Injection [Epogen],30.67,24.54,1,30.67,271737000,Anemia (disorder)
2023-10-19T23:53:30Z,2023-11-16T23:53:30Z,40bef2fb-ee47-4089-b99b-1c6bc43fe217,a735bf55-83e9-331a-899d-a82a60b9f60c,c289be07-1db8-3aa4-1cb2-0ec39e2f245e,106892,insulin isophane  human 70 UNT/ML / insulin  regular  human 30 UNT/ML Injectable Suspension [Humulin],126.89,101.51,1,126.89,15777000,Prediabetes
2023-10-19T23:53:30Z,2023-11-16T23:53:30Z,40bef2fb-ee47-4089-b99b-1c6bc43fe217,a735bf55-83e9-331a-899d-a82a60b9f60c,c289be07-1db8-3aa4-1cb2-0ec39e2f245e,1049625,Acetaminophen 325 MG / Oxycodone Hydrochloride 10 MG Oral Tablet [Percocet],129.94,103.95,3,389.82,,
2023-10-19T23:53:30Z,2023-11-16T23:53:30Z,40bef2fb-ee47-4089-b99b-1c6bc43fe217,a735bf55-83e9-331a-899d-a82a60b9f60c,c289be07-1db8-3aa4-1cb2-0ec39e2f245e,1049504,Abuse-Deterrent 12 HR Oxycodone Hydrochloride 10 MG Extended Release Oral Tablet [Oxycontin],129.94,103.95,3,389.82,,
2023-10-19T23:53:30Z,2023-11-16T23:53:30Z,40bef2fb-ee47-4089-b99b-1c6bc43fe217,a735bf55-83e9-331a-899d-a82a60b9f60c,c289be07-1db8-3aa4-1cb2-0ec39e2f245e,314076,lisinopril 10 MG Oral Tablet,0.91,0.73,1,0.91,59621000,Essential hypertension (disorder)
2023-10-19T23:53:30Z,2023-11-16T23:53:30Z,40bef2fb-ee47-4089-b99b-1c6bc43fe217,a735bf55-83e9-331a-899d-a82a60b9f60c,c289be07-1db8-3aa4-1cb2-0ec39e2f245e,1860491,12 HR Hydrocodone Bitartrate 10 MG Extended Release Oral Capsule,129.94,103.95,3,389.82,,
2025-12-08T09:11:04Z,2025-12-08T09:11:04Z,b0fc3374-c40b-8591-0cc4-d6ffc383e5a4,734afbd6-4794-363b-9bc0-6a3981533ed5,dabc199c-0c33-81f9-63b9-ec41b78b3c19,205923,1 ML Epoetin Alfa 4000 UNT/ML Injection [Epogen],29.21,23.37,1,29.21,271737000,Anemia (disorder)
2025-12-11T12:09:04Z,2025-12-11T12:09:04Z,b0fc3374-c40b-8591-0cc4-d6ffc383e5a4,734afbd6-4794-363b-9bc0-6a3981533ed5,6bfe69f5-ad1e-f285-3027-00f10873dc61,205923,1 ML Epoetin Alfa 4000 UNT/ML Injection [Epogen],29.21,23.37,1,29.21,271737000,Anemia (disorder)
1987-05-27T16:40:18Z,1987-12-30T16:40:18Z,beaac03f-cf1c-3505-9eae-d1dba7abfcf0,df166300-5a78-3502-a46a-832842197811,e860b7d2-59cb-d2cb-c874-2de82d25ff8d,245314,albuterol 5 MG/ML Inhalation Solution,22.21,0.00,2,44.42,87433001,Pulmonary emphysema (disorder)
2025-12-14T15:49:04Z,2025-12-14T15:49:04Z,b0fc3374-c40b-8591-0cc4-d6ffc383e5a4,734afbd6-4794-363b-9bc0-6a3981533ed5,4cdd9d7f-8b0f-3814-7e78-2ba7e0f92322,205923,1 ML Epoetin Alfa 4000 UNT/ML Injection [Epogen],29.21,23.37,1,29.21,271737000,Anemia (disorder)
1987-05-27T16:40:18Z,1987-12-30T16:40:18Z,beaac03f-cf1c-3505-9eae-d1dba7abfcf0,df166300-5a78-3502-a46a-832842197811,e860b7d2-59cb-d2cb-c874-2de82d25ff8d,310798,Hydrochlorothiazide 25 MG Oral Tablet,0.90,0.00,2,1.80,59621000,Essential hypertension (disorder)
1987-05-27T16:40:18Z,1987-12-30T16:40:18Z,beaac03f-cf1c-3505-9eae-d1dba7abfcf0,df166300-5a78-3502-a46a-832842197811,e860b7d2-59cb-d2cb-c874-2de82d25ff8d,860975,24 HR Metformin hydrochloride 500 MG Extended Release Oral Tablet,5.53,0.00,7,38.71,44054006,Diabetes mellitus type 2 (disorder)
1987-05-27T16:40:18Z,1987-12-30T16:40:18Z,beaac03f-cf1c-3505-9eae-d1dba7abfcf0,df166300-5a78-3502-a46a-832842197811,e860b7d2-59cb-d2cb-c874-2de82d25ff8d,896209,60 ACTUAT Fluticasone propionate 0.25 MG/ACTUAT / salmeterol 0.05 MG/ACTUAT Dry Powder Inhaler,199.99,149.99,7,1399.93,87433001,Pulmonary emphysema (disorder)
2023-11-16T23:53:30Z,2023-11-23T23:53:30Z,40bef2fb-ee47-4089-b99b-1c6bc43fe217,a735bf55-83e9-331a-899d-a82a60b9f60c,d980c88d-237d-ee1b-c41d-457180662c8d,106892,insulin isophane  human 70 UNT/ML / insulin  regular  human 30 UNT/ML Injectable Suspension [Humulin],336.63,269.30,1,336.63,15777000,Prediabetes
2025-12-17T18:08:04Z,2025-12-17T18:08:04Z,b0fc3374-c40b-8591-0cc4-d6ffc383e5a4,734afbd6-4794-363b-9bc0-6a3981533ed5,d96b9ca7-c526-b8dd-d9d3-8e0f2a7a7526,205923,1 ML Epoetin Alfa 4000 UNT/ML Injection [Epogen],30.67,24.54,1,30.67,271737000,Anemia (disorder)
2023-11-16T23:53:30Z,2023-11-23T23:53:30Z,40bef2fb-ee47-4089-b99b-1c6bc43fe217,a735bf55-83e9-331a-899d-a82a60b9f60c,d980c88d-237d-ee1b-c41d-457180662c8d,1049625,Acetaminophen 325 MG / Oxycodone Hydrochloride 10 MG Oral Tablet [Percocet],129.94,103.95,3,389.82,,
2023-11-16T23:53:30Z,2023-11-23T23:53:30Z,40bef2fb-ee47-4089-b99b-1c6bc43fe217,a735bf55-83e9-331a-899d-a82a60b9f60c,d980c88d-237d-ee1b-c41d-457180662c8d,1049504,Abuse-Deterrent 12 HR Oxycodone Hydrochloride 10 MG Extended Release Oral Tablet [Oxycontin],129.94,103.95,3,389.82,,
2023-11-16T23:53:30Z,2023-11-23T23:53:30Z,40bef2fb-ee47-4089-b99b-1c6bc43fe217,a735bf55-83e9-331a-899d-a82a60b9f60c,d980c88d-237d-ee1b-c41d-457180662c8d,314076,lisinopril 10 MG Oral Tablet,0.91,0.73,1,0.91,59621000,Essential hypertension (disorder)
2023-11-16T23:53:30Z,2023-11-23T23:53:30Z,40bef2fb-ee47-4089-b99b-1c6bc43fe217,a735bf55-83e9-331a-899d-a82a60b9f60c,d980c88d-237d-ee1b-c41d-457180662c8d,1860491,12 HR Hydrocodone Bitartrate 10 MG Extended Release Oral Capsule,129.94,103.95,3,389.82,,
2025-12-20T21:34:04Z,2025-12-20T21:34:04Z,b0fc3374-c40b-8591-0cc4-d6ffc383e5a4,734afbd6-4794-363b-9bc0-6a3981533ed5,e993a68f-76b2-f60b-fb29-c62bcb7be437,205923,1 ML Epoetin Alfa 4000 UNT/ML Injection [Epogen],29.21,23.37,1,29.21,271737000,Anemia (disorder)
2023-11-23T23:53:30Z,2024-04-11T23:53:30Z,40bef2fb-ee47-4089-b99b-1c6bc43fe217,a735bf55-83e9-331a-899d-a82a60b9f60c,2fd5c257-1c01-4a9d-074d-0725ef2de958,106892,insulin isophane  human 70 UNT/ML / insulin  regular  human 30 UNT/ML Injectable Suspension [Humulin],214.85,171.88,4,859.40,15777000,Prediabetes
2023-11-23T23:53:30Z,2024-04-11T23:53:30Z,40bef2fb-ee47-4089-b99b-1c6bc43fe217,a735bf55-83e9-331a-899d-a82a60b9f60c,2fd5c257-1c01-4a9d-074d-0725ef2de958,1049625,Acetaminophen 325 MG / Oxycodone Hydrochloride 10 MG Oral Tablet [Percocet],129.94,103.95,3,389.82,,
2023-11-23T23:53:30Z,2024-04-11T23:53:30Z,40bef2fb-ee47-4089-b99b-1c6bc43fe217,a735bf55-83e9-331a-899d-a82a60b9f60c,2fd5c257-1c01-4a9d-074d-0725ef2de958,1049504,Abuse-Deterrent 12 HR Oxycodone Hydrochloride 10 MG Extended Release Oral Tablet [Oxycontin],129.94,103.95,3,389.82,,
2025-12-24T00:11:04Z,2025-12-24T00:11:04Z,b0fc3374-c40b-8591-0cc4-d6ffc383e5a4,734afbd6-4794-363b-9bc0-6a3981533ed5,72ef28cd-68a5-b3c6-a22f-90e46d7fd474,205923,1 ML Epoetin Alfa 4000 UNT/ML Injection [Epogen],29.21,23.37,1,29.21,271737000,Anemia (disorder)
1987-12-30T16:40:18Z,1988-01-13T16:40:18Z,beaac03f-cf1c-3505-9eae-d1dba7abfcf0,d18ef2e6-ef40-324c-be54-34a5ee865625,260e2966-54eb-ef04-80e0-6da69e4fec23,245314,albuterol 5 MG/ML Inhalation Solution,50.43,15.43,1,50.43,87433001,Pulmonary emphysema (disorder)
2023-11-23T23:53:30Z,2024-04-11T23:53:30Z,40bef2fb-ee47-4089-b99b-1c6bc43fe217,a735bf55-83e9-331a-899d-a82a60b9f60c,2fd5c257-1c01-4a9d-074d-0725ef2de958,314076,lisinopril 10 MG Oral Tablet,0.91,0.73,1,0.91,59621000,Essential hypertension (disorder)
1987-12-30T16:40:18Z,1988-01-13T16:40:18Z,beaac03f-cf1c-3505-9eae-d1dba7abfcf0,d18ef2e6-ef40-324c-be54-34a5ee865625,260e2966-54eb-ef04-80e0-6da69e4fec23,310798,Hydrochlorothiazide 25 MG Oral Tablet,0.45,0.00,1,0.45,59621000,Essential hypertension (disorder)
2025-12-27T03:53:04Z,2025-12-27T03:53:04Z,b0fc3374-c40b-8591-0cc4-d6ffc383e5a4,734afbd6-4794-363b-9bc0-6a3981533ed5,6ce99e8a-652a-5c24-59f4-673dc76a8b24,205923,1 ML Epoetin Alfa 4000 UNT/ML Injection [Epogen],29.21,23.37,1,29.21,271737000,Anemia (disorder)
1987-12-30T16:40:18Z,1988-01-13T16:40:18Z,beaac03f-cf1c-3505-9eae-d1dba7abfcf0,d18ef2e6-ef40-324c-be54-34a5ee865625,260e2966-54eb-ef04-80e0-6da69e4fec23,860975,24 HR Metformin hydrochloride 500 MG Extended Release Oral Tablet,11.23,0.00,1,11.23,44054006,Diabetes mellitus type 2 (disorder)
1987-12-30T16:40:18Z,1988-01-13T16:40:18Z,beaac03f-cf1c-3505-9eae-d1dba7abfcf0,d18ef2e6-ef40-324c-be54-34a5ee865625,260e2966-54eb-ef04-80e0-6da69e4fec23,896209,60 ACTUAT Fluticasone propionate 0.25 MG/ACTUAT / salmeterol 0.05 MG/ACTUAT Dry Powder Inhaler,91.72,56.72,1,91.72,87433001,Pulmonary emphysema (disorder)
2023-11-23T23:53:30Z,2024-04-11T23:53:30Z,40bef2fb-ee47-4089-b99b-1c6bc43fe217,a735bf55-83e9-331a-899d-a82a60b9f60c,2fd5c257-1c01-4a9d-074d-0725ef2de958,1860491,12 HR Hydrocodone Bitartrate 10 MG Extended Release Oral Capsule,129.94,103.95,3,389.82,,
1988-01-13T16:40:18Z,1988-02-24T16:40:18Z,beaac03f-cf1c-3505-9eae-d1dba7abfcf0,d18ef2e6-ef40-324c-be54-34a5ee865625,0e05a5f0-5379-09b1-d5ce-57c7ebf06cf6,245314,albuterol 5 MG/ML Inhalation Solution,20.63,0.00,1,20.63,87433001,Pulmonary emphysema (disorder)
1988-01-13T16:40:18Z,1988-02-24T16:40:18Z,beaac03f-cf1c-3505-9eae-d1dba7abfcf0,d18ef2e6-ef40-324c-be54-34a5ee865625,0e05a5f0-5379-09b1-d5ce-57c7ebf06cf6,310798,Hydrochlorothiazide 25 MG Oral Tablet,0.91,0.00,1,0.91,59621000,Essential hypertension (disorder)
1988-01-13T16:40:18Z,1988-02-24T16:40:18Z,beaac03f-cf1c-3505-9eae-d1dba7abfcf0,d18ef2e6-ef40-324c-be54-34a5ee865625,0e05a5f0-5379-09b1-d5ce-57c7ebf06cf6,860975,24 HR Metformin hydrochloride 500 MG Extended Release Oral Tablet,1.18,0.00,1,1.18,44054006,Diabetes mellitus type 2 (disorder)
1988-01-13T16:40:18Z,1988-02-24T16:40:18Z,beaac03f-cf1c-3505-9eae-d1dba7abfcf0,d18ef2e6-ef40-324c-be54-34a5ee865625,0e05a5f0-5379-09b1-d5ce-57c7ebf06cf6,896209,60 ACTUAT Fluticasone propionate 0.25 MG/ACTUAT / salmeterol 0.05 MG/ACTUAT Dry Powder Inhaler,91.72,56.72,1,91.72,87433001,Pulmonary emphysema (disorder)
2024-04-11T23:53:30Z,2024-06-13T23:53:30Z,40bef2fb-ee47-4089-b99b-1c6bc43fe217,a735bf55-83e9-331a-899d-a82a60b9f60c,13871c2e-91e5-ed1a-2b17-cc65a7ec12cd,106892,insulin isophane  human 70 UNT/ML / insulin  regular  human 30 UNT/ML Injectable Suspension [Humulin],365.74,292.59,2,731.48,15777000,Prediabetes
1988-02-24T16:40:18Z,1988-03-23T16:40:18Z,beaac03f-cf1c-3505-9eae-d1dba7abfcf0,d18ef2e6-ef40-324c-be54-34a5ee865625,c685fe4a-aa73-f666-2ec5-8dcb34e9eef0,245314,albuterol 5 MG/ML Inhalation Solution,46.09,11.09,1,46.09,87433001,Pulmonary emphysema (disorder)
2024-04-11T23:53:30Z,2024-06-13T23:53:30Z,40bef2fb-ee47-4089-b99b-1c6bc43fe217,a735bf55-83e9-331a-899d-a82a60b9f60c,13871c2e-91e5-ed1a-2b17-cc65a7ec12cd,1049625,Acetaminophen 325 MG / Oxycodone Hydrochloride 10 MG Oral Tablet [Percocet],129.94,103.95,3,389.82,,
1988-02-24T16:40:18Z,1988-03-23T16:40:18Z,beaac03f-cf1c-3505-9eae-d1dba7abfcf0,d18ef2e6-ef40-324c-be54-34a5ee865625,c685fe4a-aa73-f666-2ec5-8dcb34e9eef0,310798,Hydrochlorothiazide 25 MG Oral Tablet,0.45,0.00,1,0.45,59621000,Essential hypertension (disorder)
2024-04-11T23:53:30Z,2024-06-13T23:53:30Z,40bef2fb-ee47-4089-b99b-1c6bc43fe217,a735bf55-83e9-331a-899d-a82a60b9f60c,13871c2e-91e5-ed1a-2b17-cc65a7ec12cd,1049504,Abuse-Deterrent 12 HR Oxycodone Hydrochloride 10 MG Extended Release Oral Tablet [Oxycontin],129.94,103.95,3,389.82,,
1988-02-24T16:40:18Z,1988-03-23T16:40:18Z,beaac03f-cf1c-3505-9eae-d1dba7abfcf0,d18ef2e6-ef40-324c-be54-34a5ee865625,c685fe4a-aa73-f666-2ec5-8dcb34e9eef0,860975,24 HR Metformin hydrochloride 500 MG Extended Release Oral Tablet,9.50,0.00,1,9.50,44054006,Diabetes mellitus type 2 (disorder)
1988-02-24T16:40:18Z,1988-03-23T16:40:18Z,beaac03f-cf1c-3505-9eae-d1dba7abfcf0,d18ef2e6-ef40-324c-be54-34a5ee865625,c685fe4a-aa73-f666-2ec5-8dcb34e9eef0,896209,60 ACTUAT Fluticasone propionate 0.25 MG/ACTUAT / salmeterol 0.05 MG/ACTUAT Dry Powder Inhaler,95.56,60.56,1,95.56,87433001,Pulmonary emphysema (disorder)
2024-04-11T23:53:30Z,2024-06-13T23:53:30Z,40bef2fb-ee47-4089-b99b-1c6bc43fe217,a735bf55-83e9-331a-899d-a82a60b9f60c,13871c2e-91e5-ed1a-2b17-cc65a7ec12cd,314076,lisinopril 10 MG Oral Tablet,0.91,0.73,1,0.91,59621000,Essential hypertension (disorder)
2024-04-11T23:53:30Z,2024-06-13T23:53:30Z,40bef2fb-ee47-4089-b99b-1c6bc43fe217,a735bf55-83e9-331a-899d-a82a60b9f60c,13871c2e-91e5-ed1a-2b17-cc65a7ec12cd,1860491,12 HR Hydrocodone Bitartrate 10 MG Extended Release Oral Capsule,129.94,103.95,3,389.82,,
1988-03-23T16:40:18Z,1988-03-30T16:40:18Z,beaac03f-cf1c-3505-9eae-d1dba7abfcf0,d18ef2e6-ef40-324c-be54-34a5ee865625,f16f51cd-85f1-a1ad-5a09-3c5627912b5e,245314,albuterol 5 MG/ML Inhalation Solution,96.31,61.31,1,96.31,87433001,Pulmonary emphysema (disorder)
1988-03-23T16:40:18Z,1988-03-30T16:40:18Z,beaac03f-cf1c-3505-9eae-d1dba7abfcf0,d18ef2e6-ef40-324c-be54-34a5ee865625,f16f51cd-85f1-a1ad-5a09-3c5627912b5e,310798,Hydrochlorothiazide 25 MG Oral Tablet,0.80,0.00,1,0.80,59621000,Essential hypertension (disorder)
1988-03-23T16:40:18Z,1988-03-30T16:40:18Z,beaac03f-cf1c-3505-9eae-d1dba7abfcf0,d18ef2e6-ef40-324c-be54-34a5ee865625,f16f51cd-85f1-a1ad-5a09-3c5627912b5e,860975,24 HR Metformin hydrochloride 500 MG Extended Release Oral Tablet,1.07,0.00,1,1.07,44054006,Diabetes mellitus type 2 (disorder)
1988-03-23T16:40:18Z,1988-03-30T16:40:18Z,beaac03f-cf1c-3505-9eae-d1dba7abfcf0,d18ef2e6-ef40-324c-be54-34a5ee865625,f16f51cd-85f1-a1ad-5a09-3c5627912b5e,896209,60 ACTUAT Fluticasone propionate 0.25 MG/ACTUAT / salmeterol 0.05 MG/ACTUAT Dry Powder Inhaler,91.72,56.72,1,91.72,87433001,Pulmonary emphysema (disorder)
1988-03-30T16:40:18Z,1988-05-04T16:40:18Z,beaac03f-cf1c-3505-9eae-d1dba7abfcf0,d18ef2e6-ef40-324c-be54-34a5ee865625,dba2a7a1-704f-8e27-f414-8e36fbc3b92b,245314,albuterol 5 MG/ML Inhalation Solution,96.31,61.31,1,96.31,87433001,Pulmonary emphysema (disorder)
1988-03-30T16:40:18Z,1988-05-04T16:40:18Z,beaac03f-cf1c-3505-9eae-d1dba7abfcf0,d18ef2e6-ef40-324c-be54-34a5ee865625,dba2a7a1-704f-8e27-f414-8e36fbc3b92b,310798,Hydrochlorothiazide 25 MG Oral Tablet,0.58,0.00,1,0.58,59621000,Essential hypertension (disorder)
1988-03-30T16:40:18Z,1988-05-04T16:40:18Z,beaac03f-cf1c-3505-9eae-d1dba7abfcf0,d18ef2e6-ef40-324c-be54-34a5ee865625,dba2a7a1-704f-8e27-f414-8e36fbc3b92b,860975,24 HR Metformin hydrochloride 500 MG Extended Release Oral Tablet,4.72,0.00,1,4.72,44054006,Diabetes mellitus type 2 (disorder)
1988-03-30T16:40:18Z,1988-05-04T16:40:18Z,beaac03f-cf1c-3505-9eae-d1dba7abfcf0,d18ef2e6-ef40-324c-be54-34a5ee865625,dba2a7a1-704f-8e27-f414-8e36fbc3b92b,896209,60 ACTUAT Fluticasone propionate 0.25 MG/ACTUAT / salmeterol 0.05 MG/ACTUAT Dry Powder Inhaler,142.53,107.53,1,142.53,87433001,Pulmonary emphysema (disorder)
2024-06-13T23:53:30Z,2024-10-10T23:53:30Z,40bef2fb-ee47-4089-b99b-1c6bc43fe217,a735bf55-83e9-331a-899d-a82a60b9f60c,1f642a6d-a224-bf4c-e9b4-b1555437977d,106892,insulin isophane  human 70 UNT/ML / insulin  regular  human 30 UNT/ML Injectable Suspension [Humulin],126.89,0.00,3,380.67,15777000,Prediabetes
2024-06-13T23:53:30Z,2024-10-10T23:53:30Z,40bef2fb-ee47-4089-b99b-1c6bc43fe217,a735bf55-83e9-331a-899d-a82a60b9f60c,1f642a6d-a224-bf4c-e9b4-b1555437977d,1049625,Acetaminophen 325 MG / Oxycodone Hydrochloride 10 MG Oral Tablet [Percocet],129.94,19.06,3,389.82,,
2024-06-13T23:53:30Z,2024-10-10T23:53:30Z,40bef2fb-ee47-4089-b99b-1c6bc43fe217,a735bf55-83e9-331a-899d-a82a60b9f60c,1f642a6d-a224-bf4c-e9b4-b1555437977d,1049504,Abuse-Deterrent 12 HR Oxycodone Hydrochloride 10 MG Extended Release Oral Tablet [Oxycontin],129.94,103.95,3,389.82,,
2024-06-13T23:53:30Z,2024-10-10T23:53:30Z,40bef2fb-ee47-4089-b99b-1c6bc43fe217,a735bf55-83e9-331a-899d-a82a60b9f60c,1f642a6d-a224-bf4c-e9b4-b1555437977d,314076,lisinopril 10 MG Oral Tablet,0.91,0.73,1,0.91,59621000,Essential hypertension (disorder)
2024-06-13T23:53:30Z,2024-10-10T23:53:30Z,40bef2fb-ee47-4089-b99b-1c6bc43fe217,a735bf55-83e9-331a-899d-a82a60b9f60c,1f642a6d-a224-bf4c-e9b4-b1555437977d,1860491,12 HR Hydrocodone Bitartrate 10 MG Extended Release Oral Capsule,129.94,103.95,3,389.82,,
1988-05-04T16:40:18Z,1988-06-15T16:40:18Z,beaac03f-cf1c-3505-9eae-d1dba7abfcf0,d18ef2e6-ef40-324c-be54-34a5ee865625,555a37f9-e4af-dcf7-4bf5-328eba553f26,245314,albuterol 5 MG/ML Inhalation Solution,20.63,0.00,1,20.63,87433001,Pulmonary emphysema (disorder)
1988-05-04T16:40:18Z,1988-06-15T16:40:18Z,beaac03f-cf1c-3505-9eae-d1dba7abfcf0,d18ef2e6-ef40-324c-be54-34a5ee865625,555a37f9-e4af-dcf7-4bf5-328eba553f26,310798,Hydrochlorothiazide 25 MG Oral Tablet,0.59,0.00,1,0.59,59621000,Essential hypertension (disorder)
1988-05-04T16:40:18Z,1988-06-15T16:40:18Z,beaac03f-cf1c-3505-9eae-d1dba7abfcf0,d18ef2e6-ef40-324c-be54-34a5ee865625,555a37f9-e4af-dcf7-4bf5-328eba553f26,860975,24 HR Metformin hydrochloride 500 MG Extended Release Oral Tablet,1.77,0.00,1,1.77,44054006,Diabetes mellitus type 2 (disorder)
1988-05-04T16:40:18Z,1988-06-15T16:40:18Z,beaac03f-cf1c-3505-9eae-d1dba7abfcf0,d18ef2e6-ef40-324c-be54-34a5ee865625,555a37f9-e4af-dcf7-4bf5-328eba553f26,896209,60 ACTUAT Fluticasone propionate 0.25 MG/ACTUAT / salmeterol 0.05 MG/ACTUAT Dry Powder Inhaler,91.72,56.72,1,91.72,87433001,Pulmonary emphysema (disorder)
2024-10-10T23:53:30Z,2024-11-07T23:53:30Z,40bef2fb-ee47-4089-b99b-1c6bc43fe217,a735bf55-83e9-331a-899d-a82a60b9f60c,cef93f14-71c2-232d-3b98-d1bd4da71e2c,106892,insulin isophane  human 70 UNT/ML / insulin  regular  human 30 UNT/ML Injectable Suspension [Humulin],126.89,101.51,1,126.89,15777000,Prediabetes
2024-10-10T23:53:30Z,2024-11-07T23:53:30Z,40bef2fb-ee47-4089-b99b-1c6bc43fe217,a735bf55-83e9-331a-899d-a82a60b9f60c,cef93f14-71c2-232d-3b98-d1bd4da71e2c,1049625,Acetaminophen 325 MG / Oxycodone Hydrochloride 10 MG Oral Tablet [Percocet],129.94,103.95,3,389.82,,
2024-10-10T23:53:30Z,2024-11-07T23:53:30Z,40bef2fb-ee47-4089-b99b-1c6bc43fe217,a735bf55-83e9-331a-899d-a82a60b9f60c,cef93f14-71c2-232d-3b98-d1bd4da71e2c,1049504,Abuse-Deterrent 12 HR Oxycodone Hydrochloride 10 MG Extended Release Oral Tablet [Oxycontin],129.94,103.95,3,389.82,,
2024-10-10T23:53:30Z,2024-11-07T23:53:30Z,40bef2fb-ee47-4089-b99b-1c6bc43fe217,a735bf55-83e9-331a-899d-a82a60b9f60c,cef93f14-71c2-232d-3b98-d1bd4da71e2c,314076,lisinopril 10 MG Oral Tablet,0.91,0.73,1,0.91,59621000,Essential hypertension (disorder)
1988-06-15T16:40:18Z,1988-07-27T16:40:18Z,beaac03f-cf1c-3505-9eae-d1dba7abfcf0,d18ef2e6-ef40-324c-be54-34a5ee865625,58f961d3-8ec6-776c-08b6-2679a80621c5,245314,albuterol 5 MG/ML Inhalation Solution,96.31,61.31,1,96.31,87433001,Pulmonary emphysema (disorder)
2024-10-10T23:53:30Z,2024-11-07T23:53:30Z,40bef2fb-ee47-4089-b99b-1c6bc43fe217,a735bf55-83e9-331a-899d-a82a60b9f60c,cef93f14-71c2-232d-3b98-d1bd4da71e2c,1860491,12 HR Hydrocodone Bitartrate 10 MG Extended Release Oral Capsule,129.94,103.95,3,389.82,,
1988-06-15T16:40:18Z,1988-07-27T16:40:18Z,beaac03f-cf1c-3505-9eae-d1dba7abfcf0,d18ef2e6-ef40-324c-be54-34a5ee865625,58f961d3-8ec6-776c-08b6-2679a80621c5,310798,Hydrochlorothiazide 25 MG Oral Tablet,0.45,0.00,1,0.45,59621000,Essential hypertension (disorder)
1988-06-15T16:40:18Z,1988-07-27T16:40:18Z,beaac03f-cf1c-3505-9eae-d1dba7abfcf0,d18ef2e6-ef40-324c-be54-34a5ee865625,58f961d3-8ec6-776c-08b6-2679a80621c5,860975,24 HR Metformin hydrochloride 500 MG Extended Release Oral Tablet,3.64,0.00,1,3.64,44054006,Diabetes mellitus type 2 (disorder)
1988-06-15T16:40:18Z,1988-07-27T16:40:18Z,beaac03f-cf1c-3505-9eae-d1dba7abfcf0,d18ef2e6-ef40-324c-be54-34a5ee865625,58f961d3-8ec6-776c-08b6-2679a80621c5,896209,60 ACTUAT Fluticasone propionate 0.25 MG/ACTUAT / salmeterol 0.05 MG/ACTUAT Dry Powder Inhaler,662.48,627.48,1,662.48,87433001,Pulmonary emphysema (disorder)
2024-11-07T23:53:30Z,2024-12-05T23:53:30Z,40bef2fb-ee47-4089-b99b-1c6bc43fe217,a735bf55-83e9-331a-899d-a82a60b9f60c,d094f434-1235-d404-937d-28704818e5e7,106892,insulin isophane  human 70 UNT/ML / insulin  regular  human 30 UNT/ML Injectable Suspension [Humulin],466.60,373.28,1,466.60,15777000,Prediabetes
2024-11-07T23:53:30Z,2024-12-05T23:53:30Z,40bef2fb-ee47-4089-b99b-1c6bc43fe217,a735bf55-83e9-331a-899d-a82a60b9f60c,d094f434-1235-d404-937d-28704818e5e7,1049625,Acetaminophen 325 MG / Oxycodone Hydrochloride 10 MG Oral Tablet [Percocet],129.94,103.95,3,389.82,,
2024-11-07T23:53:30Z,2024-12-05T23:53:30Z,40bef2fb-ee47-4089-b99b-1c6bc43fe217,a735bf55-83e9-331a-899d-a82a60b9f60c,d094f434-1235-d404-937d-28704818e5e7,1049504,Abuse-Deterrent 12 HR Oxycodone Hydrochloride 10 MG Extended Release Oral Tablet [Oxycontin],129.94,103.95,3,389.82,,
1988-07-27T16:40:18Z,1988-08-24T16:40:18Z,beaac03f-cf1c-3505-9eae-d1dba7abfcf0,d18ef2e6-ef40-324c-be54-34a5ee865625,5b4ba62a-a60b-b53e-88c0-d6dac2bbc1f6,245314,albuterol 5 MG/ML Inhalation Solution,25.84,0.00,1,25.84,87433001,Pulmonary emphysema (disorder)
1988-07-27T16:40:18Z,1988-08-24T16:40:18Z,beaac03f-cf1c-3505-9eae-d1dba7abfcf0,d18ef2e6-ef40-324c-be54-34a5ee865625,5b4ba62a-a60b-b53e-88c0-d6dac2bbc1f6,310798,Hydrochlorothiazide 25 MG Oral Tablet,0.45,0.00,1,0.45,59621000,Essential hypertension (disorder)
1988-07-27T16:40:18Z,1988-08-24T16:40:18Z,beaac03f-cf1c-3505-9eae-d1dba7abfcf0,d18ef2e6-ef40-324c-be54-34a5ee865625,5b4ba62a-a60b-b53e-88c0-d6dac2bbc1f6,860975,24 HR Metformin hydrochloride 500 MG Extended Release Oral Tablet,5.95,0.00,1,5.95,44054006,Diabetes mellitus type 2 (disorder)
2024-11-07T23:53:30Z,2024-12-05T23:53:30Z,40bef2fb-ee47-4089-b99b-1c6bc43fe217,a735bf55-83e9-331a-899d-a82a60b9f60c,d094f434-1235-d404-937d-28704818e5e7,314076,lisinopril 10 MG Oral Tablet,0.91,0.73,1,0.91,59621000,Essential hypertension (disorder)
1988-07-27T16:40:18Z,1988-08-24T16:40:18Z,beaac03f-cf1c-3505-9eae-d1dba7abfcf0,d18ef2e6-ef40-324c-be54-34a5ee865625,5b4ba62a-a60b-b53e-88c0-d6dac2bbc1f6,896209,60 ACTUAT Fluticasone propionate 0.25 MG/ACTUAT / salmeterol 0.05 MG/ACTUAT Dry Powder Inhaler,91.72,56.72,1,91.72,87433001,Pulmonary emphysema (disorder)
2024-11-07T23:53:30Z,2024-12-05T23:53:30Z,40bef2fb-ee47-4089-b99b-1c6bc43fe217,a735bf55-83e9-331a-899d-a82a60b9f60c,d094f434-1235-d404-937d-28704818e5e7,1860491,12 HR Hydrocodone Bitartrate 10 MG Extended Release Oral Capsule,129.94,103.95,3,389.82,,
1988-08-24T16:40:18Z,,beaac03f-cf1c-3505-9eae-d1dba7abfcf0,d18ef2e6-ef40-324c-be54-34a5ee865625,593ab330-65bb-b8fb-e0d9-511337a77bb6,245314,albuterol 5 MG/ML Inhalation Solution,20.63,0.00,1,20.63,87433001,Pulmonary emphysema (disorder)
1988-08-24T16:40:18Z,,beaac03f-cf1c-3505-9eae-d1dba7abfcf0,d18ef2e6-ef40-324c-be54-34a5ee865625,593ab330-65bb-b8fb-e0d9-511337a77bb6,310798,Hydrochlorothiazide 25 MG Oral Tablet,0.45,0.00,1,0.45,59621000,Essential hypertension (disorder)
1988-08-24T16:40:18Z,,beaac03f-cf1c-3505-9eae-d1dba7abfcf0,d18ef2e6-ef40-324c-be54-34a5ee865625,593ab330-65bb-b8fb-e0d9-511337a77bb6,860975,24 HR Metformin hydrochloride 500 MG Extended Release Oral Tablet,5.84,0.00,1,5.84,44054006,Diabetes mellitus type 2 (disorder)
1988-08-24T16:40:18Z,,beaac03f-cf1c-3505-9eae-d1dba7abfcf0,d18ef2e6-ef40-324c-be54-34a5ee865625,593ab330-65bb-b8fb-e0d9-511337a77bb6,896209,60 ACTUAT Fluticasone propionate 0.25 MG/ACTUAT / salmeterol 0.05 MG/ACTUAT Dry Powder Inhaler,91.72,56.72,1,91.72,87433001,Pulmonary emphysema (disorder)
2024-12-05T23:53:30Z,2024-12-12T23:53:30Z,40bef2fb-ee47-4089-b99b-1c6bc43fe217,a735bf55-83e9-331a-899d-a82a60b9f60c,1964bea4-5ed5-f8e6-e019-17f3213473a0,106892,insulin isophane  human 70 UNT/ML / insulin  regular  human 30 UNT/ML Injectable Suspension [Humulin],489.29,391.43,1,489.29,15777000,Prediabetes
2024-12-05T23:53:30Z,2024-12-12T23:53:30Z,40bef2fb-ee47-4089-b99b-1c6bc43fe217,a735bf55-83e9-331a-899d-a82a60b9f60c,1964bea4-5ed5-f8e6-e019-17f3213473a0,1049625,Acetaminophen 325 MG / Oxycodone Hydrochloride 10 MG Oral Tablet [Percocet],129.94,103.95,3,389.82,,
2024-12-05T23:53:30Z,2024-12-12T23:53:30Z,40bef2fb-ee47-4089-b99b-1c6bc43fe217,a735bf55-83e9-331a-899d-a82a60b9f60c,1964bea4-5ed5-f8e6-e019-17f3213473a0,1049504,Abuse-Deterrent 12 HR Oxycodone Hydrochloride 10 MG Extended Release Oral Tablet [Oxycontin],129.94,103.95,3,389.82,,
2024-12-05T23:53:30Z,2024-12-12T23:53:30Z,40bef2fb-ee47-4089-b99b-1c6bc43fe217,a735bf55-83e9-331a-899d-a82a60b9f60c,1964bea4-5ed5-f8e6-e019-17f3213473a0,314076,lisinopril 10 MG Oral Tablet,0.91,0.73,1,0.91,59621000,Essential hypertension (disorder)
2024-12-05T23:53:30Z,2024-12-12T23:53:30Z,40bef2fb-ee47-4089-b99b-1c6bc43fe217,a735bf55-83e9-331a-899d-a82a60b9f60c,1964bea4-5ed5-f8e6-e019-17f3213473a0,1860491,12 HR Hydrocodone Bitartrate 10 MG Extended Release Oral Capsule,129.94,103.95,3,389.82,,
2024-12-12T23:53:30Z,2024-12-19T23:53:30Z,40bef2fb-ee47-4089-b99b-1c6bc43fe217,a735bf55-83e9-331a-899d-a82a60b9f60c,225a7a1e-c833-3100-36c3-840254329668,106892,insulin isophane  human 70 UNT/ML / insulin  regular  human 30 UNT/ML Injectable Suspension [Humulin],171.71,137.37,1,171.71,15777000,Prediabetes
2024-12-12T23:53:30Z,2024-12-19T23:53:30Z,40bef2fb-ee47-4089-b99b-1c6bc43fe217,a735bf55-83e9-331a-899d-a82a60b9f60c,225a7a1e-c833-3100-36c3-840254329668,1049625,Acetaminophen 325 MG / Oxycodone Hydrochloride 10 MG Oral Tablet [Percocet],129.94,103.95,3,389.82,,
2024-12-12T23:53:30Z,2024-12-19T23:53:30Z,40bef2fb-ee47-4089-b99b-1c6bc43fe217,a735bf55-83e9-331a-899d-a82a60b9f60c,225a7a1e-c833-3100-36c3-840254329668,1049504,Abuse-Deterrent 12 HR Oxycodone Hydrochloride 10 MG Extended Release Oral Tablet [Oxycontin],129.94,103.95,3,389.82,,
2024-12-12T23:53:30Z,2024-12-19T23:53:30Z,40bef2fb-ee47-4089-b99b-1c6bc43fe217,a735bf55-83e9-331a-899d-a82a60b9f60c,225a7a1e-c833-3100-36c3-840254329668,314076,lisinopril 10 MG Oral Tablet,0.91,0.73,1,0.91,59621000,Essential hypertension (disorder)
2024-12-12T23:53:30Z,2024-12-19T23:53:30Z,40bef2fb-ee47-4089-b99b-1c6bc43fe217,a735bf55-83e9-331a-899d-a82a60b9f60c,225a7a1e-c833-3100-36c3-840254329668,1860491,12 HR Hydrocodone Bitartrate 10 MG Extended Release Oral Capsule,129.94,103.95,3,389.82,,
2024-12-19T23:53:30Z,2024-12-26T23:53:30Z,40bef2fb-ee47-4089-b99b-1c6bc43fe217,a735bf55-83e9-331a-899d-a82a60b9f60c,1d3d132a-205b-9229-6090-64ed37091f6d,106892,insulin isophane  human 70 UNT/ML / insulin  regular  human 30 UNT/ML Injectable Suspension [Humulin],183.30,146.64,1,183.30,15777000,Prediabetes
2024-12-19T23:53:30Z,2024-12-26T23:53:30Z,40bef2fb-ee47-4089-b99b-1c6bc43fe217,a735bf55-83e9-331a-899d-a82a60b9f60c,1d3d132a-205b-9229-6090-64ed37091f6d,1049625,Acetaminophen 325 MG / Oxycodone Hydrochloride 10 MG Oral Tablet [Percocet],129.94,103.95,3,389.82,,
2024-12-19T23:53:30Z,2024-12-26T23:53:30Z,40bef2fb-ee47-4089-b99b-1c6bc43fe217,a735bf55-83e9-331a-899d-a82a60b9f60c,1d3d132a-205b-9229-6090-64ed37091f6d,1049504,Abuse-Deterrent 12 HR Oxycodone Hydrochloride 10 MG Extended Release Oral Tablet [Oxycontin],129.94,103.95,3,389.82,,
2024-12-19T23:53:30Z,2024-12-26T23:53:30Z,40bef2fb-ee47-4089-b99b-1c6bc43fe217,a735bf55-83e9-331a-899d-a82a60b9f60c,1d3d132a-205b-9229-6090-64ed37091f6d,314076,lisinopril 10 MG Oral Tablet,0.91,0.73,1,0.91,59621000,Essential hypertension (disorder)
2024-12-19T23:53:30Z,2024-12-26T23:53:30Z,40bef2fb-ee47-4089-b99b-1c6bc43fe217,a735bf55-83e9-331a-899d-a82a60b9f60c,1d3d132a-205b-9229-6090-64ed37091f6d,1860491,12 HR Hydrocodone Bitartrate 10 MG Extended Release Oral Capsule,129.94,103.95,3,389.82,,
2024-12-26T23:53:30Z,2025-01-16T23:53:30Z,40bef2fb-ee47-4089-b99b-1c6bc43fe217,a735bf55-83e9-331a-899d-a82a60b9f60c,ffcd304e-5db6-56e8-21b7-6e36fa0f88a3,106892,insulin isophane  human 70 UNT/ML / insulin  regular  human 30 UNT/ML Injectable Suspension [Humulin],359.00,287.20,1,359.00,15777000,Prediabetes
2024-12-26T23:53:30Z,2025-01-16T23:53:30Z,40bef2fb-ee47-4089-b99b-1c6bc43fe217,a735bf55-83e9-331a-899d-a82a60b9f60c,ffcd304e-5db6-56e8-21b7-6e36fa0f88a3,1049625,Acetaminophen 325 MG / Oxycodone Hydrochloride 10 MG Oral Tablet [Percocet],129.94,103.95,3,389.82,,
2024-12-26T23:53:30Z,2025-01-16T23:53:30Z,40bef2fb-ee47-4089-b99b-1c6bc43fe217,a735bf55-83e9-331a-899d-a82a60b9f60c,ffcd304e-5db6-56e8-21b7-6e36fa0f88a3,1049504,Abuse-Deterrent 12 HR Oxycodone Hydrochloride 10 MG Extended Release Oral Tablet [Oxycontin],129.94,103.95,3,389.82,,
2024-12-26T23:53:30Z,2025-01-16T23:53:30Z,40bef2fb-ee47-4089-b99b-1c6bc43fe217,a735bf55-83e9-331a-899d-a82a60b9f60c,ffcd304e-5db6-56e8-21b7-6e36fa0f88a3,314076,lisinopril 10 MG Oral Tablet,0.91,0.73,1,0.91,59621000,Essential hypertension (disorder)
2024-12-26T23:53:30Z,2025-01-16T23:53:30Z,40bef2fb-ee47-4089-b99b-1c6bc43fe217,a735bf55-83e9-331a-899d-a82a60b9f60c,ffcd304e-5db6-56e8-21b7-6e36fa0f88a3,1860491,12 HR Hydrocodone Bitartrate 10 MG Extended Release Oral Capsule,129.94,103.95,3,389.82,,
2025-01-16T23:53:30Z,2025-01-23T23:53:30Z,40bef2fb-ee47-4089-b99b-1c6bc43fe217,a735bf55-83e9-331a-899d-a82a60b9f60c,81a7822c-8348-af0f-592e-5ad185f3530d,106892,insulin isophane  human 70 UNT/ML / insulin  regular  human 30 UNT/ML Injectable Suspension [Humulin],507.86,406.29,1,507.86,15777000,Prediabetes
2025-01-16T23:53:30Z,2025-01-23T23:53:30Z,40bef2fb-ee47-4089-b99b-1c6bc43fe217,a735bf55-83e9-331a-899d-a82a60b9f60c,81a7822c-8348-af0f-592e-5ad185f3530d,1049625,Acetaminophen 325 MG / Oxycodone Hydrochloride 10 MG Oral Tablet [Percocet],129.94,103.95,3,389.82,,
2025-01-16T23:53:30Z,2025-01-23T23:53:30Z,40bef2fb-ee47-4089-b99b-1c6bc43fe217,a735bf55-83e9-331a-899d-a82a60b9f60c,81a7822c-8348-af0f-592e-5ad185f3530d,1049504,Abuse-Deterrent 12 HR Oxycodone Hydrochloride 10 MG Extended Release Oral Tablet [Oxycontin],129.94,103.95,3,389.82,,
2025-01-16T23:53:30Z,2025-01-23T23:53:30Z,40bef2fb-ee47-4089-b99b-1c6bc43fe217,a735bf55-83e9-331a-899d-a82a60b9f60c,81a7822c-8348-af0f-592e-5ad185f3530d,314076,lisinopril 10 MG Oral Tablet,0.91,0.73,1,0.91,59621000,Essential hypertension (disorder)
2025-01-16T23:53:30Z,2025-01-23T23:53:30Z,40bef2fb-ee47-4089-b99b-1c6bc43fe217,a735bf55-83e9-331a-899d-a82a60b9f60c,81a7822c-8348-af0f-592e-5ad185f3530d,1860491,12 HR Hydrocodone Bitartrate 10 MG Extended Release Oral Capsule,129.94,103.95,3,389.82,,
2025-01-23T23:53:30Z,2025-06-05T23:53:30Z,40bef2fb-ee47-4089-b99b-1c6bc43fe217,a735bf55-83e9-331a-899d-a82a60b9f60c,9964125b-1724-05fa-591c-cb315d139e6d,106892,insulin isophane  human 70 UNT/ML / insulin  regular  human 30 UNT/ML Injectable Suspension [Humulin],219.39,175.51,4,877.56,15777000,Prediabetes
2025-01-23T23:53:30Z,2025-06-05T23:53:30Z,40bef2fb-ee47-4089-b99b-1c6bc43fe217,a735bf55-83e9-331a-899d-a82a60b9f60c,9964125b-1724-05fa-591c-cb315d139e6d,1049625,Acetaminophen 325 MG / Oxycodone Hydrochloride 10 MG Oral Tablet [Percocet],129.94,103.95,3,389.82,,
2025-01-23T23:53:30Z,2025-06-05T23:53:30Z,40bef2fb-ee47-4089-b99b-1c6bc43fe217,a735bf55-83e9-331a-899d-a82a60b9f60c,9964125b-1724-05fa-591c-cb315d139e6d,1049504,Abuse-Deterrent 12 HR Oxycodone Hydrochloride 10 MG Extended Release Oral Tablet [Oxycontin],129.94,103.95,3,389.82,,
2025-01-23T23:53:30Z,2025-06-05T23:53:30Z,40bef2fb-ee47-4089-b99b-1c6bc43fe217,a735bf55-83e9-331a-899d-a82a60b9f60c,9964125b-1724-05fa-591c-cb315d139e6d,314076,lisinopril 10 MG Oral Tablet,0.91,0.73,1,0.91,59621000,Essential hypertension (disorder)
2025-01-23T23:53:30Z,2025-06-05T23:53:30Z,40bef2fb-ee47-4089-b99b-1c6bc43fe217,a735bf55-83e9-331a-899d-a82a60b9f60c,9964125b-1724-05fa-591c-cb315d139e6d,1860491,12 HR Hydrocodone Bitartrate 10 MG Extended Release Oral Capsule,129.94,103.95,3,389.82,,
2025-06-05T23:53:30Z,2025-10-09T23:53:30Z,40bef2fb-ee47-4089-b99b-1c6bc43fe217,a735bf55-83e9-331a-899d-a82a60b9f60c,391b39f9-e17b-cb4d-1d5f-8bbbfeaf0d04,106892,insulin isophane  human 70 UNT/ML / insulin  regular  human 30 UNT/ML Injectable Suspension [Humulin],507.86,406.29,4,2031.44,15777000,Prediabetes
2025-06-05T23:53:30Z,2025-10-09T23:53:30Z,40bef2fb-ee47-4089-b99b-1c6bc43fe217,a735bf55-83e9-331a-899d-a82a60b9f60c,391b39f9-e17b-cb4d-1d5f-8bbbfeaf0d04,1049625,Acetaminophen 325 MG / Oxycodone Hydrochloride 10 MG Oral Tablet [Percocet],129.94,103.95,3,389.82,,
2025-06-05T23:53:30Z,2025-10-09T23:53:30Z,40bef2fb-ee47-4089-b99b-1c6bc43fe217,a735bf55-83e9-331a-899d-a82a60b9f60c,391b39f9-e17b-cb4d-1d5f-8bbbfeaf0d04,1049504,Abuse-Deterrent 12 HR Oxycodone Hydrochloride 10 MG Extended Release Oral Tablet [Oxycontin],129.94,103.95,3,389.82,,
2025-06-05T23:53:30Z,2025-10-09T23:53:30Z,40bef2fb-ee47-4089-b99b-1c6bc43fe217,a735bf55-83e9-331a-899d-a82a60b9f60c,391b39f9-e17b-cb4d-1d5f-8bbbfeaf0d04,314076,lisinopril 10 MG Oral Tablet,0.91,0.73,1,0.91,59621000,Essential hypertension (disorder)
2025-06-05T23:53:30Z,2025-10-09T23:53:30Z,40bef2fb-ee47-4089-b99b-1c6bc43fe217,a735bf55-83e9-331a-899d-a82a60b9f60c,391b39f9-e17b-cb4d-1d5f-8bbbfeaf0d04,1860491,12 HR Hydrocodone Bitartrate 10 MG Extended Release Oral Capsule,129.94,103.95,3,389.82,,
2025-10-09T23:53:30Z,2025-11-06T23:53:30Z,40bef2fb-ee47-4089-b99b-1c6bc43fe217,a735bf55-83e9-331a-899d-a82a60b9f60c,ebbc2d71-e3cd-bd85-4e2f-53e3a1a4ff09,106892,insulin isophane  human 70 UNT/ML / insulin  regular  human 30 UNT/ML Injectable Suspension [Humulin],173.63,138.90,1,173.63,15777000,Prediabetes
2025-10-09T23:53:30Z,2025-11-06T23:53:30Z,40bef2fb-ee47-4089-b99b-1c6bc43fe217,a735bf55-83e9-331a-899d-a82a60b9f60c,ebbc2d71-e3cd-bd85-4e2f-53e3a1a4ff09,1049625,Acetaminophen 325 MG / Oxycodone Hydrochloride 10 MG Oral Tablet [Percocet],129.94,103.95,3,389.82,,
2025-10-09T23:53:30Z,2025-11-06T23:53:30Z,40bef2fb-ee47-4089-b99b-1c6bc43fe217,a735bf55-83e9-331a-899d-a82a60b9f60c,ebbc2d71-e3cd-bd85-4e2f-53e3a1a4ff09,1049504,Abuse-Deterrent 12 HR Oxycodone Hydrochloride 10 MG Extended Release Oral Tablet [Oxycontin],129.94,103.95,3,389.82,,
2025-10-09T23:53:30Z,2025-11-06T23:53:30Z,40bef2fb-ee47-4089-b99b-1c6bc43fe217,a735bf55-83e9-331a-899d-a82a60b9f60c,ebbc2d71-e3cd-bd85-4e2f-53e3a1a4ff09,314076,lisinopril 10 MG Oral Tablet,0.91,0.73,1,0.91,59621000,Essential hypertension (disorder)
2025-10-09T23:53:30Z,2025-11-06T23:53:30Z,40bef2fb-ee47-4089-b99b-1c6bc43fe217,a735bf55-83e9-331a-899d-a82a60b9f60c,ebbc2d71-e3cd-bd85-4e2f-53e3a1a4ff09,1860491,12 HR Hydrocodone Bitartrate 10 MG Extended Release Oral Capsule,129.94,103.95,3,389.82,,
2025-11-06T23:53:30Z,2025-12-04T23:53:30Z,40bef2fb-ee47-4089-b99b-1c6bc43fe217,a735bf55-83e9-331a-899d-a82a60b9f60c,defe4420-4d97-758f-6864-4c5da01c1cf2,106892,insulin isophane  human 70 UNT/ML / insulin  regular  human 30 UNT/ML Injectable Suspension [Humulin],399.16,319.33,1,399.16,15777000,Prediabetes
2025-11-06T23:53:30Z,2025-12-04T23:53:30Z,40bef2fb-ee47-4089-b99b-1c6bc43fe217,a735bf55-83e9-331a-899d-a82a60b9f60c,defe4420-4d97-758f-6864-4c5da01c1cf2,1049625,Acetaminophen 325 MG / Oxycodone Hydrochloride 10 MG Oral Tablet [Percocet],129.94,103.95,3,389.82,,
2025-11-06T23:53:30Z,2025-12-04T23:53:30Z,40bef2fb-ee47-4089-b99b-1c6bc43fe217,a735bf55-83e9-331a-899d-a82a60b9f60c,defe4420-4d97-758f-6864-4c5da01c1cf2,1049504,Abuse-Deterrent 12 HR Oxycodone Hydrochloride 10 MG Extended Release Oral Tablet [Oxycontin],129.94,103.95,3,389.82,,
2025-11-06T23:53:30Z,2025-12-04T23:53:30Z,40bef2fb-ee47-4089-b99b-1c6bc43fe217,a735bf55-83e9-331a-899d-a82a60b9f60c,defe4420-4d97-758f-6864-4c5da01c1cf2,314076,lisinopril 10 MG Oral Tablet,0.91,0.73,1,0.91,59621000,Essential hypertension (disorder)
2025-11-06T23:53:30Z,2025-12-04T23:53:30Z,40bef2fb-ee47-4089-b99b-1c6bc43fe217,a735bf55-83e9-331a-899d-a82a60b9f60c,defe4420-4d97-758f-6864-4c5da01c1cf2,1860491,12 HR Hydrocodone Bitartrate 10 MG Extended Release Oral Capsule,129.94,103.95,3,389.82,,
2025-12-04T23:53:30Z,2025-12-11T23:53:30Z,40bef2fb-ee47-4089-b99b-1c6bc43fe217,a735bf55-83e9-331a-899d-a82a60b9f60c,cb6c44e1-08fd-45d9-b8ea-3099e2fb479a,106892,insulin isophane  human 70 UNT/ML / insulin  regular  human 30 UNT/ML Injectable Suspension [Humulin],126.89,101.51,1,126.89,15777000,Prediabetes
2025-12-04T23:53:30Z,2025-12-11T23:53:30Z,40bef2fb-ee47-4089-b99b-1c6bc43fe217,a735bf55-83e9-331a-899d-a82a60b9f60c,cb6c44e1-08fd-45d9-b8ea-3099e2fb479a,1049625,Acetaminophen 325 MG / Oxycodone Hydrochloride 10 MG Oral Tablet [Percocet],129.94,103.95,3,389.82,,
2025-12-04T23:53:30Z,2025-12-11T23:53:30Z,40bef2fb-ee47-4089-b99b-1c6bc43fe217,a735bf55-83e9-331a-899d-a82a60b9f60c,cb6c44e1-08fd-45d9-b8ea-3099e2fb479a,1049504,Abuse-Deterrent 12 HR Oxycodone Hydrochloride 10 MG Extended Release Oral Tablet [Oxycontin],129.94,103.95,3,389.82,,
2025-12-04T23:53:30Z,2025-12-11T23:53:30Z,40bef2fb-ee47-4089-b99b-1c6bc43fe217,a735bf55-83e9-331a-899d-a82a60b9f60c,cb6c44e1-08fd-45d9-b8ea-3099e2fb479a,314076,lisinopril 10 MG Oral Tablet,0.91,0.73,1,0.91,59621000,Essential hypertension (disorder)
2025-12-04T23:53:30Z,2025-12-11T23:53:30Z,40bef2fb-ee47-4089-b99b-1c6bc43fe217,a735bf55-83e9-331a-899d-a82a60b9f60c,cb6c44e1-08fd-45d9-b8ea-3099e2fb479a,1860491,12 HR Hydrocodone Bitartrate 10 MG Extended Release Oral Capsule,129.94,103.95,3,389.82,,
2025-12-11T23:53:30Z,,40bef2fb-ee47-4089-b99b-1c6bc43fe217,a735bf55-83e9-331a-899d-a82a60b9f60c,a437d6c2-946b-2d75-1a09-dbf8620e2d0d,106892,insulin isophane  human 70 UNT/ML / insulin  regular  human 30 UNT/ML Injectable Suspension [Humulin],297.59,238.07,1,297.59,15777000,Prediabetes
2025-12-11T23:53:30Z,,40bef2fb-ee47-4089-b99b-1c6bc43fe217,a735bf55-83e9-331a-899d-a82a60b9f60c,a437d6c2-946b-2d75-1a09-dbf8620e2d0d,1049625,Acetaminophen 325 MG / Oxycodone Hydrochloride 10 MG Oral Tablet [Percocet],129.94,103.95,3,389.82,,
2025-12-11T23:53:30Z,,40bef2fb-ee47-4089-b99b-1c6bc43fe217,a735bf55-83e9-331a-899d-a82a60b9f60c,a437d6c2-946b-2d75-1a09-dbf8620e2d0d,1049504,Abuse-Deterrent 12 HR Oxycodone Hydrochloride 10 MG Extended Release Oral Tablet [Oxycontin],129.94,103.95,3,389.82,,
2025-12-11T23:53:30Z,,40bef2fb-ee47-4089-b99b-1c6bc43fe217,a735bf55-83e9-331a-899d-a82a60b9f60c,a437d6c2-946b-2d75-1a09-dbf8620e2d0d,314076,lisinopril 10 MG Oral Tablet,0.91,0.73,1,0.91,59621000,Essential hypertension (disorder)
2025-12-11T23:53:30Z,,40bef2fb-ee47-4089-b99b-1c6bc43fe217,a735bf55-83e9-331a-899d-a82a60b9f60c,a437d6c2-946b-2d75-1a09-dbf8620e2d0d,1860491,12 HR Hydrocodone Bitartrate 10 MG Extended Release Oral Capsule,129.94,103.95,3,389.82,,
1980-12-26T19:03:47Z,1990-02-09T16:40:18Z,ecd26e97-b8db-9816-9345-5a1f5db14984,df166300-5a78-3502-a46a-832842197811,48466f9b-b66a-3b73-6b12-1cddd5e199ea,861467,Meperidine Hydrochloride 50 MG Oral Tablet,31.27,0.00,237,7410.99,,
1988-01-26T02:54:57Z,1988-01-26T05:25:16Z,ecd26e97-b8db-9816-9345-5a1f5db14984,d18ef2e6-ef40-324c-be54-34a5ee865625,1c9ae945-413f-f429-69be-6a87f381892e,1732186,100 ML Epirubicin Hydrochloride 2 MG/ML Injection,1.14,0.00,1,1.14,254837009,Malignant neoplasm of breast (disorder)
1988-02-14T06:25:16Z,1988-02-14T09:59:14Z,ecd26e97-b8db-9816-9345-5a1f5db14984,d18ef2e6-ef40-324c-be54-34a5ee865625,138f45cd-fba5-3afd-7df7-884897c544ba,1732186,100 ML Epirubicin Hydrochloride 2 MG/ML Injection,1.09,0.00,1,1.09,254837009,Malignant neoplasm of breast (disorder)
1988-03-05T05:59:14Z,1988-03-05T08:33:08Z,ecd26e97-b8db-9816-9345-5a1f5db14984,d18ef2e6-ef40-324c-be54-34a5ee865625,7c6d61aa-373f-7fe4-b128-48f3c954b2e6,1732186,100 ML Epirubicin Hydrochloride 2 MG/ML Injection,0.87,0.00,1,0.87,254837009,Malignant neoplasm of breast (disorder)
1988-03-26T23:33:08Z,1988-03-27T00:09:11Z,ecd26e97-b8db-9816-9345-5a1f5db14984,d18ef2e6-ef40-324c-be54-34a5ee865625,a5390342-c8a3-a02d-d2c3-00aa0ca98c47,1732186,100 ML Epirubicin Hydrochloride 2 MG/ML Injection,1.19,0.00,1,1.19,254837009,Malignant neoplasm of breast (disorder)
1988-04-15T17:09:11Z,1988-04-15T20:31:35Z,ecd26e97-b8db-9816-9345-5a1f5db14984,d18ef2e6-ef40-324c-be54-34a5ee865625,fbd14cd4-dce9-1740-3751-9d2287e14df9,1732186,100 ML Epirubicin Hydrochloride 2 MG/ML Injection,0.87,0.00,1,0.87,254837009,Malignant neoplasm of breast (disorder)
1988-05-06T11:31:35Z,1988-05-06T13:50:29Z,ecd26e97-b8db-9816-9345-5a1f5db14984,d18ef2e6-ef40-324c-be54-34a5ee865625,6e86f5d7-8c57-366b-dc9a-699e47c55ff2,1732186,100 ML Epirubicin Hydrochloride 2 MG/ML Injection,1.19,0.00,1,1.19,254837009,Malignant neoplasm of breast (disorder)
1988-05-07T16:40:18Z,,ecd26e97-b8db-9816-9345-5a1f5db14984,d18ef2e6-ef40-324c-be54-34a5ee865625,f54bb7d0-2e6e-83bd-5172-064040555323,198014,Naproxen 500 MG Oral Tablet,45.86,10.86,32,1467.52,95417003,Primary fibromyalgia syndrome
1988-07-19T13:25:57Z,1988-07-19T13:25:57Z,ecd26e97-b8db-9816-9345-5a1f5db14984,d18ef2e6-ef40-324c-be54-34a5ee865625,5507c5c1-2c4c-ee04-31bc-8d570797b4eb,198240,Tamoxifen 10 MG Oral Tablet,353.40,318.40,1,353.40,254837009,Malignant neoplasm of breast (disorder)
1988-07-19T13:25:57Z,1988-07-19T13:25:57Z,ecd26e97-b8db-9816-9345-5a1f5db14984,d18ef2e6-ef40-324c-be54-34a5ee865625,5507c5c1-2c4c-ee04-31bc-8d570797b4eb,2119714,5 ML hyaluronidase-oysk 2000 UNT/ML / trastuzumab 120 MG/ML Injection,498.43,463.43,1,498.43,254837009,Malignant neoplasm of breast (disorder)
1988-07-19T13:25:57Z,1988-07-19T13:25:57Z,ecd26e97-b8db-9816-9345-5a1f5db14984,d18ef2e6-ef40-324c-be54-34a5ee865625,5507c5c1-2c4c-ee04-31bc-8d570797b4eb,1873983,ribociclib 200 MG Oral Tablet,134.43,99.43,1,134.43,254837009,Malignant neoplasm of breast (disorder)
1990-04-10T16:40:18Z,1990-04-24T16:40:18Z,ecd26e97-b8db-9816-9345-5a1f5db14984,d18ef2e6-ef40-324c-be54-34a5ee865625,a1b7e96f-887c-29d8-de59-ace4d5407692,1049221,Acetaminophen 325 MG / Oxycodone Hydrochloride 5 MG Oral Tablet,3.97,0.00,1,3.97,,
1990-06-23T16:40:18Z,1990-08-25T16:40:18Z,ecd26e97-b8db-9816-9345-5a1f5db14984,d18ef2e6-ef40-324c-be54-34a5ee865625,29b884c2-ba03-8c45-5cd5-64157ea3e944,1049221,Acetaminophen 325 MG / Oxycodone Hydrochloride 5 MG Oral Tablet,3.97,0.00,2,7.94,,
1990-09-24T16:40:18Z,1990-10-01T16:40:18Z,ecd26e97-b8db-9816-9345-5a1f5db14984,d18ef2e6-ef40-324c-be54-34a5ee865625,0f1b7867-abc8-133d-78ba-3164060378b6,856987,Acetaminophen 300 MG / HYDROcodone Bitartrate 5 MG Oral Tablet,8.52,0.00,1,8.52,,
1977-04-04T16:40:18Z,,63464afa-15f9-0c7e-f70f-50b0437f2c5a,df166300-5a78-3502-a46a-832842197811,dd5c2f79-acc6-da5b-ad0b-b3078a9210cf,849574,Naproxen sodium 220 MG Oral Tablet,91.72,41.72,347,31826.84,239872002,Osteoarthritis of hip
2000-04-15T16:40:18Z,,63464afa-15f9-0c7e-f70f-50b0437f2c5a,d18ef2e6-ef40-324c-be54-34a5ee865625,c1debda5-95ad-0740-696b-cff7a14cfd0d,1100184,Donepezil hydrochloride 23 MG Oral Tablet,703.12,668.12,67,47109.04,26929004,Alzheimer's disease (disorder)
2002-05-29T16:40:18Z,2003-02-05T16:40:18Z,63464afa-15f9-0c7e-f70f-50b0437f2c5a,d18ef2e6-ef40-324c-be54-34a5ee865625,8fbe6b23-4af0-6829-38ca-d6e2b59ad871,314076,lisinopril 10 MG Oral Tablet,0.91,0.00,2,1.82,59621000,Essential hypertension (disorder)
2002-05-29T16:40:18Z,2003-02-05T16:40:18Z,63464afa-15f9-0c7e-f70f-50b0437f2c5a,d18ef2e6-ef40-324c-be54-34a5ee865625,8fbe6b23-4af0-6829-38ca-d6e2b59ad871,308136,amLODIPine 2.5 MG Oral Tablet,0.91,0.00,2,1.82,59621000,Essential hypertension (disorder)
2003-01-26T10:03:50Z,2003-02-09T10:03:50Z,63464afa-15f9-0c7e-f70f-50b0437f2c5a,d18ef2e6-ef40-324c-be54-34a5ee865625,f9487e42-478a-5a3c-403b-568c66104e9d,313782,Acetaminophen 325 MG Oral Tablet,183.45,148.45,1,183.45,10509002,Acute bronchitis (disorder)
2003-02-05T16:40:18Z,2003-02-12T16:40:18Z,63464afa-15f9-0c7e-f70f-50b0437f2c5a,d18ef2e6-ef40-324c-be54-34a5ee865625,9c2c05d9-10a9-b87f-ec6a-ff3a37b75af7,314076,lisinopril 10 MG Oral Tablet,0.91,0.00,1,0.91,59621000,Essential hypertension (disorder)
2003-02-05T16:40:18Z,2003-02-12T16:40:18Z,63464afa-15f9-0c7e-f70f-50b0437f2c5a,d18ef2e6-ef40-324c-be54-34a5ee865625,9c2c05d9-10a9-b87f-ec6a-ff3a37b75af7,308136,amLODIPine 2.5 MG Oral Tablet,1.24,0.00,1,1.24,59621000,Essential hypertension (disorder)
2003-02-12T16:40:18Z,2003-06-04T16:40:18Z,63464afa-15f9-0c7e-f70f-50b0437f2c5a,d18ef2e6-ef40-324c-be54-34a5ee865625,9e5e3486-d169-c2df-0452-a3a173eaff2f,314076,lisinopril 10 MG Oral Tablet,0.91,0.00,1,0.91,59621000,Essential hypertension (disorder)
2003-02-12T16:40:18Z,2003-06-04T16:40:18Z,63464afa-15f9-0c7e-f70f-50b0437f2c5a,d18ef2e6-ef40-324c-be54-34a5ee865625,9e5e3486-d169-c2df-0452-a3a173eaff2f,308136,amLODIPine 2.5 MG Oral Tablet,0.91,0.00,1,0.91,59621000,Essential hypertension (disorder)
2003-06-04T16:40:18Z,2003-07-16T16:40:18Z,63464afa-15f9-0c7e-f70f-50b0437f2c5a,d18ef2e6-ef40-324c-be54-34a5ee865625,9339c960-d9cf-a09e-e862-24fde65edb32,314076,lisinopril 10 MG Oral Tablet,0.91,0.00,1,0.91,59621000,Essential hypertension (disorder)
2003-06-04T16:40:18Z,2003-07-16T16:40:18Z,63464afa-15f9-0c7e-f70f-50b0437f2c5a,d18ef2e6-ef40-324c-be54-34a5ee865625,9339c960-d9cf-a09e-e862-24fde65edb32,308136,amLODIPine 2.5 MG Oral Tablet,0.91,0.00,1,0.91,59621000,Essential hypertension (disorder)
2003-07-16T16:40:18Z,2003-07-23T16:40:18Z,63464afa-15f9-0c7e-f70f-50b0437f2c5a,d18ef2e6-ef40-324c-be54-34a5ee865625,7b3bb8c2-fb07-3936-0899-a6752c0c74ef,314076,lisinopril 10 MG Oral Tablet,0.91,0.00,1,0.91,59621000,Essential hypertension (disorder)
2003-07-16T16:40:18Z,2003-07-23T16:40:18Z,63464afa-15f9-0c7e-f70f-50b0437f2c5a,d18ef2e6-ef40-324c-be54-34a5ee865625,7b3bb8c2-fb07-3936-0899-a6752c0c74ef,308136,amLODIPine 2.5 MG Oral Tablet,0.91,0.00,1,0.91,59621000,Essential hypertension (disorder)
2003-07-23T16:40:18Z,2004-06-09T16:40:18Z,63464afa-15f9-0c7e-f70f-50b0437f2c5a,d18ef2e6-ef40-324c-be54-34a5ee865625,caf75a3f-f56f-2a07-a3c1-28b43f565370,314076,lisinopril 10 MG Oral Tablet,0.91,0.00,3,2.73,59621000,Essential hypertension (disorder)
2003-07-23T16:40:18Z,2004-06-09T16:40:18Z,63464afa-15f9-0c7e-f70f-50b0437f2c5a,d18ef2e6-ef40-324c-be54-34a5ee865625,caf75a3f-f56f-2a07-a3c1-28b43f565370,308136,amLODIPine 2.5 MG Oral Tablet,0.91,0.00,3,2.73,59621000,Essential hypertension (disorder)
2003-07-30T16:40:18Z,2003-08-09T16:40:18Z,63464afa-15f9-0c7e-f70f-50b0437f2c5a,d18ef2e6-ef40-324c-be54-34a5ee865625,a9afe63b-8138-4af5-da55-d3f50cd98b12,562251,Amoxicillin 250 MG / Clavulanate 125 MG Oral Tablet,294.81,259.81,1,294.81,444814009,Viral sinusitis (disorder)
2004-06-09T16:40:18Z,2005-06-15T16:40:18Z,63464afa-15f9-0c7e-f70f-50b0437f2c5a,a735bf55-83e9-331a-899d-a82a60b9f60c,9493fd36-646d-fc5f-9e8a-c1997b227f85,314076,lisinopril 10 MG Oral Tablet,0.91,0.73,4,3.64,59621000,Essential hypertension (disorder)
2004-06-09T16:40:18Z,2005-06-15T16:40:18Z,63464afa-15f9-0c7e-f70f-50b0437f2c5a,a735bf55-83e9-331a-899d-a82a60b9f60c,9493fd36-646d-fc5f-9e8a-c1997b227f85,308136,amLODIPine 2.5 MG Oral Tablet,1.03,0.82,4,4.12,59621000,Essential hypertension (disorder)
2004-06-16T16:40:18Z,,63464afa-15f9-0c7e-f70f-50b0437f2c5a,a735bf55-83e9-331a-899d-a82a60b9f60c,9493fd36-646d-fc5f-9e8a-c1997b227f85,309362,Clopidogrel 75 MG Oral Tablet,401.57,321.26,16,6425.12,,
2004-06-16T16:40:18Z,,63464afa-15f9-0c7e-f70f-50b0437f2c5a,a735bf55-83e9-331a-899d-a82a60b9f60c,9493fd36-646d-fc5f-9e8a-c1997b227f85,312961,Simvastatin 20 MG Oral Tablet,65.02,52.02,16,1040.32,,
2004-06-16T16:40:18Z,,63464afa-15f9-0c7e-f70f-50b0437f2c5a,a735bf55-83e9-331a-899d-a82a60b9f60c,9493fd36-646d-fc5f-9e8a-c1997b227f85,866412,24 HR metoprolol succinate 100 MG Extended Release Oral Tablet,129.94,103.95,16,2079.04,,
2004-06-16T16:40:18Z,,63464afa-15f9-0c7e-f70f-50b0437f2c5a,a735bf55-83e9-331a-899d-a82a60b9f60c,9493fd36-646d-fc5f-9e8a-c1997b227f85,705129,Nitroglycerin 0.4 MG/ACTUAT Mucosal Spray,99.38,79.50,16,1590.08,,
2005-06-15T16:40:18Z,,63464afa-15f9-0c7e-f70f-50b0437f2c5a,d18ef2e6-ef40-324c-be54-34a5ee865625,518600fb-7f83-7137-6325-63a96b0f57d1,314076,lisinopril 10 MG Oral Tablet,0.91,0.00,1,0.91,59621000,Essential hypertension (disorder)
2005-06-15T16:40:18Z,,63464afa-15f9-0c7e-f70f-50b0437f2c5a,d18ef2e6-ef40-324c-be54-34a5ee865625,518600fb-7f83-7137-6325-63a96b0f57d1,308136,amLODIPine 2.5 MG Oral Tablet,1.37,0.00,1,1.37,59621000,Essential hypertension (disorder)
1967-07-05T16:40:18Z,,3a95299b-cc07-06dd-6ec3-a4762608a16c,df166300-5a78-3502-a46a-832842197811,28d59d8a-2827-b745-9491-33c0d3c7c0b2,705129,Nitroglycerin 0.4 MG/ACTUAT Mucosal Spray,65.74,15.74,528,34710.72,,
2007-08-04T16:40:18Z,,3a95299b-cc07-06dd-6ec3-a4762608a16c,d18ef2e6-ef40-324c-be54-34a5ee865625,2dc6caf5-1216-ca5a-74f6-7a43cb88f636,996740,Memantine hydrochloride 2 MG/ML Oral Solution,504.50,469.50,40,20180.00,26929004,Alzheimer's disease (disorder)
2007-10-31T16:40:18Z,2008-03-12T16:40:18Z,3a95299b-cc07-06dd-6ec3-a4762608a16c,d18ef2e6-ef40-324c-be54-34a5ee865625,87e6cc34-7a48-d384-a51a-0ef12dd2de42,310798,Hydrochlorothiazide 25 MG Oral Tablet,0.45,0.00,1,0.45,59621000,Essential hypertension (disorder)
2007-10-31T16:40:18Z,2008-03-12T16:40:18Z,3a95299b-cc07-06dd-6ec3-a4762608a16c,d18ef2e6-ef40-324c-be54-34a5ee865625,87e6cc34-7a48-d384-a51a-0ef12dd2de42,860975,24 HR Metformin hydrochloride 500 MG Extended Release Oral Tablet,0.40,0.00,4,1.60,44054006,Diabetes mellitus type 2 (disorder)
2007-10-31T16:40:18Z,2008-03-12T16:40:18Z,3a95299b-cc07-06dd-6ec3-a4762608a16c,d18ef2e6-ef40-324c-be54-34a5ee865625,87e6cc34-7a48-d384-a51a-0ef12dd2de42,314076,lisinopril 10 MG Oral Tablet,0.91,0.00,1,0.91,59621000,Essential hypertension (disorder)
2007-10-31T16:40:18Z,2008-03-12T16:40:18Z,3a95299b-cc07-06dd-6ec3-a4762608a16c,d18ef2e6-ef40-324c-be54-34a5ee865625,87e6cc34-7a48-d384-a51a-0ef12dd2de42,308136,amLODIPine 2.5 MG Oral Tablet,0.91,0.00,1,0.91,59621000,Essential hypertension (disorder)
2007-10-31T16:40:18Z,2008-03-12T16:40:18Z,3a95299b-cc07-06dd-6ec3-a4762608a16c,d18ef2e6-ef40-324c-be54-34a5ee865625,87e6cc34-7a48-d384-a51a-0ef12dd2de42,904419,Alendronic acid 10 MG Oral Tablet,6.11,0.00,4,24.44,64859006,Osteoporosis (disorder)
2007-11-28T16:40:18Z,2008-03-12T16:40:18Z,3a95299b-cc07-06dd-6ec3-a4762608a16c,d18ef2e6-ef40-324c-be54-34a5ee865625,735e273e-ee60-7d52-749f-c31a13700653,313988,Furosemide 40 MG Oral Tablet,1.22,0.00,3,3.66,88805009,Chronic congestive heart failure (disorder)
2008-03-12T16:40:18Z,2008-07-30T16:40:18Z,3a95299b-cc07-06dd-6ec3-a4762608a16c,d18ef2e6-ef40-324c-be54-34a5ee865625,47c1ad42-efd5-fb8a-c825-0bf9c6b4af71,310798,Hydrochlorothiazide 25 MG Oral Tablet,0.45,0.00,1,0.45,59621000,Essential hypertension (disorder)
2008-03-12T16:40:18Z,2008-07-30T16:40:18Z,3a95299b-cc07-06dd-6ec3-a4762608a16c,d18ef2e6-ef40-324c-be54-34a5ee865625,47c1ad42-efd5-fb8a-c825-0bf9c6b4af71,313988,Furosemide 40 MG Oral Tablet,1.22,0.00,4,4.88,88805009,Chronic congestive heart failure (disorder)
2008-03-12T16:40:18Z,2008-07-30T16:40:18Z,3a95299b-cc07-06dd-6ec3-a4762608a16c,d18ef2e6-ef40-324c-be54-34a5ee865625,47c1ad42-efd5-fb8a-c825-0bf9c6b4af71,860975,24 HR Metformin hydrochloride 500 MG Extended Release Oral Tablet,1.36,0.00,4,5.44,44054006,Diabetes mellitus type 2 (disorder)
2008-03-12T16:40:18Z,2008-07-30T16:40:18Z,3a95299b-cc07-06dd-6ec3-a4762608a16c,d18ef2e6-ef40-324c-be54-34a5ee865625,47c1ad42-efd5-fb8a-c825-0bf9c6b4af71,314076,lisinopril 10 MG Oral Tablet,0.91,0.00,1,0.91,59621000,Essential hypertension (disorder)
2008-03-12T16:40:18Z,2008-07-30T16:40:18Z,3a95299b-cc07-06dd-6ec3-a4762608a16c,d18ef2e6-ef40-324c-be54-34a5ee865625,47c1ad42-efd5-fb8a-c825-0bf9c6b4af71,308136,amLODIPine 2.5 MG Oral Tablet,0.98,0.00,1,0.98,59621000,Essential hypertension (disorder)
2008-03-12T16:40:18Z,2008-07-30T16:40:18Z,3a95299b-cc07-06dd-6ec3-a4762608a16c,d18ef2e6-ef40-324c-be54-34a5ee865625,47c1ad42-efd5-fb8a-c825-0bf9c6b4af71,904419,Alendronic acid 10 MG Oral Tablet,8.26,0.00,4,33.04,64859006,Osteoporosis (disorder)
2008-05-26T16:46:21Z,2008-05-26T16:46:21Z,3a95299b-cc07-06dd-6ec3-a4762608a16c,d18ef2e6-ef40-324c-be54-34a5ee865625,022178b0-74f9-b26b-4cca-bb911f849230,1719286,10 ML Furosemide 10 MG/ML Injection,0.09,0.00,1,0.09,88805009,Chronic congestive heart failure (disorder)
2008-05-27T04:46:21Z,2008-05-27T04:46:21Z,3a95299b-cc07-06dd-6ec3-a4762608a16c,d18ef2e6-ef40-324c-be54-34a5ee865625,022178b0-74f9-b26b-4cca-bb911f849230,1719286,10 ML Furosemide 10 MG/ML Injection,0.04,0.00,1,0.04,88805009,Chronic congestive heart failure (disorder)
2008-05-27T16:46:21Z,2008-05-27T16:46:21Z,3a95299b-cc07-06dd-6ec3-a4762608a16c,d18ef2e6-ef40-324c-be54-34a5ee865625,022178b0-74f9-b26b-4cca-bb911f849230,1719286,10 ML Furosemide 10 MG/ML Injection,0.15,0.00,1,0.15,88805009,Chronic congestive heart failure (disorder)
2008-05-28T04:46:21Z,2008-05-28T04:46:21Z,3a95299b-cc07-06dd-6ec3-a4762608a16c,d18ef2e6-ef40-324c-be54-34a5ee865625,022178b0-74f9-b26b-4cca-bb911f849230,1719286,10 ML Furosemide 10 MG/ML Injection,0.04,0.00,1,0.04,88805009,Chronic congestive heart failure (disorder)
2008-05-28T16:46:21Z,2008-05-28T16:46:21Z,3a95299b-cc07-06dd-6ec3-a4762608a16c,d18ef2e6-ef40-324c-be54-34a5ee865625,022178b0-74f9-b26b-4cca-bb911f849230,1719286,10 ML Furosemide 10 MG/ML Injection,0.04,0.00,1,0.04,88805009,Chronic congestive heart failure (disorder)
2008-05-29T04:46:21Z,2008-05-29T04:46:21Z,3a95299b-cc07-06dd-6ec3-a4762608a16c,d18ef2e6-ef40-324c-be54-34a5ee865625,022178b0-74f9-b26b-4cca-bb911f849230,1719286,10 ML Furosemide 10 MG/ML Injection,0.04,0.00,1,0.04,88805009,Chronic congestive heart failure (disorder)
2008-05-29T16:46:21Z,2008-05-29T16:46:21Z,3a95299b-cc07-06dd-6ec3-a4762608a16c,d18ef2e6-ef40-324c-be54-34a5ee865625,022178b0-74f9-b26b-4cca-bb911f849230,1719286,10 ML Furosemide 10 MG/ML Injection,0.04,0.00,1,0.04,88805009,Chronic congestive heart failure (disorder)
2008-05-30T04:46:21Z,2008-05-30T04:46:21Z,3a95299b-cc07-06dd-6ec3-a4762608a16c,d18ef2e6-ef40-324c-be54-34a5ee865625,022178b0-74f9-b26b-4cca-bb911f849230,1719286,10 ML Furosemide 10 MG/ML Injection,0.05,0.00,1,0.05,88805009,Chronic congestive heart failure (disorder)
2008-05-30T16:46:21Z,2008-05-30T16:46:21Z,3a95299b-cc07-06dd-6ec3-a4762608a16c,d18ef2e6-ef40-324c-be54-34a5ee865625,022178b0-74f9-b26b-4cca-bb911f849230,1719286,10 ML Furosemide 10 MG/ML Injection,0.04,0.00,1,0.04,88805009,Chronic congestive heart failure (disorder)
2008-05-31T04:46:21Z,2008-05-31T04:46:21Z,3a95299b-cc07-06dd-6ec3-a4762608a16c,d18ef2e6-ef40-324c-be54-34a5ee865625,022178b0-74f9-b26b-4cca-bb911f849230,1719286,10 ML Furosemide 10 MG/ML Injection,0.04,0.00,1,0.04,88805009,Chronic congestive heart failure (disorder)
2008-05-31T16:46:21Z,2008-05-31T16:46:21Z,3a95299b-cc07-06dd-6ec3-a4762608a16c,d18ef2e6-ef40-324c-be54-34a5ee865625,022178b0-74f9-b26b-4cca-bb911f849230,1719286,10 ML Furosemide 10 MG/ML Injection,0.04,0.00,1,0.04,88805009,Chronic congestive heart failure (disorder)
2008-06-01T04:46:21Z,2008-06-01T04:46:21Z,3a95299b-cc07-06dd-6ec3-a4762608a16c,d18ef2e6-ef40-324c-be54-34a5ee865625,022178b0-74f9-b26b-4cca-bb911f849230,1719286,10 ML Furosemide 10 MG/ML Injection,0.06,0.00,1,0.06,88805009,Chronic congestive heart failure (disorder)
2008-06-01T16:46:21Z,2008-06-01T16:46:21Z,3a95299b-cc07-06dd-6ec3-a4762608a16c,d18ef2e6-ef40-324c-be54-34a5ee865625,022178b0-74f9-b26b-4cca-bb911f849230,1719286,10 ML Furosemide 10 MG/ML Injection,0.04,0.00,1,0.04,88805009,Chronic congestive heart failure (disorder)
2008-06-02T04:46:21Z,2008-06-02T04:46:21Z,3a95299b-cc07-06dd-6ec3-a4762608a16c,d18ef2e6-ef40-324c-be54-34a5ee865625,022178b0-74f9-b26b-4cca-bb911f849230,1719286,10 ML Furosemide 10 MG/ML Injection,0.04,0.00,1,0.04,88805009,Chronic congestive heart failure (disorder)
2008-06-02T16:46:21Z,2008-06-02T16:46:21Z,3a95299b-cc07-06dd-6ec3-a4762608a16c,d18ef2e6-ef40-324c-be54-34a5ee865625,022178b0-74f9-b26b-4cca-bb911f849230,1719286,10 ML Furosemide 10 MG/ML Injection,0.04,0.00,1,0.04,88805009,Chronic congestive heart failure (disorder)
2008-06-03T04:46:21Z,2008-06-03T04:46:21Z,3a95299b-cc07-06dd-6ec3-a4762608a16c,d18ef2e6-ef40-324c-be54-34a5ee865625,022178b0-74f9-b26b-4cca-bb911f849230,1719286,10 ML Furosemide 10 MG/ML Injection,0.04,0.00,1,0.04,88805009,Chronic congestive heart failure (disorder)
2008-06-03T16:46:21Z,2008-06-03T16:46:21Z,3a95299b-cc07-06dd-6ec3-a4762608a16c,d18ef2e6-ef40-324c-be54-34a5ee865625,022178b0-74f9-b26b-4cca-bb911f849230,1719286,10 ML Furosemide 10 MG/ML Injection,0.09,0.00,1,0.09,88805009,Chronic congestive heart failure (disorder)
2008-06-04T04:46:21Z,2008-06-04T04:46:21Z,3a95299b-cc07-06dd-6ec3-a4762608a16c,d18ef2e6-ef40-324c-be54-34a5ee865625,022178b0-74f9-b26b-4cca-bb911f849230,1719286,10 ML Furosemide 10 MG/ML Injection,0.09,0.00,1,0.09,88805009,Chronic congestive heart failure (disorder)
2008-06-04T16:46:21Z,2008-06-04T16:46:21Z,3a95299b-cc07-06dd-6ec3-a4762608a16c,d18ef2e6-ef40-324c-be54-34a5ee865625,022178b0-74f9-b26b-4cca-bb911f849230,1719286,10 ML Furosemide 10 MG/ML Injection,0.04,0.00,1,0.04,88805009,Chronic congestive heart failure (disorder)
2008-06-05T04:46:21Z,2008-06-05T04:46:21Z,3a95299b-cc07-06dd-6ec3-a4762608a16c,d18ef2e6-ef40-324c-be54-34a5ee865625,022178b0-74f9-b26b-4cca-bb911f849230,1719286,10 ML Furosemide 10 MG/ML Injection,0.04,0.00,1,0.04,88805009,Chronic congestive heart failure (disorder)
2008-06-05T16:46:21Z,2008-06-05T16:46:21Z,3a95299b-cc07-06dd-6ec3-a4762608a16c,d18ef2e6-ef40-324c-be54-34a5ee865625,022178b0-74f9-b26b-4cca-bb911f849230,1719286,10 ML Furosemide 10 MG/ML Injection,0.04,0.00,1,0.04,88805009,Chronic congestive heart failure (disorder)
2008-06-06T04:46:21Z,2008-06-06T04:46:21Z,3a95299b-cc07-06dd-6ec3-a4762608a16c,d18ef2e6-ef40-324c-be54-34a5ee865625,022178b0-74f9-b26b-4cca-bb911f849230,1719286,10 ML Furosemide 10 MG/ML Injection,0.04,0.00,1,0.04,88805009,Chronic congestive heart failure (disorder)
2008-06-06T16:46:21Z,2008-06-06T16:46:21Z,3a95299b-cc07-06dd-6ec3-a4762608a16c,d18ef2e6-ef40-324c-be54-34a5ee865625,022178b0-74f9-b26b-4cca-bb911f849230,1719286,10 ML Furosemide 10 MG/ML Injection,0.10,0.00,1,0.10,88805009,Chronic congestive heart failure (disorder)
2008-06-07T04:46:21Z,2008-06-07T04:46:21Z,3a95299b-cc07-06dd-6ec3-a4762608a16c,d18ef2e6-ef40-324c-be54-34a5ee865625,022178b0-74f9-b26b-4cca-bb911f849230,1719286,10 ML Furosemide 10 MG/ML Injection,0.04,0.00,1,0.04,88805009,Chronic congestive heart failure (disorder)
2008-06-07T16:46:21Z,2008-06-07T16:46:21Z,3a95299b-cc07-06dd-6ec3-a4762608a16c,d18ef2e6-ef40-324c-be54-34a5ee865625,022178b0-74f9-b26b-4cca-bb911f849230,1719286,10 ML Furosemide 10 MG/ML Injection,0.04,0.00,1,0.04,88805009,Chronic congestive heart failure (disorder)
2008-06-08T04:46:21Z,2008-06-08T04:46:21Z,3a95299b-cc07-06dd-6ec3-a4762608a16c,d18ef2e6-ef40-324c-be54-34a5ee865625,022178b0-74f9-b26b-4cca-bb911f849230,1719286,10 ML Furosemide 10 MG/ML Injection,0.04,0.00,1,0.04,88805009,Chronic congestive heart failure (disorder)
2008-06-08T16:46:21Z,2008-06-08T16:46:21Z,3a95299b-cc07-06dd-6ec3-a4762608a16c,d18ef2e6-ef40-324c-be54-34a5ee865625,022178b0-74f9-b26b-4cca-bb911f849230,1719286,10 ML Furosemide 10 MG/ML Injection,0.04,0.00,1,0.04,88805009,Chronic congestive heart failure (disorder)
2008-06-09T04:46:21Z,2008-06-09T04:46:21Z,3a95299b-cc07-06dd-6ec3-a4762608a16c,d18ef2e6-ef40-324c-be54-34a5ee865625,022178b0-74f9-b26b-4cca-bb911f849230,1719286,10 ML Furosemide 10 MG/ML Injection,0.04,0.00,1,0.04,88805009,Chronic congestive heart failure (disorder)
2008-06-09T16:46:21Z,2008-06-09T16:46:21Z,3a95299b-cc07-06dd-6ec3-a4762608a16c,d18ef2e6-ef40-324c-be54-34a5ee865625,022178b0-74f9-b26b-4cca-bb911f849230,1719286,10 ML Furosemide 10 MG/ML Injection,0.04,0.00,1,0.04,88805009,Chronic congestive heart failure (disorder)
2008-06-10T04:46:21Z,2008-06-10T04:46:21Z,3a95299b-cc07-06dd-6ec3-a4762608a16c,d18ef2e6-ef40-324c-be54-34a5ee865625,022178b0-74f9-b26b-4cca-bb911f849230,1719286,10 ML Furosemide 10 MG/ML Injection,0.11,0.00,1,0.11,88805009,Chronic congestive heart failure (disorder)
2008-06-10T16:46:21Z,2008-06-10T16:46:21Z,3a95299b-cc07-06dd-6ec3-a4762608a16c,d18ef2e6-ef40-324c-be54-34a5ee865625,022178b0-74f9-b26b-4cca-bb911f849230,1719286,10 ML Furosemide 10 MG/ML Injection,0.05,0.00,1,0.05,88805009,Chronic congestive heart failure (disorder)
2008-06-11T04:46:21Z,2008-06-11T04:46:21Z,3a95299b-cc07-06dd-6ec3-a4762608a16c,d18ef2e6-ef40-324c-be54-34a5ee865625,022178b0-74f9-b26b-4cca-bb911f849230,1719286,10 ML Furosemide 10 MG/ML Injection,0.06,0.00,1,0.06,88805009,Chronic congestive heart failure (disorder)
2008-06-11T16:46:21Z,2008-06-11T16:46:21Z,3a95299b-cc07-06dd-6ec3-a4762608a16c,d18ef2e6-ef40-324c-be54-34a5ee865625,022178b0-74f9-b26b-4cca-bb911f849230,1719286,10 ML Furosemide 10 MG/ML Injection,0.04,0.00,1,0.04,88805009,Chronic congestive heart failure (disorder)
2008-06-12T04:46:21Z,2008-06-12T04:46:21Z,3a95299b-cc07-06dd-6ec3-a4762608a16c,d18ef2e6-ef40-324c-be54-34a5ee865625,022178b0-74f9-b26b-4cca-bb911f849230,1719286,10 ML Furosemide 10 MG/ML Injection,0.04,0.00,1,0.04,88805009,Chronic congestive heart failure (disorder)
2008-06-12T16:46:21Z,2008-06-12T16:46:21Z,3a95299b-cc07-06dd-6ec3-a4762608a16c,d18ef2e6-ef40-324c-be54-34a5ee865625,022178b0-74f9-b26b-4cca-bb911f849230,1719286,10 ML Furosemide 10 MG/ML Injection,0.04,0.00,1,0.04,88805009,Chronic congestive heart failure (disorder)
2008-06-13T04:46:21Z,2008-06-13T04:46:21Z,3a95299b-cc07-06dd-6ec3-a4762608a16c,d18ef2e6-ef40-324c-be54-34a5ee865625,022178b0-74f9-b26b-4cca-bb911f849230,1719286,10 ML Furosemide 10 MG/ML Injection,0.04,0.00,1,0.04,88805009,Chronic congestive heart failure (disorder)
2008-06-13T16:46:21Z,2008-06-13T16:46:21Z,3a95299b-cc07-06dd-6ec3-a4762608a16c,d18ef2e6-ef40-324c-be54-34a5ee865625,022178b0-74f9-b26b-4cca-bb911f849230,1719286,10 ML Furosemide 10 MG/ML Injection,0.07,0.00,1,0.07,88805009,Chronic congestive heart failure (disorder)
2008-06-14T04:46:21Z,2008-06-14T04:46:21Z,3a95299b-cc07-06dd-6ec3-a4762608a16c,d18ef2e6-ef40-324c-be54-34a5ee865625,022178b0-74f9-b26b-4cca-bb911f849230,1719286,10 ML Furosemide 10 MG/ML Injection,0.04,0.00,1,0.04,88805009,Chronic congestive heart failure (disorder)
2008-06-14T16:46:21Z,2008-06-14T16:46:21Z,3a95299b-cc07-06dd-6ec3-a4762608a16c,d18ef2e6-ef40-324c-be54-34a5ee865625,022178b0-74f9-b26b-4cca-bb911f849230,1719286,10 ML Furosemide 10 MG/ML Injection,0.04,0.00,1,0.04,88805009,Chronic congestive heart failure (disorder)
2008-06-15T04:46:21Z,2008-06-15T04:46:21Z,3a95299b-cc07-06dd-6ec3-a4762608a16c,d18ef2e6-ef40-324c-be54-34a5ee865625,022178b0-74f9-b26b-4cca-bb911f849230,1719286,10 ML Furosemide 10 MG/ML Injection,0.06,0.00,1,0.06,88805009,Chronic congestive heart failure (disorder)
2008-06-15T16:46:21Z,2008-06-15T16:46:21Z,3a95299b-cc07-06dd-6ec3-a4762608a16c,d18ef2e6-ef40-324c-be54-34a5ee865625,022178b0-74f9-b26b-4cca-bb911f849230,1719286,10 ML Furosemide 10 MG/ML Injection,0.10,0.00,1,0.10,88805009,Chronic congestive heart failure (disorder)
2008-06-16T04:46:21Z,2008-06-16T04:46:21Z,3a95299b-cc07-06dd-6ec3-a4762608a16c,d18ef2e6-ef40-324c-be54-34a5ee865625,022178b0-74f9-b26b-4cca-bb911f849230,1719286,10 ML Furosemide 10 MG/ML Injection,0.12,0.00,1,0.12,88805009,Chronic congestive heart failure (disorder)
2008-06-16T16:46:21Z,2008-06-16T16:46:21Z,3a95299b-cc07-06dd-6ec3-a4762608a16c,d18ef2e6-ef40-324c-be54-34a5ee865625,022178b0-74f9-b26b-4cca-bb911f849230,1719286,10 ML Furosemide 10 MG/ML Injection,0.04,0.00,1,0.04,88805009,Chronic congestive heart failure (disorder)
2008-06-17T04:46:21Z,2008-06-17T04:46:21Z,3a95299b-cc07-06dd-6ec3-a4762608a16c,d18ef2e6-ef40-324c-be54-34a5ee865625,022178b0-74f9-b26b-4cca-bb911f849230,1719286,10 ML Furosemide 10 MG/ML Injection,0.07,0.00,1,0.07,88805009,Chronic congestive heart failure (disorder)
2008-07-30T16:40:18Z,2008-08-27T16:40:18Z,3a95299b-cc07-06dd-6ec3-a4762608a16c,d18ef2e6-ef40-324c-be54-34a5ee865625,50ec6c78-caca-deea-9460-6524c8d8ac80,310798,Hydrochlorothiazide 25 MG Oral Tablet,0.45,0.00,1,0.45,59621000,Essential hypertension (disorder)
2008-07-30T16:40:18Z,2008-08-27T16:40:18Z,3a95299b-cc07-06dd-6ec3-a4762608a16c,d18ef2e6-ef40-324c-be54-34a5ee865625,50ec6c78-caca-deea-9460-6524c8d8ac80,313988,Furosemide 40 MG Oral Tablet,1.22,0.00,1,1.22,88805009,Chronic congestive heart failure (disorder)
2008-07-30T16:40:18Z,2008-08-27T16:40:18Z,3a95299b-cc07-06dd-6ec3-a4762608a16c,d18ef2e6-ef40-324c-be54-34a5ee865625,50ec6c78-caca-deea-9460-6524c8d8ac80,860975,24 HR Metformin hydrochloride 500 MG Extended Release Oral Tablet,1.09,0.00,1,1.09,44054006,Diabetes mellitus type 2 (disorder)
2008-07-30T16:40:18Z,2008-08-27T16:40:18Z,3a95299b-cc07-06dd-6ec3-a4762608a16c,d18ef2e6-ef40-324c-be54-34a5ee865625,50ec6c78-caca-deea-9460-6524c8d8ac80,314076,lisinopril 10 MG Oral Tablet,0.91,0.00,1,0.91,59621000,Essential hypertension (disorder)
2008-07-30T16:40:18Z,2008-08-27T16:40:18Z,3a95299b-cc07-06dd-6ec3-a4762608a16c,d18ef2e6-ef40-324c-be54-34a5ee865625,50ec6c78-caca-deea-9460-6524c8d8ac80,308136,amLODIPine 2.5 MG Oral Tablet,0.91,0.00,1,0.91,59621000,Essential hypertension (disorder)
2008-07-30T16:40:18Z,2008-08-27T16:40:18Z,3a95299b-cc07-06dd-6ec3-a4762608a16c,d18ef2e6-ef40-324c-be54-34a5ee865625,50ec6c78-caca-deea-9460-6524c8d8ac80,904419,Alendronic acid 10 MG Oral Tablet,1.21,0.00,1,1.21,64859006,Osteoporosis (disorder)
2008-08-27T16:40:18Z,2008-10-29T16:40:18Z,3a95299b-cc07-06dd-6ec3-a4762608a16c,d18ef2e6-ef40-324c-be54-34a5ee865625,a7d36991-fcc8-cf88-a48a-46ba04f5f148,310798,Hydrochlorothiazide 25 MG Oral Tablet,0.91,0.00,1,0.91,59621000,Essential hypertension (disorder)
2008-08-27T16:40:18Z,2008-10-29T16:40:18Z,3a95299b-cc07-06dd-6ec3-a4762608a16c,d18ef2e6-ef40-324c-be54-34a5ee865625,a7d36991-fcc8-cf88-a48a-46ba04f5f148,313988,Furosemide 40 MG Oral Tablet,1.22,0.00,2,2.44,88805009,Chronic congestive heart failure (disorder)
2008-08-27T16:40:18Z,2008-10-29T16:40:18Z,3a95299b-cc07-06dd-6ec3-a4762608a16c,d18ef2e6-ef40-324c-be54-34a5ee865625,a7d36991-fcc8-cf88-a48a-46ba04f5f148,860975,24 HR Metformin hydrochloride 500 MG Extended Release Oral Tablet,4.14,0.00,2,8.28,44054006,Diabetes mellitus type 2 (disorder)
2008-08-27T16:40:18Z,2008-10-29T16:40:18Z,3a95299b-cc07-06dd-6ec3-a4762608a16c,d18ef2e6-ef40-324c-be54-34a5ee865625,a7d36991-fcc8-cf88-a48a-46ba04f5f148,314076,lisinopril 10 MG Oral Tablet,0.91,0.00,1,0.91,59621000,Essential hypertension (disorder)
2008-08-27T16:40:18Z,2008-10-29T16:40:18Z,3a95299b-cc07-06dd-6ec3-a4762608a16c,d18ef2e6-ef40-324c-be54-34a5ee865625,a7d36991-fcc8-cf88-a48a-46ba04f5f148,308136,amLODIPine 2.5 MG Oral Tablet,0.91,0.00,1,0.91,59621000,Essential hypertension (disorder)
2008-08-27T16:40:18Z,2008-10-29T16:40:18Z,3a95299b-cc07-06dd-6ec3-a4762608a16c,d18ef2e6-ef40-324c-be54-34a5ee865625,a7d36991-fcc8-cf88-a48a-46ba04f5f148,904419,Alendronic acid 10 MG Oral Tablet,3.19,0.00,2,6.38,64859006,Osteoporosis (disorder)
2008-10-29T16:40:18Z,2008-12-24T16:40:18Z,3a95299b-cc07-06dd-6ec3-a4762608a16c,d18ef2e6-ef40-324c-be54-34a5ee865625,75eed59e-4f49-af83-4f38-deb7d43193ee,310798,Hydrochlorothiazide 25 MG Oral Tablet,0.77,0.00,1,0.77,59621000,Essential hypertension (disorder)
2008-10-29T16:40:18Z,2008-12-24T16:40:18Z,3a95299b-cc07-06dd-6ec3-a4762608a16c,d18ef2e6-ef40-324c-be54-34a5ee865625,75eed59e-4f49-af83-4f38-deb7d43193ee,313988,Furosemide 40 MG Oral Tablet,1.22,0.00,1,1.22,88805009,Chronic congestive heart failure (disorder)
2008-10-29T16:40:18Z,2008-12-24T16:40:18Z,3a95299b-cc07-06dd-6ec3-a4762608a16c,d18ef2e6-ef40-324c-be54-34a5ee865625,75eed59e-4f49-af83-4f38-deb7d43193ee,860975,24 HR Metformin hydrochloride 500 MG Extended Release Oral Tablet,1.64,0.00,1,1.64,44054006,Diabetes mellitus type 2 (disorder)
2008-10-29T16:40:18Z,2008-12-24T16:40:18Z,3a95299b-cc07-06dd-6ec3-a4762608a16c,d18ef2e6-ef40-324c-be54-34a5ee865625,75eed59e-4f49-af83-4f38-deb7d43193ee,314076,lisinopril 10 MG Oral Tablet,0.91,0.00,1,0.91,59621000,Essential hypertension (disorder)
2008-10-29T16:40:18Z,2008-12-24T16:40:18Z,3a95299b-cc07-06dd-6ec3-a4762608a16c,d18ef2e6-ef40-324c-be54-34a5ee865625,75eed59e-4f49-af83-4f38-deb7d43193ee,308136,amLODIPine 2.5 MG Oral Tablet,0.91,0.00,1,0.91,59621000,Essential hypertension (disorder)
2008-10-29T16:40:18Z,2008-12-24T16:40:18Z,3a95299b-cc07-06dd-6ec3-a4762608a16c,d18ef2e6-ef40-324c-be54-34a5ee865625,75eed59e-4f49-af83-4f38-deb7d43193ee,904419,Alendronic acid 10 MG Oral Tablet,2.27,0.00,1,2.27,64859006,Osteoporosis (disorder)
2008-12-24T16:40:18Z,2009-01-28T16:40:18Z,3a95299b-cc07-06dd-6ec3-a4762608a16c,d18ef2e6-ef40-324c-be54-34a5ee865625,421d5dd9-e182-b39c-e9b4-3d70d2cec904,310798,Hydrochlorothiazide 25 MG Oral Tablet,0.45,0.00,1,0.45,59621000,Essential hypertension (disorder)
2008-12-24T16:40:18Z,2009-01-28T16:40:18Z,3a95299b-cc07-06dd-6ec3-a4762608a16c,d18ef2e6-ef40-324c-be54-34a5ee865625,421d5dd9-e182-b39c-e9b4-3d70d2cec904,313988,Furosemide 40 MG Oral Tablet,1.22,0.00,1,1.22,88805009,Chronic congestive heart failure (disorder)
2008-12-24T16:40:18Z,2009-01-28T16:40:18Z,3a95299b-cc07-06dd-6ec3-a4762608a16c,d18ef2e6-ef40-324c-be54-34a5ee865625,421d5dd9-e182-b39c-e9b4-3d70d2cec904,860975,24 HR Metformin hydrochloride 500 MG Extended Release Oral Tablet,2.63,0.00,1,2.63,44054006,Diabetes mellitus type 2 (disorder)
2008-12-24T16:40:18Z,2009-01-28T16:40:18Z,3a95299b-cc07-06dd-6ec3-a4762608a16c,d18ef2e6-ef40-324c-be54-34a5ee865625,421d5dd9-e182-b39c-e9b4-3d70d2cec904,314076,lisinopril 10 MG Oral Tablet,0.91,0.00,1,0.91,59621000,Essential hypertension (disorder)
2008-12-24T16:40:18Z,2009-01-28T16:40:18Z,3a95299b-cc07-06dd-6ec3-a4762608a16c,d18ef2e6-ef40-324c-be54-34a5ee865625,421d5dd9-e182-b39c-e9b4-3d70d2cec904,308136,amLODIPine 2.5 MG Oral Tablet,1.26,0.00,1,1.26,59621000,Essential hypertension (disorder)
2008-12-24T16:40:18Z,2009-01-28T16:40:18Z,3a95299b-cc07-06dd-6ec3-a4762608a16c,d18ef2e6-ef40-324c-be54-34a5ee865625,421d5dd9-e182-b39c-e9b4-3d70d2cec904,904419,Alendronic acid 10 MG Oral Tablet,3.64,0.00,1,3.64,64859006,Osteoporosis (disorder)
2009-01-28T16:40:18Z,2009-03-18T16:40:18Z,3a95299b-cc07-06dd-6ec3-a4762608a16c,d18ef2e6-ef40-324c-be54-34a5ee865625,56113b0d-a79a-eb0f-c001-148b73560555,310798,Hydrochlorothiazide 25 MG Oral Tablet,0.45,0.00,1,0.45,59621000,Essential hypertension (disorder)
2009-01-28T16:40:18Z,2009-03-18T16:40:18Z,3a95299b-cc07-06dd-6ec3-a4762608a16c,d18ef2e6-ef40-324c-be54-34a5ee865625,56113b0d-a79a-eb0f-c001-148b73560555,313988,Furosemide 40 MG Oral Tablet,1.22,0.00,1,1.22,88805009,Chronic congestive heart failure (disorder)
2009-01-28T16:40:18Z,2009-03-18T16:40:18Z,3a95299b-cc07-06dd-6ec3-a4762608a16c,d18ef2e6-ef40-324c-be54-34a5ee865625,56113b0d-a79a-eb0f-c001-148b73560555,860975,24 HR Metformin hydrochloride 500 MG Extended Release Oral Tablet,4.36,0.00,1,4.36,44054006,Diabetes mellitus type 2 (disorder)
2009-01-28T16:40:18Z,2009-03-18T16:40:18Z,3a95299b-cc07-06dd-6ec3-a4762608a16c,d18ef2e6-ef40-324c-be54-34a5ee865625,56113b0d-a79a-eb0f-c001-148b73560555,314076,lisinopril 10 MG Oral Tablet,0.91,0.00,1,0.91,59621000,Essential hypertension (disorder)
2009-01-28T16:40:18Z,2009-03-18T16:40:18Z,3a95299b-cc07-06dd-6ec3-a4762608a16c,d18ef2e6-ef40-324c-be54-34a5ee865625,56113b0d-a79a-eb0f-c001-148b73560555,308136,amLODIPine 2.5 MG Oral Tablet,0.91,0.00,1,0.91,59621000,Essential hypertension (disorder)
2009-01-28T16:40:18Z,2009-03-18T16:40:18Z,3a95299b-cc07-06dd-6ec3-a4762608a16c,d18ef2e6-ef40-324c-be54-34a5ee865625,56113b0d-a79a-eb0f-c001-148b73560555,904419,Alendronic acid 10 MG Oral Tablet,6.02,0.00,1,6.02,64859006,Osteoporosis (disorder)
2009-03-18T16:40:18Z,2009-10-21T16:40:18Z,3a95299b-cc07-06dd-6ec3-a4762608a16c,d18ef2e6-ef40-324c-be54-34a5ee865625,2b01734a-fdc6-d3c5-2fbc-0f5f95701139,310798,Hydrochlorothiazide 25 MG Oral Tablet,0.45,0.00,2,0.90,59621000,Essential hypertension (disorder)
2009-03-18T16:40:18Z,2009-10-21T16:40:18Z,3a95299b-cc07-06dd-6ec3-a4762608a16c,d18ef2e6-ef40-324c-be54-34a5ee865625,2b01734a-fdc6-d3c5-2fbc-0f5f95701139,313988,Furosemide 40 MG Oral Tablet,1.22,0.00,7,8.54,88805009,Chronic congestive heart failure (disorder)
2009-03-18T16:40:18Z,2009-10-21T16:40:18Z,3a95299b-cc07-06dd-6ec3-a4762608a16c,d18ef2e6-ef40-324c-be54-34a5ee865625,2b01734a-fdc6-d3c5-2fbc-0f5f95701139,860975,24 HR Metformin hydrochloride 500 MG Extended Release Oral Tablet,1.54,0.00,7,10.78,44054006,Diabetes mellitus type 2 (disorder)
2009-03-18T16:40:18Z,2009-10-21T16:40:18Z,3a95299b-cc07-06dd-6ec3-a4762608a16c,d18ef2e6-ef40-324c-be54-34a5ee865625,2b01734a-fdc6-d3c5-2fbc-0f5f95701139,314076,lisinopril 10 MG Oral Tablet,0.91,0.00,2,1.82,59621000,Essential hypertension (disorder)
2009-03-18T16:40:18Z,2009-10-21T16:40:18Z,3a95299b-cc07-06dd-6ec3-a4762608a16c,d18ef2e6-ef40-324c-be54-34a5ee865625,2b01734a-fdc6-d3c5-2fbc-0f5f95701139,308136,amLODIPine 2.5 MG Oral Tablet,0.91,0.00,2,1.82,59621000,Essential hypertension (disorder)
2009-03-18T16:40:18Z,2009-10-21T16:40:18Z,3a95299b-cc07-06dd-6ec3-a4762608a16c,d18ef2e6-ef40-324c-be54-34a5ee865625,2b01734a-fdc6-d3c5-2fbc-0f5f95701139,904419,Alendronic acid 10 MG Oral Tablet,4.44,0.00,7,31.08,64859006,Osteoporosis (disorder)
2009-10-21T16:40:18Z,2009-12-30T16:40:18Z,3a95299b-cc07-06dd-6ec3-a4762608a16c,d18ef2e6-ef40-324c-be54-34a5ee865625,b3c6bc91-0bf7-6817-3163-23db3016b4ae,310798,Hydrochlorothiazide 25 MG Oral Tablet,0.45,0.00,1,0.45,59621000,Essential hypertension (disorder)
2009-10-21T16:40:18Z,2009-12-30T16:40:18Z,3a95299b-cc07-06dd-6ec3-a4762608a16c,d18ef2e6-ef40-324c-be54-34a5ee865625,b3c6bc91-0bf7-6817-3163-23db3016b4ae,313988,Furosemide 40 MG Oral Tablet,1.22,0.00,2,2.44,88805009,Chronic congestive heart failure (disorder)
2009-10-21T16:40:18Z,2009-12-30T16:40:18Z,3a95299b-cc07-06dd-6ec3-a4762608a16c,d18ef2e6-ef40-324c-be54-34a5ee865625,b3c6bc91-0bf7-6817-3163-23db3016b4ae,860975,24 HR Metformin hydrochloride 500 MG Extended Release Oral Tablet,2.77,0.00,2,5.54,44054006,Diabetes mellitus type 2 (disorder)
2009-10-21T16:40:18Z,2009-12-30T16:40:18Z,3a95299b-cc07-06dd-6ec3-a4762608a16c,d18ef2e6-ef40-324c-be54-34a5ee865625,b3c6bc91-0bf7-6817-3163-23db3016b4ae,314076,lisinopril 10 MG Oral Tablet,0.91,0.00,1,0.91,59621000,Essential hypertension (disorder)
2009-10-21T16:40:18Z,2009-12-30T16:40:18Z,3a95299b-cc07-06dd-6ec3-a4762608a16c,d18ef2e6-ef40-324c-be54-34a5ee865625,b3c6bc91-0bf7-6817-3163-23db3016b4ae,308136,amLODIPine 2.5 MG Oral Tablet,1.37,0.00,1,1.37,59621000,Essential hypertension (disorder)
2009-10-21T16:40:18Z,2009-12-30T16:40:18Z,3a95299b-cc07-06dd-6ec3-a4762608a16c,d18ef2e6-ef40-324c-be54-34a5ee865625,b3c6bc91-0bf7-6817-3163-23db3016b4ae,904419,Alendronic acid 10 MG Oral Tablet,3.44,0.00,2,6.88,64859006,Osteoporosis (disorder)
2009-12-30T16:40:18Z,2010-02-10T16:40:18Z,3a95299b-cc07-06dd-6ec3-a4762608a16c,d18ef2e6-ef40-324c-be54-34a5ee865625,0efcc8cf-0e6d-a4e9-5b00-85e328e3dc9f,310798,Hydrochlorothiazide 25 MG Oral Tablet,0.91,0.00,1,0.91,59621000,Essential hypertension (disorder)
2009-12-30T16:40:18Z,2010-02-10T16:40:18Z,3a95299b-cc07-06dd-6ec3-a4762608a16c,d18ef2e6-ef40-324c-be54-34a5ee865625,0efcc8cf-0e6d-a4e9-5b00-85e328e3dc9f,313988,Furosemide 40 MG Oral Tablet,1.22,0.00,1,1.22,88805009,Chronic congestive heart failure (disorder)
2009-12-30T16:40:18Z,2010-02-10T16:40:18Z,3a95299b-cc07-06dd-6ec3-a4762608a16c,d18ef2e6-ef40-324c-be54-34a5ee865625,0efcc8cf-0e6d-a4e9-5b00-85e328e3dc9f,860975,24 HR Metformin hydrochloride 500 MG Extended Release Oral Tablet,2.85,0.00,1,2.85,44054006,Diabetes mellitus type 2 (disorder)
2009-12-30T16:40:18Z,2010-02-10T16:40:18Z,3a95299b-cc07-06dd-6ec3-a4762608a16c,d18ef2e6-ef40-324c-be54-34a5ee865625,0efcc8cf-0e6d-a4e9-5b00-85e328e3dc9f,314076,lisinopril 10 MG Oral Tablet,0.91,0.00,1,0.91,59621000,Essential hypertension (disorder)
2009-12-30T16:40:18Z,2010-02-10T16:40:18Z,3a95299b-cc07-06dd-6ec3-a4762608a16c,d18ef2e6-ef40-324c-be54-34a5ee865625,0efcc8cf-0e6d-a4e9-5b00-85e328e3dc9f,308136,amLODIPine 2.5 MG Oral Tablet,0.91,0.00,1,0.91,59621000,Essential hypertension (disorder)
2009-12-30T16:40:18Z,2010-02-10T16:40:18Z,3a95299b-cc07-06dd-6ec3-a4762608a16c,d18ef2e6-ef40-324c-be54-34a5ee865625,0efcc8cf-0e6d-a4e9-5b00-85e328e3dc9f,904419,Alendronic acid 10 MG Oral Tablet,17.64,0.00,1,17.64,64859006,Osteoporosis (disorder)
2010-02-10T16:40:18Z,2010-03-24T16:40:18Z,3a95299b-cc07-06dd-6ec3-a4762608a16c,d18ef2e6-ef40-324c-be54-34a5ee865625,013dcfbf-dd4f-0d1b-5bdc-ef3758598b16,310798,Hydrochlorothiazide 25 MG Oral Tablet,0.45,0.00,1,0.45,59621000,Essential hypertension (disorder)
2010-02-10T16:40:18Z,2010-03-24T16:40:18Z,3a95299b-cc07-06dd-6ec3-a4762608a16c,d18ef2e6-ef40-324c-be54-34a5ee865625,013dcfbf-dd4f-0d1b-5bdc-ef3758598b16,313988,Furosemide 40 MG Oral Tablet,1.22,0.00,1,1.22,88805009,Chronic congestive heart failure (disorder)
2010-02-10T16:40:18Z,2010-03-24T16:40:18Z,3a95299b-cc07-06dd-6ec3-a4762608a16c,d18ef2e6-ef40-324c-be54-34a5ee865625,013dcfbf-dd4f-0d1b-5bdc-ef3758598b16,860975,24 HR Metformin hydrochloride 500 MG Extended Release Oral Tablet,1.69,0.00,1,1.69,44054006,Diabetes mellitus type 2 (disorder)
2010-02-10T16:40:18Z,2010-03-24T16:40:18Z,3a95299b-cc07-06dd-6ec3-a4762608a16c,d18ef2e6-ef40-324c-be54-34a5ee865625,013dcfbf-dd4f-0d1b-5bdc-ef3758598b16,314076,lisinopril 10 MG Oral Tablet,0.91,0.00,1,0.91,59621000,Essential hypertension (disorder)
2010-02-10T16:40:18Z,2010-03-24T16:40:18Z,3a95299b-cc07-06dd-6ec3-a4762608a16c,d18ef2e6-ef40-324c-be54-34a5ee865625,013dcfbf-dd4f-0d1b-5bdc-ef3758598b16,308136,amLODIPine 2.5 MG Oral Tablet,0.91,0.00,1,0.91,59621000,Essential hypertension (disorder)
2010-02-10T16:40:18Z,2010-03-24T16:40:18Z,3a95299b-cc07-06dd-6ec3-a4762608a16c,d18ef2e6-ef40-324c-be54-34a5ee865625,013dcfbf-dd4f-0d1b-5bdc-ef3758598b16,904419,Alendronic acid 10 MG Oral Tablet,2.22,0.00,1,2.22,64859006,Osteoporosis (disorder)
2010-03-24T16:40:18Z,2010-03-31T16:40:18Z,3a95299b-cc07-06dd-6ec3-a4762608a16c,d18ef2e6-ef40-324c-be54-34a5ee865625,632c7e06-a972-054b-8f2e-3f3d85dfbaa9,310798,Hydrochlorothiazide 25 MG Oral Tablet,0.45,0.00,1,0.45,59621000,Essential hypertension (disorder)
2010-03-24T16:40:18Z,2010-03-31T16:40:18Z,3a95299b-cc07-06dd-6ec3-a4762608a16c,d18ef2e6-ef40-324c-be54-34a5ee865625,632c7e06-a972-054b-8f2e-3f3d85dfbaa9,313988,Furosemide 40 MG Oral Tablet,0.55,0.00,1,0.55,88805009,Chronic congestive heart failure (disorder)
2010-03-24T16:40:18Z,2010-03-31T16:40:18Z,3a95299b-cc07-06dd-6ec3-a4762608a16c,d18ef2e6-ef40-324c-be54-34a5ee865625,632c7e06-a972-054b-8f2e-3f3d85dfbaa9,860975,24 HR Metformin hydrochloride 500 MG Extended Release Oral Tablet,2.56,0.00,1,2.56,44054006,Diabetes mellitus type 2 (disorder)
2010-03-24T16:40:18Z,2010-03-31T16:40:18Z,3a95299b-cc07-06dd-6ec3-a4762608a16c,d18ef2e6-ef40-324c-be54-34a5ee865625,632c7e06-a972-054b-8f2e-3f3d85dfbaa9,314076,lisinopril 10 MG Oral Tablet,0.91,0.00,1,0.91,59621000,Essential hypertension (disorder)
2010-03-24T16:40:18Z,2010-03-31T16:40:18Z,3a95299b-cc07-06dd-6ec3-a4762608a16c,d18ef2e6-ef40-324c-be54-34a5ee865625,632c7e06-a972-054b-8f2e-3f3d85dfbaa9,308136,amLODIPine 2.5 MG Oral Tablet,0.91,0.00,1,0.91,59621000,Essential hypertension (disorder)
2010-03-24T16:40:18Z,2010-03-31T16:40:18Z,3a95299b-cc07-06dd-6ec3-a4762608a16c,d18ef2e6-ef40-324c-be54-34a5ee865625,632c7e06-a972-054b-8f2e-3f3d85dfbaa9,904419,Alendronic acid 10 MG Oral Tablet,2.61,0.00,1,2.61,64859006,Osteoporosis (disorder)
2010-03-31T16:40:18Z,2010-05-05T16:40:18Z,3a95299b-cc07-06dd-6ec3-a4762608a16c,d18ef2e6-ef40-324c-be54-34a5ee865625,84faa8e7-74dd-84cb-6349-efa651710f4c,310798,Hydrochlorothiazide 25 MG Oral Tablet,0.72,0.00,1,0.72,59621000,Essential hypertension (disorder)
2010-03-31T16:40:18Z,2010-05-05T16:40:18Z,3a95299b-cc07-06dd-6ec3-a4762608a16c,d18ef2e6-ef40-324c-be54-34a5ee865625,84faa8e7-74dd-84cb-6349-efa651710f4c,313988,Furosemide 40 MG Oral Tablet,1.22,0.00,1,1.22,88805009,Chronic congestive heart failure (disorder)
2010-03-31T16:40:18Z,2010-05-05T16:40:18Z,3a95299b-cc07-06dd-6ec3-a4762608a16c,d18ef2e6-ef40-324c-be54-34a5ee865625,84faa8e7-74dd-84cb-6349-efa651710f4c,860975,24 HR Metformin hydrochloride 500 MG Extended Release Oral Tablet,13.26,0.00,1,13.26,44054006,Diabetes mellitus type 2 (disorder)
2010-03-31T16:40:18Z,2010-05-05T16:40:18Z,3a95299b-cc07-06dd-6ec3-a4762608a16c,d18ef2e6-ef40-324c-be54-34a5ee865625,84faa8e7-74dd-84cb-6349-efa651710f4c,314076,lisinopril 10 MG Oral Tablet,0.91,0.00,1,0.91,59621000,Essential hypertension (disorder)
2010-03-31T16:40:18Z,2010-05-05T16:40:18Z,3a95299b-cc07-06dd-6ec3-a4762608a16c,d18ef2e6-ef40-324c-be54-34a5ee865625,84faa8e7-74dd-84cb-6349-efa651710f4c,308136,amLODIPine 2.5 MG Oral Tablet,0.91,0.00,1,0.91,59621000,Essential hypertension (disorder)
2010-03-31T16:40:18Z,2010-05-05T16:40:18Z,3a95299b-cc07-06dd-6ec3-a4762608a16c,d18ef2e6-ef40-324c-be54-34a5ee865625,84faa8e7-74dd-84cb-6349-efa651710f4c,904419,Alendronic acid 10 MG Oral Tablet,7.10,0.00,1,7.10,64859006,Osteoporosis (disorder)
2010-04-01T16:45:22Z,2010-04-01T16:45:22Z,3a95299b-cc07-06dd-6ec3-a4762608a16c,d18ef2e6-ef40-324c-be54-34a5ee865625,3adec16a-54eb-4372-6296-018381718cdd,1719286,10 ML Furosemide 10 MG/ML Injection,0.04,0.00,1,0.04,88805009,Chronic congestive heart failure (disorder)
2010-04-02T04:45:22Z,2010-04-02T04:45:22Z,3a95299b-cc07-06dd-6ec3-a4762608a16c,d18ef2e6-ef40-324c-be54-34a5ee865625,3adec16a-54eb-4372-6296-018381718cdd,1719286,10 ML Furosemide 10 MG/ML Injection,0.04,0.00,1,0.04,88805009,Chronic congestive heart failure (disorder)
2010-04-02T16:45:22Z,2010-04-02T16:45:22Z,3a95299b-cc07-06dd-6ec3-a4762608a16c,d18ef2e6-ef40-324c-be54-34a5ee865625,3adec16a-54eb-4372-6296-018381718cdd,1719286,10 ML Furosemide 10 MG/ML Injection,0.04,0.00,1,0.04,88805009,Chronic congestive heart failure (disorder)
2010-04-03T04:45:22Z,2010-04-03T04:45:22Z,3a95299b-cc07-06dd-6ec3-a4762608a16c,d18ef2e6-ef40-324c-be54-34a5ee865625,3adec16a-54eb-4372-6296-018381718cdd,1719286,10 ML Furosemide 10 MG/ML Injection,0.04,0.00,1,0.04,88805009,Chronic congestive heart failure (disorder)
2010-04-03T16:45:22Z,2010-04-03T16:45:22Z,3a95299b-cc07-06dd-6ec3-a4762608a16c,d18ef2e6-ef40-324c-be54-34a5ee865625,3adec16a-54eb-4372-6296-018381718cdd,1719286,10 ML Furosemide 10 MG/ML Injection,0.04,0.00,1,0.04,88805009,Chronic congestive heart failure (disorder)
2010-04-04T04:45:22Z,2010-04-04T04:45:22Z,3a95299b-cc07-06dd-6ec3-a4762608a16c,d18ef2e6-ef40-324c-be54-34a5ee865625,3adec16a-54eb-4372-6296-018381718cdd,1719286,10 ML Furosemide 10 MG/ML Injection,0.04,0.00,1,0.04,88805009,Chronic congestive heart failure (disorder)
2010-04-04T16:45:22Z,2010-04-04T16:45:22Z,3a95299b-cc07-06dd-6ec3-a4762608a16c,d18ef2e6-ef40-324c-be54-34a5ee865625,3adec16a-54eb-4372-6296-018381718cdd,1719286,10 ML Furosemide 10 MG/ML Injection,0.04,0.00,1,0.04,88805009,Chronic congestive heart failure (disorder)
2010-04-05T04:45:22Z,2010-04-05T04:45:22Z,3a95299b-cc07-06dd-6ec3-a4762608a16c,d18ef2e6-ef40-324c-be54-34a5ee865625,3adec16a-54eb-4372-6296-018381718cdd,1719286,10 ML Furosemide 10 MG/ML Injection,0.04,0.00,1,0.04,88805009,Chronic congestive heart failure (disorder)
2010-04-05T16:45:22Z,2010-04-05T16:45:22Z,3a95299b-cc07-06dd-6ec3-a4762608a16c,d18ef2e6-ef40-324c-be54-34a5ee865625,3adec16a-54eb-4372-6296-018381718cdd,1719286,10 ML Furosemide 10 MG/ML Injection,0.04,0.00,1,0.04,88805009,Chronic congestive heart failure (disorder)
2010-04-06T04:45:22Z,2010-04-06T04:45:22Z,3a95299b-cc07-06dd-6ec3-a4762608a16c,d18ef2e6-ef40-324c-be54-34a5ee865625,3adec16a-54eb-4372-6296-018381718cdd,1719286,10 ML Furosemide 10 MG/ML Injection,0.07,0.00,1,0.07,88805009,Chronic congestive heart failure (disorder)
2010-04-06T16:45:22Z,2010-04-06T16:45:22Z,3a95299b-cc07-06dd-6ec3-a4762608a16c,d18ef2e6-ef40-324c-be54-34a5ee865625,3adec16a-54eb-4372-6296-018381718cdd,1719286,10 ML Furosemide 10 MG/ML Injection,0.04,0.00,1,0.04,88805009,Chronic congestive heart failure (disorder)
2010-04-07T04:45:22Z,2010-04-07T04:45:22Z,3a95299b-cc07-06dd-6ec3-a4762608a16c,d18ef2e6-ef40-324c-be54-34a5ee865625,3adec16a-54eb-4372-6296-018381718cdd,1719286,10 ML Furosemide 10 MG/ML Injection,0.04,0.00,1,0.04,88805009,Chronic congestive heart failure (disorder)
2010-04-07T16:45:22Z,2010-04-07T16:45:22Z,3a95299b-cc07-06dd-6ec3-a4762608a16c,d18ef2e6-ef40-324c-be54-34a5ee865625,3adec16a-54eb-4372-6296-018381718cdd,1719286,10 ML Furosemide 10 MG/ML Injection,0.04,0.00,1,0.04,88805009,Chronic congestive heart failure (disorder)
2010-04-08T04:45:22Z,2010-04-08T04:45:22Z,3a95299b-cc07-06dd-6ec3-a4762608a16c,d18ef2e6-ef40-324c-be54-34a5ee865625,3adec16a-54eb-4372-6296-018381718cdd,1719286,10 ML Furosemide 10 MG/ML Injection,0.05,0.00,1,0.05,88805009,Chronic congestive heart failure (disorder)
2010-04-08T16:45:22Z,2010-04-08T16:45:22Z,3a95299b-cc07-06dd-6ec3-a4762608a16c,d18ef2e6-ef40-324c-be54-34a5ee865625,3adec16a-54eb-4372-6296-018381718cdd,1719286,10 ML Furosemide 10 MG/ML Injection,0.04,0.00,1,0.04,88805009,Chronic congestive heart failure (disorder)
2010-04-09T04:45:22Z,2010-04-09T04:45:22Z,3a95299b-cc07-06dd-6ec3-a4762608a16c,d18ef2e6-ef40-324c-be54-34a5ee865625,3adec16a-54eb-4372-6296-018381718cdd,1719286,10 ML Furosemide 10 MG/ML Injection,0.04,0.00,1,0.04,88805009,Chronic congestive heart failure (disorder)
2010-04-09T16:45:22Z,2010-04-09T16:45:22Z,3a95299b-cc07-06dd-6ec3-a4762608a16c,d18ef2e6-ef40-324c-be54-34a5ee865625,3adec16a-54eb-4372-6296-018381718cdd,1719286,10 ML Furosemide 10 MG/ML Injection,0.04,0.00,1,0.04,88805009,Chronic congestive heart failure (disorder)
2010-04-10T04:45:22Z,2010-04-10T04:45:22Z,3a95299b-cc07-06dd-6ec3-a4762608a16c,d18ef2e6-ef40-324c-be54-34a5ee865625,3adec16a-54eb-4372-6296-018381718cdd,1719286,10 ML Furosemide 10 MG/ML Injection,0.04,0.00,1,0.04,88805009,Chronic congestive heart failure (disorder)
2010-04-10T16:45:22Z,2010-04-10T16:45:22Z,3a95299b-cc07-06dd-6ec3-a4762608a16c,d18ef2e6-ef40-324c-be54-34a5ee865625,3adec16a-54eb-4372-6296-018381718cdd,1719286,10 ML Furosemide 10 MG/ML Injection,0.04,0.00,1,0.04,88805009,Chronic congestive heart failure (disorder)
2010-04-11T04:45:22Z,2010-04-11T04:45:22Z,3a95299b-cc07-06dd-6ec3-a4762608a16c,d18ef2e6-ef40-324c-be54-34a5ee865625,3adec16a-54eb-4372-6296-018381718cdd,1719286,10 ML Furosemide 10 MG/ML Injection,0.09,0.00,1,0.09,88805009,Chronic congestive heart failure (disorder)
2010-05-05T16:40:18Z,,3a95299b-cc07-06dd-6ec3-a4762608a16c,d18ef2e6-ef40-324c-be54-34a5ee865625,a83440df-469c-3a5e-481c-51f2c43de9ad,310798,Hydrochlorothiazide 25 MG Oral Tablet,0.45,0.00,2,0.90,59621000,Essential hypertension (disorder)
2010-05-05T16:40:18Z,,3a95299b-cc07-06dd-6ec3-a4762608a16c,d18ef2e6-ef40-324c-be54-34a5ee865625,a83440df-469c-3a5e-481c-51f2c43de9ad,313988,Furosemide 40 MG Oral Tablet,1.22,0.00,6,7.32,88805009,Chronic congestive heart failure (disorder)
2010-05-05T16:40:18Z,,3a95299b-cc07-06dd-6ec3-a4762608a16c,d18ef2e6-ef40-324c-be54-34a5ee865625,a83440df-469c-3a5e-481c-51f2c43de9ad,860975,24 HR Metformin hydrochloride 500 MG Extended Release Oral Tablet,0.60,0.00,6,3.60,44054006,Diabetes mellitus type 2 (disorder)
2010-05-05T16:40:18Z,,3a95299b-cc07-06dd-6ec3-a4762608a16c,d18ef2e6-ef40-324c-be54-34a5ee865625,a83440df-469c-3a5e-481c-51f2c43de9ad,314076,lisinopril 10 MG Oral Tablet,0.91,0.00,2,1.82,59621000,Essential hypertension (disorder)
2010-05-05T16:40:18Z,,3a95299b-cc07-06dd-6ec3-a4762608a16c,d18ef2e6-ef40-324c-be54-34a5ee865625,a83440df-469c-3a5e-481c-51f2c43de9ad,308136,amLODIPine 2.5 MG Oral Tablet,0.93,0.00,2,1.86,59621000,Essential hypertension (disorder)
2010-05-05T16:40:18Z,,3a95299b-cc07-06dd-6ec3-a4762608a16c,d18ef2e6-ef40-324c-be54-34a5ee865625,a83440df-469c-3a5e-481c-51f2c43de9ad,904419,Alendronic acid 10 MG Oral Tablet,3.47,0.00,6,20.82,64859006,Osteoporosis (disorder)
2010-05-31T16:46:58Z,2010-05-31T16:46:58Z,3a95299b-cc07-06dd-6ec3-a4762608a16c,d18ef2e6-ef40-324c-be54-34a5ee865625,815ab189-5b64-9eac-7afc-54caa5dc0073,1719286,10 ML Furosemide 10 MG/ML Injection,0.04,0.00,1,0.04,88805009,Chronic congestive heart failure (disorder)
2010-06-01T04:46:58Z,2010-06-01T04:46:58Z,3a95299b-cc07-06dd-6ec3-a4762608a16c,d18ef2e6-ef40-324c-be54-34a5ee865625,815ab189-5b64-9eac-7afc-54caa5dc0073,1719286,10 ML Furosemide 10 MG/ML Injection,0.04,0.00,1,0.04,88805009,Chronic congestive heart failure (disorder)
2010-06-01T16:46:58Z,2010-06-01T16:46:58Z,3a95299b-cc07-06dd-6ec3-a4762608a16c,d18ef2e6-ef40-324c-be54-34a5ee865625,815ab189-5b64-9eac-7afc-54caa5dc0073,1719286,10 ML Furosemide 10 MG/ML Injection,0.04,0.00,1,0.04,88805009,Chronic congestive heart failure (disorder)
2010-06-02T04:46:58Z,2010-06-02T04:46:58Z,3a95299b-cc07-06dd-6ec3-a4762608a16c,d18ef2e6-ef40-324c-be54-34a5ee865625,815ab189-5b64-9eac-7afc-54caa5dc0073,1719286,10 ML Furosemide 10 MG/ML Injection,0.04,0.00,1,0.04,88805009,Chronic congestive heart failure (disorder)
2010-06-02T16:46:58Z,2010-06-02T16:46:58Z,3a95299b-cc07-06dd-6ec3-a4762608a16c,d18ef2e6-ef40-324c-be54-34a5ee865625,815ab189-5b64-9eac-7afc-54caa5dc0073,1719286,10 ML Furosemide 10 MG/ML Injection,0.04,0.00,1,0.04,88805009,Chronic congestive heart failure (disorder)
2010-06-03T04:46:58Z,2010-06-03T04:46:58Z,3a95299b-cc07-06dd-6ec3-a4762608a16c,d18ef2e6-ef40-324c-be54-34a5ee865625,815ab189-5b64-9eac-7afc-54caa5dc0073,1719286,10 ML Furosemide 10 MG/ML Injection,0.04,0.00,1,0.04,88805009,Chronic congestive heart failure (disorder)
1950-03-01T18:04:27Z,,446beed7-5197-c2e7-1dee-140e3a1f9193,df166300-5a78-3502-a46a-832842197811,9a90ff78-7b93-7ea8-632e-cf489973f490,310325,ferrous sulfate 325 MG Oral Tablet,0.15,0.00,923,138.45,,
1997-06-11T16:40:18Z,,446beed7-5197-c2e7-1dee-140e3a1f9193,d18ef2e6-ef40-324c-be54-34a5ee865625,848f57ef-d048-d8bf-ac33-61b5d684a2cd,309362,Clopidogrel 75 MG Oral Tablet,45.86,10.86,347,15913.42,,
1997-06-11T16:40:18Z,,446beed7-5197-c2e7-1dee-140e3a1f9193,d18ef2e6-ef40-324c-be54-34a5ee865625,848f57ef-d048-d8bf-ac33-61b5d684a2cd,312961,Simvastatin 20 MG Oral Tablet,30.57,0.00,347,10607.79,,
1997-06-11T16:40:18Z,,446beed7-5197-c2e7-1dee-140e3a1f9193,d18ef2e6-ef40-324c-be54-34a5ee865625,848f57ef-d048-d8bf-ac33-61b5d684a2cd,866412,24 HR metoprolol succinate 100 MG Extended Release Oral Tablet,129.94,94.94,347,45089.18,,
1997-06-11T16:40:18Z,,446beed7-5197-c2e7-1dee-140e3a1f9193,d18ef2e6-ef40-324c-be54-34a5ee865625,848f57ef-d048-d8bf-ac33-61b5d684a2cd,705129,Nitroglycerin 0.4 MG/ACTUAT Mucosal Spray,67.33,32.33,347,23363.51,,
2022-10-26T16:40:18Z,2023-11-01T16:40:18Z,446beed7-5197-c2e7-1dee-140e3a1f9193,d18ef2e6-ef40-324c-be54-34a5ee865625,cff8bfe5-0453-7352-634e-766b6c9d33d4,314076,lisinopril 10 MG Oral Tablet,0.91,0.00,4,3.64,59621000,Essential hypertension (disorder)
2022-10-26T16:40:18Z,2023-11-01T16:40:18Z,446beed7-5197-c2e7-1dee-140e3a1f9193,d18ef2e6-ef40-324c-be54-34a5ee865625,cff8bfe5-0453-7352-634e-766b6c9d33d4,308136,amLODIPine 2.5 MG Oral Tablet,0.91,0.00,4,3.64,59621000,Essential hypertension (disorder)
2022-10-26T16:40:18Z,2023-11-01T16:40:18Z,446beed7-5197-c2e7-1dee-140e3a1f9193,d18ef2e6-ef40-324c-be54-34a5ee865625,cff8bfe5-0453-7352-634e-766b6c9d33d4,904419,Alendronic acid 10 MG Oral Tablet,3.39,0.00,12,40.68,64859006,Osteoporosis (disorder)
2023-11-01T16:40:18Z,2024-11-06T16:40:18Z,446beed7-5197-c2e7-1dee-140e3a1f9193,a735bf55-83e9-331a-899d-a82a60b9f60c,c94a5fd7-237a-5ec2-b60b-cbe5c88bb801,314076,lisinopril 10 MG Oral Tablet,0.91,0.73,4,3.64,59621000,Essential hypertension (disorder)
2023-11-01T16:40:18Z,2024-11-06T16:40:18Z,446beed7-5197-c2e7-1dee-140e3a1f9193,a735bf55-83e9-331a-899d-a82a60b9f60c,c94a5fd7-237a-5ec2-b60b-cbe5c88bb801,308136,amLODIPine 2.5 MG Oral Tablet,0.91,0.73,4,3.64,59621000,Essential hypertension (disorder)
2023-11-01T16:40:18Z,2024-11-06T16:40:18Z,446beed7-5197-c2e7-1dee-140e3a1f9193,a735bf55-83e9-331a-899d-a82a60b9f60c,c94a5fd7-237a-5ec2-b60b-cbe5c88bb801,904419,Alendronic acid 10 MG Oral Tablet,2.23,1.78,12,26.76,64859006,Osteoporosis (disorder)
2024-11-06T16:40:18Z,2024-12-25T16:40:18Z,446beed7-5197-c2e7-1dee-140e3a1f9193,df166300-5a78-3502-a46a-832842197811,4e9b9020-0677-f98f-dbd7-7163d7a1f37b,314076,lisinopril 10 MG Oral Tablet,0.91,0.00,1,0.91,59621000,Essential hypertension (disorder)
2024-11-06T16:40:18Z,2024-12-25T16:40:18Z,446beed7-5197-c2e7-1dee-140e3a1f9193,df166300-5a78-3502-a46a-832842197811,4e9b9020-0677-f98f-dbd7-7163d7a1f37b,308136,amLODIPine 2.5 MG Oral Tablet,1.37,0.00,1,1.37,59621000,Essential hypertension (disorder)
2024-11-06T16:40:18Z,2024-12-25T16:40:18Z,446beed7-5197-c2e7-1dee-140e3a1f9193,df166300-5a78-3502-a46a-832842197811,4e9b9020-0677-f98f-dbd7-7163d7a1f37b,904419,Alendronic acid 10 MG Oral Tablet,11.33,0.00,1,11.33,64859006,Osteoporosis (disorder)
2024-12-25T16:40:18Z,2025-11-12T16:40:18Z,446beed7-5197-c2e7-1dee-140e3a1f9193,d18ef2e6-ef40-324c-be54-34a5ee865625,3b9f4ca9-e876-7ba0-3c2c-ba781433e334,314076,lisinopril 10 MG Oral Tablet,0.91,0.00,3,2.73,59621000,Essential hypertension (disorder)
2024-12-25T16:40:18Z,2025-11-12T16:40:18Z,446beed7-5197-c2e7-1dee-140e3a1f9193,d18ef2e6-ef40-324c-be54-34a5ee865625,3b9f4ca9-e876-7ba0-3c2c-ba781433e334,308136,amLODIPine 2.5 MG Oral Tablet,1.03,0.00,3,3.09,59621000,Essential hypertension (disorder)
2024-12-25T16:40:18Z,2025-11-12T16:40:18Z,446beed7-5197-c2e7-1dee-140e3a1f9193,d18ef2e6-ef40-324c-be54-34a5ee865625,3b9f4ca9-e876-7ba0-3c2c-ba781433e334,904419,Alendronic acid 10 MG Oral Tablet,1.83,0.00,10,18.30,64859006,Osteoporosis (disorder)
2025-04-09T21:03:53Z,2025-04-27T21:03:53Z,446beed7-5197-c2e7-1dee-140e3a1f9193,d18ef2e6-ef40-324c-be54-34a5ee865625,484584a8-626c-39e4-1451-e964a0913132,849574,Naproxen sodium 220 MG Oral Tablet,168.16,133.16,1,168.16,,
2025-11-12T16:40:18Z,,446beed7-5197-c2e7-1dee-140e3a1f9193,d18ef2e6-ef40-324c-be54-34a5ee865625,4b1263b7-0dd1-1a9c-fe83-fe56a9cc71fa,314076,lisinopril 10 MG Oral Tablet,0.91,0.00,1,0.91,59621000,Essential hypertension (disorder)
2025-11-12T16:40:18Z,,446beed7-5197-c2e7-1dee-140e3a1f9193,d18ef2e6-ef40-324c-be54-34a5ee865625,4b1263b7-0dd1-1a9c-fe83-fe56a9cc71fa,308136,amLODIPine 2.5 MG Oral Tablet,0.91,0.00,1,0.91,59621000,Essential hypertension (disorder)
2025-11-12T16:40:18Z,,446beed7-5197-c2e7-1dee-140e3a1f9193,d18ef2e6-ef40-324c-be54-34a5ee865625,4b1263b7-0dd1-1a9c-fe83-fe56a9cc71fa,904419,Alendronic acid 10 MG Oral Tablet,2.02,0.00,1,2.02,64859006,Osteoporosis (disorder)
